from,to,weight,total_head,n_species,n_years,first_year,last_year
United States of America,Canada,192,884811901,14,16,2005,2021
France,Italy,189,127059738,13,16,2005,2021
France,Spain,186,284194128,13,16,2005,2021
Canada,United States of America,177,386023634,14,16,2005,2021
Netherlands (Kingdom of the),Belgium,176,1531463259,14,16,2005,2021
Belgium,France,174,456724375,13,16,2005,2021
France,Switzerland,174,10480767,13,16,2005,2021
France,Belgium,172,918116933,14,16,2005,2021
United States of America,Mexico,166,116171932,14,16,2005,2021
Belgium,Netherlands (Kingdom of the),165,1097723831,14,16,2005,2021
Netherlands (Kingdom of the),France,165,40013645,13,16,2005,2021
Germany,Netherlands (Kingdom of the),163,3686357085,13,16,2005,2021
France,Germany,157,91155201,12,16,2005,2021
United Kingdom of Great Britain and Northern Ireland,Ireland,157,156516675,14,16,2005,2021
France,Portugal,153,96584795,11,16,2005,2021
Germany,France,151,24145361,13,16,2005,2021
Germany,Switzerland,150,1509540,14,16,2005,2021
Netherlands (Kingdom of the),Germany,150,2860914262,12,16,2005,2021
Germany,Austria,145,169935409,13,16,2005,2021
France,Netherlands (Kingdom of the),143,112042670,14,16,2005,2021
Hungary,Italy,143,22701896,13,16,2005,2021
France,Hungary,142,26276746,11,16,2005,2021
India,Nepal,142,8374750,13,16,2005,2021
Spain,France,142,23421383,11,16,2005,2021
South Africa,Botswana,138,14511831,14,14,2007,2021
France,United Kingdom of Great Britain and Northern Ireland,137,54177524,13,16,2005,2021
Spain,Portugal,137,228356146,11,16,2005,2021
Czechia,Slovakia,134,701133177,11,16,2005,2021
Germany,Belgium,133,67853700,13,16,2005,2021
Netherlands (Kingdom of the),Italy,131,39545599,14,16,2005,2021
Czechia,Germany,130,142917265,10,16,2005,2021
France,Greece,129,3107112,12,16,2005,2021
Switzerland,Germany,129,12019280,11,16,2005,2021
Austria,Germany,128,153622518,11,16,2005,2021
South Africa,Mozambique,128,12433377,14,16,2005,2021
Belgium,Luxembourg,127,2340545,13,16,2005,2021
Thailand,Lao People's Democratic Republic,127,28491310,13,16,2005,2021
United States of America,United Kingdom of Great Britain and Northern Ireland,125,14034385,13,16,2005,2021
Austria,Italy,124,6664008,12,16,2005,2021
Hungary,Croatia,124,53504773,11,16,2005,2021
Hungary,Romania,124,492356568,13,16,2005,2021
Poland,Germany,122,81636848,9,16,2005,2021
United Kingdom of Great Britain and Northern Ireland,Netherlands (Kingdom of the),122,158350563,14,16,2005,2021
France,Luxembourg,121,294076,12,16,2005,2021
Germany,Denmark,121,32575895,12,16,2005,2021
Italy,Greece,119,58904284,13,16,2005,2021
Netherlands (Kingdom of the),Greece,119,1756143,12,16,2005,2021
Netherlands (Kingdom of the),Spain,119,64933421,14,16,2005,2021
Russian Federation,Kazakhstan,119,61339219,14,16,2005,2021
France,Poland,118,103785208,11,16,2005,2021
Ireland,United Kingdom of Great Britain and Northern Ireland,116,347316598,12,16,2005,2021
South Africa,Zambia,116,806204,14,16,2005,2021
Spain,Italy,115,11860767,12,16,2005,2021
Czechia,Austria,114,23519030,10,16,2005,2021
France,Czechia,114,3487773,10,16,2005,2021
United Kingdom of Great Britain and Northern Ireland,France,114,20154463,12,16,2005,2021
Germany,Hungary,113,47070474,12,16,2005,2021
Germany,Italy,113,67693048,12,16,2005,2021
Portugal,Spain,113,648654732,12,16,2005,2021
Denmark,Germany,112,282036918,11,16,2005,2021
Italy,France,112,15191246,13,16,2005,2021
Australia,Malaysia,111,6455035,11,16,2005,2021
France,Lebanon,111,8994859,9,16,2005,2021
Germany,Poland,110,403227454,11,16,2005,2021
United States of America,Bahamas,110,11634096,12,16,2005,2021
Germany,Czechia,109,133938147,12,16,2005,2021
South Africa,Zimbabwe,107,326151,12,16,2005,2021
Poland,Netherlands (Kingdom of the),106,17286491,11,16,2005,2021
United Arab Emirates,Oman,106,8092141,13,16,2005,2021
France,Senegal,105,1721094,12,16,2005,2021
Slovakia,Czechia,105,129827025,11,16,2005,2021
Thailand,Myanmar,105,116083522,14,16,2005,2021
United States of America,Trinidad and Tobago,104,10676663,13,16,2005,2021
France,Morocco,103,81096938,10,16,2005,2021
Netherlands (Kingdom of the),United Kingdom of Great Britain and Northern Ireland,103,116949003,12,16,2005,2021
Poland,Ukraine,103,634686783,12,16,2005,2021
Slovakia,Poland,103,198293323,10,16,2005,2021
Switzerland,France,103,3068789,10,16,2005,2021
Denmark,Netherlands (Kingdom of the),102,254626225,13,16,2005,2021
United States of America,Guatemala,102,30023498,12,16,2005,2021
France,Romania,101,9739805,11,16,2005,2021
Italy,Germany,101,1311301,12,16,2005,2021
Netherlands (Kingdom of the),United Arab Emirates,101,9175291,11,16,2005,2021
United Kingdom of Great Britain and Northern Ireland,Belgium,101,3599746,10,16,2005,2021
United Kingdom of Great Britain and Northern Ireland,Spain,101,12347277,12,16,2005,2021
Germany,United Kingdom of Great Britain and Northern Ireland,100,16886479,13,16,2005,2021
Hungary,Slovakia,100,58022746,11,16,2005,2021
Netherlands (Kingdom of the),Denmark,100,61773690,11,16,2005,2021
Netherlands (Kingdom of the),Luxembourg,100,913908,12,16,2005,2021
Romania,Italy,100,10857039,12,16,2005,2021
Niger,Nigeria,99,8838219,10,15,2005,2021
Serbia,Montenegro,99,26303108,8,15,2006,2021
Spain,Netherlands (Kingdom of the),99,10771151,14,16,2005,2021
Belgium,Italy,98,3186396,14,16,2005,2021
Greece,Albania,98,99477276,10,16,2005,2021
Hungary,Austria,98,21311558,10,16,2005,2021
Luxembourg,Belgium,98,2428714,13,16,2005,2021
France,Ukraine,97,4159555,11,16,2005,2021
Hungary,Germany,97,5513209,10,16,2005,2021
Hungary,Poland,97,32103470,10,16,2005,2021
Slovakia,Hungary,97,94992810,10,16,2005,2021
United Kingdom of Great Britain and Northern Ireland,Italy,97,14867369,10,16,2005,2021
United States of America,Germany,97,2036494,13,16,2005,2021
Belgium,Germany,96,24026017,10,16,2005,2021
Czechia,Netherlands (Kingdom of the),95,2100705,13,16,2005,2021
France,Bulgaria,95,16555324,11,16,2005,2021
Italy,Romania,95,91757100,11,16,2005,2021
Netherlands (Kingdom of the),Poland,95,209136577,12,16,2005,2021
United Kingdom of Great Britain and Northern Ireland,Germany,95,24504311,10,16,2005,2021
Netherlands (Kingdom of the),Austria,94,25186092,12,16,2005,2021
Poland,Czechia,94,13923682,8,16,2005,2021
France,Ireland,93,8975943,11,16,2005,2021
Germany,Ukraine,93,74936460,9,16,2005,2021
Italy,Spain,93,5122004,10,16,2005,2021
Netherlands (Kingdom of the),Switzerland,93,4284061,11,16,2005,2021
United States of America,Japan,93,6132319,13,16,2005,2021
Austria,Switzerland,92,109973,10,16,2005,2021
Belgium,United Arab Emirates,92,857339,12,16,2005,2021
Germany,Luxembourg,92,1509189,10,16,2005,2021
Germany,Russian Federation,92,28094236,12,16,2005,2021
Italy,Netherlands (Kingdom of the),92,2740873,12,16,2005,2021
Australia,Philippines,91,3801269,10,16,2005,2021
Netherlands (Kingdom of the),Romania,91,34215665,12,16,2005,2021
Switzerland,Austria,91,426791,11,16,2005,2021
Switzerland,Italy,91,55869,10,16,2005,2021
Czechia,Poland,90,314376543,11,16,2005,2021
Germany,Spain,90,14925480,13,16,2005,2021
Hungary,Netherlands (Kingdom of the),90,10390225,12,16,2005,2021
Oman,United Arab Emirates,90,6574503,9,16,2005,2021
Sweden,Norway,90,400606,12,16,2005,2021
Austria,Slovenia,89,51860094,9,16,2005,2021
Hungary,Ukraine,89,202951834,11,16,2005,2021
United Arab Emirates,Saudi Arabia,89,2161631,10,15,2005,2021
United States of America,Costa Rica,89,17626796,9,16,2005,2021
France,Canada,88,2538262,10,16,2005,2021
France,Tunisia,88,17720846,10,16,2005,2021
South Africa,Eswatini,88,27630839,12,11,2005,2021
United States of America,Dominican Republic,88,16416243,12,16,2005,2021
United States of America,Thailand,88,33311055,10,16,2005,2021
Austria,Netherlands (Kingdom of the),87,7298287,12,16,2005,2021
France,Austria,87,1947292,10,16,2005,2021
Netherlands (Kingdom of the),Czechia,87,4534691,11,16,2005,2021
Poland,Slovakia,87,26571972,10,16,2005,2021
Romania,Hungary,87,118840259,13,16,2005,2021
United States of America,Netherlands (Kingdom of the),87,4340543,10,16,2005,2021
France,Slovakia,86,3428041,8,16,2005,2021
Hungary,Serbia,86,22421386,10,15,2006,2021
Malaysia,Brunei Darussalam,86,18133687,10,16,2005,2021
Netherlands (Kingdom of the),Portugal,86,2270134,11,16,2005,2021
Slovenia,Italy,86,3343953,9,16,2005,2021
France,Russian Federation,85,6805968,11,16,2005,2021
Germany,Romania,85,18712034,10,16,2005,2021
Poland,Lithuania,85,60091993,8,16,2005,2021
United States of America,Colombia,85,9080873,13,16,2005,2021
Italy,Switzerland,84,6360,10,16,2005,2021
United States of America,"China, mainland",84,99002187,11,16,2005,2021
United States of America,Republic of Korea,84,16311998,12,16,2005,2021
Kenya,United Republic of Tanzania,83,15599836,11,16,2005,2021
Netherlands (Kingdom of the),Sweden,83,4907669,11,16,2005,2021
Spain,Germany,83,4290754,7,16,2005,2021
United States of America,France,83,1393912,11,16,2005,2021
United States of America,Panama,83,18824690,14,16,2005,2021
United States of America,Philippines,83,21893702,13,16,2005,2021
Hungary,France,82,5658747,10,16,2005,2021
Italy,Austria,82,2244887,11,16,2005,2021
Italy,Slovenia,82,816364,9,16,2005,2021
Netherlands (Kingdom of the),Hungary,82,8376213,10,16,2005,2021
Croatia,Bosnia and Herzegovina,81,16512808,10,16,2005,2021
Germany,Bulgaria,81,7403787,9,16,2005,2021
Lithuania,Poland,81,24291850,6,16,2005,2021
Poland,Italy,81,3346439,10,16,2005,2021
Serbia,Bosnia and Herzegovina,81,151688443,9,15,2006,2021
United States of America,"China, Taiwan Province of",81,9571712,11,16,2005,2021
Hungary,Greece,80,5873529,12,16,2005,2021
Kenya,Uganda,80,21984064,13,16,2005,2021
Netherlands (Kingdom of the),Lithuania,80,3416812,10,16,2005,2021
United States of America,Ecuador,80,11759600,11,16,2005,2021
Austria,Romania,79,7382371,9,16,2005,2021
France,Denmark,79,1020814,10,16,2005,2021
Germany,Croatia,79,4820286,9,16,2005,2021
Kuwait,Qatar,79,1598227,12,14,2005,2021
Netherlands (Kingdom of the),Ireland,79,37278008,12,16,2005,2021
United States of America,Jamaica,79,10160871,11,16,2005,2021
Belgium,Spain,78,3923306,11,16,2005,2021
Czechia,Russian Federation,78,5872893,11,16,2005,2021
Luxembourg,Netherlands (Kingdom of the),78,565145,13,16,2005,2021
Netherlands (Kingdom of the),Finland,78,1113312,10,16,2005,2021
South Africa,Lesotho,78,23501494,14,9,2012,2021
Denmark,Sweden,77,1865532,9,16,2005,2021
India,United Arab Emirates,77,3804614,12,16,2005,2021
Ireland,Netherlands (Kingdom of the),77,23793456,11,16,2005,2021
Poland,Russian Federation,77,38677973,10,16,2005,2021
United Kingdom of Great Britain and Northern Ireland,Greece,77,11014594,10,16,2005,2021
Canada,France,76,679367,11,16,2005,2021
Hungary,Bulgaria,76,17631115,10,16,2005,2021
Netherlands (Kingdom of the),Bulgaria,76,2000429,11,16,2005,2021
Sweden,Netherlands (Kingdom of the),76,19890548,13,16,2005,2021
United States of America,"China, Hong Kong SAR",76,3619050,13,16,2005,2021
"China, mainland","China, Hong Kong SAR",75,126607993,8,16,2005,2021
France,Côte d'Ivoire,75,6460900,10,16,2005,2021
Slovakia,Italy,75,4035209,8,16,2005,2021
United Arab Emirates,Bahrain,75,412982,9,16,2005,2021
Bulgaria,Greece,74,50979593,11,16,2005,2021
Croatia,Serbia,74,173434491,10,15,2006,2021
Denmark,Norway,74,188702,11,16,2005,2021
Netherlands (Kingdom of the),Thailand,74,14199765,11,16,2005,2021
Saudi Arabia,Bahrain,74,1843935,9,15,2005,2021
South Africa,United Republic of Tanzania,74,269632,8,16,2005,2021
Austria,Croatia,73,8356485,8,16,2005,2021
Austria,Hungary,73,75869255,9,16,2005,2021
Italy,Albania,73,47788842,11,16,2005,2021
Netherlands (Kingdom of the),Slovakia,73,12144317,10,16,2005,2021
Denmark,France,72,1723118,8,16,2005,2021
Poland,Hungary,72,9003740,11,16,2005,2021
South Africa,Malawi,72,652638,10,16,2005,2021
United States of America,Guyana,72,797141,10,16,2005,2021
Australia,New Zealand,71,18898,9,16,2005,2021
Costa Rica,Nicaragua,71,83394644,9,16,2005,2021
Czechia,Ukraine,71,129770801,13,15,2005,2021
Denmark,Belgium,71,21136030,8,16,2005,2021
Denmark,Italy,71,7413900,12,16,2005,2021
Germany,Serbia,71,4005355,7,15,2006,2021
Germany,Slovakia,71,12562405,7,16,2005,2021
Hungary,Slovenia,71,10577118,9,16,2005,2021
Kuwait,Saudi Arabia,71,966986,9,15,2005,2021
Netherlands (Kingdom of the),Croatia,71,4155381,10,16,2005,2021
Oman,Qatar,71,1993636,7,16,2005,2021
South Africa,Namibia,71,58482547,14,9,2012,2021
United Kingdom of Great Britain and Northern Ireland,Poland,71,14508947,8,16,2005,2021
France,Croatia,70,195424,10,16,2005,2021
Netherlands (Kingdom of the),Latvia,70,3295493,10,16,2005,2021
Netherlands (Kingdom of the),Russian Federation,70,74553868,10,16,2005,2021
South Africa,Mauritius,70,198245,8,16,2005,2021
United States of America,Israel,70,2264303,9,16,2005,2021
United States of America,Malaysia,70,18648154,12,16,2005,2021
Belgium,United Kingdom of Great Britain and Northern Ireland,69,2087907,11,16,2005,2021
Czechia,France,69,284183,8,16,2005,2021
France,Algeria,69,83458929,9,16,2005,2021
France,"China, mainland",69,14504191,9,16,2005,2021
Germany,Greece,69,12897216,12,16,2005,2021
Netherlands (Kingdom of the),Kuwait,69,3137033,11,16,2005,2021
Slovakia,Netherlands (Kingdom of the),69,1558669,12,16,2005,2021
United Kingdom of Great Britain and Northern Ireland,Norway,69,450881,10,16,2005,2021
United Kingdom of Great Britain and Northern Ireland,Switzerland,69,33605,11,16,2005,2021
United States of America,United Arab Emirates,69,1410872,12,16,2005,2021
Ireland,Italy,68,681221,8,16,2005,2021
Luxembourg,Germany,68,678062,9,16,2005,2021
Saudi Arabia,Qatar,68,3374678,10,11,2005,2021
Slovakia,Austria,68,3417285,9,16,2005,2021
Slovenia,Croatia,68,9133222,9,16,2005,2021
Spain,Belgium,68,868315,8,16,2005,2021
Spain,Greece,68,371230,8,16,2005,2021
Australia,Thailand,67,4056668,12,16,2005,2021
Denmark,United Kingdom of Great Britain and Northern Ireland,67,603723,9,16,2005,2021
Netherlands (Kingdom of the),Lebanon,67,2300648,10,16,2005,2021
Spain,Morocco,67,36516772,10,16,2005,2021
Uganda,Rwanda,67,3162464,13,13,2006,2018
United States of America,Honduras,67,18745230,10,16,2005,2021
Czechia,Hungary,66,16232012,7,16,2005,2021
Netherlands (Kingdom of the),Cyprus,66,1101801,12,16,2005,2021
Russian Federation,Belarus,66,13075839,10,16,2005,2021
Slovenia,Austria,66,15135853,6,16,2005,2021
Sweden,Denmark,66,27542521,8,16,2005,2021
United Kingdom of Great Britain and Northern Ireland,United States of America,66,438517,9,16,2005,2021
Australia,United Arab Emirates,65,2243258,8,16,2005,2021
Austria,Czechia,65,11222988,6,16,2005,2021
Czechia,Italy,65,3978848,6,16,2005,2021
Netherlands (Kingdom of the),Slovenia,65,1156692,9,16,2005,2021
Poland,Belarus,65,141425397,9,16,2005,2021
United Arab Emirates,Qatar,65,1750347,9,11,2005,2021
Australia,"China, mainland",64,1400005,8,16,2005,2021
Australia,Indonesia,64,9448096,11,16,2005,2021
Czechia,Romania,64,293771679,10,16,2005,2021
Romania,Netherlands (Kingdom of the),64,498689,13,16,2005,2021
Russian Federation,Azerbaijan,64,2559208,9,16,2005,2021
South Africa,Democratic Republic of the Congo,64,40435,11,16,2005,2021
United Kingdom of Great Britain and Northern Ireland,Hungary,64,8205736,7,16,2005,2021
Argentina,Uruguay,63,2587429,7,16,2005,2021
Ireland,France,63,302863,9,16,2005,2021
Italy,Poland,63,20780650,7,16,2005,2021
United States of America,Brazil,63,9102634,10,16,2005,2021
Denmark,Austria,62,925866,7,16,2005,2021
Denmark,Poland,62,275511190,8,16,2005,2021
Guatemala,El Salvador,62,48110750,9,16,2005,2021
Lithuania,Netherlands (Kingdom of the),62,1325846,11,16,2005,2021
Niger,Burkina Faso,62,43706,7,15,2005,2021
Romania,Greece,62,6354790,7,16,2005,2021
Saudi Arabia,United Arab Emirates,62,16287683,8,11,2006,2021
United Kingdom of Great Britain and Northern Ireland,Japan,62,3299203,8,16,2005,2021
United Kingdom of Great Britain and Northern Ireland,Sweden,62,3663147,8,16,2005,2021
Canada,Mexico,61,1488384,8,16,2005,2021
Denmark,Spain,61,1013269,8,16,2005,2021
Estonia,Netherlands (Kingdom of the),61,613415,11,15,2006,2021
Germany,Bosnia and Herzegovina,61,4264739,5,16,2005,2021
Hungary,Bosnia and Herzegovina,61,2939577,6,16,2005,2021
Indonesia,Malaysia,61,281697,9,16,2005,2021
Italy,Belgium,61,466646,10,16,2005,2021
Luxembourg,France,61,99087,10,16,2005,2021
Nigeria,Niger,61,825347,7,15,2005,2021
South Africa,Uganda,61,1598575,10,16,2005,2021
United States of America,Peru,61,17861098,11,16,2005,2021
United States of America,Singapore,61,101458,11,16,2005,2021
Brazil,Paraguay,60,216965054,5,16,2005,2021
Egypt,United Arab Emirates,60,572729,12,14,2005,2021
France,Serbia,60,484554,8,15,2006,2021
France,Thailand,60,3668057,9,16,2005,2021
Hungary,Russian Federation,60,26014141,10,16,2005,2021
Ireland,Spain,60,932877,8,16,2005,2021
Italy,Hungary,60,1472690,9,16,2005,2021
Netherlands (Kingdom of the),Malaysia,60,14744717,9,16,2005,2021
Peru,Ecuador,60,18483588,6,16,2005,2021
Thailand,Cambodia,60,35696014,11,16,2005,2021
United Kingdom of Great Britain and Northern Ireland,Denmark,60,5286208,8,16,2005,2021
Australia,Singapore,59,329914,10,16,2005,2021
Canada,Germany,59,1012512,8,16,2005,2021
Canada,Japan,59,1609836,6,16,2005,2021
Costa Rica,Panama,59,4080146,9,16,2005,2021
Denmark,Finland,59,1435852,8,16,2005,2021
Denmark,Latvia,59,1691056,7,16,2005,2021
France,Türkiye,59,7858206,8,16,2005,2021
Germany,Lithuania,59,3225407,7,16,2005,2021
Namibia,Botswana,59,23265,7,14,2007,2021
Qatar,Saudi Arabia,59,12991069,8,14,2005,2021
United Kingdom of Great Britain and Northern Ireland,Canada,59,629068,10,16,2005,2021
United States of America,Chile,59,5489719,9,16,2005,2021
Belgium,Poland,58,5386428,6,16,2005,2021
Bulgaria,Italy,58,326624,9,16,2005,2021
Ethiopia,Djibouti,58,1109114,6,16,2005,2021
Jordan,Saudi Arabia,58,6301094,6,16,2005,2021
Kuwait,United Arab Emirates,58,267733,11,12,2005,2021
Kyrgyzstan,Kazakhstan,58,262784,9,13,2005,2021
Latvia,Netherlands (Kingdom of the),58,923066,11,16,2005,2021
Netherlands (Kingdom of the),Malta,58,177551,10,16,2005,2021
Netherlands (Kingdom of the),Türkiye,58,8638811,11,16,2005,2021
Poland,Romania,58,5956476,8,16,2005,2021
Romania,Bulgaria,58,6074920,6,16,2005,2021
Serbia,North Macedonia,58,29330326,9,15,2006,2021
Slovakia,Germany,58,2595502,7,16,2005,2021
Uganda,Burundi,58,505484,10,16,2005,2021
Austria,Serbia,57,1355086,6,15,2006,2021
Belgium,Lebanon,57,183269,11,16,2005,2021
France,Egypt,57,134021726,8,16,2005,2021
France,United Arab Emirates,57,129218,11,16,2005,2021
Germany,Egypt,57,7834688,7,16,2005,2021
Ireland,Germany,57,106330,7,16,2005,2021
Latvia,Lithuania,57,15948351,7,16,2005,2021
Namibia,Angola,57,224536,10,9,2012,2021
Poland,France,57,2968063,7,16,2005,2021
Saudi Arabia,Kuwait,57,11555605,10,10,2006,2021
South Africa,Kenya,57,133988,9,16,2005,2021
United States of America,Saudi Arabia,57,3819623,10,16,2005,2021
Austria,Bulgaria,56,4964601,7,16,2005,2021
Canada,United Kingdom of Great Britain and Northern Ireland,56,127142,11,16,2005,2021
Denmark,Slovakia,56,952024,7,16,2005,2021
Germany,Lebanon,56,746379,6,16,2005,2021
Ireland,Belgium,56,185391,6,16,2005,2021
Lithuania,Belarus,56,37082516,9,16,2005,2021
Lithuania,Latvia,56,2641890,8,16,2005,2021
Oman,Saudi Arabia,56,1420750,8,16,2005,2021
Thailand,Malaysia,56,744917,9,16,2005,2021
United States of America,Russian Federation,56,1735588,10,16,2005,2021
Czechia,Belgium,55,495202,8,16,2005,2021
Germany,Sweden,55,1223640,8,16,2005,2021
Netherlands (Kingdom of the),Pakistan,55,7283184,8,16,2005,2021
New Zealand,Malaysia,55,2528608,8,16,2005,2021
Singapore,Malaysia,55,482436,10,16,2005,2021
Slovakia,Romania,55,61592354,7,16,2005,2021
South Africa,Angola,55,4257384,8,16,2005,2021
United States of America,Antigua and Barbuda,55,497984,10,16,2005,2021
United States of America,Belize,55,2007572,10,16,2005,2021
United States of America,El Salvador,55,15151735,11,16,2005,2021
Austria,Slovakia,54,1148405,7,16,2005,2021
Belgium,Libya,54,107811,9,14,2005,2021
Canada,Russian Federation,54,414695,8,16,2005,2021
Costa Rica,Honduras,54,1088737,6,16,2005,2021
Greece,Bulgaria,54,2272669,10,16,2005,2021
Malaysia,Singapore,54,822937581,6,16,2005,2021
Mexico,United States of America,54,19141861,10,16,2005,2021
Netherlands (Kingdom of the),Qatar,54,486371,11,16,2005,2021
Thailand,Viet Nam,54,2199720,10,16,2005,2021
United Kingdom of Great Britain and Northern Ireland,Cyprus,54,1647503,8,16,2005,2021
United Kingdom of Great Britain and Northern Ireland,Russian Federation,54,5406698,6,16,2005,2021
United Republic of Tanzania,Kenya,54,4320580,6,16,2005,2021
United States of America,Barbados,54,176749,11,16,2005,2021
Austria,Poland,53,48458005,6,16,2005,2021
Belarus,Russian Federation,53,4302257,9,16,2005,2021
Canada,Netherlands (Kingdom of the),53,1584346,8,16,2005,2021
"China, mainland","China, Macao SAR",53,40144959,6,16,2005,2021
Denmark,Lithuania,53,8392806,5,16,2005,2021
Denmark,Romania,53,7956847,8,16,2005,2021
France,Mauritius,53,2280174,8,16,2005,2021
Germany,Belarus,53,4379665,7,16,2005,2021
Germany,Portugal,53,1018004,6,16,2005,2021
Netherlands (Kingdom of the),Singapore,53,925387,7,16,2005,2021
Romania,Germany,53,346401,9,16,2005,2021
Sri Lanka,Maldives,53,517618,7,16,2005,2021
United States of America,India,53,1528608,10,16,2005,2021
Zimbabwe,Zambia,53,205561,7,16,2005,2021
Denmark,Ireland,52,194288,7,15,2005,2021
France,Republic of Korea,52,7348271,6,16,2005,2021
Italy,Malta,52,2083599,9,16,2005,2021
Malaysia,Thailand,52,7681071,7,16,2005,2021
Netherlands (Kingdom of the),Estonia,52,176869,10,15,2005,2021
New Zealand,Australia,52,37522,7,16,2005,2021
Thailand,Singapore,52,14271,13,15,2005,2021
United Kingdom of Great Britain and Northern Ireland,Israel,52,6848441,5,16,2005,2021
United States of America,Türkiye,52,4391306,7,16,2005,2021
United States of America,Viet Nam,52,14888738,11,15,2006,2021
Australia,Viet Nam,51,5420180,8,16,2005,2021
Barbados,Grenada,51,2751032,7,16,2005,2021
Chile,Ecuador,51,5949654,9,16,2005,2021
Denmark,Czechia,51,19429592,5,16,2005,2021
Finland,Russian Federation,51,4247890,6,15,2005,2020
France,United States of America,51,216548,8,16,2005,2021
Germany,Slovenia,51,3256597,5,16,2005,2021
Mali,Burkina Faso,51,1369295,9,13,2006,2018
Myanmar,Thailand,51,2099389,9,16,2005,2021
Nepal,India,51,626242,8,12,2005,2020
Netherlands (Kingdom of the),Canada,51,1383786,8,16,2005,2021
Netherlands (Kingdom of the),Jordan,51,4372103,7,16,2005,2021
Netherlands (Kingdom of the),Oman,51,14639460,8,16,2005,2021
Netherlands (Kingdom of the),United States of America,51,104178,9,16,2005,2021
Poland,Denmark,51,816719,10,15,2005,2021
Portugal,Angola,51,2983147,11,13,2005,2021
Portugal,Netherlands (Kingdom of the),51,271863,11,16,2005,2021
Sweden,Germany,51,4415234,7,16,2005,2021
United Kingdom of Great Britain and Northern Ireland,Thailand,51,4750586,8,16,2005,2021
United States of America,Kuwait,51,3087256,10,16,2005,2021
Argentina,Paraguay,50,749143,5,16,2005,2021
Australia,Qatar,50,6769765,7,16,2005,2021
Burkina Faso,Côte d'Ivoire,50,2195633,7,16,2005,2021
Costa Rica,Guatemala,50,4462,8,16,2005,2021
Denmark,Hungary,50,732868,6,16,2005,2021
Estonia,Lithuania,50,2601289,6,16,2005,2021
Ethiopia,United Arab Emirates,50,788128,7,16,2005,2021
Ethiopia,Yemen,50,897437,5,16,2005,2021
France,Israel,50,507481,10,15,2005,2021
Germany,Israel,50,1329215,10,16,2005,2021
Greece,Cyprus,50,2938721,9,16,2005,2021
Hungary,Czechia,50,32035542,7,16,2005,2021
Poland,Belgium,50,3352385,8,16,2005,2021
Spain,United Kingdom of Great Britain and Northern Ireland,50,367273,8,16,2005,2021
United Arab Emirates,Kuwait,50,1176412,9,11,2005,2021
United Kingdom of Great Britain and Northern Ireland,Malaysia,50,5869555,7,16,2005,2021
United States of America,Spain,50,369159,7,16,2005,2021
Barbados,Antigua and Barbuda,49,426003,7,16,2005,2021
Canada,Colombia,49,1020750,5,16,2005,2021
Denmark,Russian Federation,49,14903997,6,16,2005,2021
Ethiopia,Somalia,49,3202449,6,16,2005,2021
Germany,Latvia,49,18313114,9,16,2005,2021
Kyrgyzstan,Tajikistan,49,44785,5,12,2005,2020
Norway,Sweden,49,44358,6,16,2005,2021
Pakistan,Oman,49,221432,7,15,2005,2021
Peru,Bolivia (Plurinational State of),49,6781158,8,16,2005,2021
Qatar,United Arab Emirates,49,15943071,10,10,2005,2021
Senegal,Mali,49,1171852,7,15,2005,2020
United Kingdom of Great Britain and Northern Ireland,Türkiye,49,7861593,5,16,2005,2021
United States of America,South Africa,49,9801506,9,16,2005,2021
Belgium,Greece,48,81643,11,16,2005,2021
Brazil,Argentina,48,6021517,4,16,2005,2021
Bulgaria,Romania,48,224733851,8,15,2005,2021
Denmark,Bulgaria,48,80633,7,16,2005,2021
Estonia,Latvia,48,301812,7,16,2005,2021
Finland,Netherlands (Kingdom of the),48,353268,12,10,2008,2021
France,Congo,48,2400276,8,16,2005,2021
France,Japan,48,2634657,5,16,2005,2021
Georgia,Azerbaijan,48,2584913,8,16,2005,2021
Germany,Ireland,48,36511,9,16,2005,2021
Germany,Norway,48,67559,9,16,2005,2021
Hungary,Türkiye,48,2144098,8,15,2005,2021
Netherlands (Kingdom of the),Indonesia,48,11292745,8,16,2005,2021
Netherlands (Kingdom of the),Norway,48,748836,10,16,2005,2021
New Zealand,Fiji,48,8666815,8,16,2005,2021
Thailand,"China, Hong Kong SAR",48,2745,12,15,2005,2021
United Republic of Tanzania,Comoros,48,265030,8,16,2005,2021
United States of America,Australia,48,114793,11,16,2005,2021
Belgium,Switzerland,47,5574,11,16,2005,2021
Burkina Faso,Togo,47,63144,7,15,2005,2021
Czechia,Bulgaria,47,9055828,6,16,2005,2021
Denmark,Greece,47,362313,7,16,2005,2021
Djibouti,Saudi Arabia,47,6725834,5,13,2007,2021
Germany,Canada,47,1625586,6,16,2005,2021
Germany,Türkiye,47,9031744,6,16,2005,2021
Germany,United Arab Emirates,47,987291,10,16,2005,2021
Hungary,Republic of Moldova,47,38154456,7,16,2005,2021
United Kingdom of Great Britain and Northern Ireland,South Africa,47,4214225,8,16,2005,2021
Australia,Japan,46,512182,6,16,2005,2021
Belgium,Bulgaria,46,3352170,9,16,2005,2021
Brazil,Bolivia (Plurinational State of),46,13856322,7,16,2005,2021
Denmark,Estonia,46,5546208,6,15,2005,2021
France,Burkina Faso,46,3348037,6,16,2005,2021
Netherlands (Kingdom of the),Japan,46,638349,7,16,2005,2021
Netherlands (Kingdom of the),Philippines,46,22388771,8,16,2005,2021
Portugal,France,46,458872,6,16,2005,2021
Somalia,Oman,46,8913713,4,16,2005,2021
Uganda,Kenya,46,1420896,9,16,2005,2021
United Kingdom of Great Britain and Northern Ireland,Republic of Korea,46,3811419,6,16,2005,2021
United States of America,Bahrain,46,658968,10,16,2005,2021
Belgium,Democratic Republic of the Congo,45,9855229,12,16,2005,2021
Belgium,Denmark,45,852696,8,16,2005,2021
Czechia,Croatia,45,533890,6,16,2005,2021
Italy,Serbia,45,3080300,6,15,2006,2021
Kazakhstan,Russian Federation,45,97581,10,15,2005,2021
Namibia,South Africa,45,6235409,7,9,2012,2021
Nicaragua,Costa Rica,45,112094,8,16,2005,2021
Romania,Croatia,45,1936954,6,16,2005,2021
Slovakia,Croatia,45,786118,6,16,2005,2021
Slovenia,Netherlands (Kingdom of the),45,82032,11,13,2005,2021
South Africa,United Arab Emirates,45,11354,9,15,2005,2021
United Kingdom of Great Britain and Northern Ireland,Pakistan,45,2325731,5,16,2005,2021
United Kingdom of Great Britain and Northern Ireland,United Arab Emirates,45,327718,9,16,2005,2021
Uruguay,Brazil,45,294761,3,16,2005,2021
Australia,Kuwait,44,12351233,4,16,2005,2021
Barbados,Dominica,44,961049,6,16,2005,2021
Barbados,Saint Lucia,44,1357055,6,16,2005,2021
Belgium,Romania,44,127420,8,16,2005,2021
Botswana,South Africa,44,393931,9,13,2008,2021
Brazil,Venezuela (Bolivarian Republic of),44,14566646,9,16,2005,2021
Czechia,Kazakhstan,44,107928,11,16,2005,2021
France,Gabon,44,4629368,8,16,2005,2021
Germany,Iran (Islamic Republic of),44,3323120,5,15,2005,2020
Hungary,Spain,44,644223,5,16,2005,2021
Netherlands (Kingdom of the),Iran (Islamic Republic of),44,5137689,10,15,2005,2021
Oman,Kuwait,44,1822638,7,16,2005,2021
Panama,Costa Rica,44,698809,7,16,2005,2021
Romania,Austria,44,383305,7,16,2005,2021
Romania,Spain,44,960771,9,16,2005,2021
Rwanda,Democratic Republic of the Congo,44,4829724,8,14,2007,2021
United Kingdom of Great Britain and Northern Ireland,Czechia,44,6521644,7,16,2005,2021
United Kingdom of Great Britain and Northern Ireland,Saudi Arabia,44,18124199,9,16,2005,2021
United States of America,Morocco,44,4414219,7,16,2005,2021
United States of America,Venezuela (Bolivarian Republic of),44,108324,10,16,2005,2021
Uruguay,Argentina,44,4546,4,16,2005,2021
Australia,Brunei Darussalam,43,131631,5,16,2005,2021
Belgium,Kuwait,43,2484157,11,13,2008,2021
Bulgaria,North Macedonia,43,2132146,6,16,2005,2021
Canada,Chile,43,411098,5,16,2005,2021
Canada,Republic of Korea,43,697183,6,16,2005,2021
Croatia,Slovenia,43,31088228,8,16,2005,2021
Egypt,Qatar,43,161441,12,13,2005,2018
Ethiopia,Saudi Arabia,43,1233849,5,13,2006,2020
France,Madagascar,43,2555619,10,16,2005,2021
Greece,Italy,43,1612194,7,15,2005,2021
India,Oman,43,286686,11,14,2005,2020
Ireland,Greece,43,17178,5,16,2005,2021
Italy,Croatia,43,919774,7,16,2005,2021
Netherlands (Kingdom of the),Bahrain,43,374149,8,16,2005,2021
New Zealand,Japan,43,137972,7,16,2005,2021
Portugal,Cabo Verde,43,3169317,7,16,2005,2021
Romania,France,43,1090096,8,16,2005,2021
Saudi Arabia,Jordan,43,332977,6,16,2005,2021
Spain,Lebanon,43,1681584,5,16,2005,2021
Sweden,Finland,43,6009218,8,16,2005,2021
Syrian Arab Republic,Jordan,43,2560536,7,10,2005,2014
United Kingdom of Great Britain and Northern Ireland,Finland,43,1175045,5,16,2005,2021
United States of America,Belgium,43,90959,12,16,2005,2021
United States of America,Italy,43,3413454,12,16,2005,2021
Bulgaria,Netherlands (Kingdom of the),42,310543,10,11,2005,2021
Bulgaria,Türkiye,42,1327157,6,16,2005,2021
Cameroon,Gabon,42,108875,6,15,2005,2021
Canada,"China, mainland",42,4139421,6,16,2005,2021
Czechia,Lithuania,42,10822427,4,16,2005,2021
Czechia,Spain,42,508121,4,16,2005,2021
France,Brazil,42,633614,7,16,2005,2021
France,Malaysia,42,4956429,8,16,2005,2021
Germany,Thailand,42,2046472,7,16,2005,2021
Greece,Netherlands (Kingdom of the),42,52151,10,9,2006,2021
India,United States of America,42,974,11,15,2005,2021
Indonesia,Singapore,42,5724998,8,16,2005,2021
Ireland,Denmark,42,107645,8,16,2005,2021
Kyrgyzstan,Uzbekistan,42,93612,5,13,2005,2021
Malaysia,Indonesia,42,2157154,9,16,2005,2021
Mali,Côte d'Ivoire,42,9336948,10,9,2005,2018
New Zealand,"China, mainland",42,4238940,5,16,2005,2021
Nicaragua,El Salvador,42,49353,8,16,2005,2021
United States of America,Qatar,42,136325,9,16,2005,2021
Argentina,Bolivia (Plurinational State of),41,88342,8,16,2005,2021
Argentina,Brazil,41,2634,5,16,2005,2021
Austria,Russian Federation,41,946485,6,15,2005,2021
Belgium,Ghana,41,21052024,11,16,2005,2021
Belgium,Qatar,41,1114686,9,16,2005,2021
Burkina Faso,Niger,41,188339,6,15,2005,2020
Costa Rica,El Salvador,41,7912,3,16,2005,2021
Denmark,Switzerland,41,8803,4,16,2005,2021
Germany,Republic of Moldova,41,2591605,5,15,2005,2021
Hungary,Belarus,41,12770309,6,16,2005,2021
Jordan,Kuwait,41,2012058,8,16,2005,2021
Latvia,Poland,41,5824920,4,15,2006,2021
Latvia,Russian Federation,41,478992,9,16,2005,2021
Mexico,Guatemala,41,3251,7,16,2005,2021
Netherlands (Kingdom of the),Ethiopia,41,6167709,4,16,2005,2021
Netherlands (Kingdom of the),Saudi Arabia,41,23195962,8,16,2005,2021
Netherlands (Kingdom of the),Ukraine,41,11613846,6,15,2005,2021
Romania,Belgium,41,24206,6,16,2005,2021
Romania,Republic of Moldova,41,28117702,8,16,2005,2021
Saudi Arabia,Yemen,41,13941005,6,15,2005,2021
Slovakia,Spain,41,126592,7,16,2005,2021
Slovenia,Lebanon,41,363501,4,15,2005,2021
Somalia,Saudi Arabia,41,21839320,5,14,2005,2021
United Kingdom of Great Britain and Northern Ireland,India,41,329874,8,16,2005,2021
United States of America,Nicaragua,41,9955374,6,16,2005,2021
United States of America,Switzerland,41,55469,7,16,2005,2021
Zambia,Zimbabwe,41,2660282,7,14,2007,2021
Burkina Faso,Ghana,40,536273,4,14,2007,2021
"China, mainland",Mongolia,40,338623,7,15,2005,2021
Croatia,Italy,40,513155,7,16,2005,2021
Czechia,Greece,40,3506095,6,16,2005,2021
Finland,Estonia,40,40677256,5,16,2005,2021
France,India,40,1287264,7,16,2005,2021
France,Iran (Islamic Republic of),40,3486659,7,16,2005,2021
France,Viet Nam,40,15672612,7,16,2005,2021
Germany,Azerbaijan,40,710645,6,16,2005,2021
Greece,North Macedonia,40,6938693,6,16,2005,2021
Italy,Czechia,40,140779,6,16,2005,2021
Jordan,United Arab Emirates,40,1638140,7,14,2005,2021
Netherlands (Kingdom of the),Ghana,40,69224108,8,16,2005,2021
Romania,Jordan,40,8363890,4,16,2005,2021
Russian Federation,Mongolia,40,1331725,5,16,2005,2021
Russian Federation,Uzbekistan,40,2588169,6,16,2005,2021
Spain,Romania,40,2049155,5,15,2005,2021
Switzerland,Netherlands (Kingdom of the),40,32252,8,16,2005,2021
Türkiye,Azerbaijan,40,16042154,8,16,2005,2021
United Kingdom of Great Britain and Northern Ireland,Slovakia,40,4746194,6,16,2005,2021
Uruguay,Paraguay,40,18615,5,15,2006,2021
Belgium,Iraq,39,647641,10,7,2014,2021
Canada,"China, Taiwan Province of",39,1209222,5,16,2005,2021
Canada,Guatemala,39,667219,5,16,2005,2021
Denmark,Portugal,39,239722,6,15,2005,2021
France,Lithuania,39,26661,7,16,2005,2021
France,Saudi Arabia,39,9057379,6,16,2005,2021
Germany,Malaysia,39,2756370,4,15,2005,2020
Germany,Republic of Korea,39,1204544,7,16,2005,2021
Italy,United Kingdom of Great Britain and Northern Ireland,39,204749,8,16,2005,2021
Jordan,Qatar,39,1885689,9,14,2005,2018
Netherlands (Kingdom of the),Egypt,39,22271925,7,16,2005,2021
Netherlands (Kingdom of the),Israel,39,1681802,5,16,2005,2021
Netherlands (Kingdom of the),Morocco,39,543499,6,16,2005,2021
Nicaragua,Honduras,39,199150,7,16,2005,2021
Poland,Croatia,39,471738,6,16,2005,2021
Qatar,Kuwait,39,255433,7,13,2005,2021
Russian Federation,Armenia,39,1767646,10,15,2006,2021
Slovenia,Hungary,39,1308668,4,16,2005,2021
United Kingdom of Great Britain and Northern Ireland,Ghana,39,363349,11,15,2005,2021
United States of America,Argentina,39,8896563,8,16,2005,2021
Australia,Bahrain,38,5821689,6,16,2005,2021
Bahrain,Saudi Arabia,38,39091,7,13,2005,2021
Belgium,Israel,38,992546,9,16,2005,2021
Belgium,Portugal,38,228228,6,16,2005,2021
Denmark,Faroe Islands,38,55881,9,16,2005,2021
France,Mexico,38,918939,8,16,2005,2021
Germany,United States of America,38,434884,7,16,2005,2021
Germany,Uzbekistan,38,1579784,4,16,2005,2021
Honduras,El Salvador,38,1613640,5,16,2005,2021
Netherlands (Kingdom of the),Serbia,38,1039843,5,15,2006,2021
Saudi Arabia,Oman,38,96476,8,13,2006,2021
Somalia,Bahrain,38,653578,4,13,2005,2021
Spain,Hungary,38,4800897,5,15,2005,2021
Thailand,United States of America,38,1712,9,15,2005,2021
United Kingdom of Great Britain and Northern Ireland,Kenya,38,987092,7,16,2005,2021
United Kingdom of Great Britain and Northern Ireland,Portugal,38,632823,9,16,2005,2021
United States of America,Haiti,38,4121554,9,16,2005,2021
United States of America,Indonesia,38,94152550,8,16,2005,2021
Belgium,Egypt,37,8347910,7,16,2005,2021
Belgium,Ireland,37,37648,7,16,2005,2021
Belgium,Jordan,37,28651,8,16,2005,2021
Bosnia and Herzegovina,Serbia,37,65438444,6,15,2006,2021
Croatia,Netherlands (Kingdom of the),37,179227,9,8,2013,2021
Estonia,Russian Federation,37,750938,5,16,2005,2021
Germany,Kazakhstan,37,1183394,5,16,2005,2021
Germany,Morocco,37,1028956,4,16,2005,2021
Hungary,Belgium,37,1233005,8,16,2005,2021
Hungary,Lebanon,37,592605,8,16,2005,2021
Lithuania,Russian Federation,37,1706841,6,16,2005,2021
Mexico,Belize,37,12393,8,16,2005,2021
Namibia,Zambia,37,18129,7,14,2005,2021
Netherlands (Kingdom of the),Bangladesh,37,6995012,5,15,2005,2021
Netherlands (Kingdom of the),Suriname,37,202202,6,15,2005,2020
Niger,Benin,37,49326,6,14,2005,2021
Norway,Finland,37,2092,6,16,2005,2021
Qatar,Bahrain,37,13113,9,14,2005,2018
Russian Federation,Georgia,37,384483,7,12,2005,2021
Slovakia,Greece,37,162789,6,16,2005,2021
Slovenia,Bosnia and Herzegovina,37,827843,7,15,2005,2021
Somalia,Yemen,37,12118581,6,11,2005,2018
South Africa,Ghana,37,66658,9,15,2005,2021
Sweden,United Kingdom of Great Britain and Northern Ireland,37,327326,9,16,2005,2021
Ukraine,Russian Federation,37,7592315,7,16,2005,2021
United Kingdom of Great Britain and Northern Ireland,Iran (Islamic Republic of),37,10127061,4,16,2005,2021
United Kingdom of Great Britain and Northern Ireland,Morocco,37,1077199,5,16,2005,2021
United Kingdom of Great Britain and Northern Ireland,Uganda,37,638922,7,16,2005,2021
United States of America,Suriname,37,780827,8,16,2005,2021
Australia,United States of America,36,6047,6,16,2005,2021
Austria,Spain,36,211523,8,16,2005,2021
Barbados,Saint Vincent and the Grenadines,36,277135,5,16,2005,2021
Belgium,Hungary,36,1884858,8,15,2005,2021
Bulgaria,Serbia,36,6519477,5,15,2006,2021
Colombia,Ecuador,36,17801388,6,16,2005,2021
Croatia,Hungary,36,9613527,6,15,2005,2021
Czechia,Slovenia,36,1180563,5,16,2005,2021
El Salvador,Guatemala,36,180114363,4,16,2005,2021
Germany,India,36,52609,8,16,2005,2021
Germany,Jordan,36,1631393,6,15,2005,2020
Lithuania,Italy,36,169494,5,16,2005,2021
Netherlands (Kingdom of the),Belarus,36,14111399,7,16,2005,2021
Netherlands (Kingdom of the),Georgia,36,4025228,7,15,2006,2021
Netherlands (Kingdom of the),South Africa,36,3580207,6,16,2005,2021
Niger,Ghana,36,34770,9,13,2005,2021
Republic of Moldova,Lebanon,36,120232,3,14,2005,2021
Romania,Libya,36,4051947,3,16,2005,2021
Thailand,Japan,36,3056,10,15,2005,2021
United Kingdom of Great Britain and Northern Ireland,Romania,36,599848,8,15,2005,2021
United States of America,Ireland,36,593959,9,16,2005,2021
United States of America,Poland,36,1323532,7,16,2005,2021
Zambia,Malawi,36,909981,10,15,2005,2021
Australia,Israel,35,1952875,5,16,2005,2021
Belgium,Pakistan,35,45181,8,11,2007,2021
Canada,Philippines,35,1137927,5,16,2005,2021
Czechia,United Arab Emirates,35,56636,6,16,2005,2021
Egypt,Kuwait,35,246637,11,11,2005,2020
France,Cameroon,35,6981300,7,16,2005,2021
France,New Caledonia,35,106052,6,16,2005,2021
Germany,Saudi Arabia,35,4472617,8,16,2005,2021
Italy,Tunisia,35,92486,8,11,2006,2021
Lithuania,Germany,35,117771,4,15,2005,2021
Netherlands (Kingdom of the),"China, mainland",35,824481,6,16,2005,2021
Netherlands (Kingdom of the),Uzbekistan,35,2676763,5,16,2005,2021
Poland,Latvia,35,1545907,6,16,2005,2021
Romania,Poland,35,2628277,5,15,2005,2021
Rwanda,Burundi,35,39105,6,13,2005,2017
United States of America,Grenada,35,1048627,9,13,2005,2021
United States of America,Norway,35,111361,8,16,2005,2021
Austria,Ukraine,34,853989,6,16,2005,2021
Brazil,Senegal,34,218662,8,15,2005,2021
Brazil,Uruguay,34,1709184,4,16,2005,2021
Chile,Peru,34,31704,9,16,2005,2021
El Salvador,Honduras,34,24401573,4,16,2005,2021
France,Mali,34,12700778,7,16,2005,2021
France,Sweden,34,327611,6,16,2005,2021
Germany,Finland,34,178275,7,16,2005,2021
Germany,Indonesia,34,340435,8,15,2005,2020
Germany,Tunisia,34,294167,4,16,2005,2021
India,United Kingdom of Great Britain and Northern Ireland,34,286144,10,14,2005,2020
Italy,Denmark,34,57969,8,14,2005,2021
Italy,Portugal,34,866022,7,15,2005,2021
Luxembourg,Italy,34,58408,6,16,2005,2021
Mali,Guinea,34,372980,7,8,2006,2018
Netherlands (Kingdom of the),Albania,34,1679345,4,16,2005,2021
Netherlands (Kingdom of the),Kazakhstan,34,10975720,4,16,2005,2021
Netherlands (Kingdom of the),Republic of Korea,34,8732913,6,16,2005,2021
Poland,Spain,34,802953,6,16,2005,2021
South Africa,Thailand,34,8844,11,13,2006,2021
United States of America,Jordan,34,1972125,5,16,2005,2021
Zambia,Democratic Republic of the Congo,34,1557780,6,15,2005,2021
Belgium,Senegal,33,178060,9,12,2007,2021
Brazil,Angola,33,41103,7,13,2005,2021
Brazil,Chile,33,4041234,3,16,2005,2021
Canada,Poland,33,1334754,3,16,2005,2021
Czechia,Serbia,33,1521593,6,15,2006,2021
France,Benin,33,3978072,8,16,2005,2021
Ghana,Côte d'Ivoire,33,35830,5,15,2005,2021
Honduras,Nicaragua,33,6406760,5,14,2005,2018
Iran (Islamic Republic of),Oman,33,8826791,4,16,2005,2021
Ireland,Russian Federation,33,119347,4,16,2005,2021
Italy,Slovakia,33,28669,7,16,2005,2021
Kazakhstan,Uzbekistan,33,425610,8,13,2006,2021
Malaysia,Myanmar,33,12036955,9,11,2007,2021
Mali,Niger,33,273652,7,8,2005,2018
Netherlands (Kingdom of the),"China, Taiwan Province of",33,1301752,6,16,2005,2021
Oman,Bahrain,33,301781,7,14,2005,2021
Oman,Yemen,33,347054,7,12,2005,2021
Portugal,Italy,33,93823,6,16,2005,2021
Romania,Bosnia and Herzegovina,33,671205,3,16,2005,2021
Romania,Lebanon,33,869693,3,16,2005,2021
Romania,Slovakia,33,3100269,6,16,2005,2021
Slovakia,Russian Federation,33,277420,6,16,2005,2021
Slovakia,Serbia,33,4517815,6,15,2006,2021
Slovakia,Ukraine,33,82208941,9,16,2005,2021
Spain,Algeria,33,27621294,5,16,2005,2021
Spain,United Arab Emirates,33,114460,9,16,2005,2021
Thailand,"China, mainland",33,3469,9,12,2007,2018
Türkiye,Iraq,33,12735994,8,12,2006,2021
United Kingdom of Great Britain and Northern Ireland,Croatia,33,1414120,6,15,2005,2021
United Kingdom of Great Britain and Northern Ireland,Egypt,33,13861107,7,16,2005,2021
United States of America,Egypt,33,23784846,7,16,2005,2021
United States of America,Ghana,33,2701456,10,14,2005,2021
United States of America,Pakistan,33,11122219,5,16,2005,2021
Zambia,United Republic of Tanzania,33,933113,9,14,2005,2021
Austria,France,32,198194,5,16,2005,2021
Austria,Greece,32,955525,8,12,2005,2021
Bahrain,Qatar,32,29784,7,12,2005,2017
Canada,Israel,32,330269,7,14,2005,2020
Canada,Luxembourg,32,6907,4,16,2005,2021
Colombia,United States of America,32,2353,6,16,2005,2021
Czechia,Bosnia and Herzegovina,32,675906,6,16,2005,2021
Czechia,Latvia,32,997450,5,16,2005,2021
Denmark,Slovenia,32,50209,5,16,2005,2021
Dominican Republic,United States of America,32,418,4,16,2005,2021
Egypt,Saudi Arabia,32,110684,12,10,2005,2020
France,Kazakhstan,32,619203,5,15,2005,2021
Germany,Cyprus,32,1287135,6,16,2005,2021
Germany,South Africa,32,188751,6,16,2005,2021
Hungary,Albania,32,3032915,5,16,2005,2021
Jordan,Israel,32,680002,3,14,2005,2021
Lao People's Democratic Republic,Viet Nam,32,5503712,7,6,2015,2021
Lebanon,Qatar,32,594998,9,11,2006,2021
Lithuania,Estonia,32,1889376,5,15,2005,2021
Mexico,Panama,32,4472,6,15,2006,2021
Morocco,Mauritania,32,4778167,6,13,2005,2020
Netherlands (Kingdom of the),Bosnia and Herzegovina,32,294588,5,16,2005,2021
Netherlands (Kingdom of the),Republic of Moldova,32,795458,4,14,2007,2021
Norway,Denmark,32,13706,7,16,2005,2021
Norway,Estonia,32,1550,5,16,2005,2021
Pakistan,Afghanistan,32,93146192,6,16,2005,2021
Slovakia,Slovenia,32,351255,5,16,2005,2021
South Africa,Nigeria,32,41497,9,14,2005,2021
Spain,Switzerland,32,112598,7,16,2005,2021
Thailand,United Kingdom of Great Britain and Northern Ireland,32,17236,10,11,2007,2018
United Kingdom of Great Britain and Northern Ireland,"China, mainland",32,188000,6,16,2005,2021
United States of America,Saint Kitts and Nevis,32,168182,7,16,2005,2021
Armenia,Georgia,31,2951641,6,15,2005,2021
Belgium,Morocco,31,145660,7,16,2005,2021
Belgium,Russian Federation,31,867400,7,16,2005,2021
Belgium,Thailand,31,6091,8,12,2008,2021
Colombia,Panama,31,663,7,16,2005,2021
Czechia,Belarus,31,2039730,8,13,2008,2021
Czechia,Switzerland,31,18686,4,16,2005,2021
El Salvador,Nicaragua,31,6923168,5,15,2005,2021
Estonia,Germany,31,43176,4,14,2007,2021
Finland,Sweden,31,214218,6,15,2005,2020
France,Chile,31,75203,6,16,2005,2021
France,Singapore,31,34040,6,15,2005,2021
Germany,Kuwait,31,329098,6,16,2005,2021
Germany,Pakistan,31,1381142,5,16,2005,2021
Guatemala,Costa Rica,31,2694,4,16,2005,2021
Iran (Islamic Republic of),United Arab Emirates,31,1872227,5,11,2005,2021
Jordan,Iraq,31,3628594,6,16,2005,2021
Netherlands (Kingdom of the),Brazil,31,3136478,3,16,2005,2021
Niger,Côte d'Ivoire,31,18636,5,15,2005,2021
Qatar,Oman,31,75609,6,16,2005,2021
Russian Federation,Ukraine,31,1672962,7,16,2005,2021
Senegal,Mauritania,31,346516,7,14,2005,2021
Spain,Ireland,31,55572,7,14,2005,2021
Spain,United States of America,31,83525,6,16,2005,2021
Thailand,Germany,31,1543,9,12,2005,2020
Türkiye,Cyprus,31,5093305,5,13,2005,2021
United Arab Emirates,United Kingdom of Great Britain and Northern Ireland,31,3311,5,16,2005,2021
United Arab Emirates,United Republic of Tanzania,31,459822,8,15,2005,2021
United Kingdom of Great Britain and Northern Ireland,Jordan,31,5599077,5,16,2005,2021
United Kingdom of Great Britain and Northern Ireland,Mauritius,31,771007,4,16,2005,2021
United States of America,Denmark,31,14294,7,16,2005,2021
United States of America,Saint Lucia,31,1570525,8,16,2005,2021
United States of America,Sweden,31,141463,8,16,2005,2021
Viet Nam,Lao People's Democratic Republic,31,1306601,8,7,2014,2021
Belgium,Sweden,30,53462,4,15,2006,2021
Canada,Costa Rica,30,590256,5,16,2005,2021
Canada,Trinidad and Tobago,30,1232608,9,14,2005,2021
Denmark,Ukraine,30,1516605,4,16,2005,2021
Eswatini,South Africa,30,666696,6,11,2005,2021
France,Cyprus,30,228208,7,14,2005,2021
France,Kuwait,30,507267,7,15,2005,2021
France,Philippines,30,2397142,6,15,2005,2020
Germany,Estonia,30,159238,4,15,2005,2021
Germany,Ghana,30,1345162,8,14,2005,2018
Hungary,Israel,30,434599,7,16,2005,2021
Italy,Ireland,30,98538,6,16,2005,2021
Kazakhstan,Kyrgyzstan,30,230214,7,13,2007,2021
Lesotho,South Africa,30,134444,7,8,2013,2021
Mali,Senegal,30,5694363,7,8,2005,2018
Mauritius,Madagascar,30,13489005,4,16,2005,2021
Netherlands (Kingdom of the),Libya,30,786566,8,13,2006,2021
New Zealand,Thailand,30,1373371,7,16,2005,2021
New Zealand,United Kingdom of Great Britain and Northern Ireland,30,1269,4,16,2005,2021
Panama,Nicaragua,30,4103609,3,16,2005,2021
Peru,United States of America,30,63535,4,16,2005,2021
Slovenia,Serbia,30,276653,5,15,2006,2021
Spain,Denmark,30,130860,9,9,2007,2021
Sweden,United States of America,30,939,8,16,2005,2021
Uganda,United Republic of Tanzania,30,4092449,9,14,2005,2021
United Arab Emirates,Yemen,30,151335,9,11,2005,2020
United Kingdom of Great Britain and Northern Ireland,Gambia,30,89058,7,13,2007,2021
United States of America,Luxembourg,30,231352,7,16,2005,2021
Zimbabwe,Malawi,30,1871467,6,14,2005,2021
Australia,"China, Taiwan Province of",29,254495,7,16,2005,2021
Australia,Jordan,29,4807335,2,16,2005,2021
Australia,Republic of Korea,29,8389,5,16,2005,2021
Austria,Albania,29,6668904,5,16,2005,2021
Austria,Bosnia and Herzegovina,29,1818105,8,16,2005,2021
Austria,Denmark,29,345201,7,13,2005,2021
Austria,North Macedonia,29,550294,8,15,2005,2020
Belgium,Türkiye,29,6406,5,16,2005,2021
Botswana,Zimbabwe,29,124270,8,13,2007,2020
Colombia,Venezuela (Bolivarian Republic of),29,22873627,6,13,2005,2021
Croatia,Austria,29,1007383,5,15,2005,2021
Denmark,Croatia,29,703045,4,14,2005,2021
Ethiopia,Egypt,29,466224,5,12,2005,2017
France,Venezuela (Bolivarian Republic of),29,420275,4,15,2005,2020
Germany,Qatar,29,9413,5,16,2005,2021
Greece,Romania,29,4197575,5,16,2005,2021
Guatemala,Honduras,29,31261,4,14,2005,2021
Hungary,Kazakhstan,29,3135723,4,15,2005,2021
India,Malaysia,29,41035,9,11,2005,2016
Iran (Islamic Republic of),Bahrain,29,220476,5,13,2005,2021
Italy,Bulgaria,29,2843829,9,14,2007,2021
Latvia,Denmark,29,104109,6,11,2010,2021
Lithuania,Denmark,29,100717,6,13,2005,2021
Netherlands (Kingdom of the),United Republic of Tanzania,29,5080088,5,16,2005,2021
New Zealand,French Polynesia,29,1207517,3,16,2005,2021
New Zealand,Philippines,29,531298,6,16,2005,2021
Nicaragua,Guatemala,29,169412,5,14,2005,2021
Poland,Uzbekistan,29,19979,6,15,2006,2021
Romania,Albania,29,1500718,5,15,2005,2021
Russian Federation,Tajikistan,29,7790988,7,16,2005,2021
Sudan,Saudi Arabia,29,30764515,5,9,2012,2021
Sweden,Latvia,29,1608731,4,16,2005,2021
Thailand,Indonesia,29,1229,9,13,2005,2018
United Arab Emirates,United States of America,29,191,5,16,2005,2021
United Kingdom of Great Britain and Northern Ireland,Qatar,29,40977,6,16,2005,2021
United States of America,Austria,29,122242,8,15,2005,2020
Bahrain,United Arab Emirates,28,33815,7,13,2005,2021
Barbados,Saint Kitts and Nevis,28,110000,4,16,2005,2021
Belgium,Saudi Arabia,28,233603,7,16,2005,2021
Botswana,Namibia,28,30135,8,14,2007,2021
Canada,Ireland,28,1025,3,16,2005,2021
Canada,Italy,28,88424,5,15,2005,2020
France,"China, Taiwan Province of",28,513054,6,13,2005,2020
France,Kenya,28,734890,6,16,2005,2021
France,Libya,28,126122,6,15,2006,2021
India,Sri Lanka,28,26431,8,14,2005,2021
Ireland,United States of America,28,11755,7,16,2005,2021
Kenya,Burundi,28,111306,8,14,2005,2021
Latvia,Estonia,28,65705,5,16,2005,2021
Madagascar,Comoros,28,201519,6,15,2005,2021
Netherlands (Kingdom of the),Kenya,28,2038833,4,16,2005,2021
Netherlands (Kingdom of the),Nepal,28,1718041,7,14,2005,2020
Niger,Togo,28,3635,6,13,2005,2021
Russian Federation,Kyrgyzstan,28,296679,8,9,2012,2021
Somalia,Qatar,28,164261,6,10,2005,2021
Switzerland,Spain,28,1865,5,16,2005,2021
Syrian Arab Republic,Saudi Arabia,28,10340374,4,11,2005,2015
Thailand,United Arab Emirates,28,364173,10,13,2007,2021
United Arab Emirates,Netherlands (Kingdom of the),28,3501,7,15,2005,2021
United Kingdom of Great Britain and Northern Ireland,Kuwait,28,164429,7,16,2005,2021
United Kingdom of Great Britain and Northern Ireland,Singapore,28,9031,8,16,2005,2021
United Kingdom of Great Britain and Northern Ireland,Ukraine,28,2018470,4,16,2005,2021
Zimbabwe,South Africa,28,5370,4,16,2005,2021
Australia,Mauritius,27,29375,4,14,2007,2021
Australia,Oman,27,3250778,4,16,2005,2021
Azerbaijan,Georgia,27,269102,6,13,2007,2021
Bulgaria,Albania,27,674007,6,15,2005,2021
Burkina Faso,Benin,27,420999,3,10,2009,2018
"China, mainland",Nepal,27,71815,6,12,2005,2021
Dominican Republic,Haiti,27,15101402,6,9,2012,2021
Estonia,Poland,27,522520,5,15,2005,2021
Eswatini,Mozambique,27,12455617,7,9,2005,2021
Finland,Denmark,27,92411,7,10,2007,2021
France,Argentina,27,124459,4,16,2005,2021
France,Norway,27,27368,4,16,2005,2021
France,Togo,27,421069,8,16,2005,2021
Germany,Albania,27,262089,5,15,2005,2021
Germany,Argentina,27,751379,2,16,2005,2021
Guatemala,Nicaragua,27,4961,6,14,2005,2021
Hungary,Georgia,27,1712236,3,13,2008,2021
India,Bangladesh,27,423743,9,15,2005,2021
Ireland,Hungary,27,23947,4,14,2007,2021
Italy,Türkiye,27,1292061,4,13,2008,2021
Kenya,Rwanda,27,170292,7,15,2005,2021
Kuwait,Bahrain,27,23146,8,12,2005,2021
Kuwait,Jordan,27,246918,6,15,2005,2021
Lithuania,Hungary,27,79480,3,16,2005,2021
Luxembourg,Romania,27,283661,4,14,2007,2021
Morocco,Spain,27,44703,5,16,2005,2021
Netherlands (Kingdom of the),Azerbaijan,27,3558448,5,16,2005,2021
Netherlands (Kingdom of the),Ecuador,27,214106,4,16,2005,2021
Netherlands (Kingdom of the),Uganda,27,10739819,6,16,2005,2021
Niger,Namibia,27,737,4,11,2008,2020
North Macedonia,Albania,27,2718235,5,16,2005,2021
Poland,Greece,27,2103682,6,16,2005,2021
Portugal,Belgium,27,6674,5,16,2005,2021
Republic of Korea,United States of America,27,72,4,16,2005,2021
Spain,Colombia,27,518211,6,16,2005,2021
Spain,Mexico,27,751093,4,16,2005,2021
Syrian Arab Republic,Lebanon,27,2205410,6,15,2005,2020
Syrian Arab Republic,Qatar,27,1367283,8,10,2005,2021
Türkiye,Bulgaria,27,1265395,7,16,2005,2021
Uganda,Democratic Republic of the Congo,27,406345,8,10,2008,2021
Ukraine,Lebanon,27,146889,8,7,2005,2021
United Arab Emirates,Jordan,27,15854,7,15,2005,2021
United Kingdom of Great Britain and Northern Ireland,Australia,27,304098,6,16,2005,2021
United Kingdom of Great Britain and Northern Ireland,Austria,27,2943333,8,15,2005,2021
United Kingdom of Great Britain and Northern Ireland,Brazil,27,186098,4,16,2005,2021
United Kingdom of Great Britain and Northern Ireland,"China, Hong Kong SAR",27,7625,6,16,2005,2021
United Kingdom of Great Britain and Northern Ireland,Serbia,27,36259,3,15,2006,2021
United States of America,Finland,27,167373,6,15,2005,2021
United States of America,Kazakhstan,27,124777,3,15,2005,2021
Australia,Bangladesh,26,2578692,5,14,2005,2018
Austria,United Arab Emirates,26,8225,6,11,2005,2020
Belgium,Croatia,26,206217,5,16,2005,2021
Belgium,Czechia,26,88967,6,15,2005,2021
Brazil,Ecuador,26,18182088,6,16,2005,2021
Canada,South Africa,26,468447,6,15,2005,2021
Canada,Spain,26,268537,4,16,2005,2021
Croatia,Lebanon,26,405018,4,13,2006,2021
Cyprus,Netherlands (Kingdom of the),26,9960,9,9,2007,2021
France,Bahrain,26,2573,5,15,2005,2021
France,Jordan,26,3684569,6,16,2005,2021
France,Slovenia,26,50275,8,14,2005,2021
France,South Africa,26,214087,7,14,2005,2021
India,Maldives,26,19686,7,16,2005,2021
Netherlands (Kingdom of the),Guatemala,26,280495,4,16,2005,2021
New Zealand,Tonga,26,455049,7,16,2005,2021
Poland,Kazakhstan,26,204431,5,16,2005,2021
Poland,Lebanon,26,191847,4,15,2005,2021
Portugal,Sao Tome and Principe,26,667014,6,16,2005,2021
Republic of Moldova,Jordan,26,428676,3,13,2005,2020
Slovakia,Denmark,26,79463,6,13,2005,2020
Spain,Russian Federation,26,652803,5,15,2006,2021
Sweden,Estonia,26,607292,4,15,2005,2021
Sweden,Russian Federation,26,1404094,5,16,2005,2021
Switzerland,Hungary,26,287,5,16,2005,2021
Switzerland,United Kingdom of Great Britain and Northern Ireland,26,811,4,16,2005,2021
Syrian Arab Republic,Kuwait,26,397763,8,11,2006,2021
Thailand,Australia,26,159,8,12,2008,2020
Trinidad and Tobago,Guyana,26,922,4,15,2005,2020
United Kingdom of Great Britain and Northern Ireland,Tunisia,26,589035,3,15,2005,2021
United States of America,New Zealand,26,11147,5,16,2005,2021
Zimbabwe,Botswana,26,1385059,6,15,2005,2021
Argentina,Ecuador,25,1101,4,16,2005,2021
Australia,Argentina,25,388,3,16,2005,2021
Australia,Saudi Arabia,25,5512181,6,12,2005,2021
Australia,Türkiye,25,1878839,5,13,2007,2021
Belgium,Austria,25,592269,5,14,2005,2021
Belgium,Bahrain,25,32195,6,11,2006,2021
Bosnia and Herzegovina,Montenegro,25,16595584,4,15,2006,2021
Chile,Argentina,25,45640,5,16,2005,2021
Czechia,Denmark,25,29382,7,14,2005,2021
Denmark,Thailand,25,830855,4,16,2005,2021
France,Albania,25,316450,7,13,2005,2021
France,Bosnia and Herzegovina,25,50862,6,13,2005,2021
France,Central African Republic,25,3608134,5,16,2005,2021
Georgia,Armenia,25,6370503,5,14,2005,2021
Germany,Algeria,25,1562472,3,15,2005,2020
Hungary,Montenegro,25,106322,6,14,2007,2021
Hungary,Uzbekistan,25,8152772,3,15,2006,2021
India,Bhutan,25,1203373,9,11,2009,2021
Iran (Islamic Republic of),Qatar,25,1079741,5,11,2005,2021
Israel,Jordan,25,16869,5,12,2005,2021
Japan,Republic of Korea,25,2621,4,15,2005,2021
Jordan,Lebanon,25,177009,7,14,2005,2018
Kazakhstan,Tajikistan,25,1856389,6,9,2011,2021
Mexico,Costa Rica,25,1166,3,14,2005,2021
Mexico,Ecuador,25,1620,4,12,2006,2018
Netherlands (Kingdom of the),Viet Nam,25,574382,7,11,2006,2021
New Zealand,United States of America,25,45488,7,16,2005,2021
New Zealand,Viet Nam,25,937705,5,15,2005,2021
Norway,Netherlands (Kingdom of the),25,4096,3,16,2005,2021
Norway,United Kingdom of Great Britain and Northern Ireland,25,397,7,16,2005,2021
Rwanda,Uganda,25,347405,7,13,2008,2021
South Africa,Senegal,25,132350,5,12,2008,2021
Spain,Ecuador,25,5079,3,14,2005,2021
Spain,Libya,25,6491598,6,11,2009,2021
Sudan (former),Saudi Arabia,25,10470986,5,7,2005,2011
Sweden,Lithuania,25,8035669,3,16,2005,2021
Switzerland,Belgium,25,2017,5,16,2005,2021
United Arab Emirates,France,25,754,4,16,2005,2021
United Kingdom of Great Britain and Northern Ireland,Belarus,25,1771524,5,15,2006,2021
United Kingdom of Great Britain and Northern Ireland,Bulgaria,25,359198,5,15,2005,2021
United Kingdom of Great Britain and Northern Ireland,Malta,25,33026,8,16,2005,2021
United Kingdom of Great Britain and Northern Ireland,Philippines,25,2021361,4,15,2005,2020
United States of America,French Polynesia,25,1258284,7,16,2005,2021
United States of America,Uruguay,25,489532,3,16,2005,2021
Belgium,United States of America,24,19619,4,16,2005,2021
Botswana,Zambia,24,525,6,13,2005,2018
Brazil,United States of America,24,15434,7,16,2005,2021
Canada,Panama,24,488997,4,15,2006,2021
Denmark,Luxembourg,24,88101,5,11,2005,2021
France,Ethiopia,24,483000,2,14,2005,2021
France,Niger,24,2930082,4,15,2005,2021
Germany,Cameroon,24,457039,5,16,2005,2021
Germany,Chile,24,171109,4,13,2005,2018
Germany,Japan,24,438593,4,16,2005,2021
Germany,Oman,24,1063184,5,13,2005,2018
India,Canada,24,93,7,14,2005,2021
Iran (Islamic Republic of),Kuwait,24,4135896,6,10,2005,2021
Ireland,Norway,24,18497,4,16,2005,2021
Ireland,Slovakia,24,5349,4,16,2005,2021
Latvia,Belarus,24,294,7,14,2005,2021
Luxembourg,Switzerland,24,157,2,16,2005,2021
Netherlands (Kingdom of the),India,24,494513,8,15,2005,2021
Panama,Guatemala,24,20116,3,14,2005,2020
Peru,Venezuela (Bolivarian Republic of),24,4126000,2,12,2005,2016
Poland,Republic of Moldova,24,1013752,7,13,2005,2018
Spain,Guatemala,24,49302,6,15,2005,2021
Spain,Poland,24,390709,7,15,2005,2021
Switzerland,Poland,24,186,7,15,2005,2021
Ukraine,Georgia,24,121100,6,11,2006,2021
Ukraine,Republic of Moldova,24,981449,6,14,2005,2021
United Arab Emirates,Iran (Islamic Republic of),24,484777,6,11,2005,2021
United Arab Emirates,Iraq,24,55081,6,9,2005,2021
United Arab Emirates,Spain,24,6564,7,11,2007,2021
United Kingdom of Great Britain and Northern Ireland,Bahrain,24,47991,7,16,2005,2021
United Kingdom of Great Britain and Northern Ireland,Kazakhstan,24,179186,3,15,2005,2021
United Kingdom of Great Britain and Northern Ireland,New Zealand,24,54527,4,16,2005,2021
United Kingdom of Great Britain and Northern Ireland,Nigeria,24,226099,6,14,2005,2021
United States of America,Oman,24,598623,6,15,2005,2021
Zambia,Botswana,24,2634025,7,16,2005,2021
Zambia,Kenya,24,709268,5,14,2006,2021
Belarus,Kazakhstan,23,223000,6,12,2006,2021
Belgium,Cameroon,23,6208026,5,16,2005,2021
Belgium,Norway,23,1661,5,16,2005,2021
Belgium,Slovakia,23,386612,5,13,2005,2021
Belgium,Tunisia,23,1114,7,12,2005,2021
Canada,Brazil,23,1047913,3,15,2005,2021
Chile,Colombia,23,180347,6,10,2005,2014
Croatia,Montenegro,23,180689,5,15,2006,2021
Denmark,Türkiye,23,1020701,3,13,2005,2021
Ecuador,United States of America,23,828222,4,16,2005,2021
France,Belarus,23,1320489,8,13,2007,2021
France,Finland,23,150393,6,14,2005,2021
France,Guinea,23,6172107,7,15,2005,2021
Hungary,Azerbaijan,23,1002563,5,15,2006,2021
Hungary,Jordan,23,84865,5,13,2005,2021
Hungary,North Macedonia,23,402502,5,15,2005,2021
Ireland,Romania,23,2686,4,10,2009,2021
Latvia,Germany,23,35226,3,16,2005,2021
Luxembourg,Spain,23,92303,4,15,2005,2021
Luxembourg,United Kingdom of Great Britain and Northern Ireland,23,6878,3,12,2009,2021
Netherlands (Kingdom of the),Algeria,23,1198027,3,15,2005,2020
Netherlands (Kingdom of the),Colombia,23,1775552,4,16,2005,2021
New Zealand,New Caledonia,23,41626,5,14,2005,2021
Norway,Germany,23,628,4,16,2005,2021
Peru,Colombia,23,367218,4,16,2005,2021
Poland,United States of America,23,577,3,16,2005,2021
Republic of Moldova,Syrian Arab Republic,23,164863,2,15,2005,2020
Russian Federation,Lithuania,23,3787,4,16,2005,2021
Russian Federation,Poland,23,79987,5,15,2005,2021
Singapore,Indonesia,23,1056321,7,11,2005,2018
Sweden,France,23,17644,5,16,2005,2021
Switzerland,Czechia,23,277,4,16,2005,2021
United Arab Emirates,Germany,23,815,4,16,2005,2021
United Kingdom of Great Britain and Northern Ireland,Bangladesh,23,3059007,4,16,2005,2021
United Kingdom of Great Britain and Northern Ireland,United Republic of Tanzania,23,442004,6,15,2005,2021
United Kingdom of Great Britain and Northern Ireland,Viet Nam,23,2330620,5,12,2005,2021
United States of America,Czechia,23,7178,7,15,2005,2020
Argentina,Colombia,22,4335,3,16,2005,2021
Canada,Belgium,22,27414,5,16,2005,2021
Canada,Peru,22,6115,3,15,2006,2021
"China, mainland",Republic of Korea,22,54813,3,16,2005,2021
Colombia,Peru,22,1409,5,13,2005,2020
Czechia,Türkiye,22,370712,6,12,2008,2021
Denmark,Republic of Korea,22,671292,3,14,2005,2021
Djibouti,Yemen,22,221652,4,10,2005,2018
Egypt,Jordan,22,352736,7,11,2005,2018
France,Georgia,22,119895,4,14,2005,2021
France,Latvia,22,5728,6,12,2005,2021
France,Qatar,22,9320,6,16,2005,2021
Greece,United Kingdom of Great Britain and Northern Ireland,22,57241,5,14,2006,2021
Hungary,United States of America,22,1173,3,15,2005,2021
Ireland,Poland,22,9472,3,16,2005,2021
Ireland,Serbia,22,1606,3,15,2006,2021
Ireland,Switzerland,22,1858,4,16,2005,2021
Italy,Sweden,22,6854,5,16,2005,2021
Lao People's Democratic Republic,"China, mainland",22,81918,7,6,2015,2021
Namibia,Zimbabwe,22,20078,4,8,2013,2021
Netherlands (Kingdom of the),Costa Rica,22,1627,5,16,2005,2021
New Zealand,Samoa,22,663064,4,16,2005,2021
New Zealand,Singapore,22,5417,4,16,2005,2021
New Zealand,Vanuatu,22,894034,5,16,2005,2021
Pakistan,Bahrain,22,72845,5,10,2005,2021
Pakistan,United Arab Emirates,22,65127,6,9,2005,2021
Poland,Bosnia and Herzegovina,22,373505,4,16,2005,2021
Slovakia,Belgium,22,88676,4,14,2005,2021
Somalia,United Arab Emirates,22,1307341,3,8,2007,2021
Spain,Canada,22,884,3,16,2005,2021
Sweden,Switzerland,22,308,5,16,2005,2021
Thailand,Qatar,22,31181,8,11,2006,2020
United Arab Emirates,Libya,22,3553,10,6,2014,2021
United Kingdom of Great Britain and Northern Ireland,Nepal,22,541019,4,16,2005,2021
United States of America,Bangladesh,22,15424045,4,16,2005,2021
Angola,Democratic Republic of the Congo,21,588,9,5,2016,2021
Argentina,Italy,21,24280,2,14,2005,2018
Argentina,Venezuela (Bolivarian Republic of),21,293778,4,13,2005,2017
Australia,"China, Hong Kong SAR",21,6037,3,16,2005,2021
Australia,Germany,21,110,3,16,2005,2021
Australia,Pakistan,21,269196,4,14,2006,2020
Australia,Russian Federation,21,396307,4,14,2006,2021
Belgium,Bangladesh,21,4078,8,6,2007,2021
Belgium,Colombia,21,8821,5,16,2005,2021
Belgium,Viet Nam,21,18565,10,7,2014,2021
Brazil,Netherlands (Kingdom of the),21,110196,3,16,2005,2021
Canada,United Arab Emirates,21,120196,7,13,2005,2021
Chile,Bolivia (Plurinational State of),21,14524,6,13,2005,2021
"China, mainland",Canada,21,268,5,14,2005,2021
Croatia,Germany,21,60315,6,15,2006,2021
Cyprus,Greece,21,16853,7,13,2005,2021
Czechia,Estonia,21,161252,4,11,2005,2021
Czechia,Kuwait,21,137001,5,11,2007,2021
Czechia,United Kingdom of Great Britain and Northern Ireland,21,204811,7,16,2005,2021
Denmark,Cyprus,21,13043,4,10,2009,2021
Djibouti,Oman,21,233982,3,15,2005,2021
Estonia,Belgium,21,88053,3,13,2007,2021
Germany,Guatemala,21,713068,2,15,2005,2021
Germany,Mexico,21,410215,3,16,2005,2021
Germany,Singapore,21,5219,4,16,2005,2021
Greece,Spain,21,71077,5,15,2005,2021
Honduras,Guatemala,21,12002,3,13,2005,2017
Iran (Islamic Republic of),Armenia,21,50983050,4,16,2005,2021
Iran (Islamic Republic of),Azerbaijan,21,22483153,5,13,2005,2018
Ireland,Canada,21,1119,4,16,2005,2021
Ireland,Japan,21,432,4,16,2005,2021
Ireland,Türkiye,21,92589,2,16,2005,2021
Italy,Russian Federation,21,190,3,15,2005,2021
Italy,United States of America,21,133470,3,16,2005,2021
Jordan,Syrian Arab Republic,21,2481403,4,11,2005,2020
Latvia,Belgium,21,48998,3,14,2005,2021
Malawi,Mozambique,21,2000087,6,12,2007,2021
Malawi,United Republic of Tanzania,21,4303010,6,13,2007,2021
North Macedonia,Serbia,21,1924178,4,11,2006,2020
Poland,Bulgaria,21,65692,6,12,2005,2021
Poland,Ireland,21,14897,7,11,2005,2020
Poland,United Kingdom of Great Britain and Northern Ireland,21,16528,7,13,2005,2021
Romania,Israel,21,646275,6,9,2012,2021
Russian Federation,Estonia,21,124,5,15,2005,2021
South Africa,United States of America,21,60,5,11,2005,2021
Spain,Türkiye,21,1702697,4,11,2006,2021
Switzerland,Luxembourg,21,96,2,15,2005,2021
Tunisia,Libya,21,211200,6,14,2007,2021
Uganda,South Sudan,21,77657,9,6,2012,2021
Ukraine,Kazakhstan,21,563077,3,16,2005,2021
United Arab Emirates,Pakistan,21,36059,6,10,2006,2021
United Kingdom of Great Britain and Northern Ireland,Lebanon,21,3046018,4,15,2005,2021
United States of America,Algeria,21,2924144,4,12,2009,2021
United States of America,Lebanon,21,311047,6,13,2005,2021
United States of America,Saint Vincent and the Grenadines,21,50987,5,12,2005,2021
Zambia,Angola,21,513063,5,15,2005,2021
Zimbabwe,Mozambique,21,7035126,4,13,2005,2021
Argentina,Chile,20,6399,4,16,2005,2021
Argentina,Costa Rica,20,260,2,16,2005,2021
Australia,Nepal,20,747289,3,15,2005,2021
Australia,South Africa,20,4684,4,16,2005,2021
Austria,Ireland,20,7300,3,15,2005,2021
Austria,United Kingdom of Great Britain and Northern Ireland,20,28421,5,13,2006,2021
Barbados,United States of America,20,1055,4,14,2005,2021
Belarus,Poland,20,11670,5,15,2005,2021
Belgium,Canada,20,38497,3,16,2005,2021
Belgium,Japan,20,1970,5,16,2005,2021
Belgium,Malaysia,20,49058,5,12,2006,2021
Belgium,South Africa,20,15626,4,16,2005,2021
Brazil,Germany,20,179802,3,15,2005,2021
Brazil,Lebanon,20,1717680,3,16,2005,2021
Bulgaria,Hungary,20,1153010,6,11,2008,2021
Canada,Switzerland,20,4283,5,16,2005,2021
Chile,United States of America,20,2660,5,16,2005,2021
Chile,Venezuela (Bolivarian Republic of),20,4070,2,13,2005,2017
Côte d'Ivoire,Burkina Faso,20,2153138,7,10,2005,2021
Denmark,Belarus,20,40820,3,13,2006,2021
Denmark,Serbia,20,132806,3,14,2007,2021
Egypt,Germany,20,29309,7,12,2005,2021
Ethiopia,Bahrain,20,232189,3,10,2006,2018
France,United Republic of Tanzania,20,1451029,3,16,2005,2021
Germany,Armenia,20,427156,3,15,2005,2021
Germany,North Macedonia,20,41915,5,14,2005,2021
Greece,France,20,4384,6,14,2005,2021
Hungary,Armenia,20,962843,5,15,2005,2021
Hungary,Egypt,20,9801782,5,13,2005,2021
Hungary,Switzerland,20,16840,4,16,2005,2021
Hungary,United Kingdom of Great Britain and Northern Ireland,20,2128115,4,12,2005,2021
India,Singapore,20,175,7,12,2005,2018
Italy,United Arab Emirates,20,1097,5,15,2006,2021
Japan,Thailand,20,2056,9,11,2005,2017
Japan,United States of America,20,1124,3,16,2005,2021
Kazakhstan,United Arab Emirates,20,29931,5,9,2005,2021
Lebanon,Bahrain,20,76200,5,11,2010,2021
Lebanon,Jordan,20,408535,7,10,2005,2021
Lithuania,Ukraine,20,5118711,4,12,2005,2020
Luxembourg,Denmark,20,53,6,10,2005,2021
Malawi,Zimbabwe,20,747360,4,12,2007,2021
Malta,Netherlands (Kingdom of the),20,3012,7,6,2008,2021
Morocco,France,20,719,2,16,2005,2021
Netherlands (Kingdom of the),Argentina,20,174284,3,16,2005,2021
Netherlands (Kingdom of the),"China, Hong Kong SAR",20,48249,2,16,2005,2021
Portugal,Brazil,20,77,2,16,2005,2021
Qatar,Netherlands (Kingdom of the),20,1103,4,16,2005,2021
Sudan,United Arab Emirates,20,11955,6,7,2014,2021
Sweden,Belgium,20,312311,4,16,2005,2021
Sweden,Italy,20,226,6,13,2005,2021
Switzerland,Denmark,20,160,4,16,2005,2021
Switzerland,Portugal,20,765,3,16,2005,2021
Thailand,France,20,43,7,10,2005,2018
Thailand,Oman,20,6021,6,11,2007,2021
United Kingdom of Great Britain and Northern Ireland,"China, Taiwan Province of",20,130276,5,11,2005,2021
United Kingdom of Great Britain and Northern Ireland,Zambia,20,2136259,4,16,2005,2021
United Republic of Tanzania,Malawi,20,1917,6,12,2005,2020
United States of America,Azerbaijan,20,468053,3,13,2005,2021
United States of America,Greece,20,6853,8,13,2005,2020
Venezuela (Bolivarian Republic of),United States of America,20,1349,4,16,2005,2021
Australia,Myanmar,19,1633170,5,15,2005,2021
Australia,Netherlands (Kingdom of the),19,331,2,16,2005,2021
Australia,New Caledonia,19,467,4,12,2005,2018
Belgium,Brazil,19,3454,3,16,2005,2021
Belgium,Chile,19,373,3,16,2005,2021
Belgium,Congo,19,1232002,3,16,2005,2021
Belgium,Gambia,19,305003,5,12,2007,2021
Brazil,Türkiye,19,1664152,3,10,2010,2021
Brazil,United Arab Emirates,19,428001,6,13,2005,2021
Cameroon,Equatorial Guinea,19,3955,2,10,2007,2021
Canada,Austria,19,195056,4,12,2005,2020
Canada,Czechia,19,35059,3,12,2006,2021
Canada,Honduras,19,298204,4,14,2006,2021
"China, mainland",Thailand,19,5427,7,12,2005,2018
Costa Rica,Mexico,19,7031,3,16,2005,2021
Costa Rica,United States of America,19,174,4,16,2005,2021
Croatia,Romania,19,127452,6,8,2008,2021
Czechia,Lebanon,19,64428,4,13,2005,2021
Denmark,Canada,19,4301,4,15,2005,2021
Ethiopia,Kuwait,19,110911,3,12,2009,2021
Ethiopia,Oman,19,100174,4,10,2010,2021
Finland,Norway,19,52115,4,15,2005,2021
France,Bangladesh,19,10554000,2,16,2005,2021
France,Democratic Republic of the Congo,19,2208012,4,16,2005,2021
France,Ghana,19,790037,3,16,2005,2021
France,Pakistan,19,4172014,2,16,2005,2021
Germany,Australia,19,4017,4,15,2006,2021
Germany,Philippines,19,1055045,4,12,2005,2018
Guatemala,Mexico,19,11182,2,15,2005,2021
Hungary,Denmark,19,7528,8,6,2012,2020
Iceland,Finland,19,10234,2,16,2005,2021
India,Uganda,19,4406002,5,10,2007,2021
Ireland,Kazakhstan,19,4984,3,15,2005,2021
Ireland,South Africa,19,112,4,15,2005,2021
Italy,Algeria,19,5110106,3,12,2005,2018
Kenya,Ethiopia,19,150056,6,11,2005,2021
Kenya,Mauritius,19,60673,4,11,2005,2018
Lithuania,Belgium,19,89266,5,15,2005,2021
Mauritius,France,19,19637,3,15,2005,2021
Netherlands (Kingdom of the),Chile,19,323,3,16,2005,2021
Netherlands (Kingdom of the),Iraq,19,362973,6,10,2005,2021
Netherlands (Kingdom of the),Mexico,19,396565,3,16,2005,2021
New Zealand,"China, Taiwan Province of",19,145205,7,11,2005,2021
New Zealand,Cook Islands,19,65044,3,16,2005,2021
Niger,Gabon,19,1329,4,9,2005,2020
Paraguay,Argentina,19,356,4,14,2005,2021
Poland,Slovenia,19,18621,3,16,2005,2021
Portugal,Switzerland,19,13670,3,16,2005,2021
Romania,Slovenia,19,33247,2,16,2005,2021
Russian Federation,Finland,19,325,7,14,2005,2021
Russian Federation,Germany,19,565,4,16,2005,2021
Senegal,Guinea,19,45098,6,11,2006,2020
Serbia,Hungary,19,4537,4,14,2007,2021
Slovakia,Bulgaria,19,728130,6,13,2007,2021
Spain,Argentina,19,290064,3,14,2005,2021
Spain,Ukraine,19,3063023,4,13,2008,2021
Thailand,"China, Taiwan Province of",19,628,6,13,2005,2021
Türkiye,Syrian Arab Republic,19,228290222,6,9,2011,2021
Ukraine,Azerbaijan,19,183020,5,11,2006,2021
Ukraine,Poland,19,573,3,16,2005,2021
United Arab Emirates,India,19,3787,8,11,2007,2021
United Kingdom of Great Britain and Northern Ireland,Cameroon,19,281013,3,16,2005,2021
United Kingdom of Great Britain and Northern Ireland,Oman,19,170443,4,13,2005,2021
United Republic of Tanzania,South Africa,19,31091,4,12,2005,2017
Venezuela (Bolivarian Republic of),Panama,19,4284,4,15,2005,2020
Austria,Belgium,18,4855,5,12,2006,2021
Austria,Türkiye,18,152141,2,14,2005,2021
Belgium,Burkina Faso,18,5053016,3,16,2005,2021
Belgium,Côte d'Ivoire,18,3924008,5,12,2007,2021
Belgium,Ukraine,18,275441,4,12,2005,2021
Benin,Togo,18,4179,9,10,2007,2021
Bulgaria,Lebanon,18,16471,6,11,2006,2021
Burkina Faso,Mali,18,3453,4,9,2009,2021
Chad,Cameroon,18,43991,4,9,2006,2021
"China, mainland",Democratic People's Republic of Korea,18,5466,5,7,2005,2012
Czechia,United States of America,18,86385,3,16,2005,2021
Denmark,United States of America,18,848,3,16,2005,2021
Estonia,Denmark,18,7357,7,7,2012,2020
France,Malta,18,17633,5,11,2005,2020
Germany,Brazil,18,73527,2,16,2005,2021
Germany,"China, mainland",18,128006,3,14,2005,2018
Germany,Georgia,18,156486,4,14,2006,2021
Germany,Uganda,18,932009,3,14,2005,2021
Guatemala,Panama,18,642,2,13,2005,2018
India,Kenya,18,141021,6,10,2005,2021
Ireland,Czechia,18,303,4,15,2005,2021
Ireland,Morocco,18,12651,2,12,2007,2021
Israel,Germany,18,157022,5,11,2005,2016
Israel,Palestine,18,4764517,5,7,2014,2021
Jordan,Bahrain,18,151255,6,9,2005,2021
Lebanon,Kuwait,18,53501,8,11,2005,2021
Lebanon,United Arab Emirates,18,44178,7,10,2005,2021
Mauritius,Uganda,18,975000,2,15,2005,2020
Mauritius,United Kingdom of Great Britain and Northern Ireland,18,1032,3,16,2005,2021
Montenegro,Serbia,18,1780597,6,12,2006,2021
Morocco,Belgium,18,204,2,14,2005,2021
Netherlands (Kingdom of the),Mauritius,18,1128000,2,16,2005,2021
Netherlands (Kingdom of the),Tunisia,18,376224,5,11,2005,2018
Netherlands (Kingdom of the),Zambia,18,5498008,3,16,2005,2021
Philippines,Thailand,18,4356,7,12,2005,2021
Poland,Austria,18,121989,5,12,2005,2021
Poland,Switzerland,18,2860,3,16,2005,2021
Poland,United Arab Emirates,18,27124,3,13,2006,2021
Portugal,Denmark,18,21027,6,9,2012,2021
Qatar,United States of America,18,6083,5,14,2006,2021
Romania,Serbia,18,62270,4,12,2009,2021
Slovakia,Switzerland,18,350,3,16,2005,2021
Slovenia,Albania,18,298426,3,11,2005,2016
Spain,Bulgaria,18,12940,5,11,2005,2021
Spain,Senegal,18,65603,7,10,2007,2021
Sweden,Poland,18,2510477,4,14,2005,2021
Switzerland,Ireland,18,2416,3,16,2005,2021
Thailand,Republic of Korea,18,171,7,13,2005,2018
Trinidad and Tobago,Grenada,18,334,5,9,2005,2021
Türkiye,Georgia,18,13716056,4,15,2005,2021
United Kingdom of Great Britain and Northern Ireland,Algeria,18,2789010,3,15,2005,2020
United Kingdom of Great Britain and Northern Ireland,Zimbabwe,18,679001,3,16,2005,2021
United States of America,Sri Lanka,18,3218000,2,16,2005,2021
Uruguay,Jordan,18,538911,2,13,2005,2020
Zimbabwe,Kenya,18,288079,4,13,2005,2018
Argentina,Canada,17,1136,2,16,2005,2021
Argentina,Germany,17,2744,2,16,2005,2021
Argentina,Panama,17,1187,2,16,2005,2021
Argentina,Peru,17,45226,2,16,2005,2021
Argentina,Thailand,17,1913,2,16,2005,2021
Argentina,United Arab Emirates,17,2340,2,16,2005,2021
Argentina,United States of America,17,10175,2,16,2005,2021
Australia,France,17,1025,3,13,2005,2021
Australia,India,17,346916,9,9,2005,2021
Australia,Ireland,17,230,3,15,2005,2021
Australia,Lebanon,17,445947,2,10,2005,2016
Australia,United Kingdom of Great Britain and Northern Ireland,17,1416,2,16,2005,2021
Austria,Algeria,17,56694,2,15,2005,2020
Austria,Latvia,17,429,2,14,2006,2021
Belgium,Benin,17,2940018,3,15,2005,2021
Belgium,Ethiopia,17,1646000,3,8,2011,2021
Belgium,Mexico,17,1552,2,16,2005,2021
Belgium,Rwanda,17,4716033,3,14,2006,2021
Belgium,Serbia,17,20170,4,12,2006,2021
Belgium,Togo,17,1940000,2,15,2005,2021
Brazil,Colombia,17,6169000,2,16,2005,2021
Brazil,United Kingdom of Great Britain and Northern Ireland,17,41213,4,13,2005,2021
Bulgaria,Germany,17,230411,5,13,2005,2020
Canada,Viet Nam,17,45602,4,12,2006,2021
Chile,Netherlands (Kingdom of the),17,4457,2,15,2006,2021
"China, Hong Kong SAR","China, mainland",17,6621,2,16,2005,2021
"China, Hong Kong SAR",Singapore,17,63,2,15,2006,2021
"China, Hong Kong SAR",United Kingdom of Great Britain and Northern Ireland,17,104,2,16,2005,2021
"China, mainland",Lao People's Democratic Republic,17,32757,5,10,2005,2021
"China, mainland",Malaysia,17,35508,6,12,2006,2021
Colombia,Dominican Republic,17,175,7,11,2005,2021
Cyprus,United Arab Emirates,17,19166,4,13,2005,2021
Denmark,Brazil,17,101511,3,15,2005,2021
Denmark,"China, mainland",17,29031,3,13,2006,2021
Denmark,Japan,17,4828,2,15,2005,2021
Denmark,Republic of Moldova,17,66934,2,15,2006,2021
Eritrea,Yemen,17,24217,4,7,2005,2018
France,Oman,17,67438,3,15,2005,2021
France,Uganda,17,661000,2,16,2005,2021
Germany,Kenya,17,264155,3,12,2006,2020
Germany,Montenegro,17,15945,3,11,2007,2018
Greece,Hungary,17,10569,5,13,2005,2020
Hungary,Algeria,17,1528000,2,16,2005,2021
Hungary,Lithuania,17,3255700,4,13,2006,2021
Iceland,Denmark,17,32269,2,16,2005,2021
Iceland,Netherlands (Kingdom of the),17,11163,2,16,2005,2021
Iceland,United Kingdom of Great Britain and Northern Ireland,17,3705,2,16,2005,2021
Ireland,Australia,17,282,2,15,2005,2021
Israel,Belgium,17,366,2,16,2005,2021
Japan,Canada,17,4397,3,13,2005,2021
Japan,France,17,67,3,15,2005,2021
Lithuania,Israel,17,250131,2,16,2005,2021
Lithuania,Romania,17,66572,3,12,2007,2021
Luxembourg,Poland,17,11316,4,11,2005,2021
Malaysia,Viet Nam,17,2069034,3,13,2006,2021
Mexico,El Salvador,17,460,4,11,2005,2020
Mongolia,"China, mainland",17,63440,3,16,2005,2021
Netherlands (Kingdom of the),Côte d'Ivoire,17,4695003,2,16,2005,2021
Netherlands (Kingdom of the),Guinea,17,1618056,2,16,2005,2021
Netherlands (Kingdom of the),Peru,17,337071,3,13,2005,2021
Netherlands (Kingdom of the),Syrian Arab Republic,17,1376124,4,8,2005,2012
Netherlands (Kingdom of the),Venezuela (Bolivarian Republic of),17,718343,3,12,2005,2018
New Zealand,Argentina,17,252,3,10,2005,2021
New Zealand,"China, Hong Kong SAR",17,2482,2,16,2005,2021
New Zealand,Papua New Guinea,17,2530515,2,16,2005,2021
Nicaragua,Panama,17,4409,3,13,2006,2021
Niger,Mali,17,1050,5,8,2005,2021
Nigeria,Benin,17,942,6,10,2008,2021
Norway,Belgium,17,149,2,16,2005,2021
Norway,Lithuania,17,322,3,13,2005,2021
Pakistan,Qatar,17,26644,8,9,2005,2018
Panama,United States of America,17,256,2,16,2005,2021
Portugal,Mexico,17,1052,3,15,2005,2021
Republic of Moldova,Libya,17,56446,3,8,2005,2021
Romania,Syrian Arab Republic,17,323478,3,12,2005,2020
Russian Federation,Turkmenistan,17,163785,4,11,2007,2021
Saint Vincent and the Grenadines,Grenada,17,2284,5,7,2014,2021
Senegal,Burkina Faso,17,213000,3,11,2005,2017
Serbia,Croatia,17,153,3,14,2006,2020
Singapore,Australia,17,460,2,16,2005,2021
Singapore,"China, Hong Kong SAR",17,622,3,12,2006,2021
Singapore,United Kingdom of Great Britain and Northern Ireland,17,72,2,15,2005,2021
Slovakia,Bosnia and Herzegovina,17,275271,5,12,2005,2021
Spain,Costa Rica,17,588,2,16,2005,2021
Spain,Norway,17,2262,2,16,2005,2021
Spain,Panama,17,13028,3,12,2007,2021
Sudan,Qatar,17,113605,5,7,2013,2021
Switzerland,Slovakia,17,139,2,16,2005,2021
Switzerland,United States of America,17,509,2,16,2005,2021
Ukraine,Germany,17,162,2,16,2005,2021
United Arab Emirates,Australia,17,4450,6,12,2005,2021
United Arab Emirates,Egypt,17,121,5,10,2008,2021
United Arab Emirates,Seychelles,17,56416,5,6,2005,2018
United Arab Emirates,Singapore,17,114,4,13,2005,2021
United Kingdom of Great Britain and Northern Ireland,Argentina,17,62468,2,16,2005,2021
United Kingdom of Great Britain and Northern Ireland,Syrian Arab Republic,17,1983007,3,8,2005,2012
United Republic of Tanzania,Burundi,17,105215,8,11,2005,2021
Uruguay,Germany,17,395,2,16,2005,2021
Uruguay,Lebanon,17,541182,3,11,2006,2021
Uruguay,United Arab Emirates,17,7491,2,16,2005,2021
Zambia,Mozambique,17,669261,4,14,2005,2021
Zambia,Uganda,17,202784,6,12,2005,2021
Argentina,France,16,3581,1,16,2005,2021
Argentina,Malaysia,16,2012,2,14,2005,2018
Argentina,Mexico,16,664,2,15,2005,2020
Argentina,Netherlands (Kingdom of the),16,3454,1,16,2005,2021
Argentina,Singapore,16,753,1,16,2005,2021
Argentina,Spain,16,756,1,16,2005,2021
Argentina,Switzerland,16,525,1,16,2005,2021
Argentina,United Kingdom of Great Britain and Northern Ireland,16,4833,1,16,2005,2021
Australia,Canada,16,525,6,11,2009,2021
Australia,"China, Macao SAR",16,1444,1,16,2005,2021
Austria,Republic of Moldova,16,1954301,4,10,2010,2021
Bahrain,Kuwait,16,2687,6,10,2005,2021
Bahrain,Oman,16,3039,6,11,2007,2021
Barbados,Trinidad and Tobago,16,285,5,12,2005,2021
Belarus,Uzbekistan,16,9774,5,12,2007,2021
Belgium,Argentina,16,346,1,16,2005,2021
Belgium,Burundi,16,918020,3,14,2005,2021
Belgium,Sierra Leone,16,561000,2,15,2005,2021
Belgium,Uganda,16,9738000,1,16,2005,2021
Brazil,Peru,16,8941000,1,16,2005,2021
Bulgaria,Croatia,16,26870,4,15,2005,2020
Canada,"China, Hong Kong SAR",16,247433,5,14,2005,2021
Chile,United Arab Emirates,16,233,2,15,2005,2020
Czechia,Canada,16,182,2,15,2006,2021
Denmark,North Macedonia,16,18920,2,15,2005,2021
Djibouti,Bahrain,16,63213,4,9,2005,2020
Djibouti,Egypt,16,331941,5,10,2005,2021
Egypt,Oman,16,76453,8,9,2005,2018
Ethiopia,Sudan (former),16,253370,4,7,2005,2011
France,Guatemala,16,352006,2,14,2005,2020
France,Sri Lanka,16,2879018,3,15,2005,2020
Germany,Bahrain,16,273,4,14,2006,2020
Germany,"China, Taiwan Province of",16,84410,3,12,2005,2021
Germany,Colombia,16,822032,2,12,2005,2018
Ghana,Burkina Faso,16,382088,7,10,2005,2018
Greece,Belgium,16,590416,4,13,2005,2020
Iceland,Austria,16,15324,1,16,2005,2021
Iceland,Belgium,16,7442,1,16,2005,2021
Iceland,Faroe Islands,16,3673,1,16,2005,2021
Iceland,Germany,16,126475,1,16,2005,2021
Iceland,Norway,16,11614,1,16,2005,2021
Iceland,Sweden,16,47692,1,16,2005,2021
Iceland,Switzerland,16,22266,1,16,2005,2021
Iceland,United States of America,16,8665,1,16,2005,2021
India,Germany,16,217,7,11,2005,2021
Ireland,Albania,16,2061,3,12,2005,2021
Ireland,Sweden,16,434,1,16,2005,2021
Jordan,Netherlands (Kingdom of the),16,867,1,16,2005,2021
Lao People's Democratic Republic,Thailand,16,23513,8,7,2005,2018
Lithuania,Norway,16,176,1,16,2005,2021
Lithuania,Spain,16,221143,1,16,2005,2021
Malta,Italy,16,520265,5,10,2008,2021
Malta,Libya,16,10332,7,8,2005,2021
Mexico,Colombia,16,1167,5,9,2005,2018
Myanmar,"China, mainland",16,642462,7,5,2016,2021
Netherlands (Kingdom of the),Gambia,16,189003,4,12,2005,2021
Netherlands (Kingdom of the),Sri Lanka,16,1159158,3,12,2005,2020
Netherlands (Kingdom of the),Yemen,16,1444710,4,9,2005,2013
New Zealand,"China, Macao SAR",16,865,1,16,2005,2021
New Zealand,Myanmar,16,1022007,3,13,2005,2021
Norway,Poland,16,162,2,14,2005,2021
Pakistan,Iran (Islamic Republic of),16,283456,5,8,2005,2018
Peru,Panama,16,266,2,15,2005,2021
Philippines,Brunei Darussalam,16,708324,3,13,2005,2017
Philippines,Indonesia,16,1214025,3,14,2005,2020
Poland,Canada,16,77,2,16,2005,2021
Poland,Norway,16,222,1,16,2005,2021
Poland,Türkiye,16,796312,3,13,2005,2021
Portugal,Germany,16,57890,4,11,2006,2021
Portugal,United States of America,16,427,3,11,2009,2021
Qatar,Germany,16,437,2,15,2006,2021
Qatar,Jordan,16,57147,4,12,2005,2021
Qatar,United Kingdom of Great Britain and Northern Ireland,16,4455,5,12,2005,2021
Romania,Cyprus,16,97994,5,12,2006,2020
Russian Federation,Latvia,16,444,4,13,2005,2021
Senegal,United States of America,16,439004,6,11,2007,2017
Singapore,Netherlands (Kingdom of the),16,95,2,13,2005,2021
South Africa,Rwanda,16,11301,5,12,2005,2016
Spain,Egypt,16,1218942,3,10,2010,2021
Spain,Israel,16,399485,3,11,2006,2021
Spain,Nicaragua,16,607,2,14,2006,2020
Sweden,Canada,16,117,4,14,2005,2021
Switzerland,Canada,16,513,2,15,2005,2021
Switzerland,Croatia,16,203,3,13,2005,2021
Switzerland,Sweden,16,214,1,16,2005,2021
Thailand,Netherlands (Kingdom of the),16,3043,5,11,2006,2017
Tunisia,France,16,442,1,16,2005,2021
Ukraine,Armenia,16,1390221,7,11,2005,2021
United Arab Emirates,Ethiopia,16,75453,5,13,2005,2021
United Arab Emirates,Ireland,16,209,4,13,2005,2021
United Kingdom of Great Britain and Northern Ireland,Barbados,16,52,4,12,2005,2021
United Kingdom of Great Britain and Northern Ireland,Iraq,16,334003,4,12,2007,2020
United Republic of Tanzania,Uganda,16,18324,6,11,2005,2021
United States of America,Bolivia (Plurinational State of),16,2388,8,10,2009,2021
United States of America,Paraguay,16,72652,4,12,2007,2021
Uruguay,United States of America,16,504,1,16,2005,2021
Algeria,France,15,119,2,14,2005,2020
Argentina,Pakistan,15,366,2,14,2006,2021
Argentina,South Africa,15,333,1,15,2005,2021
Austria,United States of America,15,165,2,13,2005,2021
Belgium,Cyprus,15,456694,6,7,2008,2021
Belgium,Guinea,15,4667106,4,11,2010,2021
Belgium,Oman,15,2665079,7,6,2013,2021
Belgium,Slovenia,15,3471,3,10,2005,2021
Brazil,Belgium,15,195,1,15,2005,2021
Brazil,France,15,213119,2,13,2005,2021
Cameroon,Congo,15,1509,5,11,2005,2020
Canada,Dominican Republic,15,16501,5,11,2005,2020
Canada,Kazakhstan,15,13698,3,11,2007,2018
Canada,Sweden,15,94,2,14,2005,2021
"China, mainland",United Arab Emirates,15,382914,8,8,2005,2018
"China, mainland",United Republic of Tanzania,15,5101,5,13,2005,2021
Colombia,Mexico,15,102,3,13,2005,2020
Cyprus,Qatar,15,12215,3,8,2006,2021
Czechia,Portugal,15,86321,4,11,2006,2021
Czechia,Uganda,15,196004,2,13,2006,2020
Egypt,Bahrain,15,12212,9,8,2005,2018
Estonia,Italy,15,12320,3,11,2005,2021
Estonia,Türkiye,15,44656,3,11,2010,2021
Finland,Lithuania,15,3426215,2,11,2005,2018
France,Estonia,15,7230,5,10,2008,2021
France,Indonesia,15,649001,4,12,2005,2021
France,Nepal,15,542001,4,13,2005,2021
France,Nigeria,15,98261,7,8,2006,2014
France,North Macedonia,15,87296,5,12,2005,2021
France,Uzbekistan,15,591973,3,9,2011,2021
France,Yemen,15,1974001,4,9,2005,2013
Germany,Ethiopia,15,113000,2,9,2005,2021
Ghana,Togo,15,449641,6,10,2005,2021
Greece,Türkiye,15,187414,4,6,2006,2014
Guatemala,United States of America,15,218,2,14,2005,2021
Hungary,Latvia,15,1424718,3,9,2007,2021
Hungary,Republic of Korea,15,381002,3,14,2005,2021
India,Myanmar,15,211016,8,7,2013,2020
India,Pakistan,15,22883,6,6,2005,2010
India,United Republic of Tanzania,15,48176,7,10,2006,2021
Iran (Islamic Republic of),Iraq,15,14125936,4,6,2005,2018
Ireland,Argentina,15,63,1,15,2005,2021
Ireland,United Arab Emirates,15,166,2,14,2005,2021
Israel,United States of America,15,4048,5,12,2005,2021
Italy,Morocco,15,21182,4,11,2006,2021
Italy,Norway,15,126,1,15,2005,2021
Jamaica,Trinidad and Tobago,15,443,3,13,2005,2018
Japan,Netherlands (Kingdom of the),15,56,1,15,2005,2020
Japan,Singapore,15,227,2,15,2005,2021
Japan,United Kingdom of Great Britain and Northern Ireland,15,122,1,15,2005,2021
Jordan,Egypt,15,2341108,2,13,2005,2021
Lebanon,Saudi Arabia,15,21295,7,10,2005,2021
Malaysia,Nepal,15,4629000,2,14,2007,2021
Malaysia,United Arab Emirates,15,10769,7,11,2005,2021
Mauritius,Seychelles,15,884000,3,10,2011,2021
Mexico,Honduras,15,494,5,11,2005,2021
Netherlands (Kingdom of the),Cameroon,15,2110000,1,15,2005,2020
Netherlands (Kingdom of the),Democratic Republic of the Congo,15,1105000,2,14,2006,2021
Netherlands (Kingdom of the),Panama,15,8062,3,12,2006,2021
Netherlands (Kingdom of the),Rwanda,15,707271,2,13,2005,2021
Netherlands (Kingdom of the),Senegal,15,877089,3,13,2006,2020
Netherlands (Kingdom of the),Zimbabwe,15,1596001,3,12,2005,2021
New Zealand,Canada,15,81,3,13,2005,2021
Norway,France,15,75,1,15,2005,2021
Norway,Ireland,15,80,1,15,2005,2021
Norway,United States of America,15,67,2,14,2006,2021
Poland,Kuwait,15,19186,4,11,2008,2021
Poland,Serbia,15,630001,5,12,2006,2021
Portugal,Norway,15,86,1,15,2005,2021
Romania,Czechia,15,114482,6,9,2005,2020
Russian Federation,"China, mainland",15,8649,2,14,2007,2021
Russian Federation,France,15,2083,3,13,2005,2021
Russian Federation,Slovakia,15,115,4,12,2005,2021
Singapore,United Arab Emirates,15,11026,4,11,2006,2021
Singapore,United States of America,15,29,3,12,2007,2021
Slovenia,Poland,15,230449,4,11,2006,2021
Spain,Peru,15,23270,5,10,2006,2021
Spain,Philippines,15,398519,4,11,2006,2021
Spain,Saudi Arabia,15,876360,7,6,2012,2021
Sudan,Egypt,15,316775,7,6,2015,2021
Sweden,Ireland,15,1118,5,11,2008,2021
Switzerland,Serbia,15,409,4,11,2007,2021
Syrian Arab Republic,United Arab Emirates,15,24528,8,7,2006,2021
Thailand,Nepal,15,4294006,4,12,2009,2021
Thailand,Pakistan,15,20,6,10,2007,2017
Trinidad and Tobago,Barbados,15,169,5,12,2005,2021
Uganda,South Africa,15,9047,5,10,2005,2015
Ukraine,Belarus,15,394643,6,12,2006,2021
United Arab Emirates,Italy,15,20,4,9,2005,2021
United Arab Emirates,South Africa,15,62,3,12,2005,2021
United Kingdom of Great Britain and Northern Ireland,Indonesia,15,1356010,7,11,2005,2018
United Kingdom of Great Britain and Northern Ireland,Libya,15,68626,4,13,2005,2021
United Republic of Tanzania,United Arab Emirates,15,26928,6,9,2005,2020
United States of America,Iran (Islamic Republic of),15,428306,2,9,2012,2021
United States of America,Uganda,15,87622,5,10,2005,2017
United States of America,United Republic of Tanzania,15,7073,8,11,2007,2018
Uruguay,Spain,15,409,2,14,2005,2021
Uruguay,United Kingdom of Great Britain and Northern Ireland,15,312,1,15,2005,2021
Viet Nam,Cambodia,15,3653087,4,9,2011,2021
Zimbabwe,United Republic of Tanzania,15,62028,4,10,2005,2015
Afghanistan,Iran (Islamic Republic of),14,21531,4,5,2010,2018
Argentina,Guatemala,14,228,3,12,2005,2021
Australia,Brazil,14,1206,3,7,2005,2012
Australia,Uruguay,14,681,4,11,2006,2018
Austria,Montenegro,14,13321,3,10,2007,2020
Austria,Norway,14,54,3,13,2005,2021
Bahrain,United Kingdom of Great Britain and Northern Ireland,14,250,4,10,2005,2021
Belgium,Mali,14,10925003,5,11,2005,2021
Belgium,Republic of Korea,14,250,1,14,2005,2020
Brazil,India,14,518000,2,11,2007,2018
Bulgaria,Belgium,14,49584,5,10,2005,2021
Bulgaria,Montenegro,14,971004,2,12,2009,2021
Canada,Hungary,14,412248,4,11,2005,2018
Canada,Norway,14,1049,2,13,2005,2020
Canada,Thailand,14,14027,4,11,2009,2021
Chile,Brazil,14,993,2,13,2005,2021
Chile,Germany,14,487,2,11,2005,2021
"China, Hong Kong SAR",New Zealand,14,1946,1,14,2007,2021
"China, Hong Kong SAR",United States of America,14,178,1,14,2005,2020
"China, mainland",Ghana,14,286,7,5,2009,2018
"China, mainland",Myanmar,14,690491,6,7,2006,2021
Croatia,Poland,14,299069,3,8,2006,2021
Czechia,Albania,14,310334,3,11,2005,2021
Czechia,Philippines,14,64000,4,11,2009,2020
Czechia,Sweden,14,437412,3,11,2005,2020
Denmark,"China, Taiwan Province of",14,10302,3,13,2005,2021
Denmark,Malaysia,14,35150,4,10,2006,2018
Denmark,Malta,14,11110,6,7,2005,2021
Denmark,Singapore,14,481,3,12,2005,2021
Estonia,Belarus,14,1914,4,11,2010,2021
Finland,Germany,14,23068,4,11,2006,2018
Finland,Latvia,14,1318070,4,11,2005,2018
France,Chad,14,420000,1,14,2005,2021
France,Republic of Moldova,14,34334,4,7,2013,2021
France,Zimbabwe,14,643000,1,14,2005,2021
Germany,Zimbabwe,14,130000,1,14,2005,2021
Iceland,France,14,4219,1,14,2005,2021
Iran (Islamic Republic of),Afghanistan,14,49598501,2,8,2005,2018
Ireland,Rwanda,14,6190,4,10,2006,2018
Italy,Canada,14,75,2,14,2006,2021
Italy,Kuwait,14,56052,4,8,2011,2020
Italy,Luxembourg,14,5091,4,10,2005,2018
Jordan,Yemen,14,2110028,5,9,2006,2018
Kazakhstan,Afghanistan,14,2194,3,11,2005,2021
Kenya,Somalia,14,46000,4,9,2005,2021
Kuwait,Netherlands (Kingdom of the),14,285,3,12,2005,2021
Malaysia,Netherlands (Kingdom of the),14,119,2,13,2005,2020
Malaysia,Philippines,14,10026,5,9,2005,2017
Mauritius,United Republic of Tanzania,14,495000,1,14,2005,2018
Netherlands (Kingdom of the),Sierra Leone,14,1118000,1,14,2005,2021
Niger,Libya,14,9183,6,8,2005,2021
Niger,Senegal,14,6791,5,7,2005,2021
Philippines,Malaysia,14,130112,3,10,2005,2016
Portugal,Guinea-Bissau,14,376000,1,14,2005,2021
Portugal,Israel,14,1635446,4,6,2015,2021
Qatar,France,14,382,2,13,2007,2021
Romania,Türkiye,14,383415,4,8,2008,2021
Slovakia,Belarus,14,4095115,5,11,2005,2021
Slovenia,Germany,14,877,4,9,2005,2021
South Africa,Kuwait,14,178291,8,4,2013,2021
South Africa,Viet Nam,14,2591,7,6,2007,2020
Spain,Austria,14,3737,4,10,2008,2021
Spain,Thailand,14,575160,5,8,2008,2021
Spain,Tunisia,14,913115,5,9,2012,2021
Sweden,Hungary,14,2828029,3,9,2005,2021
Sweden,Serbia,14,102,2,12,2007,2021
Syrian Arab Republic,Bahrain,14,16315,6,7,2005,2015
Thailand,Italy,14,6182,6,11,2005,2020
Thailand,Philippines,14,869,7,10,2005,2020
Thailand,Spain,14,19021,7,8,2008,2020
Thailand,Sri Lanka,14,7,8,8,2010,2018
Thailand,Switzerland,14,44,6,9,2005,2018
Türkiye,Lebanon,14,659266,3,9,2006,2021
Uganda,United Kingdom of Great Britain and Northern Ireland,14,37,7,8,2005,2015
Ukraine,Türkiye,14,80635,2,9,2012,2021
Ukraine,Uzbekistan,14,22585,2,14,2006,2021
United Kingdom of Great Britain and Northern Ireland,Côte d'Ivoire,14,219081,4,11,2005,2020
United Kingdom of Great Britain and Northern Ireland,Sri Lanka,14,1686002,3,12,2005,2016
United Republic of Tanzania,Democratic Republic of the Congo,14,128777,7,9,2006,2021
United Republic of Tanzania,United States of America,14,118026,5,11,2005,2018
United States of America,Bulgaria,14,367704,6,6,2010,2021
United States of America,"China, Macao SAR",14,3632,2,11,2005,2020
United States of America,Hungary,14,457063,4,11,2005,2016
United States of America,Portugal,14,196103,3,13,2005,2021
United States of America,Senegal,14,361001,3,11,2005,2021
Uruguay,Türkiye,14,4638463,1,14,2005,2021
Argentina,Barbados,13,169,2,12,2005,2017
Argentina,Belgium,13,379,1,13,2006,2021
Australia,Fiji,13,403,5,8,2005,2018
Austria,Uzbekistan,13,26133,2,10,2009,2021
Azerbaijan,Russian Federation,13,160,2,12,2005,2021
Bahrain,France,13,111,2,13,2005,2021
Belgium,Philippines,13,743014,6,6,2006,2021
Brazil,Dominican Republic,13,2518008,3,9,2007,2021
Bulgaria,Iran (Islamic Republic of),13,175698,3,10,2008,2021
Burundi,Rwanda,13,419017,4,8,2009,2016
Canada,Australia,13,24,3,12,2005,2020
Chile,United Kingdom of Great Britain and Northern Ireland,13,180,1,13,2005,2018
Chile,Uruguay,13,73,1,13,2006,2021
"China, mainland",South Africa,13,4215,5,10,2007,2021
Czechia,Indonesia,13,1051,8,5,2010,2021
Czechia,Uzbekistan,13,8871,3,10,2010,2021
Egypt,Yemen,13,76240,6,7,2005,2013
Estonia,Norway,13,44,2,12,2005,2021
France,"China, Hong Kong SAR",13,1029,5,9,2005,2021
France,Mauritania,13,364166,4,9,2005,2021
France,Myanmar,13,1068000,2,12,2005,2021
Germany,Libya,13,4402,3,11,2006,2020
Germany,Nepal,13,370000,1,13,2005,2018
Germany,Syrian Arab Republic,13,849699,3,9,2005,2018
Germany,Uruguay,13,28027,2,10,2005,2021
Greece,Denmark,13,11,3,9,2006,2020
Honduras,Costa Rica,13,3097,3,11,2005,2021
Hungary,Libya,13,12188,6,6,2012,2017
India,France,13,18,5,10,2005,2018
India,Philippines,13,20,6,10,2007,2016
India,Saudi Arabia,13,186234,7,8,2005,2016
Indonesia,Brunei Darussalam,13,3395,5,9,2006,2021
Ireland,India,13,580,1,13,2005,2020
Italy,Lebanon,13,25507,4,9,2005,2021
Kazakhstan,Azerbaijan,13,9851,2,9,2008,2021
Kenya,Zambia,13,82058,5,8,2005,2021
Kuwait,Germany,13,68,2,11,2007,2021
Kuwait,Oman,13,13277,6,6,2013,2021
Latvia,Türkiye,13,56320,3,11,2010,2021
Lithuania,Türkiye,13,38250,2,11,2010,2021
Luxembourg,Lebanon,13,1259,3,12,2005,2020
Luxembourg,United States of America,13,702,3,9,2011,2021
Luxembourg,Viet Nam,13,3265,6,4,2015,2021
Mali,Benin,13,129743,5,5,2007,2018
Netherlands (Kingdom of the),Australia,13,611,1,13,2005,2021
Netherlands (Kingdom of the),Burkina Faso,13,3697000,1,13,2008,2021
Netherlands (Kingdom of the),Congo,13,555000,2,11,2008,2021
Netherlands (Kingdom of the),Dominican Republic,13,72,3,11,2005,2018
Netherlands (Kingdom of the),Nicaragua,13,267,1,13,2007,2020
New Zealand,Germany,13,29149,3,10,2005,2021
New Zealand,Mauritius,13,162009,2,11,2005,2021
New Zealand,Republic of Korea,13,2871,2,12,2005,2018
New Zealand,United Arab Emirates,13,133,2,12,2005,2020
Norway,Switzerland,13,57,1,13,2005,2021
Oman,Iran (Islamic Republic of),13,47104,3,12,2005,2020
Pakistan,Saudi Arabia,13,8730,5,8,2005,2021
Panama,Honduras,13,11735,2,11,2005,2021
Panama,Venezuela (Bolivarian Republic of),13,61,3,12,2005,2021
Peru,Argentina,13,244,1,13,2005,2020
Philippines,Viet Nam,13,48014,3,11,2009,2021
Portugal,Canada,13,139,3,12,2009,2021
Republic of Korea,Japan,13,11,7,7,2005,2021
Republic of Korea,Mongolia,13,87000,3,7,2008,2021
Russian Federation,Switzerland,13,55,1,13,2005,2021
Russian Federation,Türkiye,13,3285,3,9,2005,2021
Serbia,Albania,13,12769,4,10,2006,2021
Singapore,Germany,13,229,2,11,2005,2021
Singapore,Thailand,13,57,5,9,2007,2021
Slovakia,Lebanon,13,10415,3,11,2008,2021
Slovakia,Republic of Moldova,13,3082003,3,11,2007,2021
Slovenia,Czechia,13,173032,3,11,2006,2018
Slovenia,Egypt,13,41266,1,13,2006,2020
South Africa,Côte d'Ivoire,13,25030,5,8,2005,2017
South Africa,Gabon,13,3817,6,6,2011,2021
South Africa,Pakistan,13,3464,6,9,2006,2018
South Africa,Qatar,13,27315,8,8,2008,2020
Spain,Cabo Verde,13,117570,7,7,2007,2018
Spain,Chile,13,33,3,10,2007,2021
Spain,Dominican Republic,13,12,5,9,2012,2021
Spain,Kuwait,13,483083,3,11,2008,2021
Sweden,Malta,13,199,1,13,2005,2021
Sweden,Türkiye,13,1873,2,12,2005,2021
Thailand,India,13,2436,6,7,2005,2018
Ukraine,Jordan,13,81701,5,6,2015,2021
United Arab Emirates,Bangladesh,13,128921,7,9,2005,2021
United Arab Emirates,Lebanon,13,52,4,9,2006,2020
United Arab Emirates,Sudan,13,3200,6,7,2014,2021
United Arab Emirates,Uganda,13,13180,4,9,2006,2021
United Kingdom of Great Britain and Northern Ireland,Azerbaijan,13,611011,2,12,2005,2021
United Kingdom of Great Britain and Northern Ireland,Chile,13,57019,2,12,2005,2021
United Kingdom of Great Britain and Northern Ireland,Myanmar,13,388000,2,9,2005,2021
United Kingdom of Great Britain and Northern Ireland,Trinidad and Tobago,13,48210,4,11,2005,2021
United States of America,Nigeria,13,34389,6,8,2007,2021
Uruguay,Egypt,13,434790,2,11,2007,2021
Uruguay,France,13,278,1,13,2005,2021
Venezuela (Bolivarian Republic of),Ecuador,13,129034,3,13,2005,2018
Viet Nam,"China, mainland",13,1828180,4,4,2015,2018
Armenia,Iran (Islamic Republic of),12,334355,3,10,2007,2021
Belarus,Germany,12,146,1,12,2005,2017
Belgium,Indonesia,12,19020,8,6,2012,2020
Belgium,Lithuania,12,292002,4,8,2005,2020
Bosnia and Herzegovina,Croatia,12,233149,4,7,2005,2021
Brazil,Canada,12,8113,2,11,2006,2021
Brazil,South Africa,12,277176,2,12,2005,2020
Brazil,Spain,12,339116,2,9,2005,2021
Bulgaria,Cyprus,12,27982,4,9,2005,2017
Canada,Saudi Arabia,12,295018,4,8,2005,2020
Canada,Singapore,12,557,3,11,2007,2020
"China, Hong Kong SAR",Australia,12,606,1,12,2005,2021
"China, Hong Kong SAR",France,12,49,2,11,2005,2020
Colombia,Guatemala,12,113,4,9,2008,2020
Croatia,Libya,12,87927,3,8,2011,2021
Czechia,Armenia,12,13146,5,10,2005,2021
Czechia,Georgia,12,586480,7,6,2006,2021
Czechia,Jordan,12,121,5,9,2005,2020
Czechia,Republic of Moldova,12,494199,4,7,2013,2021
Dominican Republic,France,12,16000,3,10,2007,2021
Ecuador,Peru,12,300,3,10,2005,2021
Egypt,Lebanon,12,66620,6,8,2005,2021
Ethiopia,Jordan,12,46282,3,7,2005,2014
Ethiopia,Sudan,12,98681,4,6,2012,2020
France,Australia,12,139,1,12,2005,2021
France,Burundi,12,38943,4,9,2008,2016
France,Colombia,12,5231,3,10,2005,2020
France,Seychelles,12,17003,5,6,2014,2021
France,Suriname,12,22033,4,10,2007,2020
France,Syrian Arab Republic,12,922006,3,8,2005,2012
Germany,Côte d'Ivoire,12,93003,2,11,2009,2021
Hungary,United Arab Emirates,12,32440,4,9,2007,2021
Iceland,Canada,12,26,2,10,2005,2021
Iceland,Italy,12,132,1,12,2005,2021
India,Bahrain,12,2779,7,9,2005,2018
India,Thailand,12,122,6,10,2005,2021
Indonesia,Thailand,12,1168,5,9,2005,2021
Iran (Islamic Republic of),Turkmenistan,12,49115801,3,6,2005,2018
Ireland,Singapore,12,152,1,12,2006,2021
Ireland,Thailand,12,314,4,10,2005,2017
Israel,Hungary,12,194000,4,10,2006,2017
Italy,Cyprus,12,348,4,9,2007,2021
Italy,Israel,12,293,2,11,2006,2021
Italy,Libya,12,26449,4,9,2005,2016
Japan,Australia,12,195,2,11,2005,2021
Japan,Ireland,12,33,2,11,2005,2020
Latvia,Ukraine,12,8910,6,10,2009,2021
Lebanon,Syrian Arab Republic,12,1146,3,11,2005,2021
Luxembourg,Oman,12,42030,4,5,2015,2021
Mali,Togo,12,2648,3,7,2005,2018
Mexico,Netherlands (Kingdom of the),12,301,1,12,2005,2021
Mexico,Nicaragua,12,495,4,8,2006,2018
Montenegro,Bosnia and Herzegovina,12,22691004,2,11,2009,2021
Netherlands (Kingdom of the),Mali,12,5118098,2,9,2008,2021
Netherlands (Kingdom of the),Namibia,12,2959002,3,11,2010,2021
Netherlands (Kingdom of the),Niger,12,862000,1,12,2009,2021
Niger,Chad,12,7342,5,4,2012,2021
Niger,"China, mainland",12,4413,4,6,2006,2016
Peru,Chile,12,1349,2,11,2006,2021
Philippines,United States of America,12,1949,5,7,2005,2021
Poland,Egypt,12,1171003,3,8,2011,2020
Republic of Korea,Singapore,12,6244,4,10,2005,2020
Romania,Denmark,12,7106,4,5,2008,2020
Russian Federation,Jordan,12,152631,4,10,2005,2021
Russian Federation,United Arab Emirates,12,1149,3,8,2005,2021
Serbia,Israel,12,163730,2,10,2007,2021
Slovenia,Switzerland,12,185,2,11,2006,2021
South Africa,Cameroon,12,10142,5,9,2007,2021
South Africa,Germany,12,416,4,9,2006,2021
South Africa,Netherlands (Kingdom of the),12,242,3,9,2007,2021
Spain,Brazil,12,31,4,8,2011,2021
Sri Lanka,Nepal,12,568000,1,12,2008,2020
Sudan (former),United Arab Emirates,12,103833,5,5,2005,2009
Sweden,Spain,12,183,5,8,2008,2021
Switzerland,Finland,12,72,3,11,2005,2021
Switzerland,Romania,12,330,3,12,2005,2020
Switzerland,United Arab Emirates,12,61,3,11,2008,2021
Thailand,Saudi Arabia,12,44,7,9,2005,2017
Togo,Ghana,12,26085,7,9,2005,2017
Türkiye,Iran (Islamic Republic of),12,1324587,3,10,2005,2020
Türkiye,Netherlands (Kingdom of the),12,43,2,12,2005,2020
Türkiye,Turkmenistan,12,8399088,5,7,2013,2021
United Kingdom of Great Britain and Northern Ireland,Ethiopia,12,146000,4,9,2005,2021
United Kingdom of Great Britain and Northern Ireland,Kyrgyzstan,12,151015,2,8,2010,2020
United Kingdom of Great Britain and Northern Ireland,Luxembourg,12,20,3,9,2007,2021
United Kingdom of Great Britain and Northern Ireland,Uzbekistan,12,379000,2,10,2006,2021
United States of America,Dominica,12,30019,5,8,2005,2021
United States of America,Kenya,12,517075,4,9,2005,2021
United States of America,Ukraine,12,619239,3,9,2005,2021
Uruguay,Bolivia (Plurinational State of),12,5374,2,10,2006,2020
Uruguay,Italy,12,6400,2,12,2005,2021
Venezuela (Bolivarian Republic of),Colombia,12,284109,3,7,2005,2011
Zambia,Namibia,12,3088005,4,9,2012,2021
Argentina,Dominican Republic,11,360,1,11,2005,2021
Argentina,India,11,122,1,11,2005,2021
Argentina,Ireland,11,42,1,11,2005,2020
Argentina,Japan,11,59,1,11,2006,2021
Argentina,Mauritius,11,27,1,11,2007,2018
Argentina,Poland,11,75,1,11,2008,2021
Bahamas,United States of America,11,183,2,11,2005,2018
Bahrain,Germany,11,124,2,8,2008,2021
Belgium,Algeria,11,60167,2,9,2009,2017
Belgium,Angola,11,1288102,4,7,2014,2021
Belgium,Finland,11,786,3,11,2005,2021
Belgium,Latvia,11,1302,4,10,2006,2021
Belgium,United Republic of Tanzania,11,870025,6,7,2008,2021
Brazil,Jordan,11,2037864,3,10,2010,2020
Brazil,Panama,11,1005,6,7,2006,2021
Bulgaria,Denmark,11,2091,5,6,2009,2020
Bulgaria,Iraq,11,152,3,8,2013,2021
Cameroon,Central African Republic,11,30020,4,7,2005,2020
Canada,Cuba,11,17832,5,8,2005,2017
Canada,Denmark,11,562,4,7,2005,2017
Canada,Ghana,11,1113012,5,8,2005,2017
Canada,Morocco,11,252002,3,7,2005,2011
Canada,Pakistan,11,544035,5,8,2005,2017
Chile,France,11,92,2,10,2005,2021
"China, Hong Kong SAR",Netherlands (Kingdom of the),11,69,2,10,2007,2018
"China, mainland",Ethiopia,11,1038,4,10,2005,2018
"China, mainland",Singapore,11,1506,5,7,2010,2021
Colombia,Canada,11,18,3,9,2006,2021
Colombia,Costa Rica,11,71,3,9,2006,2021
Colombia,Lebanon,11,444587,1,11,2010,2021
Croatia,Albania,11,39758,1,11,2010,2021
Croatia,Israel,11,247915,2,7,2014,2021
Croatia,Türkiye,11,101282,4,7,2011,2018
Cyprus,Lebanon,11,17291,2,9,2005,2021
Czechia,Kenya,11,28004,2,11,2009,2021
Czechia,Mexico,11,99023,2,9,2007,2021
Czechia,North Macedonia,11,779478,6,8,2005,2020
Denmark,Armenia,11,3355,2,10,2005,2020
Denmark,Georgia,11,15781,3,11,2008,2021
Denmark,Israel,11,2630,2,8,2007,2021
Denmark,Philippines,11,637453,3,10,2006,2017
Denmark,United Arab Emirates,11,44650,4,9,2007,2021
Egypt,Belgium,11,11770,2,10,2005,2021
Egypt,United States of America,11,1357,6,5,2005,2017
El Salvador,United States of America,11,33,2,11,2005,2021
France,Mongolia,11,2001,4,9,2005,2021
France,Zambia,11,515000,2,10,2011,2021
Georgia,Kuwait,11,60223,3,7,2010,2021
Georgia,Qatar,11,24658,3,8,2010,2021
Germany,Kyrgyzstan,11,4412,5,7,2007,2021
Germany,New Zealand,11,129,2,10,2006,2021
Germany,Turkmenistan,11,177035,3,10,2005,2020
Germany,United Republic of Tanzania,11,58069,4,9,2005,2021
Greece,Germany,11,273,6,6,2007,2021
Hungary,Kyrgyzstan,11,102263,4,9,2011,2021
Hungary,Turkmenistan,11,207746,2,8,2012,2020
Iceland,Luxembourg,11,749,1,11,2005,2021
India,Ghana,11,42,8,7,2005,2018
India,Japan,11,740,4,8,2005,2016
India,Yemen,11,1108001,4,7,2006,2013
Indonesia,Japan,11,4705,5,8,2005,2021
Ireland,Austria,11,136058,4,9,2008,2021
Ireland,Bahrain,11,57,4,10,2006,2021
Ireland,Qatar,11,107,2,10,2005,2021
Israel,Poland,11,444001,4,6,2005,2013
Italy,Qatar,11,217,3,9,2010,2021
Italy,Saudi Arabia,11,145108,2,8,2005,2021
Jamaica,United States of America,11,4064,3,11,2005,2021
Jordan,Belgium,11,139,1,11,2008,2021
Kenya,Democratic Republic of the Congo,11,69000,3,9,2007,2021
Latvia,Italy,11,30618,2,11,2005,2021
Mexico,Germany,11,72,1,11,2005,2021
Mexico,Spain,11,58,3,9,2007,2021
Morocco,Senegal,11,6081,4,9,2007,2021
Myanmar,Malaysia,11,12629,4,8,2008,2021
Netherlands (Kingdom of the),Angola,11,4602000,2,9,2012,2021
New Caledonia,French Polynesia,11,199028,4,9,2005,2017
New Zealand,Bangladesh,11,2646000,1,11,2008,2018
New Zealand,Kiribati,11,24100,2,11,2005,2018
Niger,Australia,11,722,3,5,2008,2013
Niger,Bulgaria,11,161,3,7,2008,2017
Norway,Spain,11,32,2,10,2005,2021
Philippines,Cambodia,11,23055,3,10,2007,2021
Philippines,Nepal,11,1267000,1,11,2007,2017
Poland,Kyrgyzstan,11,2419,1,11,2010,2021
Poland,Saudi Arabia,11,129092,2,10,2008,2021
Poland,Sweden,11,29076,5,9,2007,2021
Republic of Korea,Germany,11,1038,1,11,2005,2020
Romania,Portugal,11,30123,3,10,2005,2018
Romania,Saudi Arabia,11,1926060,5,6,2005,2021
Russian Federation,Czechia,11,70,1,11,2005,2021
Russian Federation,Netherlands (Kingdom of the),11,109,2,10,2005,2021
Saudi Arabia,Netherlands (Kingdom of the),11,89,2,10,2008,2021
Senegal,Gambia,11,174335,5,8,2005,2021
Slovakia,Türkiye,11,157277,2,9,2012,2021
Slovenia,Israel,11,171872,2,9,2012,2021
Slovenia,Libya,11,38208,3,6,2012,2021
Slovenia,North Macedonia,11,425,4,9,2005,2021
Somalia,Kuwait,11,71139,4,5,2013,2021
South Africa,Seychelles,11,19669,7,5,2005,2017
South Africa,United Kingdom of Great Britain and Northern Ireland,11,565,2,9,2007,2021
Spain,Ethiopia,11,159003,3,6,2006,2021
Spain,Sweden,11,2116,4,8,2005,2021
Sri Lanka,United States of America,11,1519,7,7,2005,2021
Switzerland,Estonia,11,312,2,11,2005,2020
Switzerland,Mexico,11,94,1,11,2006,2021
Switzerland,Norway,11,16,1,11,2006,2020
Switzerland,Slovenia,11,46,4,8,2009,2021
Thailand,Kuwait,11,1,5,9,2011,2021
Türkiye,Germany,11,39,2,11,2006,2021
Türkiye,Hungary,11,17862,3,9,2010,2021
Ukraine,Egypt,11,122326,3,10,2006,2021
Ukraine,Hungary,11,170014,2,11,2005,2021
United Arab Emirates,Austria,11,54,5,6,2014,2020
United Arab Emirates,"China, mainland",11,271880,4,7,2008,2021
United Arab Emirates,Ghana,11,330,5,8,2005,2017
United Arab Emirates,Russian Federation,11,70,4,7,2007,2021
United Kingdom of Great Britain and Northern Ireland,Senegal,11,218000,3,10,2008,2020
United Kingdom of Great Britain and Northern Ireland,Slovenia,11,1278152,3,8,2005,2021
United States of America,Tunisia,11,575003,3,10,2005,2021
Uruguay,"China, mainland",11,366629,1,11,2009,2021
Uruguay,Syrian Arab Republic,11,527793,3,6,2005,2010
Zambia,South Africa,11,29011,7,9,2005,2020
Zimbabwe,Democratic Republic of the Congo,11,52468,4,8,2005,2021
Afghanistan,Tajikistan,10,1533,5,4,2016,2021
Antigua and Barbuda,Dominica,10,4016,6,6,2006,2021
Argentina,Nigeria,10,1196,1,10,2005,2017
Armenia,Kuwait,10,137834,3,7,2013,2021
Austria,Azerbaijan,10,17814,2,9,2010,2021
Austria,Canada,10,15046,2,10,2005,2021
Austria,Morocco,10,6765,1,10,2010,2020
Bahrain,United States of America,10,25001,4,4,2016,2020
Barbados,France,10,3,3,9,2007,2021
Belarus,Lithuania,10,28661,3,9,2005,2021
Belgium,"China, Taiwan Province of",10,140051,3,7,2006,2020
Belgium,Estonia,10,299,3,9,2005,2020
Belgium,Gabon,10,214012,3,10,2005,2021
Brazil,Egypt,10,346644,2,9,2009,2020
Brazil,Ethiopia,10,737000,2,5,2016,2021
Brazil,Mexico,10,61,1,10,2005,2016
Brunei Darussalam,Malaysia,10,2465,5,7,2005,2018
Cameroon,Nigeria,10,724,4,6,2012,2021
Canada,Iran (Islamic Republic of),10,597405,4,9,2005,2021
Canada,Malaysia,10,739,4,8,2005,2018
Canada,Romania,10,77905,4,9,2005,2021
Canada,Sri Lanka,10,284032,4,7,2005,2021
Canada,Türkiye,10,680117,4,9,2005,2021
Chile,"China, mainland",10,89995,2,7,2013,2021
Chile,Mexico,10,211039,2,8,2005,2021
Chile,Paraguay,10,142,5,6,2006,2016
"China, Taiwan Province of","China, Hong Kong SAR",10,39188,2,10,2010,2021
"China, Taiwan Province of",Japan,10,8010,2,9,2012,2021
"China, mainland",Burkina Faso,10,370006,2,9,2009,2021
Colombia,Jordan,10,215347,1,10,2011,2021
Croatia,Egypt,10,100024,1,10,2010,2021
Cuba,Ecuador,10,3000,2,7,2010,2017
Cuba,Guatemala,10,96035,4,8,2005,2018
Czechia,Ghana,10,210000,1,10,2006,2020
Denmark,Albania,10,4642,2,9,2005,2020
Denmark,Bosnia and Herzegovina,10,16836,2,9,2007,2021
Denmark,Viet Nam,10,13100,1,10,2009,2021
Egypt,France,10,32877,3,9,2006,2021
Egypt,Netherlands (Kingdom of the),10,505,3,7,2005,2018
Finland,Belgium,10,38176,5,9,2005,2021
France,Azerbaijan,10,262125,3,8,2010,2021
Georgia,Lebanon,10,165006,2,8,2007,2021
Guyana,Suriname,10,5252,6,7,2005,2016
Guyana,United States of America,10,3184,5,6,2005,2020
Hungary,"China, mainland",10,155052,4,9,2008,2018
Hungary,Norway,10,72,1,10,2006,2021
India,"China, Hong Kong SAR",10,28,6,7,2005,2016
India,"China, mainland",10,19,6,8,2005,2016
Indonesia,Philippines,10,12048,3,9,2005,2021
Indonesia,Timor-Leste,10,700253,5,10,2009,2021
Ireland,Brazil,10,20,2,9,2009,2020
Ireland,Bulgaria,10,20585,3,7,2010,2021
Ireland,Chile,10,33,1,10,2008,2020
Ireland,"China, mainland",10,219,1,10,2007,2021
Ireland,Libya,10,66299,3,9,2007,2021
Ireland,Slovenia,10,865,3,8,2009,2021
Ireland,Tunisia,10,11597,2,9,2009,2020
Israel,Czechia,10,173001,4,7,2005,2012
Japan,"China, Hong Kong SAR",10,623,1,10,2008,2021
Kuwait,Egypt,10,3121,4,8,2005,2021
Latvia,Hungary,10,21569,2,9,2005,2021
Latvia,Norway,10,28,1,10,2007,2021
Lebanon,Iraq,10,28583,5,8,2006,2020
Lithuania,France,10,3164,4,8,2006,2020
Luxembourg,Austria,10,87,1,10,2005,2020
Luxembourg,Kuwait,10,2087,6,6,2015,2021
Malaysia,Bangladesh,10,1769067,4,8,2005,2021
Malaysia,United States of America,10,52520,3,8,2005,2018
Mali,Ghana,10,63698,3,7,2005,2017
Mali,Liberia,10,33254,3,4,2006,2018
Mauritius,Netherlands (Kingdom of the),10,87,1,10,2005,2018
Mexico,Canada,10,266,1,10,2005,2021
Netherlands (Kingdom of the),Benin,10,528000,2,9,2010,2021
Netherlands (Kingdom of the),Nigeria,10,351531,3,8,2005,2020
New Zealand,Bhutan,10,67000,1,10,2008,2017
New Zealand,Chile,10,190,2,9,2006,2018
New Zealand,Indonesia,10,680662,3,9,2005,2021
New Zealand,Mexico,10,179943,3,5,2005,2015
New Zealand,Nepal,10,352051,2,9,2009,2021
New Zealand,South Africa,10,45,1,10,2005,2017
Nicaragua,Venezuela (Bolivarian Republic of),10,130849,1,10,2008,2017
Niger,Guinea,10,321,4,6,2010,2018
Norway,Russian Federation,10,2172,2,9,2012,2021
Panama,Colombia,10,49,1,10,2005,2021
Panama,Ecuador,10,13003,4,9,2005,2018
Peru,Netherlands (Kingdom of the),10,36,2,9,2005,2021
Philippines,"China, Hong Kong SAR",10,3258,3,6,2005,2018
Poland,India,10,437000,2,7,2007,2018
Portugal,Morocco,10,946849,4,8,2010,2021
Republic of Moldova,Egypt,10,32256,3,6,2005,2017
Romania,Egypt,10,38072,3,5,2005,2011
Romania,Iraq,10,46195,4,7,2012,2018
Romania,Luxembourg,10,2408,3,9,2007,2015
Russian Federation,Hungary,10,205,2,9,2008,2021
Russian Federation,United States of America,10,31,1,10,2005,2018
Saudi Arabia,Belgium,10,182,1,10,2005,2021
Saudi Arabia,Germany,10,21,1,10,2005,2017
Saudi Arabia,Senegal,10,17085,5,6,2014,2021
Serbia,Slovenia,10,112,1,10,2006,2021
Slovenia,Denmark,10,1018,6,5,2015,2020
Slovenia,Greece,10,1538,2,9,2005,2020
South Africa,Malaysia,10,3734,3,7,2007,2021
Spain,Croatia,10,2394,2,8,2005,2020
Spain,Czechia,10,12883,5,9,2005,2021
Spain,Malta,10,137,5,10,2005,2021
Spain,Qatar,10,269,5,8,2006,2020
Sri Lanka,United Kingdom of Great Britain and Northern Ireland,10,2880,5,7,2005,2018
Sudan,Kuwait,10,15678,4,7,2014,2021
Sweden,Mexico,10,56,1,10,2005,2016
Thailand,Bahrain,10,1181,5,9,2005,2021
Thailand,Israel,10,7941,4,9,2005,2018
Türkiye,United States of America,10,16,4,7,2007,2021
Uganda,United States of America,10,56,5,6,2006,2014
United Arab Emirates,Belgium,10,174,2,9,2005,2021
United Arab Emirates,Japan,10,61,2,9,2005,2020
United Arab Emirates,Syrian Arab Republic,10,8433,6,5,2007,2018
United Kingdom of Great Britain and Northern Ireland,"China, Macao SAR",10,72,2,10,2005,2021
United Kingdom of Great Britain and Northern Ireland,Lithuania,10,19131,3,8,2012,2021
United Republic of Tanzania,Zambia,10,1255,4,8,2005,2016
United States of America,Croatia,10,3120,4,9,2005,2018
United States of America,Gambia,10,172046,5,8,2009,2021
United States of America,Serbia,10,34,2,9,2006,2021
Uruguay,Chile,10,3670,2,9,2005,2018
Uzbekistan,Kyrgyzstan,10,4089,4,6,2015,2021
Argentina,El Salvador,9,86,1,9,2005,2020
Argentina,Republic of Korea,9,79,1,9,2009,2018
Argentina,Russian Federation,9,20,1,9,2005,2020
Argentina,Saudi Arabia,9,47,1,9,2005,2021
Australia,Egypt,9,204154,3,6,2005,2015
Austria,Armenia,9,2017,1,9,2007,2021
Austria,Belarus,9,712,3,8,2006,2021
Austria,Lebanon,9,218,3,7,2009,2017
Austria,Luxembourg,9,109,3,9,2008,2017
Azerbaijan,Türkiye,9,60060,3,8,2005,2021
Bahrain,Belgium,9,47,2,9,2006,2021
Barbados,United Kingdom of Great Britain and Northern Ireland,9,27,4,7,2008,2021
Belarus,Tajikistan,9,19062,5,7,2010,2021
Belgium,Georgia,9,319002,4,8,2005,2020
Belgium,Malta,9,45532,5,8,2005,2021
Belgium,Nepal,9,27006,5,5,2007,2017
Belgium,Peru,9,77,1,9,2006,2020
Benin,Burkina Faso,9,1153048,2,7,2009,2021
Benin,Niger,9,2088,5,7,2005,2018
Brazil,Italy,9,52,1,9,2005,2021
Brazil,Norway,9,78,2,9,2007,2020
Brazil,Portugal,9,15034,2,8,2006,2021
Bulgaria,Azerbaijan,9,6629,6,6,2010,2021
Cambodia,Lao People's Democratic Republic,9,123856,2,8,2011,2021
Canada,Croatia,9,1159,3,8,2008,2021
Canada,Ecuador,9,983,3,9,2005,2021
Canada,Jamaica,9,436,3,8,2007,2021
Canada,Ukraine,9,1768,2,9,2010,2020
Canada,Uruguay,9,85000,3,7,2007,2014
"China, Taiwan Province of",Malaysia,9,38019,6,8,2007,2021
"China, Taiwan Province of",Singapore,9,1005,2,7,2009,2021
"China, Taiwan Province of",Viet Nam,9,2628,2,9,2009,2021
"China, mainland",United States of America,9,15128,3,8,2006,2021
Croatia,Denmark,9,1013,5,4,2011,2020
Cuba,Mexico,9,142,2,9,2008,2018
Czechia,"China, Taiwan Province of",9,74,6,6,2007,2021
Czechia,Ethiopia,9,31026,3,4,2010,2015
Czechia,Montenegro,9,1597,3,9,2008,2021
Czechia,Norway,9,14,1,9,2005,2021
Denmark,India,9,16294,3,9,2007,2021
Denmark,Kuwait,9,8871,3,8,2006,2021
Denmark,Mexico,9,22755,3,8,2005,2021
Dominican Republic,Panama,9,5046,4,6,2011,2018
Dominican Republic,Venezuela (Bolivarian Republic of),9,171,5,8,2005,2021
Ecuador,Colombia,9,73,2,8,2005,2015
Ecuador,Panama,9,1111,3,9,2006,2021
Estonia,United States of America,9,25,1,9,2006,2021
Ethiopia,Libya,9,23364,3,8,2005,2021
Fiji,Nauru,9,13000,2,8,2005,2018
Finland,Switzerland,9,96,1,9,2005,2018
France,Panama,9,146021,2,8,2005,2018
Georgia,Iraq,9,254595,2,8,2010,2021
Georgia,Saudi Arabia,9,724917,3,7,2009,2021
Georgia,United Arab Emirates,9,40948,3,7,2008,2021
Germany,Bangladesh,9,303000,2,7,2005,2018
Germany,Sri Lanka,9,106010,2,8,2006,2020
Hungary,Canada,9,17,2,9,2005,2021
Hungary,Ghana,9,98000,2,8,2011,2020
Hungary,Iran (Islamic Republic of),9,4217841,4,6,2010,2021
Iceland,Slovenia,9,359,1,9,2005,2018
India,Qatar,9,4965,5,7,2007,2017
Indonesia,Netherlands (Kingdom of the),9,80,6,6,2005,2015
Indonesia,United Arab Emirates,9,1475,6,7,2006,2021
Iraq,United Arab Emirates,9,526000,4,6,2014,2021
Ireland,Portugal,9,12737,3,8,2008,2021
Ireland,Saudi Arabia,9,91,2,8,2005,2021
Ireland,Ukraine,9,4766,3,7,2009,2018
Italy,Bosnia and Herzegovina,9,560,2,8,2008,2018
Italy,Brazil,9,28,1,9,2007,2021
Italy,Egypt,9,492102,2,9,2005,2018
Jamaica,Canada,9,2000,2,8,2013,2021
Japan,United Arab Emirates,9,263,3,8,2005,2020
Kazakhstan,"China, mainland",9,740,1,9,2007,2018
Kyrgyzstan,Afghanistan,9,678,4,6,2005,2017
Lebanon,Netherlands (Kingdom of the),9,50,1,9,2007,2021
Lithuania,Croatia,9,51037,1,9,2005,2021
Lithuania,Slovakia,9,11993,3,8,2006,2021
Mexico,Belgium,9,64,1,9,2005,2021
Morocco,Mali,9,204011,2,8,2010,2021
Netherlands (Kingdom of the),Armenia,9,376142,3,9,2008,2021
Netherlands (Kingdom of the),Montenegro,9,7583,5,7,2006,2021
Netherlands (Kingdom of the),Myanmar,9,794000,3,8,2008,2018
Netherlands (Kingdom of the),New Zealand,9,112009,2,7,2013,2021
Netherlands (Kingdom of the),Sudan (former),9,7378699,2,7,2005,2011
New Zealand,Netherlands (Kingdom of the),9,416,2,9,2006,2021
New Zealand,Peru,9,2727,2,8,2008,2020
Nicaragua,Mexico,9,155215,2,7,2005,2021
Niger,Nauru,9,299,4,6,2008,2018
Nigeria,Ghana,9,212,2,7,2007,2018
Norway,United Arab Emirates,9,1183,3,7,2007,2020
Oman,France,9,77,1,9,2011,2021
Oman,Pakistan,9,3120,5,5,2010,2021
Panama,Peru,9,123,2,8,2010,2021
Peru,Guatemala,9,103,2,8,2005,2021
Philippines,Japan,9,30181,5,5,2005,2018
Poland,Estonia,9,3560110,2,8,2005,2021
Poland,Georgia,9,3570,3,7,2011,2021
Portugal,South Africa,9,26,3,7,2007,2021
Republic of Korea,Malaysia,9,26218,5,7,2006,2017
Romania,Montenegro,9,17226,2,6,2013,2020
Russian Federation,Belgium,9,33,1,9,2006,2021
Saudi Arabia,Egypt,9,9306,4,6,2005,2020
Saudi Arabia,Syrian Arab Republic,9,147359,3,4,2006,2014
Senegal,Côte d'Ivoire,9,5000,5,5,2009,2017
Serbia,Germany,9,60,2,8,2008,2021
Serbia,Italy,9,492,2,9,2006,2020
Slovakia,France,9,21377,4,7,2005,2021
Slovakia,United States of America,9,85,1,9,2006,2021
Slovenia,Montenegro,9,40263,4,9,2006,2016
South Africa,Bangladesh,9,130,5,6,2007,2021
South Africa,Belgium,9,433,1,9,2007,2021
South Africa,France,9,16,4,7,2007,2021
South Africa,Singapore,9,1889,5,7,2005,2018
Spain,Finland,9,261,3,7,2005,2021
Spain,Ghana,9,113011,3,6,2015,2021
Spain,Lithuania,9,3034,4,8,2005,2021
Spain,Luxembourg,9,6601,3,6,2008,2021
Spain,Republic of Korea,9,1296000,2,7,2012,2021
Spain,Slovakia,9,261221,4,8,2006,2021
Spain,Venezuela (Bolivarian Republic of),9,14598,7,5,2005,2021
Sri Lanka,Bangladesh,9,562001,2,9,2011,2021
Switzerland,Israel,9,16,2,9,2006,2021
Switzerland,Russian Federation,9,423,3,7,2005,2020
Syrian Arab Republic,Iraq,9,665813,3,6,2006,2014
Tajikistan,Afghanistan,9,52024,3,7,2010,2021
Türkiye,Belgium,9,27,2,8,2006,2015
Türkiye,France,9,7038,3,9,2006,2021
Türkiye,Qatar,9,1171146,3,6,2012,2021
Türkiye,United Arab Emirates,9,114002,4,5,2014,2021
Türkiye,United Kingdom of Great Britain and Northern Ireland,9,31,2,9,2005,2021
United Arab Emirates,Armenia,9,6040,6,7,2005,2017
United Arab Emirates,Maldives,9,23000,3,6,2011,2016
United Arab Emirates,Morocco,9,9038,5,5,2008,2017
United Arab Emirates,Somalia,9,9576,4,6,2014,2021
United Arab Emirates,Sweden,9,36,3,6,2008,2020
United Republic of Tanzania,United Kingdom of Great Britain and Northern Ireland,9,2207,3,7,2005,2015
United States of America,Slovakia,9,107,2,8,2005,2016
United States of America,Zambia,9,1592010,4,8,2006,2021
Uruguay,Belgium,9,34,1,9,2007,2021
Uruguay,Netherlands (Kingdom of the),9,88,1,9,2008,2021
Argentina,Sweden,8,24,1,8,2005,2017
Australia,Chile,8,101,3,7,2006,2017
Australia,Kazakhstan,8,15285,2,6,2005,2015
Australia,Mexico,8,92545,2,5,2005,2016
Austria,Kazakhstan,8,7462,2,8,2005,2021
Azerbaijan,Kazakhstan,8,9804,2,7,2006,2021
Belgium,Bosnia and Herzegovina,8,1362,4,6,2011,2020
Belgium,"China, mainland",8,466,1,8,2013,2021
Belgium,Ecuador,8,73,1,8,2008,2021
Belgium,Iran (Islamic Republic of),8,86627,4,6,2005,2017
Belgium,Panama,8,35,1,8,2008,2021
Belgium,Singapore,8,15012,4,6,2009,2021
Belgium,Sudan,8,5772000,1,8,2012,2021
Belize,Guatemala,8,8376,2,7,2005,2020
Brazil,Bahamas,8,45,2,8,2006,2020
Brazil,"China, Hong Kong SAR",8,769,6,3,2018,2021
Bulgaria,France,8,799,4,6,2005,2011
Bulgaria,Republic of Moldova,8,323336,3,6,2007,2018
Burundi,United Republic of Tanzania,8,5009,3,6,2009,2018
Canada,Egypt,8,61013,3,7,2005,2021
Canada,Finland,8,49,1,8,2005,2018
Canada,India,8,113080,2,8,2007,2021
Canada,New Zealand,8,8015,2,8,2005,2020
Canada,Tunisia,8,347000,2,7,2005,2011
Chile,Belgium,8,502,2,7,2005,2021
Chile,Spain,8,34,2,8,2005,2021
"China, Hong Kong SAR",Canada,8,7,2,7,2006,2021
"China, Hong Kong SAR",United Arab Emirates,8,25,3,8,2005,2021
"China, mainland",Indonesia,8,4364,5,7,2005,2016
Congo,Zimbabwe,8,1727,2,7,2008,2021
Costa Rica,Ecuador,8,220,2,8,2006,2018
Croatia,Bulgaria,8,11134,3,6,2007,2021
Croatia,Jordan,8,55807,2,4,2016,2021
Cyprus,Jordan,8,1141,3,5,2006,2016
Cyprus,Libya,8,21964,3,4,2007,2016
Czechia,Cyprus,8,743,3,7,2007,2020
Czechia,Israel,8,2007,3,6,2009,2020
Czechia,Kyrgyzstan,8,399,3,8,2007,2021
Czechia,Mongolia,8,31,1,8,2011,2018
Czechia,Pakistan,8,41010,3,8,2008,2021
Democratic Republic of the Congo,Angola,8,7031,4,3,2018,2021
Democratic Republic of the Congo,Zimbabwe,8,245,2,7,2010,2021
Denmark,South Africa,8,4014,2,8,2006,2021
Egypt,Sudan (former),8,4513643,6,5,2005,2011
Eritrea,Saudi Arabia,8,76059,4,5,2007,2015
Estonia,France,8,9087,3,6,2012,2021
Estonia,Portugal,8,147768,3,6,2006,2018
Estonia,Romania,8,22289,4,8,2007,2021
Ethiopia,Uganda,8,386037,6,6,2007,2021
France,Angola,8,75044,5,6,2009,2021
France,Comoros,8,40000,3,7,2005,2018
France,Costa Rica,8,60006,3,7,2005,2015
France,Ecuador,8,42000,2,7,2005,2020
France,French Polynesia,8,5016,3,7,2009,2018
France,Kyrgyzstan,8,40014,2,7,2012,2021
Georgia,Jordan,8,257170,2,7,2009,2016
Georgia,Russian Federation,8,1835,3,7,2005,2020
Germany,Bolivia (Plurinational State of),8,15013,3,7,2005,2015
Germany,"China, Hong Kong SAR",8,42,3,8,2005,2021
Germany,Ecuador,8,253006,3,7,2005,2021
Germany,Paraguay,8,33,1,8,2008,2021
Germany,Senegal,8,114000,2,8,2007,2018
Germany,Zambia,8,119000,1,8,2005,2020
Greece,Austria,8,12424,2,7,2006,2016
Hungary,Kuwait,8,207185,5,4,2016,2021
Hungary,Uganda,8,382000,1,8,2008,2021
Indonesia,Pakistan,8,5227,4,6,2005,2021
Indonesia,Republic of Korea,8,14,5,6,2005,2020
Indonesia,United States of America,8,196,5,6,2005,2013
Ireland,Croatia,8,965,3,8,2005,2020
Ireland,New Zealand,8,21,2,7,2006,2021
Israel,Russian Federation,8,14,2,6,2007,2020
Israel,Slovakia,8,61000,1,8,2005,2013
Israel,Türkiye,8,988000,3,4,2005,2008
Jamaica,Antigua and Barbuda,8,84000,4,5,2005,2021
Japan,"China, mainland",8,280,1,8,2010,2018
Japan,Germany,8,2022,2,8,2010,2021
Kenya,Sudan (former),8,26120,3,6,2005,2010
Kuwait,Iran (Islamic Republic of),8,6581,4,6,2009,2020
Latvia,Georgia,8,934,4,6,2014,2021
Latvia,Slovenia,8,7933,1,8,2013,2021
Lithuania,Georgia,8,4019,2,7,2014,2021
Lithuania,Switzerland,8,75,2,7,2005,2020
Lithuania,United States of America,8,14,1,8,2005,2020
Luxembourg,Bahrain,8,213,3,6,2015,2021
Luxembourg,Croatia,8,814,1,8,2012,2021
Luxembourg,Georgia,8,128000,2,7,2012,2021
Luxembourg,United Arab Emirates,8,180,4,4,2015,2021
Malaysia,Bahrain,8,2000,3,5,2009,2016
Malaysia,Cambodia,8,65018,2,8,2007,2020
Malaysia,Kuwait,8,0,3,6,2013,2021
Mali,Algeria,8,33292,5,4,2005,2008
Mali,Mauritania,8,28170,4,4,2006,2018
Mauritius,Belgium,8,346,1,8,2011,2021
Netherlands (Kingdom of the),Central African Republic,8,165064,2,8,2012,2021
Netherlands (Kingdom of the),Gabon,8,48000,3,5,2005,2017
Netherlands (Kingdom of the),Liberia,8,58000,1,8,2010,2021
Netherlands (Kingdom of the),Mauritania,8,52025,4,5,2006,2016
New Zealand,Uruguay,8,81,1,8,2005,2016
Niger,Brunei Darussalam,8,352,5,5,2010,2020
Niger,Ecuador,8,1277,4,4,2011,2018
Niger,Egypt,8,292,3,4,2008,2014
Niger,Japan,8,683,4,6,2006,2013
Pakistan,Tajikistan,8,47484,3,4,2014,2020
Philippines,United Arab Emirates,8,13886,4,6,2005,2017
Poland,Iran (Islamic Republic of),8,9576,3,6,2009,2021
Poland,Pakistan,8,362000,1,8,2006,2016
Portugal,Colombia,8,47,1,8,2005,2014
Portugal,United Kingdom of Great Britain and Northern Ireland,8,4253,3,5,2005,2021
Qatar,Belgium,8,191,2,8,2007,2021
Qatar,Ireland,8,36,2,7,2013,2021
Qatar,Syrian Arab Republic,8,466,2,5,2005,2015
Romania,Palestine,8,50746,2,5,2016,2021
Russian Federation,Austria,8,40,1,8,2006,2021
Saudi Arabia,France,8,44,1,8,2007,2021
Serbia,Austria,8,18,1,8,2006,2018
Serbia,Bulgaria,8,32,1,8,2006,2021
Serbia,France,8,9,1,8,2006,2016
Serbia,Lebanon,8,17591,3,6,2010,2020
Slovakia,Ireland,8,659,5,7,2005,2021
Slovakia,United Kingdom of Great Britain and Northern Ireland,8,95370,5,6,2005,2015
Slovenia,Belgium,8,221222,4,7,2006,2020
South Africa,Canada,8,12,5,6,2006,2021
South Africa,Congo,8,11324,4,7,2005,2013
Spain,Belarus,8,68345,3,7,2006,2021
Spain,Côte d'Ivoire,8,480003,2,7,2014,2021
Spain,Iran (Islamic Republic of),8,96375,3,5,2016,2021
Spain,Japan,8,6036,3,7,2011,2021
Spain,Jordan,8,405002,4,4,2013,2021
Spain,Malaysia,8,1237000,2,7,2013,2021
Spain,Mauritania,8,20015,5,6,2005,2020
Spain,Serbia,8,58964,4,4,2010,2021
Spain,South Africa,8,24019,2,6,2014,2021
Sudan,Bahrain,8,25235,3,4,2015,2018
Sudan (former),Qatar,8,6530,3,5,2005,2010
Suriname,Guyana,8,9486,3,6,2007,2018
Sweden,South Africa,8,36,3,7,2008,2020
Switzerland,Bulgaria,8,64,4,7,2006,2021
Switzerland,Greece,8,43,4,6,2005,2020
Tajikistan,Uzbekistan,8,52026,8,2,2018,2020
Thailand,Austria,8,1109,5,6,2005,2015
Thailand,Luxembourg,8,70,3,5,2013,2018
Thailand,Maldives,8,542,4,6,2008,2017
Thailand,New Zealand,8,8,4,6,2005,2020
Thailand,South Africa,8,13,4,7,2009,2020
Togo,Benin,8,158089,7,6,2005,2021
Trinidad and Tobago,Saint Lucia,8,2037,4,5,2005,2017
Trinidad and Tobago,Saint Vincent and the Grenadines,8,32053,5,7,2005,2020
Türkiye,Ireland,8,25,1,8,2005,2021
Türkiye,Kuwait,8,2467202,4,4,2017,2021
Uganda,Ethiopia,8,19010,7,6,2008,2015
Ukraine,Saudi Arabia,8,79487,4,4,2006,2021
United Arab Emirates,Kenya,8,5181,4,7,2005,2020
United Arab Emirates,Malaysia,8,6025,5,6,2005,2020
United Arab Emirates,Switzerland,8,10,2,6,2007,2021
United Arab Emirates,Türkiye,8,61,4,6,2014,2021
United Kingdom of Great Britain and Northern Ireland,Jamaica,8,5,2,8,2005,2021
United Kingdom of Great Britain and Northern Ireland,Malawi,8,148001,2,8,2005,2021
United Kingdom of Great Britain and Northern Ireland,Uruguay,8,14,1,8,2006,2021
United Republic of Tanzania,Japan,8,6011,4,6,2005,2014
United Republic of Tanzania,Netherlands (Kingdom of the),8,11023,4,6,2005,2016
United States of America,Nepal,8,587100,2,7,2013,2021
United States of America,Sudan,8,138452,2,8,2012,2021
Uruguay,Colombia,8,280,2,7,2005,2018
Uruguay,Ireland,8,28,2,7,2009,2018
Uruguay,Saudi Arabia,8,905615,2,7,2005,2020
Uruguay,Tunisia,8,47433,1,8,2005,2014
Uzbekistan,Tajikistan,8,9149061,4,3,2018,2021
Antigua and Barbuda,Saint Kitts and Nevis,7,13,6,4,2005,2016
Argentina,Australia,7,16,1,7,2005,2017
Argentina,Bahrain,7,39,1,7,2007,2018
Argentina,Brunei Darussalam,7,370,1,7,2005,2015
Armenia,Qatar,7,106736,2,6,2013,2021
Australia,Libya,7,220917,2,5,2007,2014
Australia,Sri Lanka,7,20434,2,7,2012,2021
Austria,Egypt,7,446000,2,6,2014,2020
Austria,Sweden,7,26,3,7,2005,2020
Bahrain,Lebanon,7,3000,2,5,2013,2018
Belarus,Austria,7,31,1,7,2005,2015
Belgium,Australia,7,953,2,6,2007,2021
Belgium,Belarus,7,189024,2,7,2005,2021
Belgium,Chad,7,592000,1,7,2009,2021
Belgium,Costa Rica,7,23,2,6,2006,2021
Belgium,India,7,9079,3,4,2005,2021
Belgium,Uruguay,7,14,1,7,2006,2020
Bosnia and Herzegovina,Lebanon,7,13545,1,7,2010,2020
Botswana,Democratic Republic of the Congo,7,1065,4,5,2013,2021
Brazil,Austria,7,17,2,7,2005,2020
Brazil,Congo,7,9984,3,3,2012,2014
Brazil,Democratic Republic of the Congo,7,9416,6,3,2011,2021
Brazil,Iraq,7,201509,2,6,2015,2021
Brazil,Marshall Islands,7,1,5,3,2018,2021
Bulgaria,Georgia,7,27733,1,7,2006,2018
Bulgaria,Libya,7,44071,2,4,2011,2014
Bulgaria,Slovenia,7,993,3,6,2005,2016
Canada,Algeria,7,134000,3,6,2007,2016
Canada,Belarus,7,6781,3,6,2005,2010
Canada,Gabon,7,171052,4,5,2006,2013
Chad,Niger,7,1131,5,3,2015,2020
Chile,South Africa,7,3839,2,6,2005,2011
"China, Hong Kong SAR",Japan,7,16,1,7,2007,2018
"China, Taiwan Province of",Thailand,7,512001,4,6,2007,2018
"China, Taiwan Province of",United States of America,7,54,5,7,2006,2016
"China, mainland",Nigeria,7,24092,5,3,2007,2010
Croatia,Switzerland,7,33,1,7,2011,2018
Croatia,United Kingdom of Great Britain and Northern Ireland,7,4942,2,7,2010,2020
Czechia,Ireland,7,20004,4,4,2014,2021
Czechia,Nepal,7,17000,1,7,2005,2018
Czechia,South Africa,7,43,3,6,2007,2017
Czechia,Viet Nam,7,46023,3,7,2007,2020
Côte d'Ivoire,Ghana,7,8379,5,5,2005,2011
Denmark,Jordan,7,50524,3,5,2007,2016
Denmark,Kazakhstan,7,1701,3,5,2011,2021
Denmark,Pakistan,7,146,2,6,2007,2018
Egypt,Syrian Arab Republic,7,1025515,3,5,2005,2011
Estonia,Croatia,7,1564,1,7,2011,2021
Estonia,Hungary,7,4360,2,7,2008,2021
Estonia,Lebanon,7,3443,1,7,2008,2020
Estonia,Switzerland,7,42,2,7,2009,2021
Ethiopia,Lebanon,7,29808,3,5,2011,2015
Finland,Belarus,7,1778000,1,7,2005,2011
France,Cambodia,7,87000,2,6,2010,2015
France,Palestine,7,209000,1,7,2008,2016
Georgia,Kazakhstan,7,1372,1,7,2012,2018
Germany,Costa Rica,7,31,3,6,2005,2015
Germany,Democratic Republic of the Congo,7,99,3,7,2007,2021
Germany,Honduras,7,65004,2,6,2005,2012
Germany,Iceland,7,4,3,6,2005,2021
Germany,Malta,7,4822,3,6,2005,2020
Germany,Peru,7,52020,2,7,2005,2018
Germany,Viet Nam,7,227199,3,5,2014,2018
Greece,Libya,7,37788,4,3,2012,2014
Greece,Poland,7,198,3,6,2009,2021
Hungary,Bahrain,7,10173,4,5,2010,2021
Hungary,Estonia,7,326136,2,5,2009,2021
Hungary,Japan,7,142000,1,7,2005,2018
Hungary,Nepal,7,42000,1,7,2008,2021
Hungary,Syrian Arab Republic,7,372042,2,6,2005,2011
India,Italy,7,27,4,6,2005,2015
India,Netherlands (Kingdom of the),7,35,4,7,2005,2016
India,Nigeria,7,788005,6,4,2006,2016
India,South Africa,7,85033,6,6,2005,2017
India,Zambia,7,65002,5,5,2005,2018
Indonesia,Germany,7,15,5,5,2006,2017
Iran (Islamic Republic of),Saudi Arabia,7,17816,4,2,2006,2007
Ireland,Lithuania,7,277,3,6,2006,2020
Ireland,Republic of Korea,7,115,1,7,2008,2020
Israel,Italy,7,104053,4,6,2005,2020
Israel,Switzerland,7,37,3,6,2007,2020
Italy,Argentina,7,11,1,7,2005,2014
Italy,Bahrain,7,11,2,6,2011,2021
Italy,Kazakhstan,7,53,1,7,2008,2015
Italy,South Africa,7,42,2,7,2006,2020
Italy,Ukraine,7,25,2,7,2005,2014
Jamaica,Barbados,7,10,3,6,2005,2021
Japan,"China, Taiwan Province of",7,13,4,5,2015,2021
Japan,United Republic of Tanzania,7,265062,4,4,2007,2011
Kenya,India,7,17,6,6,2005,2018
Kuwait,Iraq,7,16010,4,4,2017,2021
Kyrgyzstan,"China, mainland",7,44344,3,6,2006,2020
Latvia,Spain,7,8669,1,7,2005,2016
Latvia,Uzbekistan,7,1753,2,5,2016,2021
Lithuania,Greece,7,4220,2,6,2005,2021
Luxembourg,Thailand,7,2266,5,3,2018,2021
Malawi,United Kingdom of Great Britain and Northern Ireland,7,2394,3,5,2013,2021
Malaysia,Qatar,7,78073,2,7,2005,2017
Malaysia,Republic of Korea,7,1037,4,6,2006,2021
Malaysia,Timor-Leste,7,236000,2,7,2012,2021
Malaysia,United Kingdom of Great Britain and Northern Ireland,7,1023,3,7,2008,2020
Mexico,Micronesia (Federated States of),7,809,2,6,2006,2012
Mongolia,Russian Federation,7,2586,3,5,2005,2015
Netherlands (Kingdom of the),Cuba,7,392,1,7,2005,2016
Netherlands (Kingdom of the),North Macedonia,7,18133,4,6,2005,2018
Netherlands (Kingdom of the),Sudan,7,599344,2,6,2012,2020
Netherlands (Kingdom of the),Togo,7,1601000,1,7,2012,2021
New Zealand,Belgium,7,134,2,7,2005,2020
New Zealand,India,7,54,3,7,2008,2020
New Zealand,Ireland,7,2095,3,6,2005,2020
Niger,Algeria,7,2768,3,4,2005,2015
North Macedonia,Italy,7,712,3,3,2005,2007
Norway,Austria,7,26,2,7,2007,2021
Norway,Brazil,7,84,2,7,2006,2021
Norway,Malta,7,11,1,7,2006,2018
Norway,Romania,7,232,3,6,2005,2020
Pakistan,Kuwait,7,5543,4,5,2005,2021
Pakistan,Malaysia,7,6254,2,6,2005,2015
Peru,Spain,7,22,1,7,2005,2021
Philippines,"China, mainland",7,1120,4,5,2006,2018
Philippines,Singapore,7,42492,5,6,2005,2018
Poland,Israel,7,104,2,7,2005,2021
Poland,Qatar,7,54,1,7,2009,2018
Poland,South Africa,7,16,2,6,2005,2018
Poland,Thailand,7,734000,3,6,2005,2020
Portugal,Estonia,7,62484,6,5,2015,2021
Portugal,Palestine,7,137522,2,4,2017,2021
Republic of Moldova,Ukraine,7,5779,3,4,2006,2009
Romania,Ireland,7,1382,3,6,2007,2021
Romania,Sweden,7,329652,4,7,2007,2020
Romania,United Arab Emirates,7,13584,3,6,2011,2021
Russian Federation,Democratic People's Republic of Korea,7,792,2,6,2010,2020
Russian Federation,Iran (Islamic Republic of),7,104,1,7,2005,2017
Russian Federation,Republic of Moldova,7,79081,4,6,2005,2021
Russian Federation,Serbia,7,26,4,5,2008,2018
Russian Federation,Sweden,7,6,2,5,2007,2014
Saudi Arabia,United Kingdom of Great Britain and Northern Ireland,7,17,1,7,2005,2021
Serbia,Czechia,7,41,2,7,2007,2021
Singapore,Japan,7,18,1,7,2008,2016
Slovakia,Canada,7,358,1,7,2010,2021
Slovenia,Russian Federation,7,206,2,7,2006,2020
Slovenia,Slovakia,7,10562,2,7,2011,2021
Slovenia,Spain,7,1126,2,5,2014,2021
Slovenia,Türkiye,7,7184,2,6,2007,2017
South Africa,Benin,7,54,4,5,2012,2020
Spain,Albania,7,3401,3,5,2006,2014
Spain,"China, Hong Kong SAR",7,1000,1,7,2011,2021
Spain,Honduras,7,48,1,7,2005,2021
Spain,Montenegro,7,1698,3,6,2007,2017
Spain,Republic of Moldova,7,1300,4,5,2012,2021
Spain,Zimbabwe,7,170003,2,7,2011,2021
Sudan,Oman,7,170650,3,3,2018,2021
Sudan (former),Egypt,7,128066,4,5,2005,2009
Sweden,Brazil,7,219,1,7,2005,2012
Sweden,Croatia,7,881,3,5,2005,2010
Sweden,Israel,7,2515,2,6,2008,2021
Switzerland,Latvia,7,551,2,7,2005,2017
Switzerland,Thailand,7,20534,2,7,2005,2017
Thailand,Canada,7,8,3,5,2005,2018
Türkiye,Egypt,7,19712602,5,4,2005,2011
Uganda,Germany,7,1125,5,5,2005,2013
Uganda,Netherlands (Kingdom of the),7,11003,5,5,2005,2012
Ukraine,Czechia,7,43,1,7,2005,2018
Ukraine,Netherlands (Kingdom of the),7,14,2,6,2011,2021
Ukraine,United Arab Emirates,7,7009,4,4,2015,2021
Ukraine,United Kingdom of Great Britain and Northern Ireland,7,28,1,7,2006,2020
United Arab Emirates,Canada,7,66,5,6,2008,2021
United Arab Emirates,Gambia,7,42,3,6,2011,2021
United Kingdom of Great Britain and Northern Ireland,Latvia,7,776,5,6,2006,2021
United Kingdom of Great Britain and Northern Ireland,Saint Vincent and the Grenadines,7,50,1,7,2006,2018
United Republic of Tanzania,"China, Hong Kong SAR",7,10458,5,4,2006,2014
United Republic of Tanzania,"China, mainland",7,398,4,4,2006,2014
United Republic of Tanzania,Germany,7,11406,3,6,2005,2017
United Republic of Tanzania,Mozambique,7,62,6,5,2007,2021
United Republic of Tanzania,Thailand,7,100,4,3,2005,2014
United States of America,Afghanistan,7,6391,5,2,2017,2018
United States of America,Yemen,7,239000,3,5,2005,2009
Uruguay,Qatar,7,821,3,6,2006,2021
Uruguay,Switzerland,7,16,1,7,2007,2021
Uzbekistan,Afghanistan,7,2523078,2,6,2010,2021
Afghanistan,Uzbekistan,6,1422,4,3,2018,2021
Angola,Namibia,6,91,2,5,2013,2021
Angola,Portugal,6,6,4,2,2020,2021
Argentina,Austria,6,15,1,6,2010,2016
Argentina,Luxembourg,6,177,2,5,2010,2021
Armenia,Iraq,6,37895,2,5,2015,2021
Australia,Belgium,6,43,1,6,2007,2021
Australia,Vanuatu,6,5,5,3,2009,2011
Austria,Thailand,6,22,1,6,2005,2015
Bahrain,Jordan,6,111,1,6,2005,2018
Belarus,Italy,6,9815,1,6,2005,2010
Belgium,Guatemala,6,8001,4,4,2005,2021
Belgium,Kenya,6,131007,2,5,2007,2021
Belgium,Liberia,6,85000,1,6,2005,2021
Belgium,Niger,6,381000,2,5,2008,2021
Belgium,Venezuela (Bolivarian Republic of),6,18,1,6,2005,2021
Bosnia and Herzegovina,North Macedonia,6,2803001,2,6,2012,2021
Brazil,Equatorial Guinea,6,1536,5,3,2011,2013
Bulgaria,Egypt,6,63436,4,3,2016,2021
Bulgaria,Jordan,6,37,2,6,2005,2017
Bulgaria,Slovakia,6,1608,4,5,2007,2021
Bulgaria,Spain,6,27790,5,5,2005,2014
Burundi,Democratic Republic of the Congo,6,243,4,3,2015,2021
Canada,Bangladesh,6,384000,2,4,2006,2021
Canada,Barbados,6,180,3,6,2007,2021
Canada,Nepal,6,401000,2,4,2017,2021
Canada,Venezuela (Bolivarian Republic of),6,1889,2,5,2005,2009
Chile,Saudi Arabia,6,11,1,6,2005,2018
"China, Hong Kong SAR",Germany,6,14,2,6,2007,2021
"China, Hong Kong SAR",Republic of Korea,6,10003,3,6,2008,2020
"China, mainland",Gambia,6,7012,4,5,2010,2016
"China, mainland",Japan,6,862000,1,6,2013,2018
Congo,Democratic Republic of the Congo,6,747024,6,2,2017,2020
Croatia,Slovakia,6,582001,2,5,2007,2020
Cyprus,Slovakia,6,782790,2,5,2009,2021
Czechia,Ecuador,6,2000,2,6,2005,2021
Czechia,Republic of Korea,6,17,2,6,2008,2017
Czechia,Tajikistan,6,230,3,4,2013,2020
Côte d'Ivoire,Liberia,6,42000,1,6,2006,2015
Denmark,Nigeria,6,17197,2,6,2008,2020
Djibouti,United Arab Emirates,6,117216,3,2,2007,2008
Egypt,Iraq,6,24,5,5,2011,2021
Egypt,Libya,6,178936,6,2,2009,2011
Egypt,Palestine,6,38463,2,3,2018,2021
Egypt,United Kingdom of Great Britain and Northern Ireland,6,512,4,4,2008,2018
Estonia,Austria,6,918,1,6,2009,2021
Estonia,Georgia,6,1312,1,6,2015,2021
Estonia,Spain,6,1266,1,6,2006,2020
Estonia,Uzbekistan,6,6954,1,6,2015,2021
Finland,Hungary,6,4054,4,5,2007,2016
Finland,Poland,6,106619,2,6,2007,2017
France,Dominican Republic,6,35001,4,4,2005,2020
France,Lao People's Democratic Republic,6,60000,2,6,2008,2013
France,Peru,6,46005,3,5,2005,2018
France,Rwanda,6,43000,1,6,2005,2021
France,Trinidad and Tobago,6,5006,3,6,2006,2015
France,Uruguay,6,14,1,6,2006,2018
Georgia,Bahrain,6,7606,4,3,2013,2018
Georgia,Iran (Islamic Republic of),6,36635,2,6,2010,2021
Germany,Gambia,6,2,2,6,2007,2021
Germany,Iraq,6,44958,3,5,2007,2018
Germany,Malawi,6,74000,1,6,2012,2021
Germany,Myanmar,6,138000,1,6,2005,2016
Greece,Portugal,6,17449,3,4,2007,2014
Hungary,Ethiopia,6,198195,3,4,2012,2021
Hungary,Peru,6,308000,1,6,2005,2010
Hungary,Viet Nam,6,86024,3,6,2011,2020
India,Afghanistan,6,22001,3,4,2012,2021
India,Egypt,6,498169,5,5,2008,2020
India,Indonesia,6,7,3,5,2009,2016
India,Kuwait,6,96006,3,6,2005,2018
India,Spain,6,6,4,5,2005,2017
India,Switzerland,6,9,4,5,2005,2016
Indonesia,"China, Taiwan Province of",6,2349,4,5,2005,2009
Indonesia,"China, mainland",6,3448,2,5,2005,2009
Indonesia,India,6,89,4,4,2006,2018
Indonesia,Saudi Arabia,6,0,2,6,2007,2015
Iran (Islamic Republic of),South Africa,6,52,1,6,2013,2021
Ireland,Belarus,6,492,2,4,2005,2021
Ireland,Pakistan,6,23,3,5,2011,2021
Israel,India,6,11,2,6,2008,2018
Israel,Netherlands (Kingdom of the),6,8,1,6,2006,2021
Italy,Finland,6,36,2,5,2009,2018
Italy,Jordan,6,75068,3,5,2005,2021
Jamaica,United Kingdom of Great Britain and Northern Ireland,6,0,1,6,2014,2021
Japan,Cameroon,6,1,1,6,2008,2018
Japan,Myanmar,6,5317,2,5,2015,2021
Jordan,United Kingdom of Great Britain and Northern Ireland,6,27,1,6,2007,2021
Jordan,United States of America,6,29,1,6,2006,2020
Kenya,South Africa,6,4011,3,5,2005,2014
Kenya,South Sudan,6,13063,3,5,2016,2021
Kenya,Zimbabwe,6,26,2,5,2010,2021
Kuwait,Lebanon,6,5019,4,5,2009,2021
Kuwait,Thailand,6,0,2,5,2016,2021
Latvia,Croatia,6,5770,1,6,2013,2021
Latvia,Finland,6,24,2,6,2005,2015
Latvia,Romania,6,4355,2,6,2014,2021
Latvia,Slovakia,6,2633,2,5,2006,2021
Latvia,Switzerland,6,8,1,6,2006,2020
Latvia,United States of America,6,243,1,6,2006,2021
Lebanon,Luxembourg,6,16,2,6,2005,2020
Lithuania,Austria,6,1399,2,5,2006,2018
Lithuania,Sweden,6,96005,3,6,2007,2020
Lithuania,Uzbekistan,6,2710,2,5,2010,2021
Luxembourg,Brazil,6,194,2,4,2015,2021
Luxembourg,Greece,6,362,2,5,2009,2021
Mali,Nigeria,6,5222,3,4,2007,2018
Mauritius,Kenya,6,41000,2,5,2005,2018
Mauritius,Rwanda,6,42000,1,6,2013,2018
Netherlands (Kingdom of the),Afghanistan,6,62183,2,6,2005,2016
Netherlands (Kingdom of the),Malawi,6,173006,2,6,2007,2021
Netherlands (Kingdom of the),Maldives,6,2000,3,3,2010,2014
New Zealand,Luxembourg,6,78,2,5,2005,2010
New Zealand,Niue,6,2013,2,6,2005,2021
Niger,Mauritania,6,119,4,4,2005,2021
Niger,New Zealand,6,78,3,3,2008,2012
Niger,United States of America,6,12,1,6,2006,2021
Nigeria,Cameroon,6,530,3,3,2014,2021
Peru,Canada,6,5,2,6,2009,2021
Peru,El Salvador,6,33,1,6,2008,2016
Philippines,South Africa,6,9,2,6,2008,2017
Poland,Jordan,6,314000,1,6,2005,2016
Poland,Mongolia,6,180,1,6,2014,2021
Poland,Viet Nam,6,0,3,3,2018,2021
Portugal,Argentina,6,8,4,5,2013,2021
Portugal,Ireland,6,29,1,6,2005,2020
Portugal,Luxembourg,6,7509,3,6,2006,2021
Portugal,Singapore,6,4,4,3,2018,2021
Portugal,United Arab Emirates,6,9,4,4,2015,2021
Qatar,Lebanon,6,24,2,5,2008,2016
Republic of Korea,Cambodia,6,15559,3,5,2008,2013
Republic of Korea,Thailand,6,247,3,5,2008,2017
Republic of Moldova,Azerbaijan,6,1922,1,6,2014,2020
Republic of Moldova,Iraq,6,21696,2,5,2012,2021
Romania,Georgia,6,7349,3,3,2013,2016
Romania,Latvia,6,6741,2,6,2007,2018
Romania,United Kingdom of Great Britain and Northern Ireland,6,169738,4,6,2007,2018
Russian Federation,Republic of Korea,6,2033,2,5,2005,2021
Russian Federation,Spain,6,25,1,6,2007,2020
Rwanda,United Republic of Tanzania,6,57,3,5,2009,2021
Saudi Arabia,Ethiopia,6,327001,3,3,2005,2009
Saudi Arabia,Iraq,6,6978,3,4,2006,2021
Senegal,Spain,6,27001,4,4,2005,2016
Serbia,Romania,6,158,2,6,2008,2018
Serbia,Slovakia,6,8,1,6,2008,2018
Serbia,Switzerland,6,26,1,6,2007,2020
Singapore,France,6,6,2,4,2013,2021
Singapore,Philippines,6,18001,3,4,2005,2021
Slovakia,Lithuania,6,15451,2,6,2010,2020
Slovenia,Norway,6,13,1,6,2006,2021
South Africa,Australia,6,6,3,6,2006,2017
South Africa,Bahrain,6,4061,3,6,2009,2021
South Africa,Burundi,6,1147,3,5,2007,2013
South Africa,"China, Hong Kong SAR",6,31,3,5,2006,2021
South Africa,"China, mainland",6,305,1,6,2006,2017
South Africa,India,6,17,5,3,2005,2018
South Africa,Oman,6,43886,5,4,2010,2020
Spain,"China, mainland",6,1096067,3,4,2014,2020
Spain,Cyprus,6,1355,4,5,2011,2020
Spain,India,6,22008,5,5,2005,2017
Spain,Kenya,6,111000,2,6,2015,2021
Spain,Myanmar,6,302960,2,5,2014,2021
Spain,North Macedonia,6,2048,1,6,2012,2020
Spain,Singapore,6,1000,1,6,2015,2021
Spain,Uganda,6,328000,1,6,2015,2021
Sweden,Bosnia and Herzegovina,6,1234,3,6,2006,2015
Sweden,Czechia,6,38354,3,5,2008,2021
Sweden,Japan,6,82,3,5,2007,2020
Sweden,Republic of Korea,6,1141,4,5,2006,2021
Sweden,United Arab Emirates,6,113,2,6,2006,2020
Switzerland,Argentina,6,25,1,6,2006,2020
Switzerland,Lithuania,6,26,1,6,2005,2020
Syrian Arab Republic,Netherlands (Kingdom of the),6,13,1,6,2008,2018
Thailand,Denmark,6,2,4,4,2010,2018
Thailand,Egypt,6,822,4,6,2006,2020
Thailand,Greece,6,3,5,4,2007,2013
Thailand,Poland,6,583,4,4,2009,2013
Thailand,Sweden,6,1006,4,6,2005,2018
Trinidad and Tobago,United States of America,6,3,3,6,2007,2020
Türkiye,Uzbekistan,6,121000,1,6,2005,2021
Ukraine,Libya,6,9854,1,6,2006,2018
United Arab Emirates,Afghanistan,6,1078134,4,4,2015,2021
United Arab Emirates,"China, Hong Kong SAR",6,38,1,6,2014,2020
United Arab Emirates,Republic of Korea,6,12,2,6,2012,2020
United Arab Emirates,Sri Lanka,6,17,4,4,2014,2021
United Kingdom of Great Britain and Northern Ireland,Grenada,6,5000,3,5,2005,2021
United Kingdom of Great Britain and Northern Ireland,Mali,6,76000,2,6,2012,2021
United Kingdom of Great Britain and Northern Ireland,Mexico,6,18513,2,5,2006,2018
United Republic of Tanzania,India,6,7169,3,4,2006,2015
United Republic of Tanzania,Oman,6,107,4,5,2005,2014
United Republic of Tanzania,Singapore,6,29334,2,6,2005,2014
United States of America,Angola,6,2941,2,6,2005,2021
United States of America,Kyrgyzstan,6,32241,3,5,2011,2021
United States of America,Mauritius,6,4008,2,5,2007,2018
United States of America,Tonga,6,4028,4,4,2005,2020
Uruguay,Ecuador,6,4581,5,6,2007,2021
Uruguay,Peru,6,3061,3,5,2005,2014
Uruguay,Thailand,6,18,1,6,2010,2016
Venezuela (Bolivarian Republic of),Dominican Republic,6,2030,4,4,2012,2017
Venezuela (Bolivarian Republic of),Peru,6,251004,2,6,2005,2010
Zambia,Congo,6,132133,2,5,2011,2021
Zimbabwe,Congo,6,5655,3,6,2005,2018
Zimbabwe,Mauritius,6,19,1,6,2005,2011
Afghanistan,Pakistan,5,72325,2,5,2007,2021
Angola,Congo,5,1150,4,2,2020,2021
Argentina,"China, mainland",5,55,1,5,2009,2021
Argentina,Norway,5,6,1,5,2005,2020
Argentina,Qatar,5,21,1,5,2007,2016
Armenia,Lebanon,5,69547,2,4,2014,2021
Australia,Kiribati,5,3116,4,3,2005,2021
Australia,Solomon Islands,5,30,3,4,2006,2016
Australia,United Republic of Tanzania,5,4,4,4,2008,2015
Austria,Chile,5,29,1,5,2010,2016
Austria,Georgia,5,277,3,3,2015,2020
Austria,Israel,5,3,1,5,2006,2021
Austria,Lithuania,5,425,1,5,2006,2021
Austria,Tunisia,5,497,2,5,2008,2018
Azerbaijan,Ukraine,5,99,2,5,2005,2015
Bahrain,Netherlands (Kingdom of the),5,30,1,5,2005,2021
Bahrain,Pakistan,5,0,1,5,2013,2021
Belarus,Netherlands (Kingdom of the),5,15,1,5,2005,2013
Belarus,Slovakia,5,23,1,5,2005,2010
Belarus,Ukraine,5,15108,3,4,2009,2021
Belgium,Armenia,5,148000,3,3,2014,2018
Belgium,"China, Hong Kong SAR",5,1007,3,4,2017,2021
Belgium,Nigeria,5,11746,3,4,2007,2017
Belgium,Zimbabwe,5,2034,3,4,2011,2018
Bolivia (Plurinational State of),United States of America,5,15,2,5,2005,2018
Botswana,United States of America,5,8,3,4,2012,2016
Brazil,Mauritius,5,12,1,5,2010,2016
Brazil,Saudi Arabia,5,278486,3,5,2007,2021
Brazil,Sweden,5,10,1,5,2006,2012
Bulgaria,Switzerland,5,15,2,5,2005,2021
Canada,Estonia,5,152,1,5,2009,2013
Canada,Indonesia,5,14,2,4,2011,2015
Canada,Lithuania,5,6,2,4,2005,2021
Canada,Slovakia,5,14019,3,4,2007,2018
Chile,Norway,5,8,1,5,2005,2013
Chile,Sweden,5,5,1,5,2005,2016
"China, Hong Kong SAR",Malaysia,5,15,2,5,2006,2018
"China, Macao SAR","China, mainland",5,684,1,5,2005,2009
"China, mainland",Cameroon,5,1971,3,3,2012,2021
"China, mainland",Congo,5,1075,3,4,2008,2015
"China, mainland",India,5,53,2,4,2005,2020
"China, mainland",Saudi Arabia,5,164779,3,4,2005,2014
"China, mainland",Uganda,5,25,4,4,2012,2021
Colombia,Iraq,5,261053,1,5,2016,2021
Croatia,France,5,4,2,4,2008,2012
Cyprus,Denmark,5,2001,3,4,2012,2020
Czechia,Qatar,5,10,2,5,2005,2021
Czechia,Saudi Arabia,5,7,3,4,2005,2021
Denmark,Azerbaijan,5,305554,3,5,2009,2021
Denmark,Bangladesh,5,163000,2,5,2005,2020
Denmark,Egypt,5,848000,1,5,2008,2016
Denmark,Iceland,5,2121,2,5,2007,2021
Dominican Republic,Colombia,5,49,1,5,2009,2018
Dominican Republic,Suriname,5,542,2,5,2012,2016
Egypt,Canada,5,565,3,3,2009,2017
Egypt,Ethiopia,5,457000,3,2,2005,2006
El Salvador,Costa Rica,5,16,2,4,2005,2020
Estonia,Finland,5,37,1,5,2007,2020
Estonia,Malta,5,1481,1,5,2009,2021
Estonia,Slovenia,5,1002,1,5,2014,2021
Ethiopia,Qatar,5,5854,3,3,2012,2017
Fiji,Samoa,5,8131,4,3,2013,2015
Fiji,Tuvalu,5,5018,3,5,2008,2016
France,Djibouti,5,8,4,4,2009,2015
France,Sudan (former),5,430000,1,5,2007,2011
Germany,Angola,5,16000,1,5,2013,2021
Germany,Eritrea,5,7814,2,5,2012,2020
Germany,Mongolia,5,4159,3,4,2005,2017
Germany,Sudan (former),5,79006,2,5,2005,2010
Germany,Tajikistan,5,2643,1,5,2015,2021
Greece,Serbia,5,1811000,1,5,2008,2020
Greece,Switzerland,5,12,1,5,2014,2021
Guatemala,Canada,5,5,2,5,2008,2021
Guatemala,Venezuela (Bolivarian Republic of),5,3053,2,5,2007,2013
Guinea,Sierra Leone,5,76,5,2,2015,2018
Honduras,United States of America,5,615,2,4,2008,2018
Hungary,Eritrea,5,509009,2,4,2015,2020
Hungary,Nigeria,5,399000,2,4,2013,2017
Hungary,Pakistan,5,34000,1,5,2010,2018
Hungary,Qatar,5,3172,4,4,2013,2021
Hungary,Saudi Arabia,5,125000,1,5,2016,2021
Hungary,United Republic of Tanzania,5,20000,1,5,2008,2015
Iceland,Australia,5,112,1,5,2010,2018
Iceland,Spain,5,303,1,5,2011,2016
India,Brazil,5,10,4,3,2009,2016
Indonesia,"China, Hong Kong SAR",5,9,3,3,2005,2007
Indonesia,United Kingdom of Great Britain and Northern Ireland,5,345,3,4,2005,2017
Iran (Islamic Republic of),Tajikistan,5,850202,2,5,2005,2017
Iraq,Lebanon,5,413000,1,5,2014,2018
Ireland,Luxembourg,5,6,1,5,2012,2021
Ireland,Uganda,5,1144,2,4,2007,2012
Ireland,Uruguay,5,9,1,5,2005,2020
Israel,France,5,11162,3,4,2005,2021
Israel,Singapore,5,0,1,5,2015,2021
Italy,Australia,5,8,1,5,2006,2013
Italy,Cameroon,5,15001,2,5,2006,2018
Italy,Eritrea,5,82,3,4,2009,2017
Italy,Estonia,5,128,3,4,2006,2018
Italy,Ghana,5,8500,4,5,2005,2016
Italy,Iran (Islamic Republic of),5,136301,2,4,2014,2020
Italy,Latvia,5,14,2,5,2006,2018
Italy,Malaysia,5,35206,3,4,2006,2017
Italy,Uruguay,5,16,1,5,2006,2021
Jamaica,Guyana,5,77011,4,5,2009,2017
Japan,"China, Macao SAR",5,45,2,5,2006,2018
Japan,Philippines,5,77751,3,4,2005,2017
Japan,Saudi Arabia,5,22,3,4,2005,2021
Jordan,Sudan,5,6018,2,4,2012,2016
Jordan,Sudan (former),5,70015,2,4,2008,2011
Kenya,Comoros,5,32000,1,5,2010,2021
Kuwait,United States of America,5,8,3,5,2013,2021
Lebanon,Ghana,5,5,3,5,2007,2021
Lithuania,Kazakhstan,5,1396,2,5,2010,2021
Lithuania,Kyrgyzstan,5,118,1,5,2014,2021
Lithuania,Lebanon,5,1914,1,5,2014,2020
Lithuania,Slovenia,5,31117,1,5,2013,2021
Luxembourg,Hungary,5,2834,2,4,2005,2018
Luxembourg,Ireland,5,307,2,3,2014,2021
Malawi,Uganda,5,19001,2,5,2007,2014
Malawi,United States of America,5,2983,2,5,2013,2021
Malaysia,"China, Hong Kong SAR",5,2623,3,4,2006,2017
Malaysia,"China, mainland",5,135061,4,5,2007,2021
Malaysia,India,5,76,3,4,2007,2018
Mauritius,South Africa,5,9106,2,5,2005,2016
Mexico,France,5,125,2,5,2010,2021
Mexico,Peru,5,38,3,5,2007,2018
Morocco,Burkina Faso,5,957021,3,2,2020,2021
Morocco,Germany,5,79,1,5,2005,2017
Morocco,Netherlands (Kingdom of the),5,38,2,5,2009,2017
Morocco,United Arab Emirates,5,72,2,4,2014,2018
Myanmar,Japan,5,929,3,5,2015,2021
Myanmar,United States of America,5,51,2,4,2017,2021
Namibia,Democratic Republic of the Congo,5,991,2,5,2012,2018
Netherlands (Kingdom of the),Eritrea,5,91000,1,5,2005,2013
Netherlands (Kingdom of the),Honduras,5,37,1,5,2005,2015
Netherlands (Kingdom of the),Kyrgyzstan,5,143001,2,5,2010,2021
Nicaragua,United States of America,5,8,3,5,2007,2021
Niger,France,5,208,4,2,2008,2010
Norway,Czechia,5,10,2,5,2013,2020
Norway,Italy,5,7,1,5,2010,2018
Norway,Serbia,5,104,2,5,2007,2021
Oman,Jordan,5,35083,5,4,2009,2021
Panama,El Salvador,5,66,2,5,2005,2018
Panama,Mexico,5,11,1,5,2005,2015
Peru,Mexico,5,23,1,5,2005,2014
Philippines,Bahrain,5,0,1,5,2009,2015
Poland,Albania,5,16730,2,4,2005,2014
Poland,Syrian Arab Republic,5,182000,1,5,2006,2011
Poland,Tajikistan,5,557,5,4,2011,2021
Portugal,Greece,5,607,3,4,2007,2018
Portugal,Hungary,5,905000,1,5,2013,2017
Portugal,Poland,5,565534,4,3,2016,2021
Portugal,Russian Federation,5,15,1,5,2008,2020
Qatar,Egypt,5,26,2,5,2005,2021
Qatar,Iran (Islamic Republic of),5,850,3,5,2005,2018
Qatar,Italy,5,77,1,5,2015,2020
Qatar,Thailand,5,13,4,4,2012,2020
Republic of Korea,"China, mainland",5,225,3,4,2007,2017
Republic of Korea,Indonesia,5,21,4,5,2005,2020
Republic of Korea,Netherlands (Kingdom of the),5,27,1,5,2008,2018
Romania,Norway,5,22,1,5,2006,2012
Romania,Switzerland,5,8,1,5,2015,2021
Russian Federation,Bulgaria,5,17,1,5,2009,2021
Russian Federation,Lebanon,5,45528,1,5,2007,2021
Rwanda,France,5,55,2,3,2010,2012
Saudi Arabia,Lebanon,5,163016,2,5,2006,2015
Saudi Arabia,Sudan,5,4668,2,4,2014,2021
Saudi Arabia,Sudan (former),5,14202,4,2,2006,2008
Senegal,Benin,5,3000,4,4,2008,2020
Senegal,Greece,5,29000,2,4,2005,2011
Serbia,Belgium,5,8,1,5,2008,2015
Serbia,Greece,5,13,1,5,2006,2010
Serbia,Libya,5,35488,1,5,2012,2020
Serbia,Netherlands (Kingdom of the),5,44,2,5,2010,2015
Serbia,Sweden,5,7,1,5,2007,2021
Sierra Leone,Lebanon,5,4102,1,5,2010,2020
Singapore,India,5,21,2,5,2005,2018
Singapore,New Zealand,5,11,2,5,2014,2021
Singapore,South Africa,5,38,1,5,2005,2017
Slovakia,Albania,5,2562,4,4,2008,2011
Slovakia,Latvia,5,546,3,5,2005,2016
Slovenia,United States of America,5,13,1,5,2013,2021
South Africa,Comoros,5,1180,4,3,2008,2020
South Africa,Indonesia,5,20,3,4,2010,2015
South Africa,Ireland,5,6,1,5,2007,2021
South Africa,Madagascar,5,61003,3,5,2008,2018
South Africa,Russian Federation,5,964,3,5,2006,2016
South Africa,Spain,5,209,2,5,2007,2021
Spain,Angola,5,30000,3,4,2013,2021
Spain,Bahrain,5,73,2,5,2006,2016
Spain,"China, Taiwan Province of",5,79002,2,5,2014,2021
Spain,Equatorial Guinea,5,28751,3,3,2006,2018
Spain,Latvia,5,130018,3,5,2005,2021
Spain,Pakistan,5,130000,1,5,2015,2021
Spain,Slovenia,5,373,3,3,2014,2021
Spain,United Republic of Tanzania,5,13003,3,5,2013,2021
Spain,Uruguay,5,44,3,5,2008,2020
Sri Lanka,Singapore,5,1224,4,5,2005,2018
Sri Lanka,United Arab Emirates,5,20,3,4,2005,2021
Sweden,Argentina,5,5,1,5,2009,2018
Sweden,Australia,5,122,2,5,2010,2018
Sweden,"China, mainland",5,1008,4,4,2010,2020
Sweden,Portugal,5,370961,2,5,2012,2018
Sweden,Romania,5,538,3,5,2010,2021
Switzerland,Brazil,5,6,1,5,2007,2014
Switzerland,Malaysia,5,15,3,4,2012,2017
Thailand,Belgium,5,5,1,5,2007,2017
Thailand,Brunei Darussalam,5,4022,4,3,2010,2018
Thailand,Norway,5,2,4,3,2011,2013
Togo,Equatorial Guinea,5,3710,1,5,2011,2021
Tunisia,Algeria,5,26028,2,5,2008,2015
Tunisia,Morocco,5,65,1,5,2008,2020
Türkiye,Armenia,5,1460000,1,5,2011,2015
Türkiye,Saudi Arabia,5,393540,3,4,2005,2021
Uganda,India,5,5,3,4,2006,2013
Uganda,Malawi,5,9,3,5,2005,2014
Ukraine,Iran (Islamic Republic of),5,31,2,5,2005,2018
Ukraine,Italy,5,733,1,5,2005,2012
Ukraine,Lithuania,5,10,1,5,2005,2021
Ukraine,Qatar,5,162002,4,3,2010,2017
United Arab Emirates,Azerbaijan,5,12,1,5,2013,2021
United Arab Emirates,Brazil,5,12,2,4,2010,2020
United Arab Emirates,Chile,5,4,3,4,2005,2020
United Arab Emirates,Djibouti,5,4944,3,4,2007,2021
United Arab Emirates,Poland,5,5,4,4,2014,2021
United Arab Emirates,Portugal,5,3,3,5,2014,2021
United Arab Emirates,Turkmenistan,5,31,2,5,2007,2021
United Arab Emirates,Viet Nam,5,285,3,4,2015,2020
United Kingdom of Great Britain and Northern Ireland,Antigua and Barbuda,5,1000,4,4,2005,2021
United Kingdom of Great Britain and Northern Ireland,Burkina Faso,5,18000,2,4,2007,2021
United Kingdom of Great Britain and Northern Ireland,Peru,5,15,1,5,2009,2018
United Kingdom of Great Britain and Northern Ireland,Sudan,5,586000,1,5,2012,2020
United Kingdom of Great Britain and Northern Ireland,Venezuela (Bolivarian Republic of),5,118009,2,4,2005,2012
United Republic of Tanzania,Bahrain,5,12,4,4,2009,2014
United Republic of Tanzania,Cameroon,5,500638,4,4,2005,2021
United States of America,Belarus,5,29,1,5,2006,2014
United States of America,Botswana,5,6,3,5,2013,2021
United States of America,Ethiopia,5,120,4,5,2009,2021
United States of America,Gabon,5,191000,2,3,2007,2010
United States of America,Lithuania,5,125,3,4,2005,2021
United States of America,Malawi,5,63000,1,5,2007,2016
United States of America,Slovenia,5,15,1,5,2007,2021
Yemen,Oman,5,2853,4,4,2011,2018
Yemen,United Arab Emirates,5,1347,3,5,2005,2017
Zambia,Rwanda,5,98019,3,5,2011,2020
Zimbabwe,Uganda,5,32001,2,5,2005,2013
Antigua and Barbuda,United States of America,4,8,3,3,2005,2014
Argentina,Ghana,4,127,1,4,2015,2018
Argentina,Jordan,4,17,2,3,2005,2014
Argentina,Kuwait,4,8,1,4,2014,2021
Argentina,Philippines,4,27,1,4,2012,2016
Australia,Bhutan,4,74000,1,4,2010,2018
Australia,Cambodia,4,5404,2,4,2013,2020
Australia,Denmark,4,11,1,4,2005,2013
Australia,Italy,4,5,1,4,2005,2021
Australia,Luxembourg,4,14,2,3,2007,2021
Australia,Sweden,4,7,1,4,2007,2020
Australia,Timor-Leste,4,17025,3,3,2005,2008
Austria,Iran (Islamic Republic of),4,134576,2,4,2010,2020
Austria,Turkmenistan,4,662,3,3,2012,2018
Bahrain,Indonesia,4,0,2,2,2018,2020
Bahrain,Ireland,4,34,1,4,2016,2021
Bangladesh,Nepal,4,25000,2,3,2006,2009
Bangladesh,Thailand,4,28,3,4,2005,2017
Belarus,Kyrgyzstan,4,529,2,3,2017,2021
Belgium,Albania,4,271250,2,4,2006,2015
Belgium,Azerbaijan,4,45,1,4,2006,2014
Belgium,Madagascar,4,576033,2,4,2013,2021
Belgium,Maldives,4,2000,2,3,2016,2020
Belgium,Myanmar,4,2679005,2,3,2017,2020
Belgium,Namibia,4,727000,1,4,2012,2018
Belgium,Somalia,4,254009,2,4,2011,2021
Belgium,Sudan (former),4,207000,1,4,2007,2011
Belize,Mexico,4,5309,1,4,2013,2021
Benin,Côte d'Ivoire,4,3000,3,3,2016,2021
Botswana,Germany,4,4,2,4,2012,2018
Brazil,Bahrain,4,19,3,3,2010,2012
Brazil,Côte d'Ivoire,4,44226,4,2,2006,2015
Brazil,Republic of Korea,4,26,2,4,2006,2018
Brazil,Switzerland,4,967,1,4,2009,2015
Brazil,Yemen,4,158800,3,4,2006,2012
Brunei Darussalam,Singapore,4,10,3,3,2014,2021
Brunei Darussalam,United Kingdom of Great Britain and Northern Ireland,4,11,1,4,2013,2016
Bulgaria,Armenia,4,1265,3,3,2013,2015
Bulgaria,Czechia,4,165,3,2,2006,2015
Bulgaria,Poland,4,127323,3,4,2008,2021
Bulgaria,Syrian Arab Republic,4,27,1,4,2007,2011
Bulgaria,United Arab Emirates,4,55000,2,4,2015,2020
Bulgaria,United Kingdom of Great Britain and Northern Ireland,4,27,3,2,2005,2006
Burkina Faso,Nigeria,4,1762,2,3,2009,2016
Burkina Faso,Senegal,4,1009,1,4,2009,2018
Burundi,Uganda,4,143,1,4,2010,2018
Canada,Argentina,4,19076,3,4,2011,2021
Canada,Bahamas,4,1,1,4,2012,2020
Canada,El Salvador,4,246,2,4,2007,2021
Canada,Greece,4,17,1,4,2007,2018
Canada,Grenada,4,31000,1,4,2009,2018
Canada,Jordan,4,23002,2,4,2007,2015
Canada,Portugal,4,7,2,4,2007,2021
Canada,Qatar,4,1869,4,3,2010,2020
Canada,Senegal,4,2020,2,4,2007,2020
Chile,Australia,4,9,1,4,2006,2013
Chile,Costa Rica,4,46001,2,3,2007,2009
Chile,Panama,4,34,1,4,2008,2017
Chile,Türkiye,4,30157,2,4,2016,2020
"China, Hong Kong SAR",Thailand,4,7024,3,4,2005,2021
"China, Macao SAR","China, Hong Kong SAR",4,29,1,4,2006,2009
"China, Taiwan Province of",Canada,4,11,1,4,2006,2018
"China, Taiwan Province of","China, mainland",4,5005,3,4,2005,2015
"China, Taiwan Province of",South Africa,4,744,1,4,2007,2021
"China, Taiwan Province of",United Arab Emirates,4,12,2,4,2014,2020
"China, mainland",Botswana,4,1,3,3,2009,2020
"China, mainland",Colombia,4,7,2,4,2009,2020
"China, mainland",Kyrgyzstan,4,21529,4,4,2005,2016
"China, mainland",Qatar,4,707,3,3,2006,2014
"China, mainland",Sri Lanka,4,7125,2,4,2011,2016
"China, mainland",United Kingdom of Great Britain and Northern Ireland,4,30,1,4,2006,2021
"China, mainland",Zambia,4,66,2,3,2017,2021
Colombia,Bolivia (Plurinational State of),4,35000,3,3,2005,2011
Colombia,Egypt,4,206763,1,4,2017,2021
Colombia,Thailand,4,3,2,4,2008,2016
Croatia,Portugal,4,281,1,4,2009,2016
Cuba,Panama,4,23003,2,3,2007,2012
Cyprus,Albania,4,4822,1,4,2005,2008
Cyprus,Bulgaria,4,19180,3,3,2008,2013
Cyprus,Sudan (former),4,2076,1,4,2008,2011
Czechia,Finland,4,1,2,4,2005,2015
Czechia,Malta,4,138,2,4,2013,2021
Czechia,United Republic of Tanzania,4,493,1,4,2007,2020
Côte d'Ivoire,Senegal,4,245,3,2,2016,2017
Democratic Republic of the Congo,Zambia,4,131,1,4,2016,2021
Dominican Republic,Ecuador,4,3000,3,3,2005,2017
Dominican Republic,Mexico,4,28,2,4,2007,2016
Dominican Republic,Netherlands (Kingdom of the),4,0,2,3,2012,2021
Ecuador,Argentina,4,16,2,4,2005,2015
Ecuador,Bolivia (Plurinational State of),4,0,3,4,2009,2015
Ecuador,Canada,4,1,2,4,2005,2016
Egypt,Bangladesh,4,235000,2,2,2005,2006
Egypt,Ghana,4,799361,2,4,2005,2021
Egypt,Italy,4,2494,2,4,2005,2018
Egypt,Republic of Korea,4,690,2,3,2009,2018
Egypt,Russian Federation,4,7000,3,4,2005,2018
Egypt,Türkiye,4,81006,2,3,2009,2017
Egypt,United Republic of Tanzania,4,11001,3,4,2005,2021
El Salvador,Mexico,4,22,1,4,2005,2008
El Salvador,Panama,4,9,1,4,2010,2018
Estonia,Slovakia,4,34048,3,3,2011,2021
Estonia,Ukraine,4,275,3,4,2013,2021
Ethiopia,Italy,4,377,3,3,2005,2021
Ethiopia,Rwanda,4,168000,2,2,2017,2021
Faroe Islands,Denmark,4,6,1,4,2010,2021
Fiji,Tonga,4,1556,4,3,2005,2013
Finland,Canada,4,4,1,4,2008,2015
Finland,France,4,7,2,4,2005,2020
Finland,Italy,4,47,2,4,2007,2018
Finland,United States of America,4,8,1,4,2005,2018
France,Brunei Darussalam,4,12988,3,4,2006,2020
France,Gambia,4,36002,2,4,2006,2018
France,New Zealand,4,9,1,4,2015,2021
France,Saint Lucia,4,2000,1,4,2005,2020
France,Sudan,4,1478000,1,4,2012,2015
Georgia,Egypt,4,10057,1,4,2009,2021
Georgia,United States of America,4,6,1,4,2010,2018
Germany,Congo,4,16000,1,4,2005,2016
Germany,Nigeria,4,6172,3,4,2006,2014
Germany,Serbia and Montenegro,4,94692,4,1,2005,2005
Germany,Venezuela (Bolivarian Republic of),4,73000,2,3,2005,2007
Germany,Yemen,4,247000,1,4,2005,2009
Ghana,Liberia,4,27000,2,3,2008,2018
Ghana,United States of America,4,5,4,3,2005,2018
Guatemala,Colombia,4,24,2,4,2007,2021
Honduras,Panama,4,10,2,4,2005,2016
Hungary,Cameroon,4,22000,1,4,2012,2016
Hungary,Cyprus,4,905,3,3,2006,2017
Hungary,Ireland,4,6031,3,4,2013,2017
Hungary,Mexico,4,62006,2,4,2005,2018
Hungary,Portugal,4,25680,3,2,2006,2007
Hungary,Serbia and Montenegro,4,934199,4,1,2005,2005
Hungary,Thailand,4,21,1,4,2016,2021
Hungary,Tunisia,4,569,1,4,2014,2020
Iceland,Poland,4,6,1,4,2008,2020
Iceland,Romania,4,20,1,4,2007,2021
India,Australia,4,8,1,4,2007,2017
India,Burundi,4,37000,2,2,2012,2013
India,Ireland,4,7,3,4,2005,2016
India,Republic of Korea,4,12,3,4,2005,2016
India,Russian Federation,4,31,2,4,2012,2016
India,Sweden,4,9,2,4,2007,2015
Indonesia,Italy,4,15,3,3,2005,2007
Indonesia,Myanmar,4,1409000,1,4,2016,2021
Iran (Islamic Republic of),Switzerland,4,4,1,4,2006,2020
Ireland,Bosnia and Herzegovina,4,4,2,4,2010,2016
Ireland,Kuwait,4,11,1,4,2016,2021
Ireland,Lebanon,4,17108,1,4,2005,2018
Ireland,United Republic of Tanzania,4,880,3,4,2005,2018
Israel,Cyprus,4,23700,4,2,2006,2007
Israel,Ethiopia,4,2508,2,3,2009,2011
Israel,Spain,4,7001,4,3,2005,2018
Israel,Thailand,4,36,2,4,2007,2014
Israel,United Kingdom of Great Britain and Northern Ireland,4,2,2,4,2006,2016
Italy,Côte d'Ivoire,4,55501,2,4,2005,2021
Italy,Montenegro,4,331000,1,4,2006,2016
Italy,North Macedonia,4,7314,3,3,2008,2014
Italy,Philippines,4,5080,2,2,2013,2014
Jamaica,Haiti,4,210147,3,2,2010,2012
Japan,Indonesia,4,73,4,2,2005,2008
Japan,Malaysia,4,31,2,4,2005,2012
Japan,Niger,4,5,2,3,2010,2013
Japan,South Africa,4,514,3,4,2007,2018
Japan,Türkiye,4,7,1,4,2007,2021
Jordan,Germany,4,37,1,4,2012,2020
Kazakhstan,Belarus,4,878,3,4,2005,2018
Kazakhstan,Mongolia,4,443,2,4,2013,2018
Kazakhstan,Türkiye,4,4,1,4,2009,2021
Kenya,United Arab Emirates,4,386,4,4,2005,2020
Kuwait,India,4,1,3,2,2020,2021
Kyrgyzstan,Kuwait,4,15715,2,3,2011,2013
Kyrgyzstan,United Arab Emirates,4,8840,2,2,2010,2011
Latvia,Bulgaria,4,2135,2,4,2011,2021
Latvia,"China, mainland",4,152,1,4,2015,2018
Latvia,Czechia,4,961,2,3,2009,2017
Latvia,France,4,336,3,4,2010,2020
Latvia,Greece,4,9386,2,4,2006,2018
Latvia,Kazakhstan,4,213,2,4,2011,2020
Lebanon,Oman,4,1425,3,3,2006,2017
Libya,Tunisia,4,6,1,4,2016,2021
Lithuania,Czechia,4,1547,3,4,2009,2020
Lithuania,Finland,4,13,1,4,2011,2020
Lithuania,Tajikistan,4,887,3,3,2016,2021
Luxembourg,Canada,4,17,2,3,2007,2021
Luxembourg,Czechia,4,471,2,4,2015,2018
Luxembourg,Türkiye,4,4,1,4,2012,2021
Malawi,Rwanda,4,178000,2,3,2007,2009
Malawi,South Africa,4,3001,3,4,2007,2021
Malaysia,Belgium,4,47,2,4,2008,2017
Malaysia,France,4,36,4,4,2007,2017
Malaysia,Oman,4,0,3,3,2015,2018
Malaysia,Pakistan,4,7007,3,4,2010,2021
Mexico,Chile,4,14,1,4,2005,2021
Morocco,Guinea,4,1000,1,4,2017,2021
Morocco,Switzerland,4,6,1,4,2006,2014
Mozambique,Zimbabwe,4,322049,3,3,2008,2020
Netherlands (Kingdom of the),Madagascar,4,285000,1,4,2012,2016
Netherlands (Kingdom of the),Seychelles,4,208000,1,4,2016,2021
New Zealand,Brazil,4,370,2,4,2006,2017
New Zealand,France,4,6009,3,4,2006,2021
New Zealand,Qatar,4,8,2,4,2005,2013
Niger,Ethiopia,4,9043,2,3,2013,2017
Norway,Chile,4,161,1,4,2015,2021
Norway,Hungary,4,21,3,4,2006,2021
Norway,Portugal,4,6,1,4,2016,2021
Norway,Thailand,4,250,2,4,2005,2013
Pakistan,Canada,4,121,2,4,2005,2015
Pakistan,Indonesia,4,64000,1,4,2013,2016
Paraguay,Bolivia (Plurinational State of),4,88,2,4,2005,2018
Paraguay,Brazil,4,356,2,3,2006,2013
Paraguay,Uruguay,4,7,1,4,2005,2020
Peru,France,4,6,2,4,2005,2020
Philippines,Australia,4,73,2,3,2012,2014
Philippines,Kuwait,4,170,3,4,2014,2021
Philippines,Republic of Korea,4,392,2,3,2013,2017
Philippines,United Kingdom of Great Britain and Northern Ireland,4,10501,3,3,2005,2014
Poland,"China, mainland",4,407001,2,4,2015,2018
Poland,Cyprus,4,113,1,4,2005,2020
Poland,Republic of Korea,4,79020,2,4,2010,2016
Poland,Sri Lanka,4,376000,1,4,2015,2018
Poland,United Republic of Tanzania,4,130000,1,4,2013,2018
Portugal,Costa Rica,4,26,1,4,2014,2017
Portugal,Ecuador,4,38,1,4,2005,2014
Portugal,Guatemala,4,35,1,4,2006,2017
Portugal,Mozambique,4,103,3,3,2012,2016
Portugal,Sweden,4,131,3,3,2012,2016
Qatar,Sudan,4,4401,4,1,2015,2015
Qatar,Yemen,4,17,2,3,2007,2014
Republic of Korea,United Arab Emirates,4,46,2,3,2016,2020
Republic of Moldova,Russian Federation,4,317,2,4,2009,2021
Romania,Azerbaijan,4,21267,2,3,2014,2020
Romania,United States of America,4,11957,2,3,2017,2021
Russian Federation,Canada,4,8023,2,4,2005,2011
Russian Federation,Ecuador,4,0,1,4,2014,2021
Russian Federation,Norway,4,8,1,4,2005,2020
Russian Federation,United Kingdom of Great Britain and Northern Ireland,4,23,1,4,2006,2021
Rwanda,Congo,4,11454,2,4,2013,2021
Rwanda,Kenya,4,1011,4,4,2007,2018
Senegal,France,4,81002,3,4,2005,2010
Senegal,Guinea-Bissau,4,3000,4,4,2005,2021
Serbia,Palestine,4,22436,1,4,2016,2020
Serbia,Russian Federation,4,4,2,4,2008,2018
Serbia,United Kingdom of Great Britain and Northern Ireland,4,10,2,4,2006,2016
Serbia and Montenegro,Bosnia and Herzegovina,4,582070,4,1,2005,2005
Singapore,Brunei Darussalam,4,567,4,3,2014,2017
Singapore,"China, mainland",4,22,3,4,2012,2020
Singapore,Denmark,4,7,1,4,2005,2011
Singapore,Myanmar,4,125004,4,3,2014,2016
Slovakia,Cyprus,4,150515,3,4,2005,2020
Slovakia,Kazakhstan,4,880,2,4,2005,2021
Slovakia,Sweden,4,13036,3,4,2005,2020
Slovenia,France,4,101,2,4,2010,2021
Slovenia,Romania,4,77167,3,3,2010,2021
South Africa,Armenia,4,162,4,2,2016,2021
South Africa,Ecuador,4,5,2,4,2005,2021
South Africa,Ethiopia,4,5086,3,3,2007,2012
South Africa,Israel,4,312,4,3,2007,2014
South Africa,Japan,4,63,3,3,2007,2020
South Africa,Luxembourg,4,84,2,4,2006,2009
South Africa,Mali,4,8,4,3,2007,2017
South Africa,Saudi Arabia,4,1269,3,3,2005,2018
South Africa,Switzerland,4,37,2,4,2007,2018
Spain,Benin,4,64000,1,4,2006,2021
Spain,Bolivia (Plurinational State of),4,0,3,4,2006,2021
Spain,Kazakhstan,4,238017,3,3,2008,2021
Spain,Mali,4,92011,2,4,2010,2021
Spain,Oman,4,29,3,4,2005,2020
Spain,Sudan,4,101000,1,4,2015,2021
Sri Lanka,Germany,4,5,2,4,2008,2014
Sri Lanka,Myanmar,4,92000,1,4,2012,2017
Sudan (former),Jordan,4,57437,3,3,2005,2010
Sudan (former),Kuwait,4,5578,3,2,2005,2006
Sweden,Greece,4,17,2,4,2007,2012
Sweden,Iceland,4,1,2,2,2020,2021
Sweden,Thailand,4,5810,2,4,2007,2012
Switzerland,"China, Hong Kong SAR",4,1002,4,4,2012,2020
Switzerland,Georgia,4,529,2,4,2008,2021
Switzerland,Iran (Islamic Republic of),4,6,1,4,2005,2021
Switzerland,Kuwait,4,22,1,4,2016,2020
Switzerland,Saudi Arabia,4,28005,2,4,2006,2015
Switzerland,South Africa,4,107,1,4,2009,2020
Switzerland,Ukraine,4,448,4,3,2007,2011
Thailand,Bangladesh,4,229,2,4,2007,2015
Thailand,Bhutan,4,3141,4,3,2012,2018
Thailand,Russian Federation,4,3,3,4,2009,2020
Thailand,Türkiye,4,262001,3,3,2011,2021
Togo,Côte d'Ivoire,4,221,3,4,2009,2020
Togo,Thailand,4,183,2,3,2018,2021
Trinidad and Tobago,Jamaica,4,8,2,4,2009,2021
Tunisia,Côte d'Ivoire,4,2,3,3,2016,2020
Tunisia,United Arab Emirates,4,62,1,4,2007,2018
Türkiye,Bahrain,4,201002,3,3,2009,2020
Türkiye,Ghana,4,2000,3,3,2016,2021
Türkiye,Kyrgyzstan,4,435,1,4,2012,2021
Türkiye,Sudan,4,330009,2,4,2015,2021
Türkiye,Ukraine,4,1126,2,4,2009,2018
Uganda,Sudan,4,9038,3,2,2012,2013
Uganda,Sudan (former),4,21002,2,3,2009,2011
Uganda,Türkiye,4,1000,2,3,2014,2016
Uganda,Zambia,4,2005,3,4,2005,2020
Ukraine,Austria,4,52,3,3,2007,2021
Ukraine,Finland,4,13,1,4,2006,2012
Ukraine,Kuwait,4,0,3,2,2020,2021
Ukraine,Syrian Arab Republic,4,3445,2,4,2005,2015
United Arab Emirates,Argentina,4,22,2,3,2015,2021
United Arab Emirates,Chad,4,64,3,4,2015,2021
United Arab Emirates,Kazakhstan,4,2,2,4,2005,2020
United Arab Emirates,Norway,4,1,2,3,2013,2020
United Arab Emirates,Thailand,4,53,2,4,2015,2021
United Kingdom of Great Britain and Northern Ireland,Angola,4,16000,2,4,2005,2020
United Kingdom of Great Britain and Northern Ireland,Bosnia and Herzegovina,4,6,2,3,2010,2014
United Kingdom of Great Britain and Northern Ireland,Botswana,4,117,3,4,2010,2020
United Kingdom of Great Britain and Northern Ireland,Estonia,4,8044,3,3,2006,2021
United Kingdom of Great Britain and Northern Ireland,Georgia,4,11933,4,4,2011,2021
United Kingdom of Great Britain and Northern Ireland,Madagascar,4,113000,1,4,2016,2020
United Kingdom of Great Britain and Northern Ireland,Maldives,4,0,3,2,2015,2021
United Republic of Tanzania,Botswana,4,26,3,2,2011,2013
United Republic of Tanzania,Ethiopia,4,12,3,4,2011,2015
United Republic of Tanzania,France,4,15012,2,4,2005,2017
United Republic of Tanzania,Italy,4,8410,4,3,2005,2018
United Republic of Tanzania,Rwanda,4,55061,3,4,2006,2020
United States of America,Côte d'Ivoire,4,23019,3,3,2007,2017
United States of America,Georgia,4,123009,3,4,2008,2017
United States of America,Iraq,4,114082,3,4,2008,2021
United States of America,Libya,4,24012,2,3,2008,2013
United States of America,Mongolia,4,82,1,4,2012,2021
United States of America,Romania,4,30008,3,4,2005,2017
United States of America,Uzbekistan,4,78306,2,3,2006,2020
United States of America,Zimbabwe,4,65001,2,4,2005,2018
Uruguay,Bahrain,4,35,1,4,2014,2021
Uruguay,Venezuela (Bolivarian Republic of),4,3295,2,3,2005,2008
Uzbekistan,United Arab Emirates,4,50,3,3,2015,2021
Vanuatu,Australia,4,1,3,3,2009,2011
Vanuatu,United States of America,4,2,2,4,2008,2011
Venezuela (Bolivarian Republic of),Mexico,4,11,1,4,2005,2011
Zambia,Ethiopia,4,57001,3,3,2013,2015
Albania,Greece,3,6042,2,3,2007,2012
Albania,Serbia,3,115033,3,3,2007,2017
Algeria,Nigeria,3,4859,3,2,2008,2010
Angola,Brazil,3,0,2,2,2020,2021
Angola,South Africa,3,3,3,2,2010,2020
Antigua and Barbuda,Barbados,3,9,1,3,2005,2020
Antigua and Barbuda,Italy,3,3190,1,3,2006,2008
Argentina,Azerbaijan,3,73,1,3,2013,2015
Argentina,"China, Hong Kong SAR",3,7,1,3,2005,2013
Argentina,Egypt,3,59,1,3,2017,2021
Argentina,Morocco,3,90,1,3,2007,2018
Argentina,Oman,3,62,1,3,2010,2017
Argentina,Slovakia,3,10,1,3,2010,2017
Armenia,Russian Federation,3,19051,3,3,2010,2020
Armenia,United Arab Emirates,3,9958,2,2,2018,2020
Australia,Hungary,3,2,2,3,2010,2018
Australia,Lao People's Democratic Republic,3,19738,1,3,2015,2021
Australia,Micronesia (Federated States of),3,117,1,3,2006,2008
Australia,Papua New Guinea,3,261,2,3,2005,2021
Australia,Samoa,3,60,3,2,2013,2015
Australia,Spain,3,16,1,3,2006,2016
Austria,Bahrain,3,172,1,3,2016,2020
Austria,Kyrgyzstan,3,277,1,3,2015,2021
Austria,Serbia and Montenegro,3,12334,3,1,2005,2005
Austria,South Africa,3,13,1,3,2007,2011
Azerbaijan,Senegal,3,2278,3,2,2016,2021
Azerbaijan,United Arab Emirates,3,0,1,3,2007,2009
Azerbaijan,United States of America,3,14,1,3,2009,2013
Azerbaijan,Uzbekistan,3,244,1,3,2011,2020
Bangladesh,Dominica,3,3000,2,2,2005,2008
Belarus,Azerbaijan,3,143,2,2,2013,2017
Belarus,Estonia,3,5,1,3,2005,2018
Belarus,France,3,7,1,3,2005,2010
Belarus,Türkiye,3,4,1,3,2012,2015
Belarus,United States of America,3,4,1,3,2005,2007
Belgium,Bolivia (Plurinational State of),3,9,1,3,2007,2015
Belgium,Cabo Verde,3,8,1,3,2006,2009
Belgium,Mauritius,3,11000,2,3,2008,2020
Belgium,Syrian Arab Republic,3,37,1,3,2005,2009
Belize,United States of America,3,750,3,2,2005,2013
Bolivia (Plurinational State of),Argentina,3,8,1,3,2005,2009
Bolivia (Plurinational State of),Guatemala,3,4000,3,3,2005,2012
Botswana,France,3,3,3,2,2012,2016
Botswana,Kenya,3,5,2,2,2015,2016
Brazil,Grenada,3,4000,1,3,2005,2009
Brazil,Japan,3,11,1,3,2018,2021
Brazil,Liberia,3,3097,2,2,2020,2021
Brazil,Malta,3,0,2,2,2020,2021
Brazil,Nicaragua,3,8,1,3,2007,2014
Brazil,Oman,3,6000,2,2,2017,2018
Brazil,Philippines,3,4049,2,3,2009,2021
Brazil,Qatar,3,10,2,3,2011,2015
Brazil,Singapore,3,0,2,2,2020,2021
Brazil,Sri Lanka,3,72000,1,3,2017,2021
Brazil,Suriname,3,3016,2,3,2012,2017
Brazil,Thailand,3,129,2,3,2012,2015
Brunei Darussalam,Indonesia,3,21,2,2,2006,2018
Brunei Darussalam,Thailand,3,13,3,3,2013,2018
Bulgaria,Bahrain,3,8,2,3,2013,2021
Bulgaria,Ukraine,3,3073,2,3,2005,2007
Cambodia,Thailand,3,1101,3,2,2005,2015
Canada,Albania,3,2000,3,2,2014,2018
Canada,"China, Macao SAR",3,13,1,3,2005,2009
Canada,Côte d'Ivoire,3,4027,3,3,2007,2017
Canada,Haiti,3,15000,1,3,2015,2020
Canada,Kenya,3,14000,2,3,2013,2017
Canada,Kuwait,3,3,2,3,2011,2015
Canada,Lebanon,3,793,2,3,2012,2016
Canada,Paraguay,3,4004,2,3,2012,2021
Canada,Serbia,3,1770,2,3,2008,2016
Chile,Bahrain,3,5,2,3,2006,2012
Chile,Canada,3,12,1,3,2008,2018
Chile,Thailand,3,5,1,3,2007,2010
"China, Hong Kong SAR","China, Macao SAR",3,55,2,2,2008,2009
"China, Hong Kong SAR",Ireland,3,2,1,3,2006,2021
"China, Taiwan Province of",Indonesia,3,20000,2,3,2007,2016
"China, Taiwan Province of",Qatar,3,171,1,3,2005,2010
"China, mainland",Angola,3,19,3,1,2021,2021
"China, mainland",Chile,3,1062,3,2,2020,2021
"China, mainland",Israel,3,20,2,3,2012,2021
"China, mainland",Kiribati,3,1424,3,1,2021,2021
"China, mainland",Lebanon,3,6,2,3,2006,2021
"China, mainland",Malawi,3,26,1,3,2013,2017
"China, mainland",Niger,3,66,1,3,2006,2010
"China, mainland",Pakistan,3,2,2,2,2017,2021
"China, mainland",Solomon Islands,3,55,3,3,2006,2013
"China, mainland",Uzbekistan,3,1088,2,2,2007,2008
Colombia,Argentina,3,5,2,3,2006,2021
Colombia,Chile,3,10,1,3,2017,2020
Colombia,Spain,3,0,3,2,2014,2021
Costa Rica,Belize,3,42,1,3,2008,2016
Costa Rica,Colombia,3,15,1,3,2005,2011
Croatia,Czechia,3,63340,3,3,2007,2017
Croatia,Iraq,3,20225,1,3,2018,2021
Cuba,Bolivia (Plurinational State of),3,0,2,3,2007,2011
Cuba,France,3,4000,1,3,2005,2009
Cyprus,Belgium,3,1499,2,3,2006,2015
Cyprus,Poland,3,532451,2,3,2005,2020
Czechia,Angola,3,10000,2,3,2005,2021
Czechia,Bahrain,3,1000,1,3,2006,2008
Czechia,"China, mainland",3,0,1,3,2005,2011
Czechia,Suriname,3,4000,1,3,2014,2021
Côte d'Ivoire,Gabon,3,4000,3,3,2010,2017
Côte d'Ivoire,Guinea,3,14000,2,3,2012,2017
Democratic Republic of the Congo,Rwanda,3,1048,3,3,2006,2016
Democratic Republic of the Congo,United Republic of Tanzania,3,4002,3,3,2007,2021
Denmark,Bahrain,3,127,2,3,2005,2021
Denmark,Indonesia,3,1303,3,2,2006,2015
Denmark,Lebanon,3,58,2,3,2012,2020
Denmark,Myanmar,3,42002,2,3,2005,2021
Denmark,Nepal,3,131000,1,3,2015,2018
Denmark,Sri Lanka,3,45000,1,3,2009,2016
Denmark,United Republic of Tanzania,3,11,2,3,2009,2012
Djibouti,Ethiopia,3,13896,3,1,2006,2006
Ecuador,Japan,3,1000,1,3,2005,2007
Ecuador,Venezuela (Bolivarian Republic of),3,465003,2,3,2007,2016
Egypt,"China, mainland",3,10009,2,3,2005,2011
Egypt,Czechia,3,398,2,2,2009,2011
Egypt,Indonesia,3,10025,2,3,2005,2011
Egypt,Japan,3,271,1,3,2009,2018
Egypt,Malaysia,3,184,1,3,2009,2014
Egypt,Spain,3,117,2,2,2009,2011
Egypt,Sudan,3,9,2,2,2015,2016
Estonia,Czechia,3,693,1,3,2006,2018
Estonia,Republic of Moldova,3,127,2,3,2009,2012
Ethiopia,United Kingdom of Great Britain and Northern Ireland,3,3175,3,1,2005,2005
Ethiopia,United States of America,3,36,2,2,2020,2021
Finland,Portugal,3,5221,3,3,2005,2015
Finland,Thailand,3,386130,3,3,2014,2020
Finland,United Arab Emirates,3,1,3,3,2017,2020
France,Bolivia (Plurinational State of),3,2,1,3,2013,2021
France,Serbia and Montenegro,3,227432,3,1,2005,2005
Georgia,Czechia,3,464794,3,1,2012,2012
Georgia,Libya,3,66583,2,3,2011,2021
Georgia,Syrian Arab Republic,3,18636,2,3,2010,2016
Germany,Benin,3,17000,1,3,2005,2016
Germany,Botswana,3,1280,2,3,2013,2018
Germany,Mali,3,19000,1,3,2007,2014
Germany,Mauritania,3,67,2,3,2010,2017
Germany,Namibia,3,51000,2,2,2013,2014
Germany,Panama,3,6,1,3,2008,2018
Germany,Rwanda,3,280,2,3,2006,2014
Ghana,India,3,18,3,2,2005,2017
Ghana,Nigeria,3,1002,3,3,2007,2017
Ghana,Sierra Leone,3,0,3,3,2007,2018
Ghana,United Kingdom of Great Britain and Northern Ireland,3,0,3,2,2005,2013
Greece,Ireland,3,206,2,3,2006,2010
Greece,Montenegro,3,53000,1,3,2008,2012
Greece,Serbia and Montenegro,3,31013,3,1,2005,2005
Grenada,United Kingdom of Great Britain and Northern Ireland,3,0,1,3,2017,2020
Grenada,United States of America,3,0,2,2,2020,2021
Guatemala,Belize,3,32,3,2,2008,2012
Hungary,Argentina,3,10002,2,3,2005,2021
Hungary,Bangladesh,3,173000,1,3,2010,2021
Hungary,"China, Hong Kong SAR",3,12000,2,3,2011,2013
Hungary,India,3,3002,3,3,2007,2014
Hungary,Malaysia,3,2,2,3,2005,2012
Hungary,Malta,3,509,1,3,2009,2018
Hungary,Tajikistan,3,1392,1,3,2018,2021
Iceland,Djibouti,3,11,1,3,2014,2021
Iceland,Hungary,3,8,1,3,2005,2021
Iceland,Ireland,3,611,1,3,2005,2021
Iceland,Slovakia,3,4,1,3,2012,2017
India,Austria,3,3,2,3,2009,2014
India,Belgium,3,7,2,3,2005,2014
India,Ethiopia,3,13001,2,3,2009,2011
India,Norway,3,14,3,3,2005,2014
India,Viet Nam,3,126,2,3,2016,2021
Indonesia,Australia,3,8,1,3,2005,2007
Indonesia,Bangladesh,3,28000,2,2,2006,2021
Indonesia,Belgium,3,0,1,3,2018,2021
Indonesia,Viet Nam,3,22006,2,3,2007,2016
Iran (Islamic Republic of),Pakistan,3,3022,2,2,2008,2009
Iran (Islamic Republic of),Sweden,3,3,1,3,2005,2018
Iran (Islamic Republic of),Syrian Arab Republic,3,307000,1,3,2007,2009
Ireland,Algeria,3,1015,2,3,2009,2020
Ireland,"China, Hong Kong SAR",3,5,1,3,2007,2018
Ireland,Iran (Islamic Republic of),3,20,1,3,2005,2007
Ireland,Jordan,3,5,1,3,2005,2014
Ireland,Kyrgyzstan,3,20,1,3,2015,2018
Ireland,Latvia,3,38,1,3,2012,2021
Ireland,Malaysia,3,366,2,3,2006,2017
Ireland,Malta,3,29,2,3,2010,2021
Ireland,Mongolia,3,48,1,3,2015,2021
Israel,Lithuania,3,17,2,3,2006,2010
Israel,Uganda,3,11002,2,3,2005,2012
Italy,Belarus,3,72,1,3,2005,2017
Italy,Chile,3,16,1,3,2015,2018
Italy,Dominican Republic,3,5,2,2,2017,2018
Italy,Japan,3,802,1,3,2016,2021
Italy,Lithuania,3,526,2,3,2010,2013
Italy,Sudan,3,157000,1,3,2012,2016
Italy,Thailand,3,11001,3,3,2007,2013
Jamaica,Saint Vincent and the Grenadines,3,393,2,2,2007,2016
Japan,Italy,3,3,1,3,2016,2018
Japan,Viet Nam,3,0,1,3,2014,2017
Jordan,Italy,3,76,1,3,2015,2018
Jordan,Libya,3,12000,1,3,2012,2014
Jordan,Oman,3,1000,3,3,2014,2017
Jordan,Singapore,3,35,2,2,2017,2018
Kazakhstan,Armenia,3,37037,2,3,2017,2021
Kazakhstan,Iran (Islamic Republic of),3,8244,1,3,2010,2018
Kenya,Central African Republic,3,1000,2,3,2016,2021
Kenya,Egypt,3,2408,3,3,2008,2013
Kenya,Ghana,3,10080,3,2,2005,2018
Kenya,Qatar,3,505,2,2,2005,2008
Kenya,United States of America,3,1,2,3,2005,2010
Kuwait,Bangladesh,3,15,2,2,2016,2017
Kuwait,Belgium,3,187,1,3,2016,2021
Kuwait,Canada,3,0,2,3,2015,2021
Kuwait,South Africa,3,50,2,3,2009,2021
Kuwait,Sri Lanka,3,3,2,3,2009,2021
Kuwait,Switzerland,3,2,2,3,2009,2021
Kuwait,United Kingdom of Great Britain and Northern Ireland,3,0,2,2,2020,2021
Kyrgyzstan,Russian Federation,3,127,1,3,2006,2020
Kyrgyzstan,Turkmenistan,3,19,1,3,2016,2021
Kyrgyzstan,Türkiye,3,3,2,3,2011,2021
Lao People's Democratic Republic,Cambodia,3,4475,1,3,2015,2021
Lao People's Democratic Republic,Namibia,3,900,3,1,2021,2021
Latvia,Austria,3,1356,1,3,2010,2020
Latvia,Azerbaijan,3,45,2,3,2013,2021
Latvia,Israel,3,2035,1,3,2005,2012
Latvia,Mongolia,3,21,1,3,2015,2020
Lebanon,Belgium,3,6,2,3,2005,2021
Lebanon,Congo,3,958000,3,3,2014,2021
Lebanon,Côte d'Ivoire,3,0,2,3,2011,2018
Luxembourg,Azerbaijan,3,25,2,3,2005,2020
Luxembourg,Côte d'Ivoire,3,14,2,3,2016,2018
Luxembourg,Israel,3,752,2,3,2007,2021
Luxembourg,Portugal,3,55,2,3,2014,2016
Luxembourg,Qatar,3,18,2,2,2018,2020
Luxembourg,Russian Federation,3,5,2,3,2013,2018
Malaysia,"China, Taiwan Province of",3,70,3,3,2006,2020
Malaysia,Côte d'Ivoire,3,11,2,2,2016,2017
Malaysia,Japan,3,3,3,3,2006,2018
Malaysia,South Africa,3,30,3,3,2008,2017
Mali,Democratic Republic of the Congo,3,31092,3,1,2016,2016
Malta,Switzerland,3,19,2,3,2007,2018
Mauritania,Uganda,3,5000,1,3,2008,2014
Mauritius,Comoros,3,83000,2,2,2005,2006
Mauritius,Zambia,3,22000,1,3,2015,2017
Mexico,Dominican Republic,3,265,2,3,2006,2013
Mexico,Switzerland,3,4,1,3,2011,2021
Mexico,Thailand,3,47450,1,3,2015,2017
Mexico,Türkiye,3,67832,1,3,2011,2013
Mexico,Venezuela (Bolivarian Republic of),3,81,1,3,2006,2014
Morocco,Central African Republic,3,56000,1,3,2012,2014
Morocco,Ghana,3,62,2,3,2005,2018
Mozambique,Mauritius,3,1480,3,1,2005,2005
Mozambique,South Africa,3,135,2,2,2010,2012
Myanmar,France,3,12,1,3,2017,2021
Myanmar,India,3,868,2,3,2018,2021
Myanmar,Singapore,3,33,2,2,2020,2021
Myanmar,United Kingdom of Great Britain and Northern Ireland,3,25,2,3,2018,2021
Myanmar,Viet Nam,3,13,2,2,2020,2021
Netherlands (Kingdom of the),Bolivia (Plurinational State of),3,6,1,3,2015,2017
Netherlands (Kingdom of the),Botswana,3,15501,2,3,2007,2017
Netherlands (Kingdom of the),Burundi,3,7000,1,3,2014,2021
Netherlands (Kingdom of the),Djibouti,3,89000,1,3,2009,2012
Netherlands (Kingdom of the),Trinidad and Tobago,3,35,1,3,2007,2020
Netherlands (Kingdom of the),Turkmenistan,3,6429,2,3,2015,2020
Netherlands (Kingdom of the),Uruguay,3,7,1,3,2010,2020
New Zealand,Austria,3,9,2,2,2009,2018
New Zealand,Poland,3,22,2,3,2016,2021
Nicaragua,Ecuador,3,0,2,3,2005,2014
Nicaragua,Peru,3,0,1,3,2008,2013
Nigeria,South Africa,3,1,2,2,2020,2021
North Macedonia,Bulgaria,3,64,2,3,2008,2021
North Macedonia,Croatia,3,73,3,2,2009,2017
North Macedonia,Greece,3,33,2,3,2005,2016
Oman,United Kingdom of Great Britain and Northern Ireland,3,196,2,3,2013,2018
Oman,United States of America,3,83,2,3,2006,2010
Paraguay,Germany,3,7,2,2,2010,2011
Peru,Italy,3,12,1,3,2006,2008
Peru,United Kingdom of Great Britain and Northern Ireland,3,4,2,3,2008,2018
Philippines,Bangladesh,3,292000,2,2,2005,2006
Philippines,Belgium,3,3622,2,2,2013,2014
Philippines,New Zealand,3,1038,2,3,2005,2014
Philippines,Saudi Arabia,3,33,3,3,2005,2014
Poland,Armenia,3,1566,2,3,2011,2021
Poland,Azerbaijan,3,48003,2,3,2005,2021
Poland,Kenya,3,36000,1,3,2005,2018
Poland,Malaysia,3,60000,2,2,2013,2017
Poland,Malta,3,710,1,3,2006,2012
Poland,Morocco,3,26,1,3,2010,2018
Poland,Oman,3,65,1,3,2010,2016
Poland,Portugal,3,22500,2,3,2006,2017
Poland,Yemen,3,99000,1,3,2006,2009
Portugal,Guinea,3,15000,1,3,2005,2011
Portugal,Latvia,3,30,1,3,2014,2016
Portugal,Nicaragua,3,30,1,3,2015,2017
Portugal,Peru,3,12,1,3,2013,2015
Portugal,Romania,3,945,2,3,2009,2021
Portugal,Saudi Arabia,3,95004,2,2,2017,2018
Portugal,Uganda,3,627001,2,2,2018,2021
Qatar,India,3,3,2,3,2005,2018
Qatar,Türkiye,3,35,2,2,2015,2021
Republic of Korea,Canada,3,0,2,3,2012,2017
Republic of Korea,"China, Hong Kong SAR",3,10,2,3,2006,2017
Republic of Korea,Egypt,3,88961,3,1,2017,2017
Republic of Korea,Ghana,3,0,3,2,2011,2016
Republic of Korea,Viet Nam,3,690,3,3,2005,2021
Romania,Iran (Islamic Republic of),3,70367,3,1,2018,2018
Romania,Kuwait,3,31488,3,1,2020,2020
Romania,Lithuania,3,1401,2,2,2008,2011
Romania,North Macedonia,3,361,2,3,2007,2011
Russian Federation,Egypt,3,75200,2,3,2005,2018
Russian Federation,Italy,3,24,1,3,2005,2009
Russian Federation,Montenegro,3,8,1,3,2011,2017
Russian Federation,Oman,3,59,2,3,2005,2020
Saint Kitts and Nevis,United States of America,3,3,2,3,2013,2015
Sao Tome and Principe,Angola,3,3,2,3,2016,2020
Saudi Arabia,Pakistan,3,8039,2,3,2008,2012
Senegal,Cabo Verde,3,39,3,3,2006,2010
Senegal,Italy,3,77005,2,3,2005,2008
Senegal,Lebanon,3,4000,3,3,2008,2013
Senegal,South Africa,3,4000,2,3,2008,2016
Serbia,Kazakhstan,3,814,1,3,2014,2018
Serbia,Norway,3,2,2,3,2007,2013
Singapore,Ghana,3,13,3,3,2010,2018
Singapore,Viet Nam,3,15122,2,3,2016,2020
Slovakia,Estonia,3,46,2,3,2005,2021
Slovakia,North Macedonia,3,10314,2,3,2005,2021
Slovakia,Portugal,3,178000,2,3,2011,2020
Slovakia,Uzbekistan,3,939,1,3,2018,2021
Slovakia,Viet Nam,3,5000,2,3,2016,2020
Slovenia,Jordan,3,2620,1,3,2014,2017
Somalia,Egypt,3,10629,2,3,2017,2020
South Africa,Liberia,3,114,2,3,2008,2012
South Africa,Mexico,3,48,1,3,2006,2009
South Africa,Nepal,3,1362,3,3,2013,2016
South Africa,New Zealand,3,37,2,3,2009,2021
South Africa,Papua New Guinea,3,0,1,3,2017,2021
Spain,Gambia,3,0,2,3,2012,2018
Spain,Georgia,3,1535,2,3,2012,2021
Spain,Indonesia,3,21000,1,3,2018,2021
Spain,Iraq,3,272551,2,3,2017,2021
Spain,Viet Nam,3,741,2,3,2009,2017
Spain,Zambia,3,77000,1,3,2018,2021
Sri Lanka,Malaysia,3,4,3,2,2011,2012
Sri Lanka,Seychelles,3,8080,2,2,2020,2021
Sri Lanka,Thailand,3,28000,2,3,2014,2016
Sudan (former),Ethiopia,3,3387,2,2,2006,2008
Sweden,Belarus,3,137,2,3,2005,2012
Sweden,Bulgaria,3,950011,3,3,2006,2012
Sweden,Kuwait,3,21,1,3,2014,2020
Sweden,Lebanon,3,5,2,3,2010,2017
Sweden,Slovakia,3,73,2,3,2007,2016
Sweden,Slovenia,3,10,2,2,2005,2008
Switzerland,Algeria,3,1211,2,3,2005,2013
Switzerland,Bosnia and Herzegovina,3,118,2,3,2008,2014
Switzerland,Cyprus,3,5,1,3,2011,2020
Switzerland,Malta,3,18,2,3,2008,2018
Switzerland,Morocco,3,4,2,2,2013,2014
Switzerland,Türkiye,3,4,3,3,2005,2017
Switzerland,United Republic of Tanzania,3,10,3,2,2008,2012
Syrian Arab Republic,Egypt,3,783008,2,3,2005,2009
Syrian Arab Republic,France,3,12,1,3,2008,2010
Syrian Arab Republic,Libya,3,22495,2,3,2008,2010
Syrian Arab Republic,Oman,3,10480,3,1,2016,2016
Syrian Arab Republic,Türkiye,3,502462,2,2,2007,2008
Thailand,Argentina,3,25,2,2,2007,2013
Thailand,Chile,3,27,1,3,2007,2014
Thailand,Dominica,3,1,3,1,2010,2010
Thailand,Finland,3,6,3,2,2011,2012
Thailand,Hungary,3,4,3,2,2011,2012
Thailand,Ireland,3,0,2,3,2011,2013
Thailand,Jamaica,3,327,3,1,2012,2012
Thailand,Lebanon,3,8065,3,3,2011,2013
Thailand,Libya,3,368,2,2,2010,2011
Thailand,Lithuania,3,35,2,3,2011,2013
Thailand,Panama,3,493,2,3,2008,2012
Thailand,Portugal,3,2,3,2,2007,2013
Togo,Burkina Faso,3,60030,3,2,2011,2020
Tunisia,Egypt,3,150000,2,2,2020,2021
Tunisia,Ireland,3,5,1,3,2015,2017
Tunisia,Qatar,3,22,2,2,2007,2010
Tunisia,Switzerland,3,4,1,3,2005,2016
Türkiye,Afghanistan,3,5007,2,3,2010,2021
Türkiye,Albania,3,391000,2,2,2005,2007
Türkiye,Kenya,3,31000,1,3,2007,2021
Türkiye,Madagascar,3,469000,1,3,2018,2021
Türkiye,North Macedonia,3,79,2,3,2014,2020
Türkiye,Oman,3,21693,2,3,2014,2021
Türkiye,South Africa,3,1010,2,3,2012,2021
Türkiye,Switzerland,3,3,1,3,2008,2013
Uganda,France,3,3,1,3,2007,2012
Uganda,Thailand,3,4,2,3,2009,2017
Uganda,United Arab Emirates,3,1001,3,3,2006,2009
Uganda,Zimbabwe,3,4,2,2,2009,2012
Ukraine,Bangladesh,3,146000,2,2,2005,2006
Ukraine,France,3,6,1,3,2006,2009
Ukraine,Sweden,3,23,1,3,2005,2021
Ukraine,United States of America,3,6,1,3,2005,2011
United Arab Emirates,Angola,3,34,1,3,2014,2021
United Arab Emirates,Cameroon,3,1,2,2,2009,2015
United Arab Emirates,Congo,3,1004,2,3,2013,2021
United Arab Emirates,Cyprus,3,1,3,3,2014,2018
United Arab Emirates,Czechia,3,2,3,3,2014,2020
United Arab Emirates,Hungary,3,201,2,3,2014,2017
United Arab Emirates,Indonesia,3,3,3,2,2015,2020
United Arab Emirates,Nepal,3,910004,2,3,2009,2011
United Arab Emirates,New Zealand,3,1,2,3,2008,2020
United Arab Emirates,Philippines,3,13,2,3,2008,2018
United Arab Emirates,Rwanda,3,5,3,3,2008,2018
United Arab Emirates,Slovakia,3,4,2,3,2017,2021
United Arab Emirates,Sudan (former),3,31,2,2,2007,2008
United Arab Emirates,Tunisia,3,25,2,2,2016,2017
United Kingdom of Great Britain and Northern Ireland,Albania,3,62036,2,3,2014,2021
United Kingdom of Great Britain and Northern Ireland,Brunei Darussalam,3,9,2,2,2013,2014
United Kingdom of Great Britain and Northern Ireland,Colombia,3,18017,3,3,2006,2018
United Kingdom of Great Britain and Northern Ireland,El Salvador,3,180000,1,3,2016,2018
United Kingdom of Great Britain and Northern Ireland,Iceland,3,38,1,3,2006,2020
United Kingdom of Great Britain and Northern Ireland,North Macedonia,3,144,1,3,2014,2017
United Kingdom of Great Britain and Northern Ireland,Republic of Moldova,3,4,1,3,2013,2017
United Kingdom of Great Britain and Northern Ireland,Saint Lucia,3,80,2,3,2014,2021
United Republic of Tanzania,Australia,3,7,1,3,2013,2018
United Republic of Tanzania,Canada,3,1,2,3,2006,2017
United Republic of Tanzania,Czechia,3,1000,2,3,2005,2013
United Republic of Tanzania,Kuwait,3,112,1,3,2009,2013
United Republic of Tanzania,Pakistan,3,71,2,3,2007,2009
United Republic of Tanzania,Republic of Korea,3,36002,2,3,2006,2014
United Republic of Tanzania,Russian Federation,3,1,3,3,2010,2015
United Republic of Tanzania,Spain,3,2,2,3,2005,2014
United Republic of Tanzania,Sweden,3,1000,2,3,2005,2013
United Republic of Tanzania,Switzerland,3,9005,2,3,2005,2014
United Republic of Tanzania,Türkiye,3,4006,3,3,2011,2016
United States of America,Bosnia and Herzegovina,3,33011,2,3,2006,2016
United States of America,Brunei Darussalam,3,3,2,3,2013,2017
United States of America,Cambodia,3,418,3,2,2018,2021
United States of America,Cameroon,3,1002,2,3,2008,2021
United States of America,Central African Republic,3,326001,2,3,2007,2017
United States of America,Congo,3,9011,3,3,2009,2017
United States of America,Cuba,3,797,2,2,2005,2018
United States of America,Cyprus,3,8002,2,3,2008,2018
United States of America,Estonia,3,78,1,3,2016,2021
United States of America,Latvia,3,4,1,3,2010,2015
United States of America,Malta,3,15,1,3,2005,2012
United States of America,Marshall Islands,3,38112,3,2,2020,2021
United States of America,Mozambique,3,117001,3,3,2008,2018
United States of America,Myanmar,3,475000,1,3,2017,2021
United States of America,Niger,3,16,1,3,2008,2011
United States of America,Seychelles,3,1924,2,3,2008,2018
Uruguay,Austria,3,10,2,2,2012,2017
Uruguay,Iraq,3,19419,1,3,2017,2021
Uruguay,Kuwait,3,647,2,3,2006,2021
Uzbekistan,Kazakhstan,3,15,2,3,2009,2020
Venezuela (Bolivarian Republic of),Bolivia (Plurinational State of),3,7000,2,3,2008,2011
Yemen,Ethiopia,3,18350,3,3,2007,2013
Yemen,Saudi Arabia,3,441,3,2,2012,2014
Zimbabwe,Angola,3,67000,2,2,2005,2009
Zimbabwe,Rwanda,3,8000,1,3,2010,2014
Afghanistan,Canada,2,13,2,2,2005,2010
Algeria,Switzerland,2,18,1,2,2009,2018
Angola,Cuba,2,0,2,2,2020,2021
Angola,United States of America,2,0,2,1,2021,2021
Antigua and Barbuda,Canada,2,25001,2,2,2005,2012
Antigua and Barbuda,Switzerland,2,3,1,2,2008,2009
Argentina,Croatia,2,1062,2,2,2006,2009
Argentina,Portugal,2,107,1,2,2005,2016
Armenia,Jordan,2,17788,1,2,2020,2021
Armenia,Yemen,2,132000,1,2,2007,2011
Australia,Bosnia and Herzegovina,2,47000,1,2,2010,2011
Australia,Dominican Republic,2,0,1,2,2017,2018
Australia,French Polynesia,2,5,2,2,2008,2020
Australia,Ghana,2,3,2,2,2017,2018
Australia,Madagascar,2,211100,1,2,2007,2008
Australia,Marshall Islands,2,9140,2,2,2008,2009
Australia,Peru,2,15,1,2,2020,2021
Australia,Togo,2,29000,1,2,2009,2011
Austria,Australia,2,4,1,2,2006,2013
Austria,Brazil,2,2,1,2,2012,2020
Austria,Burkina Faso,2,238000,1,2,2020,2021
Austria,India,2,425,1,2,2009,2010
Austria,Indonesia,2,1106,2,2,2011,2021
Austria,Malaysia,2,35,2,2,2007,2013
Austria,Nigeria,2,140,2,1,2013,2013
Austria,Peru,2,24,1,2,2018,2020
Austria,Qatar,2,125,1,2,2017,2020
Austria,Senegal,2,123,1,2,2017,2018
Azerbaijan,Bulgaria,2,8,1,2,2006,2008
Azerbaijan,Kuwait,2,0,1,2,2020,2021
Azerbaijan,Kyrgyzstan,2,107,1,2,2017,2021
Bahamas,Canada,2,4,1,2,2006,2014
Bahrain,Egypt,2,5,1,2,2005,2016
Bahrain,Nepal,2,0,1,2,2010,2011
Bahrain,Sri Lanka,2,0,2,2,2016,2017
Bangladesh,Malaysia,2,15,2,2,2006,2016
Bangladesh,Oman,2,14000,1,2,2005,2006
Bangladesh,Singapore,2,27,2,2,2017,2018
Bangladesh,United Arab Emirates,2,3,2,1,2018,2018
Belarus,Belgium,2,3,1,2,2006,2007
Belarus,Egypt,2,7139,1,2,2006,2007
Belarus,Iran (Islamic Republic of),2,10,1,2,2005,2006
Belarus,Spain,2,13,1,2,2005,2007
Belgium,Central African Republic,2,119000,1,2,2008,2021
Belgium,Dominican Republic,2,2,1,2,2017,2020
Belgium,Iceland,2,4,2,2,2020,2021
Belgium,New Caledonia,2,2,2,2,2005,2020
Belize,Nigeria,2,108,2,1,2008,2008
Benin,Gabon,2,27,1,2,2007,2009
Benin,Oman,2,0,1,2,2017,2018
Benin,Thailand,2,22,2,1,2020,2020
Bolivia (Plurinational State of),Chile,2,5,2,1,2005,2005
Bolivia (Plurinational State of),Ecuador,2,0,1,2,2016,2018
Bolivia (Plurinational State of),Spain,2,0,2,2,2005,2016
Bosnia and Herzegovina,Botswana,2,2,2,1,2015,2015
Bosnia and Herzegovina,Romania,2,686,2,1,2008,2008
Botswana,Ghana,2,1,1,2,2007,2018
Botswana,Italy,2,3,2,2,2016,2018
Botswana,Mozambique,2,166,2,2,2015,2021
Botswana,Uganda,2,2,2,2,2015,2016
Brazil,Australia,2,4,1,2,2005,2007
Brazil,Benin,2,213,1,2,2005,2014
Brazil,Burkina Faso,2,12148,2,2,2005,2017
Brazil,Cameroon,2,5000,1,2,2005,2010
Brazil,Democratic People's Republic of Korea,2,12,1,2,2007,2008
Brazil,Denmark,2,4580,2,2,2007,2021
Brazil,Ireland,2,34,1,2,2008,2021
Brazil,Madagascar,2,91000,1,2,2017,2018
Brazil,Malaysia,2,125000,1,2,2017,2021
Brazil,Mali,2,339000,1,2,2008,2018
Brazil,Poland,2,4,2,2,2007,2020
Brazil,Saint Lucia,2,26534,2,1,2021,2021
Brazil,Slovenia,2,2,1,2,2008,2012
Brunei Darussalam,Canada,2,4,1,2,2016,2017
Brunei Darussalam,United States of America,2,2,2,2,2017,2018
Bulgaria,Ireland,2,133,2,2,2018,2021
Bulgaria,Maldives,2,0,2,1,2021,2021
Bulgaria,Malta,2,33,2,1,2007,2007
Bulgaria,Norway,2,3,1,2,2012,2021
Bulgaria,Pakistan,2,19,1,2,2020,2021
Bulgaria,Portugal,2,1615,2,2,2008,2021
Bulgaria,Senegal,2,14000,2,2,2013,2017
Bulgaria,Serbia and Montenegro,2,16211,2,1,2005,2005
Bulgaria,Sweden,2,25,1,2,2007,2020
Bulgaria,United States of America,2,5,1,2,2005,2016
Burkina Faso,Japan,2,39,2,1,2016,2016
Cabo Verde,United States of America,2,4,1,2,2007,2016
Cameroon,Chad,2,19,2,2,2011,2012
Canada,Angola,2,1,1,2,2007,2014
Canada,Azerbaijan,2,0,1,2,2015,2018
Canada,Bulgaria,2,15,1,2,2017,2018
Canada,Burkina Faso,2,1,1,2,2007,2020
Canada,Cambodia,2,3000,2,2,2011,2013
Canada,Chad,2,0,1,2,2015,2016
Canada,Congo,2,1,1,2,2015,2016
Canada,Libya,2,9,1,2,2015,2016
Canada,Madagascar,2,12,1,2,2007,2011
Canada,Maldives,2,1,1,2,2013,2015
Canada,Mali,2,6,1,2,2015,2018
Canada,Nigeria,2,1,2,2,2007,2021
Canada,North Macedonia,2,102,1,2,2006,2011
Canada,Sudan,2,113000,1,2,2017,2018
Canada,United Republic of Tanzania,2,3,2,2,2008,2011
Central African Republic,Cameroon,2,1469,1,2,2020,2021
Central African Republic,Congo,2,240,1,2,2005,2013
Central African Republic,Côte d'Ivoire,2,0,2,2,2005,2016
Chad,Congo,2,810,2,1,2015,2015
Chad,Nigeria,2,2549,2,1,2010,2010
Chile,Austria,2,4,1,2,2006,2015
Chile,Dominican Republic,2,4001,2,2,2006,2015
Chile,Italy,2,4,1,2,2009,2017
Chile,Jordan,2,10,1,2,2005,2006
Chile,Malaysia,2,13,2,2,2009,2011
"China, Hong Kong SAR",Egypt,2,2904,2,2,2006,2007
"China, Hong Kong SAR",Ghana,2,10,2,1,2016,2016
"China, Hong Kong SAR",India,2,65,2,2,2011,2018
"China, Hong Kong SAR",Philippines,2,5,2,2,2006,2016
"China, Hong Kong SAR",South Africa,2,5,2,2,2007,2012
"China, Hong Kong SAR",Switzerland,2,2,1,2,2014,2016
"China, Taiwan Province of","China, Macao SAR",2,176,1,2,2006,2009
"China, Taiwan Province of",Finland,2,0,1,2,2012,2017
"China, Taiwan Province of",France,2,0,1,2,2014,2020
"China, Taiwan Province of",Nigeria,2,121,1,2,2008,2010
"China, mainland",Algeria,2,26,2,2,2007,2008
"China, mainland",Bahrain,2,1,2,2,2013,2014
"China, mainland",Bangladesh,2,20,1,2,2006,2007
"China, mainland",Barbados,2,0,2,2,2010,2020
"China, mainland",Benin,2,0,2,2,2009,2020
"China, mainland",Cambodia,2,194,1,2,2006,2008
"China, mainland",Democratic Republic of the Congo,2,28000,1,2,2016,2021
"China, mainland",Dominican Republic,2,11,1,2,2015,2017
"China, mainland",Guinea,2,5001,2,1,2008,2008
"China, mainland",Kenya,2,2036,2,2,2005,2006
"China, mainland",Kuwait,2,70463,2,2,2005,2020
"China, mainland",Oman,2,6833,2,1,2016,2016
"China, mainland",Russian Federation,2,11,2,2,2015,2020
"China, mainland",Rwanda,2,1001,2,2,2011,2016
"China, mainland",Viet Nam,2,9,1,2,2007,2010
Colombia,Brazil,2,1,2,2,2016,2020
Colombia,Germany,2,0,1,2,2016,2020
Colombia,Jamaica,2,2000,1,2,2018,2020
Colombia,Netherlands (Kingdom of the),2,3,2,2,2015,2016
Colombia,United Kingdom of Great Britain and Northern Ireland,2,0,1,2,2016,2021
Comoros,Madagascar,2,4,2,2,2007,2018
Congo,Central African Republic,2,3203,2,1,2005,2005
Costa Rica,Canada,2,5,1,2,2010,2015
Croatia,Honduras,2,325,1,2,2010,2011
Croatia,North Macedonia,2,15,1,2,2008,2009
Croatia,Norway,2,4,1,2,2016,2018
Croatia,Spain,2,5753,1,2,2020,2021
Croatia,United States of America,2,1001,2,2,2008,2012
Cuba,Venezuela (Bolivarian Republic of),2,3,2,1,2015,2015
Cyprus,Israel,2,4,1,2,2011,2012
Cyprus,Italy,2,386,2,2,2006,2021
Cyprus,Thailand,2,1110,2,1,2018,2018
Cyprus,United States of America,2,1,2,2,2016,2021
Czechia,Azerbaijan,2,54,2,2,2020,2021
Czechia,Bangladesh,2,92000,1,2,2020,2021
Czechia,Brazil,2,2,1,2,2017,2021
Czechia,Senegal,2,2000,1,2,2013,2020
Czechia,Syrian Arab Republic,2,32000,1,2,2009,2010
Côte d'Ivoire,Kuwait,2,0,1,2,2020,2021
Côte d'Ivoire,Mali,2,45069,2,2,2012,2018
Côte d'Ivoire,South Africa,2,12,1,2,2014,2015
Côte d'Ivoire,Togo,2,7,2,2,2005,2014
Democratic Republic of the Congo,Belgium,2,0,2,1,2018,2018
Democratic Republic of the Congo,South Africa,2,2,2,2,2009,2018
Democratic Republic of the Congo,Uganda,2,1001,2,2,2013,2021
Democratic Republic of the Congo,United States of America,2,2,2,2,2020,2021
Denmark,Argentina,2,587,2,2,2016,2021
Denmark,Australia,2,4001,2,2,2015,2021
Denmark,Ecuador,2,10000,2,2,2008,2015
Denmark,Iran (Islamic Republic of),2,401,1,2,2013,2020
Denmark,Kenya,2,5,1,2,2011,2014
Denmark,New Zealand,2,2,1,2,2006,2015
Denmark,Sudan (former),2,12001,2,2,2007,2008
Denmark,Uganda,2,175,2,2,2017,2018
Denmark,Uzbekistan,2,1800,1,2,2020,2021
Djibouti,Qatar,2,380,2,1,2010,2010
Dominican Republic,Canada,2,1,1,2,2013,2018
Ecuador,Belgium,2,13,2,2,2008,2014
Ecuador,Costa Rica,2,2,2,2,2007,2014
Ecuador,Dominican Republic,2,0,2,2,2013,2014
Ecuador,Germany,2,2,2,2,2014,2021
Ecuador,Guatemala,2,0,2,2,2008,2014
Ecuador,Mexico,2,1000,1,2,2014,2021
Ecuador,Qatar,2,4,2,2,2006,2014
Egypt,Albania,2,4,1,2,2006,2007
Egypt,Austria,2,78,1,2,2009,2011
Egypt,"China, Hong Kong SAR",2,47,2,1,2011,2011
Egypt,Côte d'Ivoire,2,2,2,1,2021,2021
Egypt,Greece,2,41,1,2,2009,2011
Egypt,Kenya,2,5002,2,2,2005,2009
Egypt,Malawi,2,1,1,2,2009,2011
Egypt,Morocco,2,2,1,2,2009,2011
Egypt,Nigeria,2,1,1,2,2009,2011
Egypt,Singapore,2,1,1,2,2009,2011
Egypt,South Africa,2,22,1,2,2009,2011
Egypt,Switzerland,2,3,1,2,2009,2011
Egypt,Thailand,2,15,2,2,2011,2018
Egypt,Viet Nam,2,3000,2,2,2009,2011
El Salvador,Kuwait,2,0,1,2,2020,2021
Estonia,Bulgaria,2,1925,1,2,2015,2016
Estonia,Ireland,2,240,2,2,2006,2021
Estonia,Kazakhstan,2,710,1,2,2020,2021
Estonia,Sweden,2,10,1,2,2007,2014
Estonia,United Arab Emirates,2,68,2,1,2005,2005
Estonia,United Kingdom of Great Britain and Northern Ireland,2,345,2,2,2009,2021
Eswatini,Zambia,2,20,1,2,2008,2018
Ethiopia,Cameroon,2,92000,2,1,2021,2021
Ethiopia,"China, Hong Kong SAR",2,322,2,1,2021,2021
Ethiopia,"China, mainland",2,435,2,2,2005,2020
Ethiopia,India,2,801,2,2,2018,2021
Ethiopia,Sri Lanka,2,90,1,2,2020,2021
Ethiopia,United Republic of Tanzania,2,352,2,1,2005,2005
Fiji,New Zealand,2,1,2,2,2007,2009
Fiji,Vanuatu,2,38000,1,2,2008,2009
Finland,Ukraine,2,3,1,2,2008,2009
France,Armenia,2,561,2,2,2005,2021
France,Equatorial Guinea,2,68000,1,2,2013,2017
France,Malawi,2,11000,1,2,2012,2013
France,Maldives,2,0,1,2,2016,2018
France,Sao Tome and Principe,2,0,1,2,2008,2010
France,Sierra Leone,2,24000,1,2,2008,2018
French Polynesia,France,2,0,1,2,2020,2021
Georgia,Canada,2,3,1,2,2011,2012
Georgia,Israel,2,9413,1,2,2011,2012
Georgia,Thailand,2,6006,2,2,2006,2009
Georgia,Türkiye,2,44030,2,2,2005,2010
Georgia,Ukraine,2,2,1,2,2009,2016
Germany,Brunei Darussalam,2,1030,2,2,2013,2015
Germany,El Salvador,2,4,1,2,2005,2011
Germany,Liberia,2,216,1,2,2005,2009
Germany,Mauritius,2,7001,2,2,2005,2017
Germany,Seychelles,2,0,1,2,2015,2020
Germany,Sudan,2,148250,2,1,2012,2012
Ghana,Cameroon,2,6000,1,2,2007,2009
Ghana,Germany,2,5,2,2,2012,2013
Greece,Croatia,2,41046,2,2,2005,2010
Greece,Czechia,2,305,2,2,2006,2008
Greece,Israel,2,3,1,2,2008,2020
Greece,Lebanon,2,191,1,2,2017,2020
Greece,Malta,2,10,2,1,2018,2018
Greece,Sweden,2,556,2,2,2009,2020
Grenada,Trinidad and Tobago,2,0,2,2,2006,2017
Guatemala,Bolivia (Plurinational State of),2,0,2,2,2009,2010
Guyana,Germany,2,2,2,2,2006,2012
Guyana,Mexico,2,2,2,2,2005,2006
Haiti,United States of America,2,5,1,2,2005,2014
Honduras,Spain,2,26,2,1,2014,2014
Hungary,Brazil,2,3,1,2,2008,2014
Hungary,Chile,2,15,1,2,2012,2015
Hungary,Ecuador,2,0,1,2,2014,2017
Hungary,Finland,2,30001,2,2,2009,2013
Hungary,Kenya,2,71000,1,2,2020,2021
Hungary,Oman,2,8,2,2,2010,2015
Hungary,Philippines,2,0,1,2,2012,2013
Hungary,Senegal,2,15000,1,2,2015,2018
Hungary,Yemen,2,50000,1,2,2006,2008
Iceland,Czechia,2,14,1,2,2009,2020
Iceland,Latvia,2,17,1,2,2020,2021
Iceland,New Zealand,2,4,1,2,2006,2018
Iceland,Russian Federation,2,6,1,2,2007,2012
India,"China, Taiwan Province of",2,10,1,2,2005,2017
India,Czechia,2,4000,2,2,2009,2012
India,Guinea,2,13,2,2,2005,2015
India,Hungary,2,2,2,2,2011,2015
India,Iran (Islamic Republic of),2,29,2,2,2005,2008
India,Iraq,2,80001,2,2,2013,2015
India,Mauritius,2,4,2,1,2016,2016
India,Portugal,2,2,2,2,2005,2013
India,Slovakia,2,5,2,2,2011,2013
India,Togo,2,8,1,2,2009,2010
India,Türkiye,2,75,2,1,2013,2013
Indonesia,Bahrain,2,36,2,2,2007,2021
Indonesia,Canada,2,31,2,2,2007,2010
Indonesia,Ecuador,2,0,1,2,2005,2014
Indonesia,France,2,77,1,2,2005,2006
Indonesia,Iraq,2,0,1,2,2020,2021
Indonesia,New Zealand,2,1,1,2,2005,2007
Indonesia,Poland,2,2,2,2,2006,2018
Indonesia,Russian Federation,2,418,1,2,2005,2007
Indonesia,Spain,2,2,1,2,2005,2007
Indonesia,Sweden,2,1,1,2,2005,2006
Indonesia,Türkiye,2,59,1,2,2005,2007
Indonesia,Ukraine,2,2,2,2,2007,2020
Iran (Islamic Republic of),Canada,2,3,1,2,2010,2015
Iran (Islamic Republic of),Georgia,2,300045,2,2,2007,2021
Iran (Islamic Republic of),Lebanon,2,112,2,1,2018,2018
Iraq,Georgia,2,597,1,2,2017,2021
Iraq,Saudi Arabia,2,33,2,2,2020,2021
Ireland,Estonia,2,20087,2,2,2020,2021
Ireland,Finland,2,3,1,2,2009,2021
Ireland,Israel,2,0,1,2,2008,2020
Ireland,Mauritius,2,4,1,2,2008,2009
Ireland,Montenegro,2,199,2,2,2009,2016
Ireland,Serbia and Montenegro,2,387,2,1,2005,2005
Israel,Austria,2,4,1,2,2008,2009
Israel,Canada,2,2,1,2,2005,2015
Israel,Ecuador,2,0,1,2,2005,2009
Israel,New Zealand,2,2,2,2,2016,2021
Israel,South Africa,2,4,1,2,2007,2011
Israel,Uzbekistan,2,7000,2,2,2005,2017
Italy,"China, Hong Kong SAR",2,251,2,2,2007,2011
Italy,"China, mainland",2,920,2,1,2020,2020
Italy,Indonesia,2,50,2,2,2006,2018
Italy,Kyrgyzstan,2,7,1,2,2008,2015
Italy,Mauritius,2,5,1,2,2009,2013
Italy,Pakistan,2,2,1,2,2008,2010
Italy,Republic of Korea,2,19,1,2,2012,2015
Italy,Republic of Moldova,2,41000,2,1,2012,2012
Italy,Serbia and Montenegro,2,321002,2,1,2005,2005
Italy,Singapore,2,2,1,2,2008,2011
Italy,Sri Lanka,2,1020,2,2,2011,2013
Italy,Togo,2,220000,1,2,2007,2015
Italy,United Republic of Tanzania,2,58,1,2,2010,2013
Japan,Botswana,2,6,1,2,2017,2018
Japan,New Zealand,2,5,1,2,2016,2021
Japan,Pakistan,2,22,2,2,2013,2021
Japan,Uganda,2,1000,2,2,2010,2016
Jordan,Bulgaria,2,17,1,2,2005,2010
Jordan,France,2,6,1,2,2006,2011
Jordan,Spain,2,11,1,2,2006,2015
Jordan,Türkiye,2,914,2,2,2011,2014
Kazakhstan,Germany,2,6,1,2,2011,2015
Kazakhstan,Hungary,2,22,1,2,2005,2011
Kazakhstan,Qatar,2,394,2,2,2005,2010
Kazakhstan,Republic of Korea,2,15,1,2,2005,2006
Kazakhstan,Turkmenistan,2,4,2,2,2015,2018
Kenya,Bahrain,2,485,1,2,2011,2012
Kenya,Botswana,2,7,2,2,2009,2014
Kenya,Canada,2,10,1,2,2008,2021
Kenya,Djibouti,2,185,2,2,2018,2020
Kenya,Malawi,2,130,2,2,2014,2017
Kenya,Oman,2,39500,2,1,2021,2021
Kenya,United Kingdom of Great Britain and Northern Ireland,2,4,2,2,2005,2016
Kuwait,Australia,2,0,1,2,2020,2021
Kuwait,"China, mainland",2,0,1,2,2020,2021
Kuwait,Ethiopia,2,113,2,2,2014,2020
Kuwait,France,2,1,2,1,2021,2021
Kuwait,Italy,2,0,1,2,2020,2021
Kuwait,Norway,2,1,2,2,2006,2020
Kuwait,Pakistan,2,0,2,2,2006,2020
Kuwait,Philippines,2,0,1,2,2020,2021
Kuwait,Russian Federation,2,0,1,2,2020,2021
Kuwait,Spain,2,0,1,2,2020,2021
Kuwait,Türkiye,2,0,1,2,2020,2021
Kyrgyzstan,Azerbaijan,2,17,2,2,2012,2017
Kyrgyzstan,Iran (Islamic Republic of),2,6694,1,2,2010,2011
Lao People's Democratic Republic,Australia,2,473,2,2,2005,2015
Lao People's Democratic Republic,France,2,0,2,1,2015,2015
Latvia,Bosnia and Herzegovina,2,785,1,2,2017,2018
Latvia,Kyrgyzstan,2,77,1,2,2020,2021
Latvia,Republic of Moldova,2,554,2,2,2006,2010
Latvia,Sweden,2,19001,2,2,2007,2014
Lebanon,Angola,2,0,1,2,2008,2021
Lebanon,Cameroon,2,0,2,1,2021,2021
Lebanon,Ethiopia,2,33001,2,2,2006,2007
Lebanon,Germany,2,6,1,2,2009,2018
Lebanon,Switzerland,2,4,1,2,2008,2011
Lithuania,Azerbaijan,2,725,2,1,2021,2021
Lithuania,Bosnia and Herzegovina,2,128,1,2,2005,2017
Lithuania,Ireland,2,13,1,2,2008,2009
Lithuania,Serbia,2,218,2,2,2007,2014
Luxembourg,Chile,2,5,1,2,2009,2021
Luxembourg,"China, Hong Kong SAR",2,0,1,2,2018,2020
Luxembourg,Ghana,2,7,1,2,2017,2018
Luxembourg,Mexico,2,583,2,1,2021,2021
Luxembourg,South Africa,2,21,2,2,2011,2017
Madagascar,France,2,2000,2,2,2015,2021
Malawi,Brunei Darussalam,2,5020,2,1,2016,2016
Malawi,"China, Hong Kong SAR",2,4357,1,2,2013,2015
Malawi,"China, mainland",2,1430,1,2,2014,2015
Malawi,Germany,2,6384,1,2,2014,2015
Malaysia,"China, Macao SAR",2,6,1,2,2007,2013
Malaysia,Finland,2,15,2,2,2012,2017
Malaysia,Hungary,2,4,2,2,2007,2017
Malaysia,Maldives,2,0,2,2,2010,2018
Malaysia,Nigeria,2,20090,2,2,2007,2014
Malaysia,Spain,2,27,2,2,2008,2017
Malaysia,Sri Lanka,2,46,2,1,2011,2011
Malaysia,Sweden,2,9,2,2,2006,2017
Malaysia,Switzerland,2,1,2,2,2008,2009
Malaysia,Uganda,2,2,2,1,2014,2014
Mali,France,2,4,1,2,2005,2008
Mali,Lebanon,2,50,2,2,2005,2016
Mali,Saudi Arabia,2,2000,1,2,2016,2017
Mali,United States of America,2,1174,2,2,2008,2016
Malta,Canada,2,35,1,2,2007,2021
Malta,Denmark,2,0,2,1,2018,2018
Malta,France,2,6,1,2,2017,2021
Malta,Germany,2,2,1,2,2006,2014
Malta,Romania,2,3990,2,2,2014,2021
Mauritania,Morocco,2,1021,2,2,2010,2017
Mauritania,United Kingdom of Great Britain and Northern Ireland,2,17,1,2,2007,2008
Mauritania,United Republic of Tanzania,2,1000,1,2,2005,2010
Mauritius,Malawi,2,16000,1,2,2013,2014
Mexico,Argentina,2,2,2,2,2006,2009
Mexico,"China, mainland",2,17,1,2,2006,2015
Mexico,Jordan,2,5913,1,2,2012,2013
Mexico,Portugal,2,6,1,2,2007,2012
Mexico,South Africa,2,2001,2,2,2006,2020
Mexico,Sweden,2,2,1,2,2011,2012
Mongolia,Republic of Korea,2,28,2,1,2007,2007
Montenegro,Albania,2,12000,1,2,2007,2011
Morocco,Angola,2,8000,1,2,2017,2018
Morocco,Cameroon,2,54000,1,2,2012,2021
Morocco,Libya,2,411,2,2,2009,2010
Morocco,Saudi Arabia,2,0,2,2,2005,2018
Morocco,Sweden,2,3,1,2,2017,2021
Morocco,United Kingdom of Great Britain and Northern Ireland,2,4,1,2,2009,2015
Mozambique,Malawi,2,28000,1,2,2016,2021
Mozambique,Uganda,2,1,2,2,2008,2009
Mozambique,United Republic of Tanzania,2,4,1,2,2007,2008
Mozambique,Zambia,2,21,2,2,2010,2016
Myanmar,Bangladesh,2,556,2,2,2018,2021
Myanmar,Cambodia,2,3,2,2,2018,2020
Myanmar,"China, Hong Kong SAR",2,22,1,2,2020,2021
Myanmar,Lao People's Democratic Republic,2,4000,2,1,2020,2020
Myanmar,Republic of Korea,2,5,1,2,2020,2021
Myanmar,Russian Federation,2,10,1,2,2018,2021
Myanmar,South Africa,2,5,1,2,2018,2021
Namibia,Malaysia,2,398,2,2,2005,2007
Namibia,Saudi Arabia,2,190,1,2,2015,2016
Namibia,United Republic of Tanzania,2,24,1,2,2007,2012
Nepal,Bhutan,2,18000,1,2,2009,2010
Netherlands (Kingdom of the),Brunei Darussalam,2,4,2,2,2013,2017
Netherlands (Kingdom of the),Cambodia,2,9004,2,2,2010,2021
Netherlands (Kingdom of the),Chad,2,124000,1,2,2017,2021
Netherlands (Kingdom of the),El Salvador,2,7,1,2,2009,2014
Netherlands (Kingdom of the),Guinea-Bissau,2,26000,1,2,2005,2016
Netherlands (Kingdom of the),Marshall Islands,2,32000,1,2,2012,2014
Netherlands (Kingdom of the),Palestine,2,118000,1,2,2007,2008
Netherlands (Kingdom of the),Serbia and Montenegro,2,32838,2,1,2005,2005
New Caledonia,Australia,2,26,1,2,2015,2017
New Caledonia,France,2,0,1,2,2020,2021
New Zealand,Denmark,2,2,1,2,2010,2016
New Zealand,Guatemala,2,2390,1,2,2005,2007
New Zealand,Italy,2,2,2,2,2010,2014
New Zealand,Madagascar,2,2870,1,2,2005,2006
New Zealand,Pakistan,2,311000,1,2,2014,2021
Nicaragua,Bolivia (Plurinational State of),2,1000,2,2,2010,2012
Nicaragua,Brazil,2,3,2,2,2012,2013
Nicaragua,Canada,2,1,1,2,2012,2013
Nicaragua,Colombia,2,0,1,2,2012,2013
Nicaragua,Germany,2,0,1,2,2012,2013
Nicaragua,Spain,2,0,1,2,2012,2013
Niger,Belgium,2,2,2,2,2008,2012
Niger,Burundi,2,88,1,2,2005,2006
Niger,Colombia,2,4,1,2,2005,2006
Niger,Eritrea,2,7,2,2,2008,2011
Niger,Norway,2,80,1,2,2008,2011
Niger,South Africa,2,3,1,2,2020,2021
Nigeria,India,2,3,2,1,2018,2018
Nigeria,Pakistan,2,25,1,2,2009,2010
Nigeria,Togo,2,37,2,2,2012,2016
North Macedonia,Bosnia and Herzegovina,2,81310,2,2,2009,2012
North Macedonia,Germany,2,26,2,2,2009,2015
North Macedonia,Slovenia,2,47,2,2,2008,2009
Norway,Bosnia and Herzegovina,2,373,1,2,2013,2014
Norway,Canada,2,135,1,2,2007,2016
Norway,Iceland,2,622,1,2,2006,2007
Norway,Latvia,2,4,1,2,2017,2021
Norway,Malaysia,2,72,1,2,2005,2006
Norway,Qatar,2,5,1,2,2015,2016
Norway,Saudi Arabia,2,1002,2,2,2011,2017
Norway,Slovakia,2,2,1,2,2009,2011
Norway,Slovenia,2,2,1,2,2010,2018
Oman,India,2,5,1,2,2020,2021
Oman,Iraq,2,54000,1,2,2011,2016
Oman,Netherlands (Kingdom of the),2,8,1,2,2014,2017
Oman,Somalia,2,849,2,2,2014,2015
Oman,Spain,2,57,1,2,2006,2007
Pakistan,Australia,2,1003,2,2,2011,2015
Pakistan,Bangladesh,2,15006,2,2,2011,2013
Pakistan,"China, Hong Kong SAR",2,24,2,2,2013,2021
Pakistan,India,2,13,2,1,2014,2014
Pakistan,Sri Lanka,2,10,2,2,2008,2015
Pakistan,Türkiye,2,1452,2,1,2011,2011
Palestine,Israel,2,0,2,1,2018,2018
Panama,Dominican Republic,2,127001,2,2,2007,2018
Paraguay,Ecuador,2,1929,1,2,2015,2016
Peru,Costa Rica,2,12,1,2,2006,2008
Peru,Honduras,2,52,1,2,2005,2006
Peru,Switzerland,2,6,1,2,2006,2014
Peru,United Arab Emirates,2,5,1,2,2007,2008
Peru,Uruguay,2,3,1,2,2006,2013
Philippines,Brazil,2,9,1,2,2013,2014
Philippines,Canada,2,2511,1,2,2013,2014
Philippines,"China, Taiwan Province of",2,387,2,2,2013,2014
Philippines,Egypt,2,2288,1,2,2013,2014
Philippines,France,2,11600,2,2,2005,2014
Philippines,India,2,205,2,2,2013,2014
Philippines,Israel,2,410,1,2,2013,2014
Philippines,Netherlands (Kingdom of the),2,1770,1,2,2013,2014
Philippines,Peru,2,610,1,2,2013,2014
Philippines,Qatar,2,71,2,2,2010,2014
Philippines,Russian Federation,2,60,2,2,2006,2012
Poland,Argentina,2,2,1,2,2018,2021
Poland,Nepal,2,76000,1,2,2009,2011
Poland,North Macedonia,2,9,1,2,2011,2021
Poland,Serbia and Montenegro,2,90137,2,1,2005,2005
Portugal,Algeria,2,11994,2,1,2018,2018
Portugal,Bosnia and Herzegovina,2,256,1,2,2015,2016
Portugal,"China, Hong Kong SAR",2,0,1,2,2013,2014
Portugal,"China, Macao SAR",2,0,1,2,2012,2014
Portugal,Congo,2,12,1,2,2013,2014
Portugal,Czechia,2,3,1,2,2017,2018
Portugal,Côte d'Ivoire,2,33000,1,2,2018,2021
Portugal,Ghana,2,0,2,2,2016,2018
Portugal,Jordan,2,77,1,2,2014,2016
Portugal,Thailand,2,11,1,2,2007,2008
Portugal,Türkiye,2,41002,2,2,2013,2018
Portugal,Ukraine,2,310000,1,2,2016,2017
Portugal,Venezuela (Bolivarian Republic of),2,3,2,2,2005,2021
Qatar,Canada,2,10,2,1,2015,2015
Qatar,Denmark,2,4,2,2,2010,2015
Qatar,Luxembourg,2,12,1,2,2020,2021
Qatar,Malaysia,2,14,2,2,2009,2015
Qatar,Morocco,2,2,2,2,2015,2017
Qatar,Nepal,2,53000,1,2,2009,2011
Qatar,Pakistan,2,17,1,2,2017,2018
Qatar,Republic of Korea,2,2,2,2,2006,2015
Qatar,South Africa,2,13,2,2,2011,2015
Qatar,Spain,2,1,2,2,2015,2016
Qatar,Switzerland,2,5,2,1,2015,2015
Qatar,Tunisia,2,2,1,2,2007,2011
Republic of Korea,Bahrain,2,0,2,2,2010,2017
Republic of Korea,"China, Taiwan Province of",2,8,1,2,2006,2009
Republic of Korea,Denmark,2,2,1,2,2016,2017
Republic of Korea,Ecuador,2,0,1,2,2018,2021
Republic of Korea,India,2,10,2,2,2011,2012
Republic of Korea,Ireland,2,0,1,2,2014,2015
Republic of Korea,Kazakhstan,2,3,2,2,2006,2015
Republic of Korea,Myanmar,2,9000,1,2,2014,2018
Republic of Korea,Nepal,2,87000,1,2,2007,2008
Republic of Korea,Nigeria,2,100,1,2,2007,2008
Republic of Korea,Philippines,2,624,2,2,2005,2008
Republic of Korea,Russian Federation,2,10,1,2,2008,2009
Republic of Korea,South Africa,2,20,2,2,2005,2009
Republic of Korea,United Republic of Tanzania,2,3,2,2,2011,2014
Republic of Moldova,Albania,2,370,1,2,2005,2006
Republic of Moldova,Belarus,2,3,1,2,2008,2021
Republic of Moldova,Comoros,2,1000,1,2,2017,2018
Republic of Moldova,Georgia,2,976,2,2,2017,2018
Republic of Moldova,Hungary,2,601,2,2,2006,2021
Republic of Moldova,Uzbekistan,2,210,2,1,2020,2020
Romania,Bahrain,2,336,1,2,2016,2017
Romania,Malta,2,409,1,2,2020,2021
Romania,Qatar,2,11957,2,2,2020,2021
Romania,Tunisia,2,122996,1,2,2012,2013
Romania,Ukraine,2,21100,2,2,2015,2016
Russian Federation,Bosnia and Herzegovina,2,9,1,2,2009,2021
Russian Federation,Denmark,2,8,1,2,2008,2010
Russian Federation,India,2,1002,2,2,2005,2021
Russian Federation,Ireland,2,10,1,2,2012,2021
Russian Federation,Japan,2,2002,2,2,2007,2021
Russian Federation,Kuwait,2,0,1,2,2020,2021
Russian Federation,Nepal,2,127,2,2,2010,2017
Russian Federation,Syrian Arab Republic,2,12,1,2,2005,2006
Rwanda,Germany,2,18,2,2,2010,2015
Saint Lucia,Barbados,2,14,1,2,2012,2020
Saint Lucia,Grenada,2,8,1,2,2007,2008
Saint Lucia,Saint Vincent and the Grenadines,2,24,2,2,2007,2009
Saint Lucia,Trinidad and Tobago,2,7,1,2,2010,2020
Saint Vincent and the Grenadines,Saint Kitts and Nevis,2,2,2,2,2007,2016
Saudi Arabia,Georgia,2,14633,1,2,2015,2017
Saudi Arabia,Guinea,2,49000,1,2,2006,2015
Saudi Arabia,Ireland,2,5,1,2,2014,2017
Saudi Arabia,Liberia,2,288000,1,2,2014,2015
Saudi Arabia,Malawi,2,2,2,2,2009,2018
Saudi Arabia,Poland,2,6,1,2,2008,2021
Senegal,Canada,2,0,2,2,2008,2016
Senegal,Central African Republic,2,1000,2,2,2008,2016
Senegal,Congo,2,20,2,2,2005,2012
Senegal,Finland,2,13000,1,2,2007,2008
Senegal,Germany,2,30000,2,2,2005,2009
Senegal,Ghana,2,3001,2,2,2013,2016
Senegal,Kuwait,2,1000,2,2,2008,2014
Senegal,Morocco,2,1000,2,2,2005,2011
Senegal,Niger,2,2001,2,2,2013,2020
Senegal,Papua New Guinea,2,7000,2,1,2009,2009
Senegal,Türkiye,2,7000,2,2,2008,2014
Senegal,Uganda,2,1012,2,2,2014,2021
Senegal,United Republic of Tanzania,2,1,1,2,2009,2016
Serbia,Algeria,2,4,2,1,2015,2015
Serbia,Egypt,2,1442217,2,2,2010,2017
Serbia,Poland,2,3,1,2,2016,2018
Serbia,United Arab Emirates,2,1000,2,2,2017,2018
Sierra Leone,United States of America,2,3,2,2,2017,2018
Singapore,Belgium,2,4,1,2,2006,2018
Singapore,"China, Taiwan Province of",2,89000,2,2,2016,2017
Singapore,Republic of Korea,2,1,2,2,2008,2020
Singapore,Solomon Islands,2,53,1,2,2006,2013
Singapore,Switzerland,2,0,1,2,2014,2021
Slovakia,Azerbaijan,2,268,2,2,2014,2018
Slovakia,Brazil,2,2,1,2,2013,2016
Slovakia,Finland,2,585,2,2,2006,2008
Slovakia,Georgia,2,851,2,2,2013,2021
Slovakia,Malta,2,110033,2,2,2010,2020
Slovakia,Montenegro,2,287000,1,2,2020,2021
Slovakia,Myanmar,2,20,2,1,2018,2018
Slovakia,Norway,2,7,1,2,2012,2015
Slovakia,Serbia and Montenegro,2,10001,2,1,2005,2005
Slovakia,United Arab Emirates,2,0,1,2,2007,2016
Slovenia,Iraq,2,1813,1,2,2020,2021
Slovenia,Serbia and Montenegro,2,181,2,1,2005,2005
Slovenia,United Arab Emirates,2,2,1,2,2010,2011
Somalia,Lebanon,2,3521,2,1,2011,2011
Somalia,Pakistan,2,402,2,1,2011,2011
South Africa,Argentina,2,42,1,2,2006,2007
South Africa,"China, Taiwan Province of",2,1929,2,2,2006,2008
South Africa,Czechia,2,4,2,2,2008,2011
South Africa,Eritrea,2,7,1,2,2012,2016
South Africa,Myanmar,2,262,2,2,2010,2020
South Africa,Republic of Korea,2,11,2,1,2007,2007
South Africa,Sao Tome and Principe,2,6,1,2,2012,2017
South Africa,Sudan,2,568,1,2,2012,2018
South Africa,Sweden,2,2,2,2,2014,2015
South Africa,Tuvalu,2,142,2,1,2007,2007
South Sudan,United Arab Emirates,2,393,2,2,2020,2021
Spain,Australia,2,2,1,2,2013,2015
Spain,Barbados,2,0,2,1,2021,2021
Spain,Bosnia and Herzegovina,2,47000,1,2,2020,2021
Spain,El Salvador,2,1,2,2,2017,2021
Spain,Estonia,2,3,2,1,2021,2021
Spain,Mozambique,2,66000,1,2,2017,2018
Spain,Seychelles,2,35,2,2,2007,2015
Sri Lanka,Bahrain,2,80,2,2,2011,2013
Sri Lanka,France,2,2,2,1,2012,2012
Sri Lanka,India,2,52,2,2,2011,2012
Sri Lanka,Israel,2,17,2,2,2009,2012
Sri Lanka,Japan,2,1,2,2,2011,2014
Sri Lanka,Pakistan,2,1,2,2,2008,2021
Sri Lanka,Syrian Arab Republic,2,102,2,1,2005,2005
Sudan (former),Syrian Arab Republic,2,3219,2,2,2006,2007
Sweden,Austria,2,6,1,2,2010,2011
Sweden,"China, Hong Kong SAR",2,15,2,2,2010,2012
Sweden,"China, Taiwan Province of",2,31,1,2,2008,2009
Sweden,Kazakhstan,2,2,1,2,2015,2016
Sweden,Pakistan,2,485,1,2,2011,2012
Sweden,Qatar,2,1001,2,2,2006,2013
Sweden,Saudi Arabia,2,4,1,2,2006,2010
Sweden,Singapore,2,16,1,2,2009,2017
Sweden,Ukraine,2,16,1,2,2005,2012
Switzerland,Armenia,2,150,1,2,2009,2010
Switzerland,Bahrain,2,4,1,2,2008,2015
Switzerland,Cabo Verde,2,2,1,2,2005,2007
Switzerland,Ecuador,2,0,1,2,2018,2020
Switzerland,Egypt,2,35,1,2,2007,2018
Switzerland,Indonesia,2,1,2,2,2015,2020
Switzerland,Jamaica,2,0,1,2,2017,2020
Switzerland,Kazakhstan,2,2,1,2,2012,2018
Switzerland,Lebanon,2,3,1,2,2009,2017
Switzerland,New Zealand,2,5,1,2,2005,2012
Switzerland,North Macedonia,2,2,1,2,2006,2018
Switzerland,Republic of Korea,2,2,1,2,2013,2017
Switzerland,Rwanda,2,1,2,1,2009,2009
Switzerland,Singapore,2,6,2,2,2014,2021
Syrian Arab Republic,Germany,2,26,1,2,2008,2012
Syrian Arab Republic,Slovakia,2,4,1,2,2008,2010
Tajikistan,Kyrgyzstan,2,43,1,2,2018,2020
Thailand,Bulgaria,2,1001,2,2,2013,2015
Thailand,"China, Macao SAR",2,2,2,1,2014,2014
Thailand,Czechia,2,1,2,2,2011,2012
Thailand,Ghana,2,120,2,2,2013,2016
Thailand,Iran (Islamic Republic of),2,20,2,2,2011,2013
Thailand,Iraq,2,8,2,2,2005,2018
Thailand,Jordan,2,0,2,2,2010,2012
Thailand,Kenya,2,301,2,2,2012,2014
Thailand,Mauritius,2,1,2,1,2011,2011
Thailand,Uganda,2,3,1,2,2009,2015
Thailand,United Republic of Tanzania,2,2,1,2,2012,2014
Timor-Leste,Indonesia,2,1326,1,2,2009,2010
Togo,Cameroon,2,4,2,2,2011,2021
Togo,Gabon,2,103,2,2,2005,2007
Trinidad and Tobago,Antigua and Barbuda,2,100,2,1,2005,2005
Trinidad and Tobago,Dominica,2,0,2,2,2006,2021
Trinidad and Tobago,Dominican Republic,2,1030,2,2,2005,2006
Trinidad and Tobago,Saint Kitts and Nevis,2,0,2,2,2009,2018
Tunisia,Belgium,2,41,1,2,2009,2010
Tunisia,Germany,2,9,1,2,2005,2007
Tunisia,Italy,2,2,1,2,2007,2008
Tunisia,Niger,2,0,2,1,2014,2014
Turkmenistan,Netherlands (Kingdom of the),2,2,1,2,2020,2021
Türkiye,Austria,2,179,2,2,2010,2015
Türkiye,Canada,2,2,2,1,2021,2021
Türkiye,Chad,2,2000,1,2,2020,2021
Türkiye,Kazakhstan,2,47,1,2,2015,2021
Türkiye,Malaysia,2,19,2,2,2015,2016
Türkiye,Maldives,2,0,2,1,2021,2021
Türkiye,Pakistan,2,2158,2,2,2017,2020
Türkiye,Romania,2,3522665,2,2,2005,2017
Türkiye,Rwanda,2,7000,1,2,2020,2021
Türkiye,Tajikistan,2,22065,2,1,2020,2020
Türkiye,Viet Nam,2,0,1,2,2020,2021
Uganda,Belgium,2,11,1,2,2011,2012
Uganda,Canada,2,1,2,2,2007,2013
Uganda,Djibouti,2,2,1,2,2009,2013
Uganda,Ghana,2,2,2,1,2006,2006
Uganda,Indonesia,2,1000,2,2,2014,2015
Uganda,Japan,2,3,1,2,2011,2015
Uganda,Mozambique,2,9,1,2,2007,2008
Uganda,Nigeria,2,1,2,2,2006,2008
Uganda,Pakistan,2,0,2,2,2008,2010
Ukraine,Bahrain,2,0,2,2,2014,2020
Ukraine,Belgium,2,5,1,2,2007,2012
Ukraine,"China, mainland",2,2,1,2,2011,2012
Ukraine,Iraq,2,1705,1,2,2016,2017
Ukraine,Ireland,2,13,1,2,2006,2016
Ukraine,Kyrgyzstan,2,49,2,2,2018,2021
Ukraine,Spain,2,30007,2,2,2008,2017
Ukraine,Tajikistan,2,261,1,2,2020,2021
Ukraine,Thailand,2,20,1,2,2006,2008
Ukraine,Turkmenistan,2,486,1,2,2016,2018
United Arab Emirates,Brunei Darussalam,2,4,1,2,2013,2016
United Arab Emirates,Bulgaria,2,0,1,2,2020,2021
United Arab Emirates,Burundi,2,22,2,2,2009,2021
United Arab Emirates,"China, Taiwan Province of",2,1,2,1,2014,2014
United Arab Emirates,Denmark,2,22,1,2,2008,2016
United Arab Emirates,Greece,2,0,2,2,2017,2020
United Arab Emirates,Mauritius,2,56,1,2,2007,2011
United Arab Emirates,Mozambique,2,46,2,2,2012,2015
United Arab Emirates,Nigeria,2,11,1,2,2014,2016
United Arab Emirates,Romania,2,0,2,2,2008,2020
United Arab Emirates,Tajikistan,2,55,2,2,2016,2017
United Arab Emirates,Uruguay,2,5,1,2,2012,2020
United Arab Emirates,Zimbabwe,2,0,2,2,2014,2016
United Kingdom of Great Britain and Northern Ireland,Benin,2,6001,2,2,2005,2021
United Kingdom of Great Britain and Northern Ireland,Cambodia,2,680,1,2,2008,2009
United Kingdom of Great Britain and Northern Ireland,Ecuador,2,1,2,2,2017,2021
United Kingdom of Great Britain and Northern Ireland,Mozambique,2,23001,2,2,2012,2014
United Kingdom of Great Britain and Northern Ireland,Sierra Leone,2,4001,2,2,2011,2018
United Kingdom of Great Britain and Northern Ireland,Sudan (former),2,31000,1,2,2005,2006
United Kingdom of Great Britain and Northern Ireland,Togo,2,2000,1,2,2010,2017
United Kingdom of Great Britain and Northern Ireland,Yemen,2,48001,2,2,2005,2007
United Republic of Tanzania,Denmark,2,1001,2,2,2007,2012
United Republic of Tanzania,Egypt,2,1,2,1,2007,2007
United Republic of Tanzania,Ireland,2,0,1,2,2013,2014
United Republic of Tanzania,Israel,2,1,1,2,2014,2021
United Republic of Tanzania,Kiribati,2,93,1,2,2013,2017
United Republic of Tanzania,Philippines,2,2,1,2,2013,2014
United Republic of Tanzania,Poland,2,2,1,2,2013,2014
United Republic of Tanzania,Portugal,2,47000,1,2,2005,2008
United Republic of Tanzania,Qatar,2,5,2,2,2005,2008
United Republic of Tanzania,Saudi Arabia,2,0,2,1,2005,2005
United Republic of Tanzania,Slovakia,2,0,2,2,2007,2013
United Republic of Tanzania,Slovenia,2,2,2,1,2013,2013
United Republic of Tanzania,Suriname,2,1,2,2,2005,2013
United Republic of Tanzania,Yemen,2,0,2,2,2005,2015
United Republic of Tanzania,Zimbabwe,2,11000,2,2,2010,2014
United States of America,Armenia,2,121,2,1,2005,2005
United States of America,Burundi,2,7000,1,2,2007,2008
United States of America,Fiji,2,3,2,2,2005,2013
United States of America,Iceland,2,162000,1,2,2009,2013
United States of America,Mali,2,83,1,2,2005,2011
United States of America,Micronesia (Federated States of),2,6,1,2,2020,2021
United States of America,Namibia,2,1091,2,2,2008,2017
United States of America,Sao Tome and Principe,2,1426,2,2,2013,2020
United States of America,Sudan (former),2,19001,2,2,2008,2010
Uruguay,Dominican Republic,2,70,1,2,2005,2006
Uruguay,Luxembourg,2,31,1,2,2018,2021
Uzbekistan,Austria,2,94,1,2,2012,2018
Venezuela (Bolivarian Republic of),Brazil,2,0,2,2,2006,2013
Venezuela (Bolivarian Republic of),Spain,2,1000,1,2,2007,2008
Viet Nam,Canada,2,3,1,2,2007,2018
Viet Nam,Malaysia,2,57338,2,2,2011,2015
Viet Nam,Pakistan,2,780,1,2,2018,2021
Viet Nam,South Africa,2,3,2,2,2018,2020
Yemen,Eritrea,2,95,2,1,2005,2005
Zambia,Côte d'Ivoire,2,0,2,2,2016,2018
Zambia,Madagascar,2,40000,1,2,2017,2018
Zimbabwe,Ethiopia,2,1000,2,2,2010,2011
Afghanistan,Germany,1,1,1,1,2016,2016
Afghanistan,India,1,1,1,1,2005,2005
Afghanistan,Mozambique,1,8000,1,1,2015,2015
Afghanistan,Saudi Arabia,1,0,1,1,2005,2005
Albania,Bulgaria,1,67,1,1,2009,2009
Albania,France,1,0,1,1,2007,2007
Albania,Hungary,1,30000,1,1,2020,2020
Albania,Malta,1,10,1,1,2006,2006
Albania,Montenegro,1,10,1,1,2015,2015
Albania,Nigeria,1,0,1,1,2008,2008
Albania,North Macedonia,1,3000,1,1,2012,2012
Albania,Romania,1,813,1,1,2018,2018
Albania,Slovenia,1,218,1,1,2006,2006
Albania,Syrian Arab Republic,1,267000,1,1,2008,2008
Albania,Thailand,1,1,1,1,2008,2008
Algeria,Brazil,1,19,1,1,2005,2005
Algeria,Germany,1,3,1,1,2014,2014
Algeria,Morocco,1,0,1,1,2007,2007
Algeria,Niger,1,1100,1,1,2012,2012
Algeria,Qatar,1,1,1,1,2013,2013
Algeria,Spain,1,1,1,1,2005,2005
Angola,Cameroon,1,0,1,1,2021,2021
Angola,Cyprus,1,0,1,1,2021,2021
Angola,France,1,4,1,1,2021,2021
Angola,Ghana,1,0,1,1,2020,2020
Angola,India,1,0,1,1,2021,2021
Angola,Indonesia,1,0,1,1,2020,2020
Angola,Mauritius,1,1,1,1,2008,2008
Angola,Netherlands (Kingdom of the),1,4,1,1,2021,2021
Angola,Nigeria,1,0,1,1,2021,2021
Angola,Panama,1,0,1,1,2021,2021
Angola,Russian Federation,1,0,1,1,2020,2020
Angola,Sao Tome and Principe,1,0,1,1,2014,2014
Angola,United Arab Emirates,1,28,1,1,2008,2008
Angola,United Kingdom of Great Britain and Northern Ireland,1,1,1,1,2021,2021
Angola,Zambia,1,2,1,1,2020,2020
Antigua and Barbuda,Belgium,1,2,1,1,2020,2020
Antigua and Barbuda,Burkina Faso,1,17000,1,1,2021,2021
Antigua and Barbuda,Ghana,1,27,1,1,2016,2016
Antigua and Barbuda,Netherlands (Kingdom of the),1,17,1,1,2018,2018
Antigua and Barbuda,Nigeria,1,50,1,1,2010,2010
Antigua and Barbuda,Saint Lucia,1,1,1,1,2006,2006
Antigua and Barbuda,South Africa,1,1,1,1,2011,2011
Argentina,Angola,1,0,1,1,2021,2021
Argentina,Armenia,1,1,1,1,2006,2006
Argentina,"China, Macao SAR",1,12,1,1,2006,2006
Argentina,Cuba,1,2,1,1,2008,2008
Argentina,Denmark,1,1,1,1,2005,2005
Argentina,Georgia,1,39,1,1,2013,2013
Argentina,Hungary,1,1,1,1,2012,2012
Argentina,Indonesia,1,18,1,1,2016,2016
Argentina,Mongolia,1,2,1,1,2020,2020
Argentina,New Zealand,1,1,1,1,2008,2008
Argentina,Romania,1,2,1,1,2007,2007
Argentina,Türkiye,1,2,1,1,2018,2018
Armenia,Bahrain,1,1128,1,1,2020,2020
Armenia,Kazakhstan,1,150,1,1,2016,2016
Armenia,Oman,1,1200,1,1,2021,2021
Armenia,Ukraine,1,0,1,1,2009,2009
Australia,Albania,1,791,1,1,2010,2010
Australia,Ecuador,1,0,1,1,2016,2016
Australia,Finland,1,0,1,1,2012,2012
Australia,Iceland,1,1521,1,1,2018,2018
Australia,Iraq,1,30,1,1,2006,2006
Australia,Kenya,1,49,1,1,2017,2017
Australia,Kyrgyzstan,1,141,1,1,2021,2021
Australia,Mali,1,1,1,1,2005,2005
Australia,Malta,1,0,1,1,2005,2005
Australia,Nauru,1,1000,1,1,2009,2009
Australia,Nigeria,1,108,1,1,2008,2008
Australia,Norway,1,1,1,1,2020,2020
Australia,Rwanda,1,6000,1,1,2011,2011
Australia,Sudan (former),1,1000,1,1,2010,2010
Australia,Switzerland,1,1,1,1,2008,2008
Australia,Uganda,1,1,1,1,2006,2006
Australia,Uzbekistan,1,2100,1,1,2020,2020
Austria,Argentina,1,1,1,1,2015,2015
Austria,Cambodia,1,697,1,1,2015,2015
Austria,Cyprus,1,33,1,1,2018,2018
Austria,Ecuador,1,0,1,1,2017,2017
Austria,Eritrea,1,142,1,1,2020,2020
Austria,Estonia,1,98,1,1,2010,2010
Austria,Finland,1,1,1,1,2007,2007
Austria,Japan,1,1,1,1,2018,2018
Austria,Jordan,1,0,1,1,2015,2015
Austria,Kuwait,1,0,1,1,2020,2020
Austria,Libya,1,0,1,1,2014,2014
Austria,Mongolia,1,1,1,1,2016,2016
Austria,Myanmar,1,29000,1,1,2017,2017
Austria,Republic of Korea,1,5,1,1,2018,2018
Austria,Saudi Arabia,1,1,1,1,2006,2006
Austria,Tajikistan,1,31,1,1,2021,2021
Austria,Viet Nam,1,0,1,1,2017,2017
Azerbaijan,Bahrain,1,1000,1,1,2016,2016
Azerbaijan,Germany,1,1,1,1,2015,2015
Azerbaijan,Iran (Islamic Republic of),1,1,1,1,2010,2010
Azerbaijan,Qatar,1,88,1,1,2018,2018
Bahamas,Barbados,1,0,1,1,2021,2021
Bahamas,Dominica,1,1000,1,1,2008,2008
Bahamas,Jamaica,1,0,1,1,2021,2021
Bahamas,Saint Vincent and the Grenadines,1,0,1,1,2006,2006
Bahrain,Canada,1,0,1,1,2016,2016
Bahrain,Ethiopia,1,1,1,1,2006,2006
Bahrain,India,1,1,1,1,2021,2021
Bahrain,Italy,1,5,1,1,2013,2013
Bahrain,Syrian Arab Republic,1,0,1,1,2009,2009
Bahrain,United Republic of Tanzania,1,0,1,1,2012,2012
Bangladesh,Algeria,1,8000,1,1,2015,2015
Bangladesh,Barbados,1,2,1,1,2006,2006
Bangladesh,Brazil,1,2,1,1,2006,2006
Bangladesh,Canada,1,0,1,1,2018,2018
Bangladesh,Egypt,1,634,1,1,2006,2006
Bangladesh,France,1,1,1,1,2007,2007
Bangladesh,Japan,1,4,1,1,2005,2005
Bangladesh,Kuwait,1,2,1,1,2015,2015
Bangladesh,Sweden,1,4,1,1,2006,2006
Bangladesh,United Kingdom of Great Britain and Northern Ireland,1,1,1,1,2005,2005
Bangladesh,Viet Nam,1,18,1,1,2015,2015
Barbados,Brazil,1,1,1,1,2015,2015
Barbados,Canada,1,0,1,1,2021,2021
Barbados,Guyana,1,34,1,1,2014,2014
Barbados,Mexico,1,0,1,1,2018,2018
Barbados,Netherlands (Kingdom of the),1,0,1,1,2008,2008
Barbados,Switzerland,1,6,1,1,2010,2010
Belarus,Bulgaria,1,1,1,1,2010,2010
Belarus,Canada,1,2,1,1,2007,2007
Belarus,Czechia,1,6,1,1,2009,2009
Belarus,Georgia,1,78,1,1,2018,2018
Belarus,Greece,1,4,1,1,2005,2005
Belarus,Latvia,1,2,1,1,2008,2008
Belarus,Mongolia,1,12,1,1,2007,2007
Belarus,Oman,1,6,1,1,2005,2005
Belarus,Romania,1,4,1,1,2007,2007
Belarus,Serbia,1,1,1,1,2021,2021
Belarus,United Kingdom of Great Britain and Northern Ireland,1,1,1,1,2007,2007
Belarus,Viet Nam,1,0,1,1,2016,2016
Belgium,Botswana,1,1,1,1,2013,2013
Belgium,Brunei Darussalam,1,15000,1,1,2015,2015
Belgium,Djibouti,1,21000,1,1,2011,2011
Belgium,El Salvador,1,1,1,1,2005,2005
Belgium,Faroe Islands,1,1,1,1,2021,2021
Belgium,Kazakhstan,1,56,1,1,2007,2007
Belgium,Kiribati,1,15000,1,1,2017,2017
Belgium,Kyrgyzstan,1,1,1,1,2021,2021
Belgium,Malawi,1,14000,1,1,2018,2018
Belgium,Montenegro,1,11,1,1,2006,2006
Belgium,New Zealand,1,1,1,1,2013,2013
Belgium,Republic of Moldova,1,38000,1,1,2011,2011
Belgium,Serbia and Montenegro,1,28000,1,1,2005,2005
Belgium,Suriname,1,18000,1,1,2008,2008
Belgium,Zambia,1,2,1,1,2007,2007
Belize,Bahamas,1,56,1,1,2005,2005
Belize,Costa Rica,1,4000,1,1,2008,2008
Benin,Cameroon,1,0,1,1,2021,2021
Benin,Congo,1,0,1,1,2014,2014
Benin,Guinea,1,57,1,1,2005,2005
Benin,Kuwait,1,0,1,1,2021,2021
Benin,Mali,1,3,1,1,2016,2016
Benin,Uganda,1,1,1,1,2008,2008
Bhutan,India,1,0,1,1,2012,2012
Bhutan,Nepal,1,39,1,1,2014,2014
Bolivia (Plurinational State of),Nicaragua,1,1,1,1,2008,2008
Bolivia (Plurinational State of),Pakistan,1,481,1,1,2013,2013
Bolivia (Plurinational State of),Peru,1,2,1,1,2006,2006
Bolivia (Plurinational State of),Sweden,1,1,1,1,2013,2013
Bosnia and Herzegovina,Albania,1,17000,1,1,2015,2015
Bosnia and Herzegovina,Austria,1,2,1,1,2020,2020
Bosnia and Herzegovina,Czechia,1,29000,1,1,2007,2007
Bosnia and Herzegovina,Egypt,1,133000,1,1,2010,2010
Bosnia and Herzegovina,Germany,1,2,1,1,2021,2021
Bosnia and Herzegovina,Libya,1,1,1,1,2008,2008
Bosnia and Herzegovina,Sri Lanka,1,5000,1,1,2021,2021
Bosnia and Herzegovina,United States of America,1,1,1,1,2020,2020
Botswana,Angola,1,3,1,1,2018,2018
Botswana,Cameroon,1,3,1,1,2014,2014
Botswana,Croatia,1,1,1,1,2013,2013
Botswana,Egypt,1,1,1,1,2016,2016
Botswana,Finland,1,1,1,1,2016,2016
Botswana,India,1,32,1,1,2017,2017
Botswana,Mali,1,1,1,1,2013,2013
Botswana,Panama,1,0,1,1,2009,2009
Botswana,Russian Federation,1,1,1,1,2014,2014
Botswana,Saudi Arabia,1,1,1,1,2016,2016
Botswana,Thailand,1,1,1,1,2014,2014
Botswana,United Kingdom of Great Britain and Northern Ireland,1,0,1,1,2017,2017
Botswana,United Republic of Tanzania,1,1,1,1,2017,2017
Brazil,Antigua and Barbuda,1,40000,1,1,2012,2012
Brazil,Azerbaijan,1,1,1,1,2010,2010
Brazil,"China, Macao SAR",1,3,1,1,2006,2006
Brazil,"China, mainland",1,0,1,1,2021,2021
Brazil,Cyprus,1,0,1,1,2018,2018
Brazil,Czechia,1,3,1,1,2012,2012
Brazil,Ghana,1,5,1,1,2016,2016
Brazil,Hungary,1,2095,1,1,2020,2020
Brazil,Israel,1,3,1,1,2010,2010
Brazil,Kenya,1,3000,1,1,2017,2017
Brazil,Luxembourg,1,2,1,1,2008,2008
Brazil,Mongolia,1,1,1,1,2021,2021
Brazil,Montenegro,1,1,1,1,2013,2013
Brazil,Mozambique,1,322,1,1,2016,2016
Brazil,Myanmar,1,143000,1,1,2017,2017
Brazil,New Zealand,1,1,1,1,2021,2021
Brazil,Sao Tome and Principe,1,110,1,1,2013,2013
Brazil,Slovakia,1,1000,1,1,2020,2020
Brazil,Ukraine,1,1,1,1,2012,2012
Brazil,Viet Nam,1,24071,1,1,2021,2021
Brunei Darussalam,Australia,1,1,1,1,2018,2018
Brunei Darussalam,India,1,2,1,1,2017,2017
Brunei Darussalam,Philippines,1,1,1,1,2018,2018
Brunei Darussalam,Qatar,1,1,1,1,2013,2013
Bulgaria,Austria,1,69,1,1,2012,2012
Bulgaria,Bosnia and Herzegovina,1,38000,1,1,2012,2012
Bulgaria,Congo,1,31000,1,1,2021,2021
Bulgaria,Ecuador,1,0,1,1,2014,2014
Bulgaria,Ethiopia,1,10000,1,1,2016,2016
Bulgaria,Israel,1,1,1,1,2017,2017
Bulgaria,Kazakhstan,1,2,1,1,2010,2010
Bulgaria,Malawi,1,3,1,1,2009,2009
Bulgaria,Morocco,1,1,1,1,2021,2021
Bulgaria,Niger,1,2,1,1,2017,2017
Bulgaria,Panama,1,0,1,1,2008,2008
Bulgaria,Russian Federation,1,8000,1,1,2011,2011
Bulgaria,Saint Vincent and the Grenadines,1,0,1,1,2016,2016
Bulgaria,Saudi Arabia,1,1,1,1,2007,2007
Bulgaria,United Republic of Tanzania,1,0,1,1,2020,2020
Bulgaria,Yemen,1,87,1,1,2014,2014
Burkina Faso,Brunei Darussalam,1,56,1,1,2014,2014
Burkina Faso,Congo,1,0,1,1,2017,2017
Burkina Faso,Gabon,1,18,1,1,2011,2011
Burkina Faso,Nicaragua,1,27,1,1,2011,2011
Burkina Faso,Sierra Leone,1,1000,1,1,2021,2021
Burkina Faso,United States of America,1,714,1,1,2009,2009
Cabo Verde,Qatar,1,15000,1,1,2021,2021
Cabo Verde,Switzerland,1,1,1,1,2008,2008
Cambodia,Uganda,1,1,1,1,2012,2012
Cambodia,Viet Nam,1,3661,1,1,2017,2017
Cameroon,Democratic Republic of the Congo,1,0,1,1,2010,2010
Cameroon,Georgia,1,9,1,1,2018,2018
Cameroon,United Arab Emirates,1,0,1,1,2009,2009
Canada,Afghanistan,1,1,1,1,2007,2007
Canada,Antigua and Barbuda,1,4000,1,1,2014,2014
Canada,Armenia,1,1000,1,1,2011,2011
Canada,Bahrain,1,10000,1,1,2005,2005
Canada,Belize,1,0,1,1,2010,2010
Canada,Bolivia (Plurinational State of),1,0,1,1,2014,2014
Canada,Botswana,1,0,1,1,2007,2007
Canada,Democratic People's Republic of Korea,1,16,1,1,2005,2005
Canada,Ethiopia,1,0,1,1,2011,2011
Canada,Guyana,1,12,1,1,2018,2018
Canada,Iraq,1,0,1,1,2016,2016
Canada,Montenegro,1,6,1,1,2017,2017
Canada,Myanmar,1,712,1,1,2020,2020
Canada,Namibia,1,33,1,1,2017,2017
Canada,Nicaragua,1,0,1,1,2021,2021
Canada,Saint Lucia,1,60,1,1,2008,2008
Canada,Saint Vincent and the Grenadines,1,1,1,1,2009,2009
Canada,Slovenia,1,1,1,1,2007,2007
Canada,Suriname,1,64,1,1,2020,2020
Canada,Uganda,1,1,1,1,2012,2012
Chad,Angola,1,4178,1,1,2020,2020
Chad,Mali,1,242,1,1,2018,2018
Chile,Czechia,1,2000,1,1,2007,2007
Chile,Denmark,1,1,1,1,2008,2008
Chile,El Salvador,1,0,1,1,2005,2005
Chile,Guatemala,1,3,1,1,2014,2014
Chile,Hungary,1,6,1,1,2018,2018
Chile,Ireland,1,5,1,1,2005,2005
Chile,Japan,1,1,1,1,2021,2021
Chile,Mongolia,1,1,1,1,2020,2020
Chile,Poland,1,1,1,1,2013,2013
Chile,Slovakia,1,3,1,1,2016,2016
Chile,Switzerland,1,1,1,1,2015,2015
"China, Hong Kong SAR",Austria,1,2,1,1,2015,2015
"China, Hong Kong SAR",Brunei Darussalam,1,1,1,1,2016,2016
"China, Hong Kong SAR",Cameroon,1,1000,1,1,2017,2017
"China, Hong Kong SAR",Chile,1,1000,1,1,2021,2021
"China, Hong Kong SAR",Denmark,1,1,1,1,2008,2008
"China, Hong Kong SAR",Italy,1,1,1,1,2016,2016
"China, Hong Kong SAR",Kenya,1,1000,1,1,2018,2018
"China, Hong Kong SAR",Kuwait,1,0,1,1,2020,2020
"China, Hong Kong SAR",Nepal,1,0,1,1,2011,2011
"China, Hong Kong SAR",Nicaragua,1,0,1,1,2007,2007
"China, Hong Kong SAR",Spain,1,1,1,1,2014,2014
"China, Hong Kong SAR",Togo,1,23,1,1,2008,2008
"China, Macao SAR",Australia,1,1,1,1,2009,2009
"China, Macao SAR",Ghana,1,3,1,1,2017,2017
"China, Taiwan Province of",Brunei Darussalam,1,1,1,1,2015,2015
"China, Taiwan Province of",Bulgaria,1,0,1,1,2012,2012
"China, Taiwan Province of",Fiji,1,0,1,1,2005,2005
"China, Taiwan Province of",India,1,2,1,1,2011,2011
"China, Taiwan Province of",Myanmar,1,1000,1,1,2015,2015
"China, Taiwan Province of",Netherlands (Kingdom of the),1,0,1,1,2015,2015
"China, Taiwan Province of",Poland,1,0,1,1,2020,2020
"China, Taiwan Province of",Republic of Korea,1,0,1,1,2012,2012
"China, Taiwan Province of",Saudi Arabia,1,0,1,1,2005,2005
"China, Taiwan Province of",Sri Lanka,1,7,1,1,2011,2011
"China, Taiwan Province of",United Kingdom of Great Britain and Northern Ireland,1,1,1,1,2006,2006
"China, mainland",Albania,1,10,1,1,2007,2007
"China, mainland",Antigua and Barbuda,1,1,1,1,2012,2012
"China, mainland",Belgium,1,1,1,1,2018,2018
"China, mainland",Bhutan,1,70,1,1,2008,2008
"China, mainland",Bosnia and Herzegovina,1,0,1,1,2016,2016
"China, mainland",Brunei Darussalam,1,2000,1,1,2016,2016
"China, mainland",Burundi,1,10000,1,1,2010,2010
"China, mainland",Central African Republic,1,0,1,1,2011,2011
"China, mainland",Comoros,1,0,1,1,2020,2020
"China, mainland",Costa Rica,1,1,1,1,2021,2021
"China, mainland",Dominica,1,0,1,1,2006,2006
"China, mainland",France,1,1,1,1,2012,2012
"China, mainland",Germany,1,4,1,1,2010,2010
"China, mainland",Guyana,1,10502,1,1,2016,2016
"China, mainland",Honduras,1,0,1,1,2005,2005
"China, mainland",Ireland,1,0,1,1,2009,2009
"China, mainland",Italy,1,5,1,1,2007,2007
"China, mainland",Jamaica,1,0,1,1,2007,2007
"China, mainland",Jordan,1,4082,1,1,2005,2005
"China, mainland",Kazakhstan,1,3,1,1,2015,2015
"China, mainland",Maldives,1,20,1,1,2016,2016
"China, mainland",Namibia,1,9000,1,1,2020,2020
"China, mainland",Netherlands (Kingdom of the),1,1,1,1,2005,2005
"China, mainland",Nicaragua,1,0,1,1,2006,2006
"China, mainland",North Macedonia,1,25,1,1,2016,2016
"China, mainland",Philippines,1,32,1,1,2015,2015
"China, mainland",Switzerland,1,2,1,1,2013,2013
"China, mainland",Venezuela (Bolivarian Republic of),1,6,1,1,2009,2009
Colombia,Antigua and Barbuda,1,0,1,1,2012,2012
Colombia,Czechia,1,0,1,1,2021,2021
Colombia,France,1,0,1,1,2021,2021
Colombia,Honduras,1,71,1,1,2011,2011
Colombia,Israel,1,0,1,1,2016,2016
Colombia,Italy,1,0,1,1,2021,2021
Colombia,Japan,1,12,1,1,2006,2006
Colombia,Nicaragua,1,5,1,1,2005,2005
Colombia,Qatar,1,2,1,1,2008,2008
Colombia,Saint Lucia,1,0,1,1,2017,2017
Colombia,Saudi Arabia,1,6069,1,1,2021,2021
Colombia,Singapore,1,0,1,1,2016,2016
Colombia,South Africa,1,0,1,1,2016,2016
Colombia,Switzerland,1,3,1,1,2005,2005
Colombia,United Arab Emirates,1,0,1,1,2016,2016
Colombia,Viet Nam,1,280,1,1,2013,2013
Comoros,United Arab Emirates,1,828,1,1,2018,2018
Congo,Côte d'Ivoire,1,0,1,1,2021,2021
Congo,France,1,1,1,1,2010,2010
Congo,Ghana,1,2,1,1,2018,2018
Congo,Lebanon,1,0,1,1,2010,2010
Costa Rica,Argentina,1,1,1,1,2006,2006
Costa Rica,Benin,1,209,1,1,2014,2014
Costa Rica,Chile,1,2,1,1,2008,2008
Costa Rica,Guyana,1,8,1,1,2021,2021
Costa Rica,Netherlands (Kingdom of the),1,0,1,1,2020,2020
Costa Rica,Peru,1,6,1,1,2014,2014
Costa Rica,Qatar,1,0,1,1,2005,2005
Costa Rica,Spain,1,0,1,1,2021,2021
Croatia,Azerbaijan,1,1,1,1,2021,2021
Croatia,Belarus,1,1,1,1,2021,2021
Croatia,Belgium,1,1,1,1,2010,2010
Croatia,Finland,1,1,1,1,2011,2011
Croatia,Greece,1,75,1,1,2020,2020
Croatia,Kazakhstan,1,2,1,1,2006,2006
Croatia,Kuwait,1,552,1,1,2021,2021
Croatia,Malta,1,0,1,1,2010,2010
Croatia,Russian Federation,1,1,1,1,2018,2018
Croatia,Serbia and Montenegro,1,1,1,1,2005,2005
Croatia,Sudan (former),1,0,1,1,2008,2008
Croatia,Syrian Arab Republic,1,190,1,1,2015,2015
Cuba,Angola,1,0,1,1,2020,2020
Cuba,Ethiopia,1,3000,1,1,2014,2014
Cyprus,Australia,1,0,1,1,2012,2012
Cyprus,Brunei Darussalam,1,3,1,1,2018,2018
Cyprus,Czechia,1,113,1,1,2005,2005
Cyprus,Egypt,1,55,1,1,2007,2007
Cyprus,Germany,1,3,1,1,2017,2017
Cyprus,Indonesia,1,0,1,1,2018,2018
Cyprus,Iraq,1,199,1,1,2006,2006
Cyprus,Kuwait,1,0,1,1,2012,2012
Cyprus,Malaysia,1,498,1,1,2009,2009
Cyprus,Mozambique,1,0,1,1,2016,2016
Cyprus,North Macedonia,1,10,1,1,2006,2006
Cyprus,Norway,1,1,1,1,2008,2008
Cyprus,Oman,1,1,1,1,2015,2015
Cyprus,Republic of Korea,1,2,1,1,2020,2020
Cyprus,Romania,1,255,1,1,2005,2005
Cyprus,Russian Federation,1,0,1,1,2015,2015
Cyprus,Saudi Arabia,1,0,1,1,2011,2011
Cyprus,Sri Lanka,1,1,1,1,2017,2017
Cyprus,Sudan,1,710,1,1,2017,2017
Cyprus,Switzerland,1,1,1,1,2013,2013
Cyprus,Türkiye,1,1,1,1,2021,2021
Cyprus,Ukraine,1,1,1,1,2015,2015
Cyprus,United Kingdom of Great Britain and Northern Ireland,1,0,1,1,2012,2012
Cyprus,Viet Nam,1,106,1,1,2016,2016
Czechia,Algeria,1,255,1,1,2014,2014
Czechia,Argentina,1,1,1,1,2021,2021
Czechia,Chile,1,0,1,1,2012,2012
Czechia,"China, Hong Kong SAR",1,6,1,1,2006,2006
Czechia,Côte d'Ivoire,1,1,1,1,2016,2016
Czechia,Equatorial Guinea,1,70000,1,1,2015,2015
Czechia,Guinea,1,26000,1,1,2014,2014
Czechia,India,1,3,1,1,2020,2020
Czechia,Libya,1,0,1,1,2010,2010
Czechia,Malaysia,1,0,1,1,2015,2015
Czechia,Nigeria,1,21000,1,1,2006,2006
Czechia,Serbia and Montenegro,1,1,1,1,2005,2005
Czechia,Sri Lanka,1,2,1,1,2012,2012
Czechia,Uruguay,1,3,1,1,2012,2012
Côte d'Ivoire,Benin,1,8000,1,1,2005,2005
Côte d'Ivoire,Brazil,1,33,1,1,2016,2016
Côte d'Ivoire,Cameroon,1,4000,1,1,2006,2006
Côte d'Ivoire,"China, mainland",1,0,1,1,2009,2009
Côte d'Ivoire,Congo,1,0,1,1,2021,2021
Côte d'Ivoire,Democratic Republic of the Congo,1,0,1,1,2021,2021
Côte d'Ivoire,Japan,1,0,1,1,2016,2016
Côte d'Ivoire,Nigeria,1,3000,1,1,2010,2010
Côte d'Ivoire,Oman,1,0,1,1,2014,2014
Côte d'Ivoire,United Kingdom of Great Britain and Northern Ireland,1,2000,1,1,2017,2017
Democratic People's Republic of Korea,Nepal,1,1,1,1,2013,2013
Democratic Republic of the Congo,Afghanistan,1,0,1,1,2020,2020
Democratic Republic of the Congo,Bangladesh,1,0,1,1,2017,2017
Democratic Republic of the Congo,Burundi,1,1,1,1,2015,2015
Democratic Republic of the Congo,Congo,1,58000,1,1,2017,2017
Democratic Republic of the Congo,Croatia,1,0,1,1,2016,2016
Democratic Republic of the Congo,Kenya,1,0,1,1,2016,2016
Democratic Republic of the Congo,Pakistan,1,1000,1,1,2017,2017
Democratic Republic of the Congo,Saudi Arabia,1,1000,1,1,2017,2017
Democratic Republic of the Congo,Thailand,1,0,1,1,2020,2020
Denmark,Afghanistan,1,1,1,1,2011,2011
Denmark,Burundi,1,39,1,1,2012,2012
Denmark,Cambodia,1,215,1,1,2021,2021
Denmark,"China, Hong Kong SAR",1,1000,1,1,2015,2015
Denmark,Colombia,1,91,1,1,2021,2021
Denmark,Democratic People's Republic of Korea,1,60,1,1,2009,2009
Denmark,Eswatini,1,11000,1,1,2020,2020
Denmark,Ghana,1,74,1,1,2006,2006
Denmark,Libya,1,100,1,1,2014,2014
Denmark,Oman,1,1,1,1,2006,2006
Denmark,Paraguay,1,3,1,1,2013,2013
Denmark,Rwanda,1,6,1,1,2011,2011
Denmark,Senegal,1,320,1,1,2021,2021
Denmark,Trinidad and Tobago,1,0,1,1,2009,2009
Denmark,Venezuela (Bolivarian Republic of),1,73,1,1,2021,2021
Denmark,Zimbabwe,1,3,1,1,2012,2012
Djibouti,Canada,1,1,1,1,2017,2017
Djibouti,Kuwait,1,1410,1,1,2020,2020
Dominica,Saint Kitts and Nevis,1,2,1,1,2008,2008
Dominica,Suriname,1,300,1,1,2011,2011
Dominican Republic,Brazil,1,4,1,1,2011,2011
Dominican Republic,Chile,1,0,1,1,2015,2015
Dominican Republic,Jamaica,1,10,1,1,2012,2012
Dominican Republic,Luxembourg,1,0,1,1,2016,2016
Dominican Republic,Marshall Islands,1,0,1,1,2014,2014
Dominican Republic,Nicaragua,1,0,1,1,2007,2007
Dominican Republic,Peru,1,1000,1,1,2013,2013
Ecuador,Angola,1,0,1,1,2014,2014
Ecuador,Bahrain,1,15,1,1,2006,2006
Ecuador,Brazil,1,0,1,1,2014,2014
Ecuador,Chile,1,0,1,1,2014,2014
Ecuador,Cuba,1,0,1,1,2014,2014
Ecuador,El Salvador,1,0,1,1,2014,2014
Ecuador,Finland,1,0,1,1,2014,2014
Ecuador,Honduras,1,0,1,1,2014,2014
Ecuador,Russian Federation,1,109,1,1,2012,2012
Ecuador,Spain,1,0,1,1,2010,2010
Ecuador,Sudan (former),1,0,1,1,2008,2008
Ecuador,Switzerland,1,0,1,1,2014,2014
Ecuador,United Kingdom of Great Britain and Northern Ireland,1,0,1,1,2014,2014
Ecuador,Uruguay,1,23,1,1,2018,2018
Egypt,Algeria,1,38,1,1,2009,2009
Egypt,Brunei Darussalam,1,1,1,1,2011,2011
Egypt,Bulgaria,1,92,1,1,2009,2009
Egypt,Chad,1,6000,1,1,2005,2005
Egypt,"China, Taiwan Province of",1,6,1,1,2011,2011
Egypt,Colombia,1,0,1,1,2011,2011
Egypt,Congo,1,2000,1,1,2020,2020
Egypt,Cyprus,1,1,1,1,2011,2011
Egypt,Djibouti,1,13000,1,1,2005,2005
Egypt,Eritrea,1,52000,1,1,2005,2005
Egypt,Finland,1,3,1,1,2009,2009
Egypt,Gambia,1,0,1,1,2012,2012
Egypt,Guinea,1,0,1,1,2011,2011
Egypt,Hungary,1,159,1,1,2009,2009
Egypt,India,1,1,1,1,2011,2011
Egypt,Kazakhstan,1,2,1,1,2006,2006
Egypt,Madagascar,1,5000,1,1,2005,2005
Egypt,Malta,1,13000,1,1,2005,2005
Egypt,Pakistan,1,0,1,1,2020,2020
Egypt,Philippines,1,0,1,1,2011,2011
Egypt,Poland,1,29,1,1,2009,2009
Egypt,Sweden,1,2,1,1,2005,2005
Egypt,Tunisia,1,0,1,1,2009,2009
Egypt,Uganda,1,1000,1,1,2005,2005
El Salvador,Canada,1,1,1,1,2015,2015
Estonia,Azerbaijan,1,283,1,1,2021,2021
Estonia,Bosnia and Herzegovina,1,208,1,1,2017,2017
Estonia,Brazil,1,1,1,1,2017,2017
Estonia,Cyprus,1,1,1,1,2009,2009
Estonia,Ghana,1,0,1,1,2016,2016
Estonia,India,1,1,1,1,2012,2012
Estonia,Jordan,1,10,1,1,2008,2008
Estonia,Luxembourg,1,1,1,1,2013,2013
Estonia,Saudi Arabia,1,1,1,1,2021,2021
Estonia,South Africa,1,1,1,1,2020,2020
Estonia,Venezuela (Bolivarian Republic of),1,23,1,1,2008,2008
Eswatini,Burkina Faso,1,1000,1,1,2014,2014
Eswatini,Grenada,1,0,1,1,2020,2020
Eswatini,Namibia,1,6,1,1,2007,2007
Eswatini,United Arab Emirates,1,4,1,1,2017,2017
Eswatini,United Republic of Tanzania,1,0,1,1,2015,2015
Ethiopia,Albania,1,50,1,1,2008,2008
Ethiopia,Angola,1,0,1,1,2020,2020
Ethiopia,Australia,1,515,1,1,2007,2007
Ethiopia,Brazil,1,4464,1,1,2015,2015
Ethiopia,Burkina Faso,1,8000,1,1,2020,2020
Ethiopia,Canada,1,1,1,1,2021,2021
Ethiopia,Croatia,1,3,1,1,2010,2010
Ethiopia,Eswatini,1,0,1,1,2020,2020
Ethiopia,France,1,274,1,1,2013,2013
Ethiopia,Germany,1,0,1,1,2005,2005
Ethiopia,Ghana,1,73000,1,1,2021,2021
Ethiopia,Indonesia,1,18,1,1,2021,2021
Ethiopia,Israel,1,270,1,1,2005,2005
Ethiopia,Kenya,1,1,1,1,2007,2007
Ethiopia,Malawi,1,2,1,1,2011,2011
Ethiopia,Netherlands (Kingdom of the),1,480,1,1,2005,2005
Ethiopia,South Africa,1,0,1,1,2013,2013
Ethiopia,Sweden,1,893,1,1,2013,2013
Ethiopia,Thailand,1,16,1,1,2020,2020
Ethiopia,Viet Nam,1,90,1,1,2021,2021
Ethiopia,Zambia,1,1,1,1,2009,2009
Ethiopia,Zimbabwe,1,0,1,1,2010,2010
Fiji,Kiribati,1,1,1,1,2013,2013
Fiji,Solomon Islands,1,7000,1,1,2009,2009
Fiji,United States of America,1,1,1,1,2006,2006
Finland,Austria,1,1,1,1,2005,2005
Finland,Bangladesh,1,0,1,1,2015,2015
Finland,Brazil,1,1,1,1,2008,2008
Finland,Bulgaria,1,4,1,1,2014,2014
Finland,"China, Hong Kong SAR",1,0,1,1,2013,2013
Finland,"China, Taiwan Province of",1,20,1,1,2013,2013
Finland,Greece,1,10798,1,1,2005,2005
Finland,Israel,1,1,1,1,2009,2009
Finland,Japan,1,7000,1,1,2015,2015
Finland,Luxembourg,1,1,1,1,2008,2008
Finland,Malaysia,1,49,1,1,2016,2016
Finland,Malta,1,1,1,1,2005,2005
Finland,Oman,1,2,1,1,2018,2018
Finland,Romania,1,30,1,1,2008,2008
Finland,Slovakia,1,15000,1,1,2010,2010
Finland,South Africa,1,1,1,1,2013,2013
Finland,Spain,1,1000,1,1,2011,2011
Finland,United Kingdom of Great Britain and Northern Ireland,1,5,1,1,2009,2009
France,Afghanistan,1,1,1,1,2006,2006
France,Antigua and Barbuda,1,0,1,1,2018,2018
France,Bahamas,1,1,1,1,2006,2006
France,Barbados,1,1,1,1,2008,2008
France,Bhutan,1,3000,1,1,2013,2013
France,Botswana,1,1,1,1,2008,2008
France,Cuba,1,10,1,1,2009,2009
France,El Salvador,1,17000,1,1,2005,2005
France,Guyana,1,70,1,1,2005,2005
France,Honduras,1,2000,1,1,2012,2012
France,Iceland,1,0,1,1,2020,2020
France,Iraq,1,56000,1,1,2014,2014
France,Liberia,1,5000,1,1,2011,2011
France,Montenegro,1,253,1,1,2006,2006
France,Mozambique,1,23000,1,1,2014,2014
France,Namibia,1,4000,1,1,2021,2021
France,Paraguay,1,1,1,1,2018,2018
France,Saint Vincent and the Grenadines,1,0,1,1,2008,2008
French Polynesia,New Caledonia,1,1,1,1,2010,2010
Gabon,Cameroon,1,1,1,1,2020,2020
Gambia,Mali,1,133000,1,1,2010,2010
Gambia,Netherlands (Kingdom of the),1,33000,1,1,2015,2015
Georgia,Japan,1,1,1,1,2006,2006
Georgia,Latvia,1,30,1,1,2016,2016
Georgia,Morocco,1,3901,1,1,2006,2006
Georgia,Oman,1,1025,1,1,2020,2020
Georgia,United Kingdom of Great Britain and Northern Ireland,1,1,1,1,2005,2005
Germany,Afghanistan,1,1,1,1,2009,2009
Germany,Barbados,1,680,1,1,2008,2008
Germany,Burkina Faso,1,4000,1,1,2021,2021
Germany,Burundi,1,143,1,1,2012,2012
Germany,Democratic People's Republic of Korea,1,99,1,1,2012,2012
Germany,Guinea,1,1,1,1,2008,2008
Germany,Maldives,1,2000,1,1,2011,2011
Germany,Nauru,1,700,1,1,2009,2009
Germany,Palestine,1,18000,1,1,2006,2006
Germany,Sierra Leone,1,4000,1,1,2016,2016
Germany,Togo,1,1000,1,1,2013,2013
Germany,Trinidad and Tobago,1,13000,1,1,2006,2006
Ghana,Antigua and Barbuda,1,2000,1,1,2012,2012
Ghana,Benin,1,1,1,1,2010,2010
Ghana,Botswana,1,3,1,1,2018,2018
Ghana,Finland,1,0,1,1,2014,2014
Ghana,Italy,1,32,1,1,2013,2013
Ghana,Niger,1,1000,1,1,2013,2013
Ghana,Saudi Arabia,1,0,1,1,2013,2013
Ghana,Senegal,1,0,1,1,2016,2016
Ghana,Spain,1,0,1,1,2012,2012
Ghana,Thailand,1,64,1,1,2020,2020
Greece,Algeria,1,43000,1,1,2006,2006
Greece,Australia,1,1,1,1,2012,2012
Greece,Bahrain,1,0,1,1,2016,2016
Greece,Finland,1,3,1,1,2011,2011
Greece,Georgia,1,1000,1,1,2017,2017
Greece,Jordan,1,1,1,1,2013,2013
Greece,Republic of Moldova,1,83000,1,1,2005,2005
Greece,Slovakia,1,306,1,1,2006,2006
Grenada,Antigua and Barbuda,1,3000,1,1,2018,2018
Grenada,"China, Taiwan Province of",1,13000,1,1,2005,2005
Grenada,Saint Vincent and the Grenadines,1,0,1,1,2007,2007
Grenada,Spain,1,0,1,1,2020,2020
Grenada,Switzerland,1,0,1,1,2018,2018
Guatemala,Cuba,1,52,1,1,2010,2010
Guatemala,Dominican Republic,1,1,1,1,2011,2011
Guatemala,Ecuador,1,1,1,1,2007,2007
Guatemala,South Africa,1,1,1,1,2020,2020
Guinea,Burkina Faso,1,6,1,1,2010,2010
Guinea,Kuwait,1,0,1,1,2020,2020
Guinea,Maldives,1,0,1,1,2021,2021
Guinea,Mozambique,1,0,1,1,2020,2020
Guyana,Antigua and Barbuda,1,61000,1,1,2012,2012
Guyana,Barbados,1,0,1,1,2005,2005
Guyana,Republic of Korea,1,1000,1,1,2014,2014
Guyana,Russian Federation,1,0,1,1,2006,2006
Guyana,Thailand,1,6000,1,1,2010,2010
Guyana,United Kingdom of Great Britain and Northern Ireland,1,1000,1,1,2005,2005
Honduras,Bolivia (Plurinational State of),1,12,1,1,2005,2005
Honduras,Denmark,1,1,1,1,2011,2011
Honduras,Ecuador,1,0,1,1,2005,2005
Honduras,Lebanon,1,652,1,1,2016,2016
Honduras,Netherlands (Kingdom of the),1,16,1,1,2005,2005
Honduras,Peru,1,30,1,1,2005,2005
Honduras,Venezuela (Bolivarian Republic of),1,632,1,1,2012,2012
Hungary,Belize,1,5000,1,1,2010,2010
Hungary,Burkina Faso,1,18000,1,1,2021,2021
Hungary,Burundi,1,9000,1,1,2013,2013
Hungary,Côte d'Ivoire,1,14000,1,1,2008,2008
Hungary,Indonesia,1,1,1,1,2014,2014
Hungary,Iraq,1,405,1,1,2016,2016
Hungary,Luxembourg,1,1,1,1,2012,2012
Hungary,Mongolia,1,1,1,1,2020,2020
Hungary,Singapore,1,0,1,1,2013,2013
Hungary,South Africa,1,1,1,1,2021,2021
Hungary,Sweden,1,2,1,1,2009,2009
Hungary,Venezuela (Bolivarian Republic of),1,10000,1,1,2020,2020
Hungary,Zambia,1,0,1,1,2013,2013
Iceland,Azerbaijan,1,200,1,1,2016,2016
Iceland,Bosnia and Herzegovina,1,1,1,1,2021,2021
Iceland,Bulgaria,1,3,1,1,2006,2006
Iceland,Croatia,1,2,1,1,2008,2008
Iceland,Ecuador,1,100,1,1,2016,2016
Iceland,Greece,1,2,1,1,2009,2009
Iceland,Iran (Islamic Republic of),1,2,1,1,2021,2021
Iceland,Malta,1,1,1,1,2018,2018
Iceland,Mexico,1,7,1,1,2009,2009
Iceland,Philippines,1,3,1,1,2013,2013
Iceland,Sierra Leone,1,1,1,1,2017,2017
India,Argentina,1,3,1,1,2012,2012
India,Azerbaijan,1,0,1,1,2010,2010
India,Barbados,1,0,1,1,2017,2017
India,Bosnia and Herzegovina,1,190,1,1,2007,2007
India,Botswana,1,0,1,1,2013,2013
India,Brunei Darussalam,1,0,1,1,2014,2014
India,Cameroon,1,0,1,1,2018,2018
India,Chile,1,3,1,1,2017,2017
India,Congo,1,603,1,1,2007,2007
India,Cuba,1,1,1,1,2015,2015
India,Cyprus,1,1,1,1,2008,2008
India,Democratic People's Republic of Korea,1,1,1,1,2010,2010
India,Democratic Republic of the Congo,1,0,1,1,2008,2008
India,Denmark,1,1,1,1,2016,2016
India,Ecuador,1,57,1,1,2012,2012
India,Eritrea,1,1,1,1,2009,2009
India,Greece,1,0,1,1,2005,2005
India,Guatemala,1,1,1,1,2016,2016
India,Guyana,1,0,1,1,2016,2016
India,Iceland,1,1,1,1,2012,2012
India,Israel,1,1,1,1,2016,2016
India,Jamaica,1,1,1,1,2009,2009
India,Jordan,1,2,1,1,2015,2015
India,Lao People's Democratic Republic,1,1,1,1,2005,2005
India,Madagascar,1,1,1,1,2016,2016
India,Mauritania,1,0,1,1,2011,2011
India,Mexico,1,1,1,1,2016,2016
India,Mozambique,1,2,1,1,2012,2012
India,New Zealand,1,0,1,1,2017,2017
India,Peru,1,1,1,1,2016,2016
India,Rwanda,1,1000,1,1,2016,2016
India,Senegal,1,2000,1,1,2020,2020
India,Serbia,1,1,1,1,2016,2016
India,Seychelles,1,2,1,1,2009,2009
India,Somalia,1,1,1,1,2009,2009
India,Sudan,1,5000,1,1,2014,2014
India,Sudan (former),1,0,1,1,2008,2008
India,Ukraine,1,2,1,1,2010,2010
India,Uzbekistan,1,1,1,1,2012,2012
Indonesia,Austria,1,0,1,1,2007,2007
Indonesia,Cambodia,1,3000,1,1,2018,2018
Indonesia,Egypt,1,576,1,1,2005,2005
Indonesia,French Polynesia,1,0,1,1,2007,2007
Indonesia,Gabon,1,0,1,1,2020,2020
Indonesia,Greece,1,7,1,1,2007,2007
Indonesia,Grenada,1,2,1,1,2007,2007
Indonesia,Hungary,1,1,1,1,2006,2006
Indonesia,Kenya,1,2,1,1,2006,2006
Indonesia,Kiribati,1,0,1,1,2021,2021
Indonesia,Latvia,1,32,1,1,2006,2006
Indonesia,Maldives,1,24,1,1,2016,2016
Indonesia,Namibia,1,36,1,1,2007,2007
Indonesia,Nepal,1,7000,1,1,2011,2011
Indonesia,Norway,1,1,1,1,2005,2005
Indonesia,Qatar,1,0,1,1,2020,2020
Indonesia,South Africa,1,2,1,1,2021,2021
Indonesia,Sri Lanka,1,48,1,1,2007,2007
Indonesia,Switzerland,1,0,1,1,2021,2021
Indonesia,United Republic of Tanzania,1,0,1,1,2016,2016
Indonesia,Uzbekistan,1,0,1,1,2021,2021
Indonesia,Vanuatu,1,2,1,1,2006,2006
Iran (Islamic Republic of),Bangladesh,1,0,1,1,2006,2006
Iran (Islamic Republic of),Bulgaria,1,14,1,1,2011,2011
Iran (Islamic Republic of),Denmark,1,1,1,1,2021,2021
Iran (Islamic Republic of),Egypt,1,21000,1,1,2005,2005
Iran (Islamic Republic of),France,1,1,1,1,2007,2007
Iran (Islamic Republic of),Italy,1,1,1,1,2014,2014
Iran (Islamic Republic of),Kazakhstan,1,1,1,1,2014,2014
Iran (Islamic Republic of),Kenya,1,61,1,1,2016,2016
Iran (Islamic Republic of),Malaysia,1,88,1,1,2006,2006
Iran (Islamic Republic of),Mongolia,1,1,1,1,2021,2021
Iran (Islamic Republic of),Morocco,1,13,1,1,2008,2008
Iran (Islamic Republic of),Netherlands (Kingdom of the),1,1,1,1,2018,2018
Iran (Islamic Republic of),New Zealand,1,5,1,1,2010,2010
Iran (Islamic Republic of),Russian Federation,1,0,1,1,2017,2017
Iran (Islamic Republic of),Sri Lanka,1,2,1,1,2015,2015
Iran (Islamic Republic of),Thailand,1,1,1,1,2009,2009
Iran (Islamic Republic of),Türkiye,1,19,1,1,2014,2014
Iraq,Bulgaria,1,2,1,1,2015,2015
Iraq,Jordan,1,10,1,1,2016,2016
Iraq,Oman,1,38,1,1,2006,2006
Iraq,Syrian Arab Republic,1,25,1,1,2008,2008
Iraq,Uganda,1,1,1,1,2006,2006
Iraq,United States of America,1,1,1,1,2011,2011
Ireland,Afghanistan,1,0,1,1,2005,2005
Ireland,Angola,1,122,1,1,2021,2021
Ireland,Armenia,1,146,1,1,2014,2014
Ireland,Azerbaijan,1,1,1,1,2009,2009
Ireland,Egypt,1,7,1,1,2010,2010
Ireland,Kenya,1,10,1,1,2021,2021
Ireland,Liberia,1,136000,1,1,2018,2018
Israel,Benin,1,2000,1,1,2020,2020
Israel,Bulgaria,1,2,1,1,2018,2018
Israel,Finland,1,0,1,1,2012,2012
Israel,Ireland,1,10,1,1,2005,2005
Israel,Kazakhstan,1,1,1,1,2011,2011
Israel,Kenya,1,4000,1,1,2007,2007
Israel,Mauritius,1,60,1,1,2007,2007
Israel,Mongolia,1,1,1,1,2021,2021
Israel,Namibia,1,1,1,1,2008,2008
Israel,Norway,1,1,1,1,2005,2005
Israel,Portugal,1,0,1,1,2006,2006
Israel,Republic of Korea,1,1,1,1,2009,2009
Israel,Sweden,1,1,1,1,2008,2008
Israel,United Republic of Tanzania,1,4000,1,1,2014,2014
Italy,Afghanistan,1,9,1,1,2013,2013
Italy,Barbados,1,0,1,1,2021,2021
Italy,Benin,1,50000,1,1,2013,2013
Italy,Burkina Faso,1,1,1,1,2009,2009
Italy,Burundi,1,3000,1,1,2010,2010
Italy,Cabo Verde,1,1000,1,1,2016,2016
Italy,Colombia,1,0,1,1,2013,2013
Italy,Ethiopia,1,540,1,1,2021,2021
Italy,Gabon,1,220,1,1,2005,2005
Italy,Gambia,1,0,1,1,2007,2007
Italy,Kenya,1,0,1,1,2007,2007
Italy,Mali,1,24000,1,1,2016,2016
Italy,Mexico,1,3,1,1,2006,2006
Italy,Mongolia,1,6,1,1,2021,2021
Italy,Namibia,1,1,1,1,2021,2021
Italy,Nepal,1,12000,1,1,2010,2010
Italy,New Caledonia,1,1,1,1,2007,2007
Italy,Nigeria,1,1,1,1,2011,2011
Italy,Paraguay,1,1,1,1,2018,2018
Italy,Sudan (former),1,39000,1,1,2010,2010
Italy,Uganda,1,0,1,1,2005,2005
Italy,Uzbekistan,1,3000,1,1,2021,2021
Jamaica,Belize,1,0,1,1,2016,2016
Jamaica,Colombia,1,0,1,1,2020,2020
Jamaica,Costa Rica,1,0,1,1,2020,2020
Jamaica,Croatia,1,1000,1,1,2010,2010
Jamaica,Dominican Republic,1,0,1,1,2016,2016
Jamaica,Germany,1,0,1,1,2020,2020
Jamaica,Mexico,1,0,1,1,2015,2015
Jamaica,Panama,1,0,1,1,2018,2018
Jamaica,Qatar,1,1,1,1,2013,2013
Jamaica,Saudi Arabia,1,0,1,1,2015,2015
Jamaica,South Africa,1,0,1,1,2015,2015
Jamaica,Ukraine,1,0,1,1,2020,2020
Japan,Algeria,1,0,1,1,2009,2009
Japan,Austria,1,1,1,1,2021,2021
Japan,Bahamas,1,0,1,1,2018,2018
Japan,Bahrain,1,1,1,1,2021,2021
Japan,Barbados,1,0,1,1,2021,2021
Japan,Belgium,1,1,1,1,2007,2007
Japan,Brazil,1,12,1,1,2007,2007
Japan,Central African Republic,1,0,1,1,2011,2011
Japan,Czechia,1,1,1,1,2008,2008
Japan,Ecuador,1,0,1,1,2014,2014
Japan,Ethiopia,1,0,1,1,2008,2008
Japan,Ghana,1,0,1,1,2007,2007
Japan,Hungary,1,1,1,1,2015,2015
Japan,India,1,1,1,1,2006,2006
Japan,Kazakhstan,1,20000,1,1,2008,2008
Japan,Kenya,1,15,1,1,2005,2005
Japan,Kiribati,1,6,1,1,2005,2005
Japan,Kuwait,1,380,1,1,2018,2018
Japan,Lebanon,1,5,1,1,2009,2009
Japan,Mali,1,1,1,1,2012,2012
Japan,Nepal,1,0,1,1,2011,2011
Japan,Nicaragua,1,0,1,1,2014,2014
Japan,Nigeria,1,4,1,1,2007,2007
Japan,Oman,1,45,1,1,2007,2007
Japan,Spain,1,0,1,1,2011,2011
Japan,Sweden,1,1,1,1,2007,2007
Jordan,Belarus,1,1,1,1,2009,2009
Jordan,Hungary,1,1,1,1,2010,2010
Jordan,Romania,1,65,1,1,2020,2020
Jordan,Slovakia,1,17,1,1,2020,2020
Jordan,South Africa,1,1,1,1,2020,2020
Jordan,Switzerland,1,1,1,1,2017,2017
Kazakhstan,Czechia,1,1,1,1,2007,2007
Kazakhstan,Georgia,1,0,1,1,2016,2016
Kazakhstan,Italy,1,6,1,1,2014,2014
Kazakhstan,Kuwait,1,1000,1,1,2013,2013
Kazakhstan,Oman,1,993,1,1,2016,2016
Kazakhstan,Saudi Arabia,1,1,1,1,2018,2018
Kazakhstan,Switzerland,1,7,1,1,2008,2008
Kazakhstan,Ukraine,1,3,1,1,2008,2008
Kazakhstan,United States of America,1,0,1,1,2012,2012
Kenya,Angola,1,1,1,1,2021,2021
Kenya,Brazil,1,500,1,1,2005,2005
Kenya,Cameroon,1,70,1,1,2008,2008
Kenya,Côte d'Ivoire,1,0,1,1,2016,2016
Kenya,Eritrea,1,0,1,1,2013,2013
Kenya,France,1,0,1,1,2021,2021
Kenya,Germany,1,0,1,1,2005,2005
Kenya,Greece,1,2,1,1,2005,2005
Kenya,Israel,1,0,1,1,2007,2007
Kenya,Italy,1,2,1,1,2008,2008
Kenya,Libya,1,20,1,1,2013,2013
Kenya,Nigeria,1,0,1,1,2006,2006
Kenya,Pakistan,1,0,1,1,2005,2005
Kenya,Peru,1,1,1,1,2013,2013
Kenya,Serbia,1,6000,1,1,2013,2013
Kenya,Seychelles,1,22,1,1,2017,2017
Kenya,Switzerland,1,1,1,1,2005,2005
Kuwait,Argentina,1,2,1,1,2011,2011
Kuwait,Colombia,1,0,1,1,2020,2020
Kuwait,Cyprus,1,0,1,1,2021,2021
Kuwait,Czechia,1,0,1,1,2021,2021
Kuwait,Denmark,1,0,1,1,2020,2020
Kuwait,Finland,1,0,1,1,2020,2020
Kuwait,Greece,1,0,1,1,2020,2020
Kuwait,Indonesia,1,0,1,1,2021,2021
Kuwait,Ireland,1,0,1,1,2020,2020
Kuwait,Kenya,1,0,1,1,2020,2020
Kuwait,Luxembourg,1,23,1,1,2021,2021
Kuwait,Malaysia,1,0,1,1,2021,2021
Kuwait,Mexico,1,0,1,1,2020,2020
Kuwait,Morocco,1,0,1,1,2020,2020
Kuwait,New Zealand,1,0,1,1,2020,2020
Kuwait,Poland,1,0,1,1,2021,2021
Kuwait,Portugal,1,0,1,1,2020,2020
Kuwait,Republic of Korea,1,0,1,1,2020,2020
Kuwait,Serbia,1,0,1,1,2021,2021
Kuwait,Singapore,1,0,1,1,2020,2020
Kuwait,Somalia,1,2023,1,1,2009,2009
Kuwait,Sudan,1,13,1,1,2013,2013
Kuwait,Sudan (former),1,0,1,1,2008,2008
Kuwait,Sweden,1,0,1,1,2021,2021
Kuwait,Syrian Arab Republic,1,22,1,1,2009,2009
Kuwait,Tunisia,1,0,1,1,2020,2020
Kuwait,Uganda,1,1,1,1,2006,2006
Kuwait,United Republic of Tanzania,1,2,1,1,2014,2014
Kyrgyzstan,Mongolia,1,9,1,1,2015,2015
Kyrgyzstan,Netherlands (Kingdom of the),1,2,1,1,2020,2020
Kyrgyzstan,Poland,1,1,1,1,2018,2018
Kyrgyzstan,Saudi Arabia,1,1,1,1,2005,2005
Kyrgyzstan,Serbia and Montenegro,1,2,1,1,2005,2005
Lao People's Democratic Republic,Japan,1,580,1,1,2015,2015
Lao People's Democratic Republic,Myanmar,1,400,1,1,2020,2020
Latvia,Armenia,1,95,1,1,2021,2021
Latvia,Canada,1,1,1,1,2015,2015
Latvia,Cyprus,1,0,1,1,2005,2005
Latvia,Iraq,1,31,1,1,2012,2012
Latvia,Ireland,1,2000,1,1,2015,2015
Latvia,Malta,1,35,1,1,2009,2009
Latvia,Mexico,1,1,1,1,2015,2015
Latvia,Turkmenistan,1,329,1,1,2020,2020
Latvia,United Arab Emirates,1,1,1,1,2005,2005
Latvia,United Kingdom of Great Britain and Northern Ireland,1,709,1,1,2010,2010
Lebanon,France,1,2,1,1,2011,2011
Lebanon,Gabon,1,0,1,1,2007,2007
Lebanon,Liberia,1,957000,1,1,2014,2014
Lebanon,Morocco,1,0,1,1,2007,2007
Lebanon,Poland,1,2,1,1,2018,2018
Lebanon,United Kingdom of Great Britain and Northern Ireland,1,6,1,1,2006,2006
Lebanon,United Republic of Tanzania,1,5,1,1,2017,2017
Lesotho,Thailand,1,25,1,1,2007,2007
Libya,Belgium,1,3,1,1,2007,2007
Libya,Egypt,1,16000,1,1,2011,2011
Libya,France,1,2,1,1,2008,2008
Libya,United Arab Emirates,1,723,1,1,2016,2016
Lithuania,Armenia,1,196,1,1,2016,2016
Lithuania,Bulgaria,1,140,1,1,2017,2017
Lithuania,Canada,1,1,1,1,2017,2017
Lithuania,Mongolia,1,11,1,1,2021,2021
Lithuania,Republic of Moldova,1,550,1,1,2010,2010
Lithuania,United Kingdom of Great Britain and Northern Ireland,1,2,1,1,2005,2005
Luxembourg,Belarus,1,2,1,1,2018,2018
Luxembourg,Bosnia and Herzegovina,1,40,1,1,2017,2017
Luxembourg,Burkina Faso,1,29000,1,1,2018,2018
Luxembourg,"China, mainland",1,1,1,1,2020,2020
Luxembourg,Congo,1,11000,1,1,2018,2018
Luxembourg,Indonesia,1,3,1,1,2021,2021
Luxembourg,Jordan,1,0,1,1,2018,2018
Luxembourg,Malaysia,1,3,1,1,2020,2020
Luxembourg,Mali,1,68000,1,1,2020,2020
Luxembourg,Montenegro,1,3,1,1,2021,2021
Luxembourg,Niger,1,3,1,1,2018,2018
Luxembourg,Nigeria,1,3,1,1,2018,2018
Luxembourg,North Macedonia,1,1,1,1,2008,2008
Luxembourg,Norway,1,1,1,1,2011,2011
Luxembourg,Philippines,1,6,1,1,2008,2008
Luxembourg,Saudi Arabia,1,11,1,1,2018,2018
Luxembourg,Singapore,1,2,1,1,2018,2018
Luxembourg,Sweden,1,1,1,1,2011,2011
Luxembourg,Uganda,1,50,1,1,2018,2018
Luxembourg,Ukraine,1,1,1,1,2011,2011
Madagascar,Brunei Darussalam,1,12000,1,1,2014,2014
Madagascar,Canada,1,1,1,1,2007,2007
Madagascar,India,1,2,1,1,2018,2018
Madagascar,Mauritius,1,1,1,1,2005,2005
Madagascar,Zambia,1,5,1,1,2009,2009
Malawi,Angola,1,19000,1,1,2011,2011
Malawi,Belgium,1,1,1,1,2021,2021
Malawi,Botswana,1,34,1,1,2008,2008
Malawi,Burundi,1,2000,1,1,2009,2009
Malawi,Canada,1,5,1,1,2013,2013
Malawi,Côte d'Ivoire,1,0,1,1,2018,2018
Malawi,Denmark,1,635,1,1,2014,2014
Malawi,Eswatini,1,3,1,1,2011,2011
Malawi,Ethiopia,1,0,1,1,2018,2018
Malawi,France,1,0,1,1,2018,2018
Malawi,India,1,0,1,1,2021,2021
Malawi,Italy,1,0,1,1,2018,2018
Malawi,Netherlands (Kingdom of the),1,455,1,1,2015,2015
Malawi,Sierra Leone,1,0,1,1,2018,2018
Malawi,Sri Lanka,1,0,1,1,2018,2018
Malawi,Thailand,1,1048,1,1,2015,2015
Malawi,Zambia,1,4,1,1,2018,2018
Malaysia,Austria,1,2,1,1,2017,2017
Malaysia,Canada,1,0,1,1,2018,2018
Malaysia,Croatia,1,4,1,1,2017,2017
Malaysia,Denmark,1,2,1,1,2010,2010
Malaysia,Ecuador,1,0,1,1,2020,2020
Malaysia,Egypt,1,2000,1,1,2010,2010
Malaysia,Germany,1,33,1,1,2017,2017
Malaysia,Ghana,1,8,1,1,2017,2017
Malaysia,Greece,1,3,1,1,2017,2017
Malaysia,Iraq,1,6,1,1,2017,2017
Malaysia,Ireland,1,1,1,1,2005,2005
Malaysia,Italy,1,30,1,1,2017,2017
Malaysia,Kazakhstan,1,7,1,1,2017,2017
Malaysia,Lao People's Democratic Republic,1,4,1,1,2016,2016
Malaysia,Latvia,1,50,1,1,2017,2017
Malaysia,Lithuania,1,8,1,1,2017,2017
Malaysia,Luxembourg,1,2,1,1,2017,2017
Malaysia,Mauritius,1,0,1,1,2014,2014
Malaysia,New Zealand,1,1,1,1,2016,2016
Malaysia,North Macedonia,1,57,1,1,2017,2017
Malaysia,Norway,1,2,1,1,2017,2017
Malaysia,Poland,1,19,1,1,2017,2017
Malaysia,Portugal,1,1,1,1,2017,2017
Malaysia,Romania,1,7,1,1,2017,2017
Malaysia,Russian Federation,1,162,1,1,2017,2017
Malaysia,Saudi Arabia,1,0,1,1,2005,2005
Malaysia,Slovenia,1,1,1,1,2017,2017
Malaysia,Türkiye,1,29,1,1,2007,2007
Malaysia,Ukraine,1,1,1,1,2017,2017
Mali,Armenia,1,0,1,1,2010,2010
Mali,Congo,1,4,1,1,2020,2020
Mali,Gabon,1,0,1,1,2006,2006
Mali,Japan,1,11,1,1,2008,2008
Mali,Maldives,1,0,1,1,2021,2021
Mali,Oman,1,1000,1,1,2016,2016
Mali,Pakistan,1,1000,1,1,2016,2016
Mali,Syrian Arab Republic,1,519,1,1,2007,2007
Malta,Australia,1,0,1,1,2016,2016
Malta,Austria,1,6000,1,1,2008,2008
Malta,Croatia,1,0,1,1,2010,2010
Malta,Czechia,1,10000,1,1,2016,2016
Malta,Norway,1,2,1,1,2006,2006
Malta,Poland,1,2,1,1,2013,2013
Malta,Tunisia,1,24,1,1,2007,2007
Mauritania,France,1,1,1,1,2020,2020
Mauritania,Mali,1,4000,1,1,2005,2005
Mauritania,United Arab Emirates,1,150,1,1,2021,2021
Mauritius,Brazil,1,8,1,1,2017,2017
Mauritius,"China, Taiwan Province of",1,1000,1,1,2006,2006
Mauritius,Germany,1,1,1,1,2020,2020
Mauritius,Ireland,1,1,1,1,2020,2020
Mauritius,Nigeria,1,3000,1,1,2013,2013
Mauritius,North Macedonia,1,5000,1,1,2014,2014
Mauritius,United Arab Emirates,1,62,1,1,2005,2005
Mexico,Afghanistan,1,0,1,1,2009,2009
Mexico,Brazil,1,0,1,1,2009,2009
Mexico,Ireland,1,1,1,1,2011,2011
Mexico,Italy,1,2,1,1,2010,2010
Mexico,Japan,1,0,1,1,2013,2013
Mexico,Singapore,1,2,1,1,2018,2018
Mexico,Uganda,1,4,1,1,2006,2006
Mexico,Ukraine,1,1,1,1,2012,2012
Mexico,United Kingdom of Great Britain and Northern Ireland,1,1,1,1,2021,2021
Mexico,Uruguay,1,3,1,1,2015,2015
Mongolia,Germany,1,8,1,1,2006,2006
Mongolia,Italy,1,2,1,1,2018,2018
Mongolia,Kazakhstan,1,100,1,1,2015,2015
Mongolia,Lao People's Democratic Republic,1,1050,1,1,2018,2018
Mongolia,Viet Nam,1,71,1,1,2020,2020
Montenegro,Croatia,1,1,1,1,2009,2009
Montenegro,Hungary,1,5,1,1,2011,2011
Montenegro,Lebanon,1,7158,1,1,2020,2020
Montenegro,Liberia,1,0,1,1,2013,2013
Montenegro,Russian Federation,1,1,1,1,2017,2017
Montenegro,Switzerland,1,1,1,1,2013,2013
Morocco,Argentina,1,1,1,1,2021,2021
Morocco,Canada,1,2,1,1,2011,2011
Morocco,Congo,1,4000,1,1,2008,2008
Morocco,Côte d'Ivoire,1,1,1,1,2021,2021
Morocco,Italy,1,2,1,1,2008,2008
Morocco,Kenya,1,0,1,1,2016,2016
Morocco,Niger,1,0,1,1,2008,2008
Morocco,Oman,1,1,1,1,2005,2005
Morocco,Portugal,1,1,1,1,2018,2018
Morocco,Qatar,1,247,1,1,2021,2021
Morocco,Tunisia,1,12,1,1,2012,2012
Morocco,Yemen,1,33000,1,1,2006,2006
Mozambique,Angola,1,0,1,1,2021,2021
Mozambique,Botswana,1,7,1,1,2018,2018
Mozambique,Denmark,1,85,1,1,2021,2021
Mozambique,Greece,1,255,1,1,2020,2020
Mozambique,Marshall Islands,1,22,1,1,2020,2020
Mozambique,Norway,1,0,1,1,2015,2015
Mozambique,Thailand,1,1,1,1,2013,2013
Myanmar,Austria,1,13,1,1,2021,2021
Myanmar,Belgium,1,4,1,1,2021,2021
Myanmar,Brunei Darussalam,1,1,1,1,2018,2018
Myanmar,Canada,1,2,1,1,2018,2018
Myanmar,"China, Taiwan Province of",1,1,1,1,2021,2021
Myanmar,Denmark,1,2,1,1,2018,2018
Myanmar,Ethiopia,1,1,1,1,2018,2018
Myanmar,Germany,1,14,1,1,2021,2021
Myanmar,Indonesia,1,6,1,1,2021,2021
Myanmar,Ireland,1,1,1,1,2017,2017
Myanmar,Italy,1,3,1,1,2020,2020
Myanmar,Netherlands (Kingdom of the),1,3,1,1,2021,2021
Myanmar,Philippines,1,9,1,1,2021,2021
Myanmar,Qatar,1,2,1,1,2020,2020
Myanmar,Saudi Arabia,1,2,1,1,2021,2021
Myanmar,Sri Lanka,1,1,1,1,2021,2021
Myanmar,Sweden,1,210,1,1,2014,2014
Myanmar,Switzerland,1,7,1,1,2021,2021
Myanmar,Tunisia,1,4,1,1,2018,2018
Myanmar,Türkiye,1,1,1,1,2020,2020
Myanmar,United Arab Emirates,1,2,1,1,2018,2018
Namibia,Azerbaijan,1,325,1,1,2014,2014
Namibia,Eswatini,1,8,1,1,2012,2012
Namibia,Lesotho,1,0,1,1,2017,2017
Namibia,Malawi,1,1,1,1,2021,2021
Namibia,Mauritius,1,1,1,1,2018,2018
Namibia,Panama,1,0,1,1,2012,2012
Namibia,Sri Lanka,1,5,1,1,2012,2012
Namibia,Switzerland,1,0,1,1,2015,2015
Namibia,Thailand,1,445,1,1,2018,2018
Namibia,United Arab Emirates,1,200,1,1,2016,2016
Nepal,Bahrain,1,1000,1,1,2009,2009
Nepal,Canada,1,2,1,1,2009,2009
Nepal,"China, mainland",1,19,1,1,2012,2012
Netherlands (Kingdom of the),Comoros,1,1000,1,1,2005,2005
Netherlands (Kingdom of the),Dominica,1,1,1,1,2011,2011
Netherlands (Kingdom of the),Equatorial Guinea,1,20000,1,1,2021,2021
Netherlands (Kingdom of the),Faroe Islands,1,1000,1,1,2021,2021
Netherlands (Kingdom of the),Jamaica,1,13,1,1,2009,2009
Netherlands (Kingdom of the),Lao People's Democratic Republic,1,11000,1,1,2005,2005
Netherlands (Kingdom of the),Mongolia,1,6,1,1,2021,2021
Netherlands (Kingdom of the),Mozambique,1,0,1,1,2020,2020
Netherlands (Kingdom of the),Paraguay,1,1,1,1,2020,2020
Netherlands (Kingdom of the),Saint Kitts and Nevis,1,44000,1,1,2015,2015
Netherlands (Kingdom of the),Sao Tome and Principe,1,2000,1,1,2005,2005
Netherlands (Kingdom of the),Somalia,1,20000,1,1,2016,2016
New Caledonia,Vanuatu,1,3,1,1,2010,2010
New Zealand,Bahrain,1,150,1,1,2016,2016
New Zealand,Brunei Darussalam,1,1,1,1,2014,2014
New Zealand,El Salvador,1,2050,1,1,2007,2007
New Zealand,Honduras,1,1321,1,1,2007,2007
New Zealand,Iceland,1,0,1,1,2017,2017
New Zealand,Kenya,1,6,1,1,2017,2017
New Zealand,Oman,1,3,1,1,2005,2005
New Zealand,Paraguay,1,80,1,1,2017,2017
New Zealand,Saudi Arabia,1,1269,1,1,2014,2014
New Zealand,Solomon Islands,1,9000,1,1,2012,2012
New Zealand,Sri Lanka,1,2000,1,1,2017,2017
New Zealand,Sweden,1,1,1,1,2017,2017
New Zealand,Switzerland,1,1,1,1,2006,2006
New Zealand,Uganda,1,0,1,1,2006,2006
New Zealand,United Republic of Tanzania,1,7,1,1,2017,2017
Nicaragua,Belgium,1,0,1,1,2012,2012
Nicaragua,Chile,1,0,1,1,2012,2012
Nicaragua,Denmark,1,0,1,1,2012,2012
Nicaragua,Dominica,1,0,1,1,2012,2012
Nicaragua,Finland,1,0,1,1,2013,2013
Nicaragua,France,1,0,1,1,2013,2013
Nicaragua,Greece,1,299,1,1,2009,2009
Nicaragua,Hungary,1,0,1,1,2013,2013
Nicaragua,Lebanon,1,0,1,1,2011,2011
Nicaragua,Nepal,1,9,1,1,2009,2009
Nicaragua,Netherlands (Kingdom of the),1,0,1,1,2013,2013
Nicaragua,Paraguay,1,0,1,1,2013,2013
Nicaragua,Sierra Leone,1,77,1,1,2005,2005
Nicaragua,Sweden,1,0,1,1,2012,2012
Nicaragua,Togo,1,210,1,1,2006,2006
Nicaragua,United Kingdom of Great Britain and Northern Ireland,1,0,1,1,2013,2013
Niger,Argentina,1,211,1,1,2006,2006
Niger,Bolivia (Plurinational State of),1,1,1,1,2013,2013
Niger,Botswana,1,3,1,1,2016,2016
Niger,Brazil,1,201,1,1,2006,2006
Niger,Canada,1,3,1,1,2005,2005
Niger,Congo,1,39,1,1,2018,2018
Niger,Finland,1,44,1,1,2020,2020
Niger,Indonesia,1,4,1,1,2005,2005
Niger,Ireland,1,1,1,1,2006,2006
Niger,Mauritius,1,12,1,1,2009,2009
Niger,Netherlands (Kingdom of the),1,1,1,1,2017,2017
Niger,New Caledonia,1,1,1,1,2011,2011
Niger,Nicaragua,1,4,1,1,2018,2018
Niger,Republic of Moldova,1,10,1,1,2012,2012
Niger,Vanuatu,1,84,1,1,2017,2017
Nigeria,Bahrain,1,3,1,1,2013,2013
Nigeria,Botswana,1,0,1,1,2009,2009
Nigeria,Burkina Faso,1,1,1,1,2015,2015
Nigeria,Democratic Republic of the Congo,1,1000,1,1,2021,2021
Nigeria,Kenya,1,2000,1,1,2005,2005
Nigeria,United Arab Emirates,1,0,1,1,2018,2018
Nigeria,Zimbabwe,1,10,1,1,2010,2010
Niue,Guinea,1,1000,1,1,2015,2015
Niue,Sweden,1,1,1,1,2008,2008
North Macedonia,Canada,1,85,1,1,2007,2007
North Macedonia,Czechia,1,14,1,1,2006,2006
North Macedonia,France,1,1,1,1,2017,2017
North Macedonia,Netherlands (Kingdom of the),1,1,1,1,2006,2006
North Macedonia,Serbia and Montenegro,1,118000,1,1,2005,2005
North Macedonia,Türkiye,1,61,1,1,2009,2009
Norway,Albania,1,10,1,1,2005,2005
Norway,Argentina,1,1,1,1,2012,2012
Norway,Australia,1,1,1,1,2008,2008
Norway,Bulgaria,1,2,1,1,2018,2018
Norway,Côte d'Ivoire,1,1,1,1,2018,2018
Norway,Greece,1,1,1,1,2013,2013
Norway,Guatemala,1,1,1,1,2017,2017
Norway,Israel,1,1,1,1,2015,2015
Norway,Japan,1,1,1,1,2018,2018
Norway,Kuwait,1,1,1,1,2009,2009
Norway,Mexico,1,1,1,1,2020,2020
Norway,Peru,1,0,1,1,2008,2008
Norway,South Africa,1,2,1,1,2020,2020
Norway,Sri Lanka,1,0,1,1,2017,2017
Norway,United Republic of Tanzania,1,100,1,1,2007,2007
Oman,Bangladesh,1,14000,1,1,2007,2007
Oman,Italy,1,3,1,1,2008,2008
Oman,Philippines,1,0,1,1,2016,2016
Oman,Singapore,1,0,1,1,2016,2016
Oman,Slovenia,1,2,1,1,2017,2017
Oman,Sri Lanka,1,2,1,1,2016,2016
Oman,Thailand,1,16,1,1,2018,2018
Oman,United Republic of Tanzania,1,0,1,1,2021,2021
Pakistan,Belgium,1,305,1,1,2011,2011
Pakistan,Cabo Verde,1,1,1,1,2006,2006
Pakistan,"China, mainland",1,68,1,1,2021,2021
Pakistan,Egypt,1,16,1,1,2021,2021
Pakistan,Ethiopia,1,0,1,1,2011,2011
Pakistan,Germany,1,1,1,1,2014,2014
Pakistan,Ghana,1,7000,1,1,2017,2017
Pakistan,Japan,1,0,1,1,2005,2005
Pakistan,Jordan,1,1000,1,1,2005,2005
Pakistan,Nepal,1,6000,1,1,2011,2011
Pakistan,Senegal,1,0,1,1,2018,2018
Pakistan,Singapore,1,1000,1,1,2005,2005
Pakistan,South Africa,1,2,1,1,2005,2005
Pakistan,Uganda,1,1,1,1,2013,2013
Pakistan,United Kingdom of Great Britain and Northern Ireland,1,14,1,1,2007,2007
Pakistan,United Republic of Tanzania,1,0,1,1,2008,2008
Pakistan,United States of America,1,1,1,1,2005,2005
Pakistan,Uzbekistan,1,0,1,1,2011,2011
Pakistan,Viet Nam,1,20000,1,1,2016,2016
Palestine,Bahrain,1,1,1,1,2017,2017
Palestine,Kuwait,1,1000,1,1,2014,2014
Panama,Barbados,1,0,1,1,2021,2021
Panama,Canada,1,17,1,1,2017,2017
Panama,Grenada,1,0,1,1,2017,2017
Panama,Netherlands (Kingdom of the),1,0,1,1,2018,2018
Panama,South Africa,1,1,1,1,2017,2017
Panama,Spain,1,105,1,1,2007,2007
Papua New Guinea,Indonesia,1,0,1,1,2018,2018
Papua New Guinea,New Zealand,1,1,1,1,2021,2021
Papua New Guinea,Saudi Arabia,1,21000,1,1,2013,2013
Paraguay,Chile,1,15,1,1,2009,2009
Paraguay,United States of America,1,1,1,1,2007,2007
Peru,Australia,1,3,1,1,2014,2014
Peru,Denmark,1,2,1,1,2008,2008
Peru,Dominican Republic,1,627,1,1,2017,2017
Peru,Germany,1,3,1,1,2010,2010
Peru,Indonesia,1,1000,1,1,2016,2016
Peru,Ireland,1,2,1,1,2014,2014
Peru,Japan,1,2,1,1,2020,2020
Peru,Nicaragua,1,0,1,1,2006,2006
Peru,Saudi Arabia,1,1,1,1,2007,2007
Peru,Thailand,1,27,1,1,2013,2013
Peru,Trinidad and Tobago,1,25,1,1,2015,2015
Philippines,Afghanistan,1,0,1,1,2014,2014
Philippines,Angola,1,1,1,1,2020,2020
Philippines,Austria,1,0,1,1,2012,2012
Philippines,Bosnia and Herzegovina,1,8000,1,1,2006,2006
Philippines,Central African Republic,1,1,1,1,2009,2009
Philippines,Costa Rica,1,2,1,1,2012,2012
Philippines,Denmark,1,1,1,1,2008,2008
Philippines,Iran (Islamic Republic of),1,616,1,1,2012,2012
Philippines,Jordan,1,0,1,1,2012,2012
Philippines,Myanmar,1,12000,1,1,2017,2017
Philippines,Pakistan,1,680,1,1,2014,2014
Philippines,Papua New Guinea,1,1003,1,1,2014,2014
Philippines,Romania,1,3000,1,1,2010,2010
Philippines,Spain,1,100,1,1,2014,2014
Philippines,Türkiye,1,0,1,1,2006,2006
Philippines,Ukraine,1,48,1,1,2014,2014
Poland,Australia,1,1,1,1,2012,2012
Poland,Bahrain,1,3,1,1,2017,2017
Poland,Brazil,1,2,1,1,2008,2008
Poland,Brunei Darussalam,1,1,1,1,2013,2013
Poland,"China, Taiwan Province of",1,4,1,1,2006,2006
Poland,Gambia,1,0,1,1,2016,2016
Poland,Libya,1,11,1,1,2010,2010
Poland,Luxembourg,1,31,1,1,2006,2006
Poland,Madagascar,1,17000,1,1,2016,2016
Poland,Mali,1,7000,1,1,2016,2016
Poland,Montenegro,1,2,1,1,2021,2021
Poland,Singapore,1,18000,1,1,2005,2005
Portugal,Australia,1,1,1,1,2013,2013
Portugal,Azerbaijan,1,14000,1,1,2021,2021
Portugal,Belarus,1,1,1,1,2018,2018
Portugal,Bulgaria,1,92,1,1,2018,2018
Portugal,Cameroon,1,369000,1,1,2021,2021
Portugal,Chile,1,0,1,1,2021,2021
Portugal,Egypt,1,358000,1,1,2010,2010
Portugal,Ethiopia,1,6000,1,1,2018,2018
Portugal,Japan,1,1,1,1,2018,2018
Portugal,Kazakhstan,1,2,1,1,2021,2021
Portugal,Malta,1,23000,1,1,2005,2005
Portugal,Mongolia,1,4,1,1,2020,2020
Portugal,New Zealand,1,1,1,1,2013,2013
Portugal,Senegal,1,1000,1,1,2020,2020
Portugal,Sierra Leone,1,3000,1,1,2018,2018
Portugal,Slovakia,1,37000,1,1,2017,2017
Portugal,Zambia,1,4000,1,1,2021,2021
Qatar,Angola,1,1,1,1,2015,2015
Qatar,Argentina,1,2,1,1,2015,2015
Qatar,Australia,1,5,1,1,2015,2015
Qatar,Brazil,1,0,1,1,2015,2015
Qatar,"China, Macao SAR",1,6000,1,1,2015,2015
Qatar,"China, mainland",1,400,1,1,2006,2006
Qatar,Cyprus,1,0,1,1,2005,2005
Qatar,Georgia,1,3,1,1,2018,2018
Qatar,Greece,1,1,1,1,2015,2015
Qatar,Iraq,1,11,1,1,2015,2015
Qatar,Japan,1,1,1,1,2015,2015
Qatar,Kazakhstan,1,6,1,1,2006,2006
Qatar,New Zealand,1,4,1,1,2015,2015
Qatar,Philippines,1,1,1,1,2015,2015
Qatar,Poland,1,1,1,1,2016,2016
Qatar,Slovenia,1,1,1,1,2017,2017
Qatar,Sri Lanka,1,1,1,1,2013,2013
Qatar,Sudan (former),1,70,1,1,2008,2008
Qatar,Turkmenistan,1,8,1,1,2016,2016
Qatar,United Republic of Tanzania,1,3,1,1,2015,2015
Qatar,Viet Nam,1,1,1,1,2015,2015
Republic of Korea,Armenia,1,0,1,1,2020,2020
Republic of Korea,Brunei Darussalam,1,1,1,1,2018,2018
Republic of Korea,"China, Macao SAR",1,35,1,1,2009,2009
Republic of Korea,France,1,4,1,1,2013,2013
Republic of Korea,Gambia,1,0,1,1,2018,2018
Republic of Korea,Hungary,1,0,1,1,2018,2018
Republic of Korea,Italy,1,0,1,1,2021,2021
Republic of Korea,Jordan,1,0,1,1,2007,2007
Republic of Korea,Namibia,1,0,1,1,2017,2017
Republic of Korea,Pakistan,1,2,1,1,2021,2021
Republic of Korea,Qatar,1,0,1,1,2020,2020
Republic of Korea,Sri Lanka,1,0,1,1,2005,2005
Republic of Korea,Uganda,1,1,1,1,2011,2011
Republic of Korea,United Kingdom of Great Britain and Northern Ireland,1,20,1,1,2009,2009
Republic of Korea,Uruguay,1,30,1,1,2009,2009
Republic of Korea,Uzbekistan,1,1000,1,1,2018,2018
Republic of Moldova,Canada,1,40,1,1,2011,2011
Republic of Moldova,Romania,1,178,1,1,2017,2017
Republic of Moldova,Türkiye,1,843,1,1,2021,2021
Republic of Moldova,United Arab Emirates,1,0,1,1,2021,2021
Romania,Bangladesh,1,0,1,1,2021,2021
Romania,Belarus,1,2,1,1,2007,2007
Romania,Brunei Darussalam,1,1,1,1,2014,2014
Romania,Ecuador,1,0,1,1,2016,2016
Romania,Ghana,1,3,1,1,2017,2017
Romania,Kazakhstan,1,15,1,1,2015,2015
Romania,Malawi,1,1,1,1,2009,2009
Romania,Turkmenistan,1,67,1,1,2020,2020
Russian Federation,Angola,1,0,1,1,2021,2021
Russian Federation,Bahrain,1,1,1,1,2016,2016
Russian Federation,Barbados,1,0,1,1,2020,2020
Russian Federation,Ghana,1,2,1,1,2016,2016
Russian Federation,Greece,1,1,1,1,2008,2008
Russian Federation,Guatemala,1,0,1,1,2020,2020
Russian Federation,Israel,1,3,1,1,2014,2014
Russian Federation,Luxembourg,1,1,1,1,2020,2020
Russian Federation,Malta,1,0,1,1,2021,2021
Russian Federation,Mexico,1,1,1,1,2018,2018
Russian Federation,Philippines,1,0,1,1,2021,2021
Russian Federation,Portugal,1,1,1,1,2008,2008
Russian Federation,Qatar,1,3,1,1,2010,2010
Russian Federation,Romania,1,6,1,1,2021,2021
Russian Federation,Singapore,1,3000,1,1,2021,2021
Russian Federation,Slovenia,1,18,1,1,2020,2020
Russian Federation,Sri Lanka,1,1,1,1,2015,2015
Russian Federation,Thailand,1,3,1,1,2008,2008
Russian Federation,Viet Nam,1,31,1,1,2021,2021
Rwanda,Central African Republic,1,74000,1,1,2021,2021
Rwanda,Ghana,1,1,1,1,2007,2007
Rwanda,Guinea,1,82,1,1,2017,2017
Rwanda,Saint Vincent and the Grenadines,1,5,1,1,2014,2014
Rwanda,South Sudan,1,60,1,1,2014,2014
Rwanda,Zimbabwe,1,0,1,1,2010,2010
Saint Kitts and Nevis,Antigua and Barbuda,1,3,1,1,2005,2005
Saint Kitts and Nevis,Kazakhstan,1,2,1,1,2011,2011
Saint Lucia,Dominica,1,7,1,1,2005,2005
Saint Vincent and the Grenadines,Dominica,1,0,1,1,2012,2012
Saint Vincent and the Grenadines,Saint Lucia,1,1,1,1,2007,2007
Saint Vincent and the Grenadines,Trinidad and Tobago,1,12,1,1,2008,2008
Saint Vincent and the Grenadines,United States of America,1,4,1,1,2005,2005
Sao Tome and Principe,Cabo Verde,1,2000,1,1,2015,2015
Sao Tome and Principe,Dominican Republic,1,0,1,1,2015,2015
Sao Tome and Principe,Nigeria,1,30,1,1,2009,2009
Saudi Arabia,"China, mainland",1,4000,1,1,2007,2007
Saudi Arabia,Congo,1,155000,1,1,2014,2014
Saudi Arabia,Ecuador,1,1,1,1,2014,2014
Saudi Arabia,Gambia,1,0,1,1,2021,2021
Saudi Arabia,Ghana,1,5,1,1,2007,2007
Saudi Arabia,Iran (Islamic Republic of),1,25000,1,1,2007,2007
Saudi Arabia,Italy,1,2,1,1,2017,2017
Saudi Arabia,Kenya,1,1000,1,1,2018,2018
Saudi Arabia,Kyrgyzstan,1,10,1,1,2017,2017
Saudi Arabia,Luxembourg,1,1,1,1,2018,2018
Saudi Arabia,Malaysia,1,8,1,1,2009,2009
Saudi Arabia,Morocco,1,4,1,1,2014,2014
Saudi Arabia,Nepal,1,6000,1,1,2009,2009
Saudi Arabia,Niger,1,1,1,1,2007,2007
Saudi Arabia,Nigeria,1,15,1,1,2008,2008
Saudi Arabia,Russian Federation,1,2,1,1,2007,2007
Saudi Arabia,Singapore,1,197000,1,1,2016,2016
Saudi Arabia,Spain,1,2,1,1,2008,2008
Saudi Arabia,Switzerland,1,17,1,1,2018,2018
Saudi Arabia,Thailand,1,132,1,1,2012,2012
Saudi Arabia,Uganda,1,1,1,1,2007,2007
Saudi Arabia,United Republic of Tanzania,1,0,1,1,2017,2017
Saudi Arabia,United States of America,1,2,1,1,2010,2010
Saudi Arabia,Uruguay,1,1,1,1,2018,2018
Senegal,Algeria,1,0,1,1,2016,2016
Senegal,Armenia,1,2000,1,1,2005,2005
Senegal,"China, Hong Kong SAR",1,0,1,1,2008,2008
Senegal,"China, mainland",1,5000,1,1,2010,2010
Senegal,Costa Rica,1,6,1,1,2014,2014
Senegal,Democratic Republic of the Congo,1,0,1,1,2017,2017
Senegal,Denmark,1,4000,1,1,2005,2005
Senegal,Egypt,1,3000,1,1,2007,2007
Senegal,Japan,1,3000,1,1,2005,2005
Senegal,Kenya,1,0,1,1,2016,2016
Senegal,Lao People's Democratic Republic,1,8000,1,1,2007,2007
Senegal,Malaysia,1,3000,1,1,2014,2014
Senegal,Malta,1,6,1,1,2013,2013
Senegal,Mexico,1,5000,1,1,2005,2005
Senegal,Portugal,1,30000,1,1,2005,2005
Senegal,Saudi Arabia,1,4000,1,1,2005,2005
Senegal,Singapore,1,3000,1,1,2016,2016
Senegal,Switzerland,1,3000,1,1,2005,2005
Senegal,United Arab Emirates,1,0,1,1,2017,2017
Senegal,United Kingdom of Great Britain and Northern Ireland,1,11000,1,1,2005,2005
Serbia,Bahrain,1,0,1,1,2016,2016
Serbia,Denmark,1,1,1,1,2010,2010
Serbia,Finland,1,2,1,1,2011,2011
Serbia,Ghana,1,7,1,1,2017,2017
Serbia,Kuwait,1,0,1,1,2021,2021
Serbia,Thailand,1,1,1,1,2010,2010
Serbia,United States of America,1,0,1,1,2008,2008
Serbia and Montenegro,Austria,1,2,1,1,2005,2005
Serbia and Montenegro,Bulgaria,1,10,1,1,2005,2005
Serbia and Montenegro,Croatia,1,44,1,1,2005,2005
Serbia and Montenegro,France,1,1,1,1,2005,2005
Serbia and Montenegro,Germany,1,1,1,1,2005,2005
Serbia and Montenegro,Hungary,1,16,1,1,2005,2005
Serbia and Montenegro,Italy,1,2389,1,1,2005,2005
Serbia and Montenegro,North Macedonia,1,442000,1,1,2005,2005
Serbia and Montenegro,Slovenia,1,4,1,1,2005,2005
Seychelles,Malaysia,1,1,1,1,2015,2015
Seychelles,Mauritius,1,3,1,1,2014,2014
Seychelles,Thailand,1,2,1,1,2016,2016
Seychelles,United States of America,1,0,1,1,2006,2006
Seychelles,Viet Nam,1,2,1,1,2014,2014
Sierra Leone,Bahrain,1,1,1,1,2015,2015
Sierra Leone,Ghana,1,0,1,1,2011,2011
Sierra Leone,Malawi,1,1,1,1,2007,2007
Sierra Leone,Uganda,1,0,1,1,2010,2010
Singapore,Argentina,1,2,1,1,2013,2013
Singapore,Bangladesh,1,0,1,1,2006,2006
Singapore,Bhutan,1,3000,1,1,2012,2012
Singapore,Cambodia,1,0,1,1,2018,2018
Singapore,Canada,1,2,1,1,2007,2007
Singapore,Chile,1,0,1,1,2015,2015
Singapore,"China, Macao SAR",1,1,1,1,2007,2007
Singapore,Gambia,1,2,1,1,2007,2007
Singapore,Ireland,1,1,1,1,2020,2020
Singapore,Luxembourg,1,8,1,1,2010,2010
Singapore,Maldives,1,0,1,1,2006,2006
Singapore,Pakistan,1,1000,1,1,2007,2007
Singapore,Saudi Arabia,1,0,1,1,2005,2005
Singapore,Spain,1,0,1,1,2018,2018
Singapore,Sri Lanka,1,10,1,1,2011,2011
Slovakia,Argentina,1,1,1,1,2018,2018
Slovakia,Armenia,1,131,1,1,2013,2013
Slovakia,Iran (Islamic Republic of),1,300,1,1,2020,2020
Slovakia,Jordan,1,0,1,1,2014,2014
Slovakia,Luxembourg,1,51,1,1,2015,2015
Slovakia,Malaysia,1,0,1,1,2012,2012
Slovakia,Mongolia,1,465,1,1,2014,2014
Slovakia,South Africa,1,4,1,1,2015,2015
Slovakia,Tajikistan,1,32,1,1,2021,2021
Slovakia,Yemen,1,93,1,1,2005,2005
Slovenia,Algeria,1,921,1,1,2020,2020
Slovenia,Bulgaria,1,2,1,1,2011,2011
Slovenia,Canada,1,0,1,1,2007,2007
Slovenia,Chile,1,11,1,1,2017,2017
Slovenia,Cyprus,1,30,1,1,2006,2006
Slovenia,Latvia,1,3,1,1,2016,2016
Slovenia,Lithuania,1,7000,1,1,2012,2012
Slovenia,Mongolia,1,1,1,1,2021,2021
Slovenia,Pakistan,1,1344,1,1,2015,2015
Slovenia,Syrian Arab Republic,1,2481,1,1,2018,2018
Slovenia,Turkmenistan,1,3,1,1,2016,2016
Solomon Islands,Bahrain,1,1862,1,1,2013,2013
Somalia,Ethiopia,1,440,1,1,2006,2006
Somalia,Italy,1,3,1,1,2012,2012
South Africa,Bulgaria,1,2,1,1,2011,2011
South Africa,Chile,1,2,1,1,2013,2013
South Africa,"China, Macao SAR",1,18,1,1,2011,2011
South Africa,Egypt,1,0,1,1,2020,2020
South Africa,Guinea,1,1,1,1,2016,2016
South Africa,Guyana,1,0,1,1,2021,2021
South Africa,Iraq,1,6,1,1,2005,2005
South Africa,Italy,1,2196,1,1,2014,2014
South Africa,Jordan,1,0,1,1,2006,2006
South Africa,Kazakhstan,1,2,1,1,2006,2006
South Africa,Lao People's Democratic Republic,1,40,1,1,2016,2016
South Africa,Lebanon,1,1,1,1,2007,2007
South Africa,Lithuania,1,4,1,1,2008,2008
South Africa,Maldives,1,0,1,1,2010,2010
South Africa,Niger,1,2000,1,1,2021,2021
South Africa,Philippines,1,108,1,1,2018,2018
South Africa,Serbia,1,1000,1,1,2012,2012
South Africa,Sierra Leone,1,14,1,1,2021,2021
South Africa,Sri Lanka,1,90,1,1,2014,2014
South Africa,Sudan (former),1,2,1,1,2005,2005
South Africa,Togo,1,0,1,1,2021,2021
South Africa,Tunisia,1,20,1,1,2015,2015
South Africa,Turkmenistan,1,0,1,1,2010,2010
South Africa,Türkiye,1,50,1,1,2020,2020
South Africa,Uzbekistan,1,0,1,1,2015,2015
Spain,Afghanistan,1,8,1,1,2012,2012
Spain,Antigua and Barbuda,1,0,1,1,2021,2021
Spain,Armenia,1,1,1,1,2018,2018
Spain,Azerbaijan,1,162000,1,1,2021,2021
Spain,Cameroon,1,308000,1,1,2021,2021
Spain,Guinea,1,4000,1,1,2021,2021
Spain,Paraguay,1,0,1,1,2020,2020
Spain,Togo,1,24000,1,1,2005,2005
Spain,Uzbekistan,1,0,1,1,2016,2016
Sri Lanka,Cambodia,1,0,1,1,2012,2012
Sri Lanka,"China, Hong Kong SAR",1,0,1,1,2014,2014
Sri Lanka,Cyprus,1,15,1,1,2013,2013
Sri Lanka,Egypt,1,2,1,1,2010,2010
Sri Lanka,Eswatini,1,0,1,1,2012,2012
Sri Lanka,Finland,1,1,1,1,2009,2009
Sri Lanka,Kenya,1,1,1,1,2012,2012
Sri Lanka,Malawi,1,1,1,1,2007,2007
Sri Lanka,Philippines,1,0,1,1,2008,2008
Sri Lanka,Qatar,1,43,1,1,2006,2006
Sri Lanka,Switzerland,1,0,1,1,2017,2017
Sri Lanka,Viet Nam,1,28000,1,1,2013,2013
Sudan,Afghanistan,1,2875,1,1,2016,2016
Sudan,India,1,1,1,1,2018,2018
Sudan,Jordan,1,1,1,1,2013,2013
Sudan,Lebanon,1,6117,1,1,2018,2018
Sudan,Libya,1,80,1,1,2015,2015
Sudan,Malaysia,1,14,1,1,2020,2020
Sudan (former),"China, mainland",1,0,1,1,2009,2009
Sudan (former),Lebanon,1,975,1,1,2011,2011
Sudan (former),Pakistan,1,1000,1,1,2008,2008
Sudan (former),South Africa,1,0,1,1,2009,2009
Suriname,Dominican Republic,1,0,1,1,2021,2021
Suriname,United Arab Emirates,1,30000,1,1,2007,2007
Sweden,Chile,1,2,1,1,2007,2007
Sweden,Cyprus,1,1,1,1,2020,2020
Sweden,Gambia,1,1,1,1,2015,2015
Sweden,Ghana,1,0,1,1,2016,2016
Sweden,Jordan,1,634,1,1,2005,2005
Sweden,Luxembourg,1,26000,1,1,2008,2008
Sweden,Malaysia,1,12,1,1,2007,2007
Sweden,Morocco,1,1,1,1,2020,2020
Sweden,Nigeria,1,1,1,1,2008,2008
Sweden,Oman,1,1,1,1,2007,2007
Sweden,Philippines,1,2,1,1,2013,2013
Sweden,Uganda,1,12000,1,1,2011,2011
Sweden,Venezuela (Bolivarian Republic of),1,1,1,1,2009,2009
Switzerland,Albania,1,94,1,1,2005,2005
Switzerland,Australia,1,1,1,1,2014,2014
Switzerland,Azerbaijan,1,2,1,1,2021,2021
Switzerland,Cameroon,1,8,1,1,2010,2010
Switzerland,Chile,1,6,1,1,2017,2017
Switzerland,"China, Taiwan Province of",1,17,1,1,2018,2018
Switzerland,"China, mainland",1,1,1,1,2006,2006
Switzerland,Côte d'Ivoire,1,0,1,1,2015,2015
Switzerland,El Salvador,1,3,1,1,2011,2011
Switzerland,Ethiopia,1,0,1,1,2013,2013
Switzerland,Gambia,1,2,1,1,2016,2016
Switzerland,India,1,1,1,1,2020,2020
Switzerland,Japan,1,1,1,1,2017,2017
Switzerland,Jordan,1,1,1,1,2017,2017
Switzerland,Madagascar,1,1,1,1,2008,2008
Switzerland,Mali,1,3,1,1,2005,2005
Switzerland,Panama,1,1,1,1,2016,2016
Switzerland,Paraguay,1,17,1,1,2018,2018
Switzerland,Tunisia,1,2,1,1,2011,2011
Switzerland,Uruguay,1,2,1,1,2015,2015
Switzerland,Uzbekistan,1,332,1,1,2009,2009
Switzerland,Venezuela (Bolivarian Republic of),1,1,1,1,2007,2007
Syrian Arab Republic,Belgium,1,7,1,1,2009,2009
Syrian Arab Republic,Bulgaria,1,6,1,1,2007,2007
Syrian Arab Republic,Iran (Islamic Republic of),1,500,1,1,2007,2007
Syrian Arab Republic,Sudan,1,1,1,1,2018,2018
Syrian Arab Republic,Yemen,1,11000,1,1,2005,2005
Tajikistan,Bahamas,1,4000,1,1,2014,2014
Tajikistan,Belarus,1,0,1,1,2018,2018
Tajikistan,Kazakhstan,1,1,1,1,2017,2017
Thailand,Azerbaijan,1,0,1,1,2005,2005
Thailand,Barbados,1,0,1,1,2014,2014
Thailand,Brazil,1,2,1,1,2011,2011
Thailand,Colombia,1,1,1,1,2007,2007
Thailand,Cyprus,1,0,1,1,2011,2011
Thailand,Djibouti,1,13,1,1,2011,2011
Thailand,Dominican Republic,1,0,1,1,2011,2011
Thailand,Fiji,1,0,1,1,2009,2009
Thailand,French Polynesia,1,13,1,1,2012,2012
Thailand,Kazakhstan,1,24,1,1,2013,2013
Thailand,Mauritania,1,2,1,1,2011,2011
Thailand,Mexico,1,1,1,1,2014,2014
Thailand,Mongolia,1,1,1,1,2013,2013
Thailand,Mozambique,1,0,1,1,2005,2005
Thailand,Namibia,1,0,1,1,2012,2012
Thailand,Nigeria,1,100,1,1,2014,2014
Thailand,Papua New Guinea,1,0,1,1,2006,2006
Thailand,Romania,1,1,1,1,2012,2012
Thailand,Slovakia,1,0,1,1,2013,2013
Thailand,Slovenia,1,1,1,1,2012,2012
Thailand,Solomon Islands,1,15,1,1,2013,2013
Thailand,Sudan,1,0,1,1,2013,2013
Thailand,Syrian Arab Republic,1,0,1,1,2011,2011
Thailand,Ukraine,1,0,1,1,2011,2011
Thailand,Uzbekistan,1,0,1,1,2013,2013
Thailand,Zimbabwe,1,0,1,1,2011,2011
Togo,Mali,1,39,1,1,2017,2017
Togo,Netherlands (Kingdom of the),1,1,1,1,2007,2007
Togo,Nicaragua,1,1,1,1,2012,2012
Tokelau,Rwanda,1,4000,1,1,2021,2021
Tonga,Germany,1,1,1,1,2005,2005
Tonga,United States of America,1,3,1,1,2010,2010
Trinidad and Tobago,Senegal,1,1,1,1,2012,2012
Trinidad and Tobago,Suriname,1,235,1,1,2007,2007
Tunisia,Cameroon,1,1,1,1,2021,2021
Tunisia,Canada,1,1,1,1,2010,2010
Tunisia,Croatia,1,1,1,1,2007,2007
Tunisia,Greece,1,1,1,1,2012,2012
Tunisia,Jordan,1,0,1,1,2021,2021
Tunisia,Kuwait,1,1,1,1,2017,2017
Tunisia,Luxembourg,1,1,1,1,2012,2012
Tunisia,Mali,1,0,1,1,2007,2007
Tunisia,Oman,1,4,1,1,2015,2015
Tunisia,Russian Federation,1,1,1,1,2017,2017
Tunisia,Saudi Arabia,1,6,1,1,2020,2020
Tunisia,Serbia,1,0,1,1,2013,2013
Tunisia,Spain,1,1,1,1,2005,2005
Tunisia,Syrian Arab Republic,1,100,1,1,2008,2008
Tunisia,United Kingdom of Great Britain and Northern Ireland,1,1,1,1,2015,2015
Tunisia,United Republic of Tanzania,1,0,1,1,2021,2021
Turkmenistan,"China, mainland",1,1,1,1,2006,2006
Turkmenistan,Kyrgyzstan,1,4,1,1,2017,2017
Turkmenistan,Russian Federation,1,1,1,1,2014,2014
Türkiye,Cameroon,1,14000,1,1,2021,2021
Türkiye,Croatia,1,1,1,1,2007,2007
Türkiye,Czechia,1,1,1,1,2010,2010
Türkiye,Democratic Republic of the Congo,1,0,1,1,2017,2017
Türkiye,Israel,1,0,1,1,2020,2020
Türkiye,Libya,1,4,1,1,2008,2008
Türkiye,Nepal,1,1,1,1,2014,2014
Türkiye,Niger,1,0,1,1,2021,2021
Türkiye,Nigeria,1,0,1,1,2020,2020
Türkiye,Norway,1,2,1,1,2013,2013
Türkiye,Poland,1,37,1,1,2015,2015
Türkiye,Russian Federation,1,2,1,1,2009,2009
Türkiye,Senegal,1,765,1,1,2012,2012
Türkiye,Singapore,1,0,1,1,2021,2021
Türkiye,Slovakia,1,76,1,1,2015,2015
Türkiye,Spain,1,0,1,1,2021,2021
Türkiye,Sweden,1,1,1,1,2013,2013
Türkiye,Uganda,1,98000,1,1,2021,2021
Türkiye,United Republic of Tanzania,1,58000,1,1,2021,2021
Türkiye,Uruguay,1,220000,1,1,2012,2012
Türkiye,Yemen,1,23000,1,1,2005,2005
Uganda,Angola,1,1,1,1,2013,2013
Uganda,Brazil,1,1,1,1,2011,2011
Uganda,"China, Hong Kong SAR",1,50,1,1,2014,2014
Uganda,Congo,1,1000,1,1,2007,2007
Uganda,Côte d'Ivoire,1,1000,1,1,2018,2018
Uganda,Gambia,1,0,1,1,2013,2013
Uganda,Hungary,1,0,1,1,2014,2014
Uganda,Iraq,1,0,1,1,2006,2006
Uganda,Ireland,1,1,1,1,2012,2012
Uganda,Italy,1,1,1,1,2015,2015
Uganda,Jordan,1,0,1,1,2006,2006
Uganda,Madagascar,1,1,1,1,2010,2010
Uganda,Malaysia,1,10,1,1,2012,2012
Uganda,Namibia,1,0,1,1,2005,2005
Uganda,Nepal,1,1000,1,1,2016,2016
Uganda,Sri Lanka,1,2,1,1,2012,2012
Uganda,Switzerland,1,0,1,1,2013,2013
Uganda,Tunisia,1,1,1,1,2011,2011
Ukraine,Angola,1,0,1,1,2020,2020
Ukraine,Canada,1,0,1,1,2017,2017
Ukraine,Estonia,1,3,1,1,2018,2018
Ukraine,Indonesia,1,0,1,1,2017,2017
Ukraine,Latvia,1,1,1,1,2017,2017
Ukraine,Mauritania,1,48000,1,1,2020,2020
Ukraine,Mongolia,1,1,1,1,2021,2021
Ukraine,Oman,1,0,1,1,2015,2015
Ukraine,Serbia,1,1,1,1,2017,2017
Ukraine,Slovakia,1,1,1,1,2017,2017
Ukraine,Slovenia,1,1,1,1,2018,2018
Ukraine,Sudan (former),1,0,1,1,2008,2008
Ukraine,Switzerland,1,1,1,1,2015,2015
United Arab Emirates,Algeria,1,2,1,1,2012,2012
United Arab Emirates,Antigua and Barbuda,1,1,1,1,2015,2015
United Arab Emirates,Bahamas,1,0,1,1,2020,2020
United Arab Emirates,Barbados,1,0,1,1,2020,2020
United Arab Emirates,Belarus,1,0,1,1,2018,2018
United Arab Emirates,Bolivia (Plurinational State of),1,60,1,1,2017,2017
United Arab Emirates,Botswana,1,1,1,1,2016,2016
United Arab Emirates,"China, Macao SAR",1,0,1,1,2021,2021
United Arab Emirates,Finland,1,1,1,1,2015,2015
United Arab Emirates,Georgia,1,3,1,1,2008,2008
United Arab Emirates,Israel,1,2,1,1,2021,2021
United Arab Emirates,Kyrgyzstan,1,25,1,1,2012,2012
United Arab Emirates,Luxembourg,1,13,1,1,2018,2018
United Arab Emirates,Mali,1,3,1,1,2016,2016
United Arab Emirates,Myanmar,1,2000,1,1,2015,2015
United Arab Emirates,Serbia,1,0,1,1,2020,2020
United Arab Emirates,Slovenia,1,0,1,1,2017,2017
United Arab Emirates,South Sudan,1,840,1,1,2021,2021
United Arab Emirates,Zambia,1,9,1,1,2017,2017
United Kingdom of Great Britain and Northern Ireland,Afghanistan,1,3000,1,1,2011,2011
United Kingdom of Great Britain and Northern Ireland,Bahamas,1,7,1,1,2006,2006
United Kingdom of Great Britain and Northern Ireland,Belize,1,0,1,1,2006,2006
United Kingdom of Great Britain and Northern Ireland,Central African Republic,1,0,1,1,2011,2011
United Kingdom of Great Britain and Northern Ireland,Congo,1,93,1,1,2021,2021
United Kingdom of Great Britain and Northern Ireland,Costa Rica,1,12,1,1,2021,2021
United Kingdom of Great Britain and Northern Ireland,Cuba,1,4,1,1,2013,2013
United Kingdom of Great Britain and Northern Ireland,Democratic Republic of the Congo,1,0,1,1,2009,2009
United Kingdom of Great Britain and Northern Ireland,Dominica,1,2000,1,1,2011,2011
United Kingdom of Great Britain and Northern Ireland,Guatemala,1,1,1,1,2021,2021
United Kingdom of Great Britain and Northern Ireland,Guyana,1,0,1,1,2021,2021
United Kingdom of Great Britain and Northern Ireland,Mauritania,1,147,1,1,2018,2018
United Kingdom of Great Britain and Northern Ireland,Namibia,1,40000,1,1,2013,2013
United Kingdom of Great Britain and Northern Ireland,New Caledonia,1,2,1,1,2006,2006
United Kingdom of Great Britain and Northern Ireland,Nicaragua,1,0,1,1,2021,2021
United Kingdom of Great Britain and Northern Ireland,Panama,1,3,1,1,2021,2021
United Kingdom of Great Britain and Northern Ireland,Papua New Guinea,1,31,1,1,2020,2020
United Kingdom of Great Britain and Northern Ireland,Rwanda,1,4000,1,1,2020,2020
United Kingdom of Great Britain and Northern Ireland,Saint Kitts and Nevis,1,8,1,1,2009,2009
United Kingdom of Great Britain and Northern Ireland,Serbia and Montenegro,1,10,1,1,2005,2005
United Kingdom of Great Britain and Northern Ireland,Seychelles,1,0,1,1,2005,2005
United Republic of Tanzania,Afghanistan,1,7,1,1,2010,2010
United Republic of Tanzania,Antigua and Barbuda,1,5,1,1,2013,2013
United Republic of Tanzania,Armenia,1,0,1,1,2010,2010
United Republic of Tanzania,Austria,1,1000,1,1,2005,2005
United Republic of Tanzania,Belgium,1,1000,1,1,2005,2005
United Republic of Tanzania,Brazil,1,0,1,1,2020,2020
United Republic of Tanzania,Chile,1,0,1,1,2017,2017
United Republic of Tanzania,"China, Taiwan Province of",1,1000,1,1,2006,2006
United Republic of Tanzania,Colombia,1,1000,1,1,2012,2012
United Republic of Tanzania,Croatia,1,0,1,1,2005,2005
United Republic of Tanzania,Eswatini,1,0,1,1,2013,2013
United Republic of Tanzania,Finland,1,1000,1,1,2007,2007
United Republic of Tanzania,Ghana,1,4,1,1,2016,2016
United Republic of Tanzania,Guinea,1,0,1,1,2013,2013
United Republic of Tanzania,Hungary,1,1000,1,1,2005,2005
United Republic of Tanzania,Indonesia,1,0,1,1,2015,2015
United Republic of Tanzania,Jordan,1,0,1,1,2013,2013
United Republic of Tanzania,Lebanon,1,0,1,1,2005,2005
United Republic of Tanzania,Libya,1,1,1,1,2013,2013
United Republic of Tanzania,Madagascar,1,5000,1,1,2021,2021
United Republic of Tanzania,Malaysia,1,1,1,1,2013,2013
United Republic of Tanzania,Malta,1,0,1,1,2017,2017
United Republic of Tanzania,Mauritius,1,0,1,1,2008,2008
United Republic of Tanzania,Nigeria,1,10000,1,1,2009,2009
United Republic of Tanzania,Senegal,1,1,1,1,2013,2013
United Republic of Tanzania,Serbia,1,4,1,1,2013,2013
United Republic of Tanzania,South Sudan,1,12000,1,1,2021,2021
United Republic of Tanzania,Sudan,1,0,1,1,2013,2013
United Republic of Tanzania,Tokelau,1,6,1,1,2014,2014
United Republic of Tanzania,Ukraine,1,17,1,1,2013,2013
United Republic of Tanzania,Viet Nam,1,3,1,1,2015,2015
United States of America,Albania,1,0,1,1,2007,2007
United States of America,Benin,1,8,1,1,2005,2005
United States of America,Guinea,1,0,1,1,2012,2012
United States of America,Maldives,1,0,1,1,2021,2021
United States of America,Montenegro,1,46000,1,1,2007,2007
United States of America,New Caledonia,1,1,1,1,2006,2006
United States of America,Palestine,1,15,1,1,2008,2008
United States of America,Papua New Guinea,1,89000,1,1,2015,2015
United States of America,Republic of Moldova,1,10,1,1,2016,2016
United States of America,Samoa,1,0,1,1,2016,2016
United States of America,Serbia and Montenegro,1,3,1,1,2005,2005
United States of America,Sierra Leone,1,2,1,1,2010,2010
Uruguay,Canada,1,1,1,1,2015,2015
Uruguay,Croatia,1,1,1,1,2005,2005
Uruguay,Finland,1,2,1,1,2007,2007
Uruguay,India,1,8,1,1,2007,2007
Uruguay,Malaysia,1,8,1,1,2009,2009
Uruguay,Mexico,1,1,1,1,2015,2015
Uruguay,Nepal,1,17000,1,1,2009,2009
Uruguay,Norway,1,1,1,1,2008,2008
Uruguay,Oman,1,8,1,1,2021,2021
Uruguay,Russian Federation,1,1,1,1,2010,2010
Uruguay,Slovakia,1,1,1,1,2016,2016
Uzbekistan,Estonia,1,56,1,1,2021,2021
Uzbekistan,Ukraine,1,32,1,1,2018,2018
Vanuatu,Canada,1,1,1,1,2010,2010
Vanuatu,Costa Rica,1,1,1,1,2016,2016
Vanuatu,France,1,0,1,1,2011,2011
Vanuatu,French Polynesia,1,20,1,1,2011,2011
Vanuatu,New Zealand,1,1,1,1,2010,2010
Venezuela (Bolivarian Republic of),Argentina,1,2,1,1,2007,2007
Venezuela (Bolivarian Republic of),Canada,1,4,1,1,2015,2015
Venezuela (Bolivarian Republic of),Chile,1,2028,1,1,2005,2005
Venezuela (Bolivarian Republic of),Costa Rica,1,1,1,1,2015,2015
Venezuela (Bolivarian Republic of),Egypt,1,72430,1,1,2021,2021
Venezuela (Bolivarian Republic of),Lebanon,1,50123,1,1,2021,2021
Venezuela (Bolivarian Republic of),Morocco,1,2,1,1,2006,2006
Venezuela (Bolivarian Republic of),Saint Vincent and the Grenadines,1,1,1,1,2010,2010
Viet Nam,Algeria,1,1000,1,1,2015,2015
Viet Nam,Brazil,1,0,1,1,2014,2014
Viet Nam,Central African Republic,1,0,1,1,2011,2011
Viet Nam,Czechia,1,0,1,1,2014,2014
Viet Nam,Ghana,1,27,1,1,2017,2017
Viet Nam,India,1,2,1,1,2018,2018
Viet Nam,Kiribati,1,50,1,1,2021,2021
Viet Nam,Myanmar,1,91000,1,1,2018,2018
Viet Nam,Philippines,1,483,1,1,2016,2016
Viet Nam,Saudi Arabia,1,342,1,1,2014,2014
Viet Nam,United Arab Emirates,1,3,1,1,2016,2016
Viet Nam,United States of America,1,5,1,1,2016,2016
Yemen,Indonesia,1,0,1,1,2005,2005
Yemen,Morocco,1,2,1,1,2010,2010
Yemen,Pakistan,1,1,1,1,2007,2007
Yemen,Somalia,1,2658,1,1,2008,2008
Zambia,Bhutan,1,48000,1,1,2009,2009
Zambia,"China, Hong Kong SAR",1,0,1,1,2011,2011
Zambia,Denmark,1,0,1,1,2007,2007
Zambia,Egypt,1,0,1,1,2011,2011
Zambia,Germany,1,2,1,1,2016,2016
Zambia,Netherlands (Kingdom of the),1,13000,1,1,2011,2011
Zambia,Senegal,1,3000,1,1,2015,2015
Zimbabwe,Burundi,1,11,1,1,2018,2018
Zimbabwe,"China, mainland",1,35,1,1,2015,2015
Zimbabwe,Denmark,1,0,1,1,2008,2008
Zimbabwe,France,1,10000,1,1,2009,2009
Zimbabwe,Namibia,1,3,1,1,2011,2011
Zimbabwe,United States of America,1,1,1,1,2006,2006
