Report ID,Country/Territory,Country(ISO3),Year,Animal type,Animal category,Animal subcategory,Nb live animals,Nb slaughtered animals,Measuring unit,Nb animals premises,Mean live weight (kg),Total meat weight of slaughtered animals (tonnes)
435,"Albania",ALB,2025,Terrestrial,"Cattle",-,"281000","",Animals,"",-,-
435,"Albania",ALB,2025,Terrestrial,"Swine",-,"74700","",Animals,"",-,-
435,"Albania",ALB,2025,Terrestrial,"Birds",-,"6748806","",Animals,"198949",-,-
435,"Albania",ALB,2025,Terrestrial,"Sheep",-,"1179300","",Animals,"",-,-
435,"Albania",ALB,2025,Terrestrial,"Goats",-,"647000","",Animals,"",-,-
435,"Albania",ALB,2025,Terrestrial,"Sheep / goats (mixed herd)",-,"","",Animals,"",-,-
435,"Albania",ALB,2025,Terrestrial,"Buffaloes",-,"30","",Animals,"",-,-
435,"Albania",ALB,2025,Terrestrial,"Equidae",-,"57732","",Animals,"",-,-
435,"Albania",ALB,2025,Terrestrial,"Camelidae",-,"","",Animals,"",-,-
435,"Albania",ALB,2025,Terrestrial,"Rabbits / hares (mixed group)",-,"","",Animals,"",-,-
435,"Albania",ALB,2025,Terrestrial,"Cervidae",-,"","",Animals,"",-,-
435,"Albania",ALB,2025,Terrestrial,"Dogs",-,"7000","",Animals,"",-,-
435,"Albania",ALB,2025,Terrestrial,"Cats",-,"4755","",Animals,"",-,-
435,"Albania",ALB,2025,Terrestrial,"Bees",-,"677369","",Hives / Nests,"",-,-
431,"Angola",AGO,2025,Terrestrial,"Cattle",-,"3631804","642838",Animals,"","180","115711"
431,"Angola",AGO,2025,Terrestrial,"Swine",-,"1931852","242472",Animals,"","55","13336"
431,"Angola",AGO,2025,Terrestrial,"Birds","Backyard poultry","9837577","1218450",Animals,"","1,5","1827675"
431,"Angola",AGO,2025,Terrestrial,"Birds","Broiler chickens","90421","67899",Animals,"","1,3","88268"
431,"Angola",AGO,2025,Terrestrial,"Birds","Ducks","8737","1214",Animals,"","2,9","3520"
431,"Angola",AGO,2025,Terrestrial,"Birds","Layer chickens","650438","245009",Animals,"","2,3","563520"
431,"Angola",AGO,2025,Terrestrial,"Birds","Other birds","35353","20145",Animals,"","2,5","50362"
431,"Angola",AGO,2025,Terrestrial,"Birds",-,"10622526","1552717",Animals,"","2,1","2533345"
431,"Angola",AGO,2025,Terrestrial,"Sheep",-,"503246","23840",Animals,"","25","596"
431,"Angola",AGO,2025,Terrestrial,"Goats",-,"6154137","3680676",Animals,"","20","73613"
431,"Angola",AGO,2025,Terrestrial,"Sheep / goats (mixed herd)",-,"","",Animals,"",-,-
431,"Angola",AGO,2025,Terrestrial,"Buffaloes",-,"","",Animals,"",-,-
431,"Angola",AGO,2025,Terrestrial,"Equidae",-,"","",Animals,"",-,-
431,"Angola",AGO,2025,Terrestrial,"Camelidae",-,"","",Animals,"",-,-
431,"Angola",AGO,2025,Terrestrial,"Rabbits / hares (mixed group)",-,"","",Animals,"",-,-
431,"Angola",AGO,2025,Terrestrial,"Cervidae",-,"","",Animals,"",-,-
431,"Angola",AGO,2025,Terrestrial,"Dogs",-,"","",Animals,"",-,-
431,"Angola",AGO,2025,Terrestrial,"Cats",-,"","",Animals,"",-,-
431,"Angola",AGO,2025,Terrestrial,"Bees",-,"","",Hives / Nests,"",-,-
411,"Argentina",ARG,2025,Terrestrial,"Cattle",-,"50920785","14151766",Animals,"294076",-,-
411,"Argentina",ARG,2025,Terrestrial,"Swine",-,"5987803","8548952",Animals,"90313",-,-
411,"Argentina",ARG,2025,Terrestrial,"Birds",-,"803594389","803594389",Animals,"66691",-,-
411,"Argentina",ARG,2025,Terrestrial,"Sheep",-,"11967429","959353",Animals,"126709",-,-
411,"Argentina",ARG,2025,Terrestrial,"Goats",-,"4186238","101989",Animals,"74460",-,-
411,"Argentina",ARG,2025,Terrestrial,"Sheep / goats (mixed herd)",-,"","",Animals,"",-,-
411,"Argentina",ARG,2025,Terrestrial,"Buffaloes",-,"195800","27640",Animals,"1642",-,-
411,"Argentina",ARG,2025,Terrestrial,"Equidae",-,"2714067","83134",Animals,"337883",-,-
411,"Argentina",ARG,2025,Terrestrial,"Camelidae",-,"290475","149",Animals,"6642",-,-
411,"Argentina",ARG,2025,Terrestrial,"Rabbits / hares (mixed group)",-,"199221","3585",Animals,"2042",-,-
411,"Argentina",ARG,2025,Terrestrial,"Cervidae",-,"45420","1890",Animals,"499",-,-
411,"Argentina",ARG,2025,Terrestrial,"Dogs",-,"","",Animals,"",-,-
411,"Argentina",ARG,2025,Terrestrial,"Cats",-,"","",Animals,"",-,-
411,"Argentina",ARG,2025,Terrestrial,"Bees",-,"4897231","",Hives / Nests,"68311",-,-
452,"Armenia",ARM,2025,Terrestrial,"Cattle",-,"475800","",Animals,"",-,-
452,"Armenia",ARM,2025,Terrestrial,"Swine",-,"182300","",Animals,"",-,-
452,"Armenia",ARM,2025,Terrestrial,"Birds",-,"","",Animals,"",-,-
452,"Armenia",ARM,2025,Terrestrial,"Sheep",-,"","",Animals,"",-,-
452,"Armenia",ARM,2025,Terrestrial,"Goats",-,"","",Animals,"",-,-
452,"Armenia",ARM,2025,Terrestrial,"Sheep / goats (mixed herd)",-,"685800","",Animals,"",-,-
452,"Armenia",ARM,2025,Terrestrial,"Buffaloes",-,"","",Animals,"",-,-
452,"Armenia",ARM,2025,Terrestrial,"Equidae",-,"15000","",Animals,"",-,-
452,"Armenia",ARM,2025,Terrestrial,"Camelidae",-,"","",Animals,"",-,-
452,"Armenia",ARM,2025,Terrestrial,"Rabbits / hares (mixed group)",-,"","",Animals,"",-,-
452,"Armenia",ARM,2025,Terrestrial,"Cervidae",-,"","",Animals,"",-,-
452,"Armenia",ARM,2025,Terrestrial,"Dogs",-,"","",Animals,"",-,-
452,"Armenia",ARM,2025,Terrestrial,"Cats",-,"","",Animals,"",-,-
452,"Armenia",ARM,2025,Terrestrial,"Bees",-,"","",Hives / Nests,"",-,-
436,"Austria",AUT,2025,Terrestrial,"Cattle","Adult beef cattle","216651","",Animals,"",-,-
436,"Austria",AUT,2025,Terrestrial,"Cattle","Adult dairy cattle","605112","",Animals,"",-,-
436,"Austria",AUT,2025,Terrestrial,"Cattle","Calves (<1 year) (cattle)","574644","41947",Animals,"",-,-
436,"Austria",AUT,2025,Terrestrial,"Cattle",-,"1817360","587071",Animals,"50595",-,"198335"
436,"Austria",AUT,2025,Terrestrial,"Swine","Adult (breeding) pigs","607771","",Animals,"",-,-
436,"Austria",AUT,2025,Terrestrial,"Swine","Fatteners","1003852","",Animals,"",-,-
436,"Austria",AUT,2025,Terrestrial,"Swine","Piglets (pre-weaning)","694990","",Animals,"",-,-
436,"Austria",AUT,2025,Terrestrial,"Swine",-,"2594533","4753569",Animals,"22241",-,"471611"
436,"Austria",AUT,2025,Terrestrial,"Birds","Broiler chickens","11914024","",Animals,"",-,-
436,"Austria",AUT,2025,Terrestrial,"Birds","Layer chickens","8557222","",Animals,"",-,-
436,"Austria",AUT,2025,Terrestrial,"Birds","Turkeys","826346","",Animals,"",-,-
436,"Austria",AUT,2025,Terrestrial,"Birds",-,"25179690","108142137",Animals,"78842",-,-
436,"Austria",AUT,2025,Terrestrial,"Sheep","Adult (sheep)","304720","",Animals,"",-,-
436,"Austria",AUT,2025,Terrestrial,"Sheep","Lambs (<6 months) (sheep)","158922","",Animals,"",-,-
436,"Austria",AUT,2025,Terrestrial,"Sheep",-,"463642","319349",Animals,"18615",-,"6537"
436,"Austria",AUT,2025,Terrestrial,"Goats","Adult (goats)","94180","",Animals,"",-,-
436,"Austria",AUT,2025,Terrestrial,"Goats","Kids (<6 months) (goats)","28862","",Animals,"",-,-
436,"Austria",AUT,2025,Terrestrial,"Goats",-,"123042","60445",Animals,"11505",-,"658"
436,"Austria",AUT,2025,Terrestrial,"Sheep / goats (mixed herd)",-,"118754","",Animals,"3456",-,-
436,"Austria",AUT,2025,Terrestrial,"Buffaloes",-,"586","",Animals,"39",-,-
436,"Austria",AUT,2025,Terrestrial,"Equidae",-,"112279","212",Animals,"20208",-,"47"
436,"Austria",AUT,2025,Terrestrial,"Camelidae",-,"13794","",Animals,"1660",-,-
436,"Austria",AUT,2025,Terrestrial,"Rabbits / hares (mixed group)",-,"34127","",Animals,"4516",-,-
436,"Austria",AUT,2025,Terrestrial,"Cervidae",-,"53842","",Animals,"2197",-,-
436,"Austria",AUT,2025,Terrestrial,"Dogs",-,"705572","",Animals,"",-,-
436,"Austria",AUT,2025,Terrestrial,"Cats",-,"","",Animals,"",-,-
436,"Austria",AUT,2025,Terrestrial,"Bees",-,"357343","",Hives / Nests,"33748",-,-
353,"Azerbaijan",AZE,2025,Terrestrial,"Cattle","Adult beef cattle","163306","",Animals,"",-,-
353,"Azerbaijan",AZE,2025,Terrestrial,"Cattle","Adult dairy cattle","1376838","",Animals,"",-,-
353,"Azerbaijan",AZE,2025,Terrestrial,"Cattle","Calves (<1 year) (cattle)","544468","",Animals,"",-,-
353,"Azerbaijan",AZE,2025,Terrestrial,"Cattle","Males and females, 1-2 years, beef cattle","162918","",Animals,"",-,-
353,"Azerbaijan",AZE,2025,Terrestrial,"Cattle","Males and females, 1-2 years, dairy cattle","194057","",Animals,"",-,-
353,"Azerbaijan",AZE,2025,Terrestrial,"Cattle",-,"2441587","1325257",Animals,"","202,3","150479,3"
353,"Azerbaijan",AZE,2025,Terrestrial,"Swine","Adult (breeding) pigs","2378","",Animals,"",-,-
353,"Azerbaijan",AZE,2025,Terrestrial,"Swine",-,"3481","8897",Animals,"","73,6","460,8"
353,"Azerbaijan",AZE,2025,Terrestrial,"Birds","Layer chickens","14069000","",Animals,"",-,-
353,"Azerbaijan",AZE,2025,Terrestrial,"Birds",-,"29418269","123562000",Animals,"","1,7","147125,9"
353,"Azerbaijan",AZE,2025,Terrestrial,"Sheep","Adult (sheep)","3733310","",Animals,"",-,-
353,"Azerbaijan",AZE,2025,Terrestrial,"Sheep",-,"6413964","",Animals,"",-,-
353,"Azerbaijan",AZE,2025,Terrestrial,"Goats","Adult (goats)","224748","",Animals,"",-,-
353,"Azerbaijan",AZE,2025,Terrestrial,"Goats",-,"390160","",Animals,"",-,-
353,"Azerbaijan",AZE,2025,Terrestrial,"Sheep / goats (mixed herd)",-,"","5905955",Animals,"","31","88411,4"
353,"Azerbaijan",AZE,2025,Terrestrial,"Buffaloes","Adult buffalo","53321","",Animals,"",-,-
353,"Azerbaijan",AZE,2025,Terrestrial,"Buffaloes","Calves (<1 year) (buffaloes)","21701","",Animals,"",-,-
353,"Azerbaijan",AZE,2025,Terrestrial,"Buffaloes",-,"88241","",Animals,"",-,-
353,"Azerbaijan",AZE,2025,Terrestrial,"Equidae","Donkeys","10311","",Animals,"",-,-
353,"Azerbaijan",AZE,2025,Terrestrial,"Equidae","Horses","46447","",Animals,"",-,-
353,"Azerbaijan",AZE,2025,Terrestrial,"Equidae","Mules / Hinnies","38","",Animals,"",-,-
353,"Azerbaijan",AZE,2025,Terrestrial,"Equidae",-,"56796","",Animals,"",-,-
353,"Azerbaijan",AZE,2025,Terrestrial,"Camelidae","Alpacas","61","",Animals,"3",-,-
353,"Azerbaijan",AZE,2025,Terrestrial,"Camelidae","Camels","352","",Animals,"9",-,-
353,"Azerbaijan",AZE,2025,Terrestrial,"Camelidae","Llamas","9","",Animals,"3",-,-
353,"Azerbaijan",AZE,2025,Terrestrial,"Camelidae",-,"422","",Animals,"15",-,-
353,"Azerbaijan",AZE,2025,Terrestrial,"Rabbits / hares (mixed group)","Hares","18671","",Animals,"",-,-
353,"Azerbaijan",AZE,2025,Terrestrial,"Rabbits / hares (mixed group)","Rabbits","1363","",Animals,"",-,-
353,"Azerbaijan",AZE,2025,Terrestrial,"Rabbits / hares (mixed group)",-,"20034","",Animals,"",-,-
353,"Azerbaijan",AZE,2025,Terrestrial,"Cervidae","Cervidae: Musk Deer","300","",Animals,"2",-,-
353,"Azerbaijan",AZE,2025,Terrestrial,"Cervidae","Cervidae: other","1326","",Animals,"",-,-
353,"Azerbaijan",AZE,2025,Terrestrial,"Cervidae","Cervidae: Sika deer + Rusa deer + Fallow deer","35","",Animals,"2",-,-
353,"Azerbaijan",AZE,2025,Terrestrial,"Cervidae",-,"1661","",Animals,"",-,-
353,"Azerbaijan",AZE,2025,Terrestrial,"Dogs",-,"230002","",Animals,"",-,-
353,"Azerbaijan",AZE,2025,Terrestrial,"Cats",-,"261189","",Animals,"",-,-
353,"Azerbaijan",AZE,2025,Terrestrial,"Bees",-,"545136","",Hives / Nests,"",-,-
346,"Bahrain",BHR,2025,Terrestrial,"Cattle",-,"6302","272",Animals,"218",-,-
346,"Bahrain",BHR,2025,Terrestrial,"Swine",-,"","",Animals,"",-,-
346,"Bahrain",BHR,2025,Terrestrial,"Birds",-,"","",Animals,"",-,-
346,"Bahrain",BHR,2025,Terrestrial,"Sheep",-,"","",Animals,"",-,-
346,"Bahrain",BHR,2025,Terrestrial,"Goats",-,"","",Animals,"",-,-
346,"Bahrain",BHR,2025,Terrestrial,"Sheep / goats (mixed herd)",-,"34656","6446",Animals,"417",-,-
346,"Bahrain",BHR,2025,Terrestrial,"Buffaloes",-,"42","",Animals,"2",-,-
346,"Bahrain",BHR,2025,Terrestrial,"Equidae",-,"5650","",Animals,"420",-,-
346,"Bahrain",BHR,2025,Terrestrial,"Camelidae",-,"3500","",Animals,"62",-,-
346,"Bahrain",BHR,2025,Terrestrial,"Rabbits / hares (mixed group)",-,"","",Animals,"",-,-
346,"Bahrain",BHR,2025,Terrestrial,"Cervidae",-,"3048","",Animals,"13",-,-
346,"Bahrain",BHR,2025,Terrestrial,"Dogs",-,"","",Animals,"",-,-
346,"Bahrain",BHR,2025,Terrestrial,"Cats",-,"","",Animals,"",-,-
346,"Bahrain",BHR,2025,Terrestrial,"Bees",-,"","",Hives / Nests,"",-,-
439,"Belize",BLZ,2025,Terrestrial,"Cattle","Adult beef cattle","200617","",Animals,"",-,-
439,"Belize",BLZ,2025,Terrestrial,"Cattle","Adult dairy cattle","4891","",Animals,"",-,-
439,"Belize",BLZ,2025,Terrestrial,"Cattle",-,"205508","8411",Animals,"7559",-,-
439,"Belize",BLZ,2025,Terrestrial,"Swine",-,"16298","35714",Animals,"422",-,"3563,9"
439,"Belize",BLZ,2025,Terrestrial,"Birds","Broiler chickens","16684916","",Animals,"",-,-
439,"Belize",BLZ,2025,Terrestrial,"Birds","Turkeys","51862","",Animals,"",-,-
439,"Belize",BLZ,2025,Terrestrial,"Birds",-,"","13209457",Animals,"",-,"23247,8"
439,"Belize",BLZ,2025,Terrestrial,"Sheep",-,"18002","450",Animals,"",-,-
439,"Belize",BLZ,2025,Terrestrial,"Goats",-,"","",Animals,"",-,-
439,"Belize",BLZ,2025,Terrestrial,"Sheep / goats (mixed herd)",-,"","",Animals,"",-,-
439,"Belize",BLZ,2025,Terrestrial,"Buffaloes",-,"1963","",Animals,"",-,-
439,"Belize",BLZ,2025,Terrestrial,"Equidae",-,"","",Animals,"",-,-
439,"Belize",BLZ,2025,Terrestrial,"Camelidae",-,"","",Animals,"",-,-
439,"Belize",BLZ,2025,Terrestrial,"Rabbits / hares (mixed group)",-,"","",Animals,"",-,-
439,"Belize",BLZ,2025,Terrestrial,"Cervidae",-,"","",Animals,"",-,-
439,"Belize",BLZ,2025,Terrestrial,"Dogs",-,"","",Animals,"",-,-
439,"Belize",BLZ,2025,Terrestrial,"Cats",-,"","",Animals,"",-,-
439,"Belize",BLZ,2025,Terrestrial,"Bees",-,"3984","",Hives / Nests,"289",-,-
363,"Bhutan",BTN,2025,Terrestrial,"Cattle",-,"284895","",Animals,"",-,-
363,"Bhutan",BTN,2025,Terrestrial,"Swine",-,"21891","",Animals,"",-,-
363,"Bhutan",BTN,2025,Terrestrial,"Birds",-,"1319257","",Animals,"",-,-
363,"Bhutan",BTN,2025,Terrestrial,"Sheep",-,"10411","",Animals,"",-,-
363,"Bhutan",BTN,2025,Terrestrial,"Goats",-,"59412","",Animals,"",-,-
363,"Bhutan",BTN,2025,Terrestrial,"Sheep / goats (mixed herd)",-,"","",Animals,"",-,-
363,"Bhutan",BTN,2025,Terrestrial,"Buffaloes",-,"385","",Animals,"",-,-
363,"Bhutan",BTN,2025,Terrestrial,"Equidae",-,"113300","",Animals,"",-,-
363,"Bhutan",BTN,2025,Terrestrial,"Camelidae",-,"0","0",Animals,"0","0","0"
363,"Bhutan",BTN,2025,Terrestrial,"Rabbits / hares (mixed group)",-,"","",Animals,"",-,-
363,"Bhutan",BTN,2025,Terrestrial,"Cervidae",-,"","",Animals,"",-,-
363,"Bhutan",BTN,2025,Terrestrial,"Dogs",-,"34222","",Animals,"",-,-
363,"Bhutan",BTN,2025,Terrestrial,"Cats",-,"41045","",Animals,"",-,-
363,"Bhutan",BTN,2025,Terrestrial,"Bees",-,"","",Hives / Nests,"",-,-
429,"Brazil",BRA,2025,Terrestrial,"Cattle",-,"239190379","39689184",Animals,"2847163",-,-
429,"Brazil",BRA,2025,Terrestrial,"Swine","Backyard pigs","11156900","",Animals,"862745",-,-
429,"Brazil",BRA,2025,Terrestrial,"Swine",-,"43005729","49467306",Animals,"886325",-,-
429,"Brazil",BRA,2025,Terrestrial,"Birds","Broiler chickens","1582648783","",Animals,"60628",-,-
429,"Brazil",BRA,2025,Terrestrial,"Birds","Layer chickens","322066255","",Animals,"7260",-,-
429,"Brazil",BRA,2025,Terrestrial,"Birds",-,"2138993098","5510750930",Animals,"385078",-,-
429,"Brazil",BRA,2025,Terrestrial,"Sheep",-,"26885287","",Animals,"652804",-,-
429,"Brazil",BRA,2025,Terrestrial,"Goats",-,"14137098","",Animals,"405461",-,-
429,"Brazil",BRA,2025,Terrestrial,"Sheep / goats (mixed herd)",-,"","",Animals,"",-,-
429,"Brazil",BRA,2025,Terrestrial,"Buffaloes",-,"1636972","",Animals,"25077",-,-
429,"Brazil",BRA,2025,Terrestrial,"Equidae","Donkeys","335660","",Animals,"",-,-
429,"Brazil",BRA,2025,Terrestrial,"Equidae","Horses","5005444","",Animals,"",-,-
429,"Brazil",BRA,2025,Terrestrial,"Equidae","Mules / Hinnies","826327","",Animals,"",-,-
429,"Brazil",BRA,2025,Terrestrial,"Equidae",-,"6167431","49224",Animals,"1348910",-,-
429,"Brazil",BRA,2025,Terrestrial,"Camelidae",-,"","",Animals,"",-,-
429,"Brazil",BRA,2025,Terrestrial,"Rabbits / hares (mixed group)",-,"","",Animals,"",-,-
429,"Brazil",BRA,2025,Terrestrial,"Cervidae",-,"","",Animals,"",-,-
429,"Brazil",BRA,2025,Terrestrial,"Dogs",-,"18719757","",Animals,"",-,-
429,"Brazil",BRA,2025,Terrestrial,"Cats",-,"4449108","",Animals,"",-,-
429,"Brazil",BRA,2025,Terrestrial,"Bees",-,"3661295","",Hives / Nests,"75021",-,-
373,"Bulgaria",BGR,2025,Terrestrial,"Cattle","Adult dairy cattle","403219","",Animals,"",-,-
373,"Bulgaria",BGR,2025,Terrestrial,"Cattle","Calves (<1 year) (cattle)","20118","",Animals,"",-,-
373,"Bulgaria",BGR,2025,Terrestrial,"Cattle","Males and females, 1-2 years, beef cattle","80270","",Animals,"",-,-
373,"Bulgaria",BGR,2025,Terrestrial,"Cattle","Males and females, 1-2 years, dairy cattle","82178","",Animals,"",-,-
373,"Bulgaria",BGR,2025,Terrestrial,"Cattle",-,"585785","",Animals,"22841",-,-
373,"Bulgaria",BGR,2025,Terrestrial,"Swine","Adult (breeding) pigs","57830","",Animals,"",-,-
373,"Bulgaria",BGR,2025,Terrestrial,"Swine","Fatteners","422231","",Animals,"",-,-
373,"Bulgaria",BGR,2025,Terrestrial,"Swine","Piglets (pre-weaning)","262978","",Animals,"",-,-
373,"Bulgaria",BGR,2025,Terrestrial,"Swine",-,"743039","",Animals,"1087",-,-
373,"Bulgaria",BGR,2025,Terrestrial,"Birds","Broiler chickens","5505763","",Animals,"200",-,-
373,"Bulgaria",BGR,2025,Terrestrial,"Birds","Ducks","764981","",Animals,"78",-,-
373,"Bulgaria",BGR,2025,Terrestrial,"Birds","Layer chickens","6742631","",Animals,"",-,-
373,"Bulgaria",BGR,2025,Terrestrial,"Birds","Turkeys","8700","",Animals,"",-,-
373,"Bulgaria",BGR,2025,Terrestrial,"Birds",-,"13022075","",Animals,"",-,-
373,"Bulgaria",BGR,2025,Terrestrial,"Sheep","Adult (sheep)","991040","",Animals,"",-,-
373,"Bulgaria",BGR,2025,Terrestrial,"Sheep","Lambs (<6 months) (sheep)","92522","",Animals,"",-,-
373,"Bulgaria",BGR,2025,Terrestrial,"Sheep",-,"1083562","",Animals,"18204",-,-
373,"Bulgaria",BGR,2025,Terrestrial,"Goats","Adult (goats)","157963","",Animals,"",-,-
373,"Bulgaria",BGR,2025,Terrestrial,"Goats","Kids (<6 months) (goats)","35650","",Animals,"",-,-
373,"Bulgaria",BGR,2025,Terrestrial,"Goats",-,"193613","",Animals,"6661",-,-
373,"Bulgaria",BGR,2025,Terrestrial,"Sheep / goats (mixed herd)",-,"","",Animals,"",-,-
373,"Bulgaria",BGR,2025,Terrestrial,"Buffaloes",-,"21490","",Animals,"595",-,-
373,"Bulgaria",BGR,2025,Terrestrial,"Equidae",-,"32534","",Animals,"6733",-,-
373,"Bulgaria",BGR,2025,Terrestrial,"Camelidae",-,"","",Animals,"",-,-
373,"Bulgaria",BGR,2025,Terrestrial,"Rabbits / hares (mixed group)",-,"","",Animals,"",-,-
373,"Bulgaria",BGR,2025,Terrestrial,"Cervidae",-,"","",Animals,"",-,-
373,"Bulgaria",BGR,2025,Terrestrial,"Dogs",-,"","",Animals,"",-,-
373,"Bulgaria",BGR,2025,Terrestrial,"Cats",-,"","",Animals,"",-,-
373,"Bulgaria",BGR,2025,Terrestrial,"Bees",-,"525836","",Hives / Nests,"5567",-,-
427,"Cabo verde",CPV,2025,Terrestrial,"Cattle","Adult beef cattle","","2729",Animals,"",-,"430,5"
427,"Cabo verde",CPV,2025,Terrestrial,"Cattle",-,"","",Animals,"",-,-
427,"Cabo verde",CPV,2025,Terrestrial,"Swine","Adult (breeding) pigs","","2848",Animals,"",-,"127,5"
427,"Cabo verde",CPV,2025,Terrestrial,"Swine",-,"","",Animals,"",-,-
427,"Cabo verde",CPV,2025,Terrestrial,"Birds",-,"","",Animals,"",-,-
427,"Cabo verde",CPV,2025,Terrestrial,"Sheep","Adult (sheep)","","109",Animals,"",-,"1,7"
427,"Cabo verde",CPV,2025,Terrestrial,"Sheep",-,"","",Animals,"",-,-
427,"Cabo verde",CPV,2025,Terrestrial,"Goats","Adult (goats)","","2654",Animals,"",-,"20,5"
427,"Cabo verde",CPV,2025,Terrestrial,"Goats",-,"","",Animals,"",-,-
427,"Cabo verde",CPV,2025,Terrestrial,"Sheep / goats (mixed herd)",-,"","",Animals,"",-,-
427,"Cabo verde",CPV,2025,Terrestrial,"Buffaloes",-,"","",Animals,"",-,-
427,"Cabo verde",CPV,2025,Terrestrial,"Equidae",-,"","",Animals,"",-,-
427,"Cabo verde",CPV,2025,Terrestrial,"Camelidae",-,"","",Animals,"",-,-
427,"Cabo verde",CPV,2025,Terrestrial,"Rabbits / hares (mixed group)",-,"","",Animals,"",-,-
427,"Cabo verde",CPV,2025,Terrestrial,"Cervidae",-,"","",Animals,"",-,-
427,"Cabo verde",CPV,2025,Terrestrial,"Dogs",-,"","",Animals,"",-,-
427,"Cabo verde",CPV,2025,Terrestrial,"Cats",-,"","",Animals,"",-,-
427,"Cabo verde",CPV,2025,Terrestrial,"Bees",-,"","",Hives / Nests,"",-,-
403,"Canada",CAN,2025,Terrestrial,"Cattle","Adult beef cattle","3649200","",Animals,"",-,-
403,"Canada",CAN,2025,Terrestrial,"Cattle","Adult dairy cattle","981400","",Animals,"",-,-
403,"Canada",CAN,2025,Terrestrial,"Cattle","Calves (<1 year) (cattle)","3751900","",Animals,"",-,-
403,"Canada",CAN,2025,Terrestrial,"Cattle","Males and females, 1-2 years, beef cattle","2936400","",Animals,"",-,-
403,"Canada",CAN,2025,Terrestrial,"Cattle","Males and females, 1-2 years, dairy cattle","461100","",Animals,"",-,-
403,"Canada",CAN,2025,Terrestrial,"Cattle",-,"11780000","2989003",Animals,"70505","736","1283363"
403,"Canada",CAN,2025,Terrestrial,"Swine","Adult (breeding) pigs","1218500","",Animals,"",-,-
403,"Canada",CAN,2025,Terrestrial,"Swine",-,"28191200","21778694",Animals,"6970","138","2275818"
403,"Canada",CAN,2025,Terrestrial,"Birds","Broiler chickens","806785000","804843655",Animals,"3165",-,-
403,"Canada",CAN,2025,Terrestrial,"Birds","Ducks","","4958303",Animals,"128",-,-
403,"Canada",CAN,2025,Terrestrial,"Birds","Layer chickens","44351563","29883867",Animals,"1272",-,-
403,"Canada",CAN,2025,Terrestrial,"Birds","Other birds","","50347",Animals,"",-,-
403,"Canada",CAN,2025,Terrestrial,"Birds","Turkeys","19830000","16834219",Animals,"562",-,-
403,"Canada",CAN,2025,Terrestrial,"Birds",-,"","856570391",Animals,"33841",-,"1769312"
403,"Canada",CAN,2025,Terrestrial,"Sheep","Adult (sheep)","530900","",Animals,"",-,-
403,"Canada",CAN,2025,Terrestrial,"Sheep","Lambs (<6 months) (sheep)","506500","",Animals,"",-,-
403,"Canada",CAN,2025,Terrestrial,"Sheep",-,"1037400","595000",Animals,"8487",-,"17312"
403,"Canada",CAN,2025,Terrestrial,"Goats",-,"253278","99227",Animals,"4801",-,-
403,"Canada",CAN,2025,Terrestrial,"Sheep / goats (mixed herd)",-,"","",Animals,"",-,-
403,"Canada",CAN,2025,Terrestrial,"Buffaloes",-,"150000","",Animals,"1000",-,-
403,"Canada",CAN,2025,Terrestrial,"Equidae","Horses","795420","",Animals,"",-,-
403,"Canada",CAN,2025,Terrestrial,"Equidae",-,"801630","",Animals,"",-,-
403,"Canada",CAN,2025,Terrestrial,"Camelidae",-,"12600","",Animals,"1500",-,-
403,"Canada",CAN,2025,Terrestrial,"Rabbits / hares (mixed group)",-,"155000","",Animals,"1500",-,-
403,"Canada",CAN,2025,Terrestrial,"Cervidae",-,"30000","",Animals,"500",-,-
403,"Canada",CAN,2025,Terrestrial,"Dogs",-,"7200000","",Animals,"",-,-
403,"Canada",CAN,2025,Terrestrial,"Cats",-,"8200000","",Animals,"",-,-
403,"Canada",CAN,2025,Terrestrial,"Bees",-,"854653","",Hives / Nests,"16317",-,-
428,"Chile",CHL,2025,Terrestrial,"Cattle","Adult dairy cattle","1283549","",Animals,"",-,-
428,"Chile",CHL,2025,Terrestrial,"Cattle","Calves (<1 year) (cattle)","366755","",Animals,"",-,-
428,"Chile",CHL,2025,Terrestrial,"Cattle",-,"3860935","770748",Animals,"70914",-,-
428,"Chile",CHL,2025,Terrestrial,"Swine","Adult (breeding) pigs","196732","",Animals,"",-,-
428,"Chile",CHL,2025,Terrestrial,"Swine","Backyard pigs","128000","",Animals,"14220",-,-
428,"Chile",CHL,2025,Terrestrial,"Swine","Fatteners","2389873","",Animals,"",-,-
428,"Chile",CHL,2025,Terrestrial,"Swine","Piglets (pre-weaning)","344917","",Animals,"",-,-
428,"Chile",CHL,2025,Terrestrial,"Swine",-,"3101976","5513158",Animals,"14391","125",-
428,"Chile",CHL,2025,Terrestrial,"Birds","Backyard poultry","1303000","",Animals,"",-,-
428,"Chile",CHL,2025,Terrestrial,"Birds","Other birds","202301","",Animals,"",-,-
428,"Chile",CHL,2025,Terrestrial,"Birds",-,"57533122","293190321",Animals,"843",-,-
428,"Chile",CHL,2025,Terrestrial,"Sheep",-,"1939669","",Animals,"11838",-,-
428,"Chile",CHL,2025,Terrestrial,"Goats",-,"252906","",Animals,"4443",-,-
428,"Chile",CHL,2025,Terrestrial,"Sheep / goats (mixed herd)",-,"","",Animals,"",-,-
428,"Chile",CHL,2025,Terrestrial,"Buffaloes",-,"","",Animals,"",-,-
428,"Chile",CHL,2025,Terrestrial,"Equidae",-,"128875","",Animals,"16897",-,-
428,"Chile",CHL,2025,Terrestrial,"Camelidae",-,"37564","",Animals,"3163",-,-
428,"Chile",CHL,2025,Terrestrial,"Rabbits / hares (mixed group)",-,"29552","",Animals,"2882",-,-
428,"Chile",CHL,2025,Terrestrial,"Cervidae",-,"2133","",Animals,"142",-,-
428,"Chile",CHL,2025,Terrestrial,"Dogs",-,"8000000","",Animals,"",-,-
428,"Chile",CHL,2025,Terrestrial,"Cats",-,"4000000","",Animals,"",-,-
428,"Chile",CHL,2025,Terrestrial,"Bees",-,"156429","",Hives / Nests,"3839",-,-
377,"Chinese Taipei",TWN,2025,Terrestrial,"Cattle",-,"147612","39213",Animals,"1310","550","7846,1"
377,"Chinese Taipei",TWN,2025,Terrestrial,"Swine","Adult (breeding) pigs","1998795","",Animals,"",-,-
377,"Chinese Taipei",TWN,2025,Terrestrial,"Swine","Fatteners","2607548","",Animals,"",-,-
377,"Chinese Taipei",TWN,2025,Terrestrial,"Swine","Piglets (pre-weaning)","723353","",Animals,"",-,-
377,"Chinese Taipei",TWN,2025,Terrestrial,"Swine",-,"5329696","6995573",Animals,"5495","128,5","741849"
377,"Chinese Taipei",TWN,2025,Terrestrial,"Birds","Broiler chickens","55918870","411545121",Animals,"3842","2,3","717373,8"
377,"Chinese Taipei",TWN,2025,Terrestrial,"Birds","Ducks","7384795","34553973",Animals,"2598","3","78568,7"
377,"Chinese Taipei",TWN,2025,Terrestrial,"Birds","Layer chickens","46982612","15159360",Animals,"2180","1,5","15462,5"
377,"Chinese Taipei",TWN,2025,Terrestrial,"Birds","Other birds","1178442","4576165",Animals,"727","5,4","18571,2"
377,"Chinese Taipei",TWN,2025,Terrestrial,"Birds","Turkeys","82758","157245",Animals,"76","18","2490,8"
377,"Chinese Taipei",TWN,2025,Terrestrial,"Birds",-,"","",Animals,"",-,-
377,"Chinese Taipei",TWN,2025,Terrestrial,"Sheep",-,"","",Animals,"",-,-
377,"Chinese Taipei",TWN,2025,Terrestrial,"Goats",-,"110064","39711",Animals,"1476","67,5","1178,8"
377,"Chinese Taipei",TWN,2025,Terrestrial,"Sheep / goats (mixed herd)",-,"","",Animals,"",-,-
377,"Chinese Taipei",TWN,2025,Terrestrial,"Buffaloes",-,"","",Animals,"",-,-
377,"Chinese Taipei",TWN,2025,Terrestrial,"Equidae","Horses","1418","",Animals,"119",-,-
377,"Chinese Taipei",TWN,2025,Terrestrial,"Equidae",-,"","",Animals,"",-,-
377,"Chinese Taipei",TWN,2025,Terrestrial,"Camelidae",-,"","",Animals,"",-,-
377,"Chinese Taipei",TWN,2025,Terrestrial,"Rabbits / hares (mixed group)","Rabbits","2773","",Animals,"21",-,-
377,"Chinese Taipei",TWN,2025,Terrestrial,"Rabbits / hares (mixed group)",-,"","",Animals,"",-,-
377,"Chinese Taipei",TWN,2025,Terrestrial,"Cervidae","Cervidae: other","9024","",Animals,"365",-,-
377,"Chinese Taipei",TWN,2025,Terrestrial,"Cervidae","Cervidae: Sika deer + Rusa deer + Fallow deer","1578","",Animals,"91",-,-
377,"Chinese Taipei",TWN,2025,Terrestrial,"Cervidae",-,"10602","624",Animals,"",-,-
377,"Chinese Taipei",TWN,2025,Terrestrial,"Dogs",-,"1462528","",Animals,"",-,-
377,"Chinese Taipei",TWN,2025,Terrestrial,"Cats",-,"1742033","",Animals,"",-,-
377,"Chinese Taipei",TWN,2025,Terrestrial,"Bees",-,"161117","",Hives / Nests,"1067",-,-
410,"Colombia",COL,2025,Terrestrial,"Cattle","Calves (<1 year) (cattle)","6606351","",Animals,"",-,-
410,"Colombia",COL,2025,Terrestrial,"Cattle",-,"29315680","3429975",Animals,"593744",-,"811846"
410,"Colombia",COL,2025,Terrestrial,"Swine","Backyard pigs","608673","",Animals,"138057",-,-
410,"Colombia",COL,2025,Terrestrial,"Swine",-,"13418073","6594770",Animals,"179505",-,"627648"
410,"Colombia",COL,2025,Terrestrial,"Birds","Backyard poultry","9299387","",Animals,"462008",-,-
410,"Colombia",COL,2025,Terrestrial,"Birds",-,"208331156","4276969400",Animals,"468040",-,"1944077"
410,"Colombia",COL,2025,Terrestrial,"Sheep",-,"1148240","",Animals,"",-,-
410,"Colombia",COL,2025,Terrestrial,"Goats",-,"726359","",Animals,"",-,-
410,"Colombia",COL,2025,Terrestrial,"Sheep / goats (mixed herd)",-,"","14399",Animals,"",-,"217"
410,"Colombia",COL,2025,Terrestrial,"Buffaloes","Adult buffalo","460705","",Animals,"",-,-
410,"Colombia",COL,2025,Terrestrial,"Buffaloes","Calves (<1 year) (buffaloes)","153353","",Animals,"",-,-
410,"Colombia",COL,2025,Terrestrial,"Buffaloes",-,"614058","55596",Animals,"4002",-,"12530"
410,"Colombia",COL,2025,Terrestrial,"Equidae",-,"1247607","28199",Animals,"",-,"7297"
410,"Colombia",COL,2025,Terrestrial,"Camelidae",-,"","",Animals,"",-,-
410,"Colombia",COL,2025,Terrestrial,"Rabbits / hares (mixed group)",-,"","",Animals,"",-,-
410,"Colombia",COL,2025,Terrestrial,"Cervidae",-,"","",Animals,"",-,-
410,"Colombia",COL,2025,Terrestrial,"Dogs",-,"","",Animals,"",-,-
410,"Colombia",COL,2025,Terrestrial,"Cats",-,"","",Animals,"",-,-
410,"Colombia",COL,2025,Terrestrial,"Bees",-,"","",Hives / Nests,"",-,-
369,"Cook Islands",COK,2025,Terrestrial,"Cattle","Adult beef cattle","","21",Animals,"",-,-
369,"Cook Islands",COK,2025,Terrestrial,"Cattle",-,"188","21",Animals,"",-,-
369,"Cook Islands",COK,2025,Terrestrial,"Swine","Adult (breeding) pigs","3289","761",Animals,"","60","46"
369,"Cook Islands",COK,2025,Terrestrial,"Swine","Backyard pigs","2584","2681",Animals,"","35","94"
369,"Cook Islands",COK,2025,Terrestrial,"Swine","Fatteners","1204","932",Animals,"","25","23"
369,"Cook Islands",COK,2025,Terrestrial,"Swine","Piglets (pre-weaning)","2983","80",Animals,"","10","1"
369,"Cook Islands",COK,2025,Terrestrial,"Swine",-,"10060","4454",Animals,"",-,-
369,"Cook Islands",COK,2025,Terrestrial,"Birds","Turkeys","0","0",Animals,"0","0","0"
369,"Cook Islands",COK,2025,Terrestrial,"Birds",-,"","",Animals,"",-,-
369,"Cook Islands",COK,2025,Terrestrial,"Sheep",-,"0","0",Animals,"0","0","0"
369,"Cook Islands",COK,2025,Terrestrial,"Goats","Adult (goats)","","203",Animals,"",-,-
369,"Cook Islands",COK,2025,Terrestrial,"Goats","Kids (<6 months) (goats)","","13",Animals,"",-,-
369,"Cook Islands",COK,2025,Terrestrial,"Goats",-,"2347","216",Animals,"",-,-
369,"Cook Islands",COK,2025,Terrestrial,"Sheep / goats (mixed herd)",-,"0","0",Animals,"0","0","0"
369,"Cook Islands",COK,2025,Terrestrial,"Buffaloes",-,"0","0",Animals,"0","0","0"
369,"Cook Islands",COK,2025,Terrestrial,"Equidae",-,"0","0",Animals,"0","0","0"
369,"Cook Islands",COK,2025,Terrestrial,"Camelidae",-,"0","0",Animals,"0","0","0"
369,"Cook Islands",COK,2025,Terrestrial,"Rabbits / hares (mixed group)",-,"0","0",Animals,"0","0","0"
369,"Cook Islands",COK,2025,Terrestrial,"Cervidae",-,"0","0",Animals,"0","0","0"
369,"Cook Islands",COK,2025,Terrestrial,"Dogs",-,"4952","",Animals,"",-,-
369,"Cook Islands",COK,2025,Terrestrial,"Cats",-,"10200","",Animals,"",-,-
369,"Cook Islands",COK,2025,Terrestrial,"Bees",-,"","",Hives / Nests,"",-,-
413,"Costa Rica",CRI,2025,Terrestrial,"Cattle","Adult beef cattle","512733","",Animals,"22377","510",-
413,"Costa Rica",CRI,2025,Terrestrial,"Cattle","Adult dairy cattle","113385","",Animals,"2937","340",-
413,"Costa Rica",CRI,2025,Terrestrial,"Cattle","Calves (<1 year) (cattle)","312922","2400",Animals,"23917","270",-
413,"Costa Rica",CRI,2025,Terrestrial,"Cattle","Males and females, 1-2 years, beef cattle","398248","",Animals,"19952","280",-
413,"Costa Rica",CRI,2025,Terrestrial,"Cattle","Males and females, 1-2 years, dairy cattle","35567","",Animals,"1953","260",-
413,"Costa Rica",CRI,2025,Terrestrial,"Cattle",-,"1372855","433057",Animals,"","368","97438"
413,"Costa Rica",CRI,2025,Terrestrial,"Swine","Adult (breeding) pigs","62238","",Animals,"1265","240,8",-
413,"Costa Rica",CRI,2025,Terrestrial,"Swine","Backyard pigs","39330","",Animals,"12491","80",-
413,"Costa Rica",CRI,2025,Terrestrial,"Swine","Fatteners","386971","",Animals,"1350","96,3",-
413,"Costa Rica",CRI,2025,Terrestrial,"Swine","Piglets (pre-weaning)","82799","",Animals,"733","5,5",-
413,"Costa Rica",CRI,2025,Terrestrial,"Swine",-,"571338","892905",Animals,"15839","110","66968"
413,"Costa Rica",CRI,2025,Terrestrial,"Birds","Backyard poultry","829958","",Animals,"35911",-,-
413,"Costa Rica",CRI,2025,Terrestrial,"Birds","Broiler chickens","14675773","100565518",Animals,"250","2,4","241357"
413,"Costa Rica",CRI,2025,Terrestrial,"Birds","Layer chickens","6643276","3504286",Animals,"465","2","7009"
413,"Costa Rica",CRI,2025,Terrestrial,"Birds","Other birds","2022108","1368500",Animals,"95","4,4","6021"
413,"Costa Rica",CRI,2025,Terrestrial,"Birds",-,"24171115","105438304",Animals,"36721","2,3","254387"
413,"Costa Rica",CRI,2025,Terrestrial,"Sheep",-,"9165","",Animals,"530",-,-
413,"Costa Rica",CRI,2025,Terrestrial,"Goats",-,"2878","",Animals,"316",-,-
413,"Costa Rica",CRI,2025,Terrestrial,"Sheep / goats (mixed herd)",-,"","",Animals,"",-,-
413,"Costa Rica",CRI,2025,Terrestrial,"Buffaloes",-,"6727","",Animals,"123",-,-
413,"Costa Rica",CRI,2025,Terrestrial,"Equidae","Donkeys","1357","",Animals,"",-,-
413,"Costa Rica",CRI,2025,Terrestrial,"Equidae","Horses","66956","",Animals,"",-,-
413,"Costa Rica",CRI,2025,Terrestrial,"Equidae","Mules / Hinnies","2714","",Animals,"",-,-
413,"Costa Rica",CRI,2025,Terrestrial,"Equidae",-,"75401","2575",Animals,"20003",-,-
413,"Costa Rica",CRI,2025,Terrestrial,"Camelidae",-,"","",Animals,"",-,-
413,"Costa Rica",CRI,2025,Terrestrial,"Rabbits / hares (mixed group)",-,"","3396",Animals,"",-,-
413,"Costa Rica",CRI,2025,Terrestrial,"Cervidae",-,"","",Animals,"",-,-
413,"Costa Rica",CRI,2025,Terrestrial,"Dogs",-,"1783871","",Animals,"",-,-
413,"Costa Rica",CRI,2025,Terrestrial,"Cats",-,"775693","",Animals,"",-,-
413,"Costa Rica",CRI,2025,Terrestrial,"Bees",-,"15591","",Hives / Nests,"1164",-,-
331,"Cote D'Ivoire",CIV,2025,Terrestrial,"Cattle",-,"1722666","",Animals,"",-,-
331,"Cote D'Ivoire",CIV,2025,Terrestrial,"Swine",-,"431369","",Animals,"",-,-
331,"Cote D'Ivoire",CIV,2025,Terrestrial,"Birds","Backyard poultry","30498863","",Animals,"",-,-
331,"Cote D'Ivoire",CIV,2025,Terrestrial,"Birds","Broiler chickens","49915405","",Animals,"",-,-
331,"Cote D'Ivoire",CIV,2025,Terrestrial,"Birds","Layer chickens","5001918","",Animals,"",-,-
331,"Cote D'Ivoire",CIV,2025,Terrestrial,"Birds",-,"85416186","",Animals,"",-,-
331,"Cote D'Ivoire",CIV,2025,Terrestrial,"Sheep",-,"2600000","",Animals,"",-,-
331,"Cote D'Ivoire",CIV,2025,Terrestrial,"Goats",-,"3323704","",Animals,"",-,-
331,"Cote D'Ivoire",CIV,2025,Terrestrial,"Sheep / goats (mixed herd)",-,"5505791","",Animals,"",-,-
331,"Cote D'Ivoire",CIV,2025,Terrestrial,"Buffaloes",-,"","",Animals,"",-,-
331,"Cote D'Ivoire",CIV,2025,Terrestrial,"Equidae",-,"","",Animals,"",-,-
331,"Cote D'Ivoire",CIV,2025,Terrestrial,"Camelidae",-,"","",Animals,"",-,-
331,"Cote D'Ivoire",CIV,2025,Terrestrial,"Rabbits / hares (mixed group)",-,"","",Animals,"",-,-
331,"Cote D'Ivoire",CIV,2025,Terrestrial,"Cervidae",-,"","",Animals,"",-,-
331,"Cote D'Ivoire",CIV,2025,Terrestrial,"Dogs",-,"1500000","",Animals,"",-,-
331,"Cote D'Ivoire",CIV,2025,Terrestrial,"Cats",-,"","",Animals,"",-,-
331,"Cote D'Ivoire",CIV,2025,Terrestrial,"Bees",-,"","",Hives / Nests,"",-,-
414,"Croatia",HRV,2025,Terrestrial,"Cattle",-,"418931","",Animals,"14234",-,-
414,"Croatia",HRV,2025,Terrestrial,"Swine",-,"852828","",Animals,"27939",-,-
414,"Croatia",HRV,2025,Terrestrial,"Birds",-,"","",Animals,"",-,-
414,"Croatia",HRV,2025,Terrestrial,"Sheep",-,"524677","",Animals,"16656",-,-
414,"Croatia",HRV,2025,Terrestrial,"Goats",-,"66347","",Animals,"3860",-,-
414,"Croatia",HRV,2025,Terrestrial,"Sheep / goats (mixed herd)",-,"","",Animals,"",-,-
414,"Croatia",HRV,2025,Terrestrial,"Buffaloes",-,"","",Animals,"",-,-
414,"Croatia",HRV,2025,Terrestrial,"Equidae",-,"38560","",Animals,"6013",-,-
414,"Croatia",HRV,2025,Terrestrial,"Camelidae",-,"","",Animals,"",-,-
414,"Croatia",HRV,2025,Terrestrial,"Rabbits / hares (mixed group)",-,"","",Animals,"",-,-
414,"Croatia",HRV,2025,Terrestrial,"Cervidae",-,"","",Animals,"",-,-
414,"Croatia",HRV,2025,Terrestrial,"Dogs",-,"430502","",Animals,"",-,-
414,"Croatia",HRV,2025,Terrestrial,"Cats",-,"9958","",Animals,"",-,-
414,"Croatia",HRV,2025,Terrestrial,"Bees",-,"637889","",Hives / Nests,"10346",-,-
352,"Cuba",CUB,2025,Terrestrial,"Cattle","Calves (<1 year) (cattle)","29430","",Animals,"",-,-
352,"Cuba",CUB,2025,Terrestrial,"Cattle",-,"2914008","",Animals,"21847",-,-
352,"Cuba",CUB,2025,Terrestrial,"Swine",-,"740680","",Animals,"",-,-
352,"Cuba",CUB,2025,Terrestrial,"Birds",-,"5521256","",Animals,"",-,-
352,"Cuba",CUB,2025,Terrestrial,"Sheep","Lambs (<6 months) (sheep)","365997","",Animals,"",-,-
352,"Cuba",CUB,2025,Terrestrial,"Sheep",-,"1355070","",Animals,"3604",-,-
352,"Cuba",CUB,2025,Terrestrial,"Goats",-,"661567","",Animals,"2208",-,-
352,"Cuba",CUB,2025,Terrestrial,"Sheep / goats (mixed herd)",-,"","",Animals,"",-,-
352,"Cuba",CUB,2025,Terrestrial,"Buffaloes","Calves (<1 year) (buffaloes)","19798","",Animals,"",-,-
352,"Cuba",CUB,2025,Terrestrial,"Buffaloes",-,"47883","",Animals,"",-,-
352,"Cuba",CUB,2025,Terrestrial,"Equidae",-,"656888","1642",Animals,"10777",-,-
352,"Cuba",CUB,2025,Terrestrial,"Camelidae",-,"","",Animals,"",-,-
352,"Cuba",CUB,2025,Terrestrial,"Rabbits / hares (mixed group)",-,"83531","",Animals,"933",-,-
352,"Cuba",CUB,2025,Terrestrial,"Cervidae",-,"","",Animals,"",-,-
352,"Cuba",CUB,2025,Terrestrial,"Dogs",-,"1006745","",Animals,"",-,-
352,"Cuba",CUB,2025,Terrestrial,"Cats",-,"328116","",Animals,"",-,-
352,"Cuba",CUB,2025,Terrestrial,"Bees",-,"211740","",Hives / Nests,"7825",-,-
417,"Curaçao",CUW,2025,Terrestrial,"Cattle",-,"","13",Animals,"",-,-
417,"Curaçao",CUW,2025,Terrestrial,"Swine",-,"","1571",Animals,"",-,-
417,"Curaçao",CUW,2025,Terrestrial,"Birds",-,"","",Animals,"",-,-
417,"Curaçao",CUW,2025,Terrestrial,"Sheep",-,"","525",Animals,"",-,-
417,"Curaçao",CUW,2025,Terrestrial,"Goats",-,"","411",Animals,"",-,-
417,"Curaçao",CUW,2025,Terrestrial,"Sheep / goats (mixed herd)",-,"","",Animals,"",-,-
417,"Curaçao",CUW,2025,Terrestrial,"Buffaloes",-,"","",Animals,"",-,-
417,"Curaçao",CUW,2025,Terrestrial,"Equidae","Donkeys","","1",Animals,"",-,-
417,"Curaçao",CUW,2025,Terrestrial,"Equidae",-,"","1",Animals,"",-,-
417,"Curaçao",CUW,2025,Terrestrial,"Camelidae",-,"","",Animals,"",-,-
417,"Curaçao",CUW,2025,Terrestrial,"Rabbits / hares (mixed group)",-,"","",Animals,"",-,-
417,"Curaçao",CUW,2025,Terrestrial,"Cervidae",-,"","",Animals,"",-,-
417,"Curaçao",CUW,2025,Terrestrial,"Dogs",-,"","",Animals,"",-,-
417,"Curaçao",CUW,2025,Terrestrial,"Cats",-,"","",Animals,"",-,-
417,"Curaçao",CUW,2025,Terrestrial,"Bees",-,"","",Hives / Nests,"",-,-
462,"Czech Republic",CZE,2025,Terrestrial,"Cattle","Calves (<1 year) (cattle)","423364","5971",Animals,"",-,-
462,"Czech Republic",CZE,2025,Terrestrial,"Cattle",-,"1399806","225941",Animals,"38912",-,-
462,"Czech Republic",CZE,2025,Terrestrial,"Swine","Adult (breeding) pigs","1896901","2334814",Animals,"",-,-
462,"Czech Republic",CZE,2025,Terrestrial,"Swine",-,"1896901","2334814",Animals,"",-,-
462,"Czech Republic",CZE,2025,Terrestrial,"Birds","Broiler chickens","","118705459",Animals,"3685",-,-
462,"Czech Republic",CZE,2025,Terrestrial,"Birds","Ducks","","3332327",Animals,"",-,-
462,"Czech Republic",CZE,2025,Terrestrial,"Birds","Other birds","","1801507",Animals,"",-,-
462,"Czech Republic",CZE,2025,Terrestrial,"Birds","Turkeys","","195859",Animals,"",-,-
462,"Czech Republic",CZE,2025,Terrestrial,"Birds",-,"","124035152",Animals,"",-,-
462,"Czech Republic",CZE,2025,Terrestrial,"Sheep","Adult (sheep)","222771","1767",Animals,"",-,-
462,"Czech Republic",CZE,2025,Terrestrial,"Sheep","Lambs (<6 months) (sheep)","4993","5748",Animals,"",-,-
462,"Czech Republic",CZE,2025,Terrestrial,"Sheep",-,"227764","7515",Animals,"35763",-,-
462,"Czech Republic",CZE,2025,Terrestrial,"Goats","Adult (goats)","43319","132",Animals,"",-,-
462,"Czech Republic",CZE,2025,Terrestrial,"Goats","Kids (<6 months) (goats)","1129","1007",Animals,"",-,-
462,"Czech Republic",CZE,2025,Terrestrial,"Goats",-,"44448","1139",Animals,"19402",-,-
462,"Czech Republic",CZE,2025,Terrestrial,"Sheep / goats (mixed herd)",-,"","",Animals,"",-,-
462,"Czech Republic",CZE,2025,Terrestrial,"Buffaloes",-,"","",Animals,"",-,-
462,"Czech Republic",CZE,2025,Terrestrial,"Equidae","Horses","","83",Animals,"",-,-
462,"Czech Republic",CZE,2025,Terrestrial,"Equidae",-,"","83",Animals,"",-,-
462,"Czech Republic",CZE,2025,Terrestrial,"Camelidae",-,"","",Animals,"",-,-
462,"Czech Republic",CZE,2025,Terrestrial,"Rabbits / hares (mixed group)","Hares","40699","",Animals,"",-,-
462,"Czech Republic",CZE,2025,Terrestrial,"Rabbits / hares (mixed group)","Rabbits","","476673",Animals,"",-,-
462,"Czech Republic",CZE,2025,Terrestrial,"Rabbits / hares (mixed group)",-,"","476673",Animals,"",-,-
462,"Czech Republic",CZE,2025,Terrestrial,"Cervidae","Cervidae: Musk Deer","","140",Animals,"",-,-
462,"Czech Republic",CZE,2025,Terrestrial,"Cervidae","Cervidae: other","124897","",Animals,"",-,-
462,"Czech Republic",CZE,2025,Terrestrial,"Cervidae","Cervidae: Red deer + Wapiti + Reindeer","35779","",Animals,"",-,-
462,"Czech Republic",CZE,2025,Terrestrial,"Cervidae","Cervidae: Sika deer + Rusa deer + Fallow deer","45335","199",Animals,"",-,-
462,"Czech Republic",CZE,2025,Terrestrial,"Cervidae",-,"","339",Animals,"",-,-
462,"Czech Republic",CZE,2025,Terrestrial,"Dogs",-,"2500000","",Animals,"",-,-
462,"Czech Republic",CZE,2025,Terrestrial,"Cats",-,"1400000","",Animals,"",-,-
462,"Czech Republic",CZE,2025,Terrestrial,"Bees",-,"487474","",Hives / Nests,"",-,-
441,"Denmark",DNK,2025,Terrestrial,"Cattle",-,"1399423","426268",Animals,"12944",-,"114215,9"
441,"Denmark",DNK,2025,Terrestrial,"Swine","Adult (breeding) pigs","1024612","",Animals,"",-,-
441,"Denmark",DNK,2025,Terrestrial,"Swine","Backyard pigs","5110","",Animals,"1431",-,-
441,"Denmark",DNK,2025,Terrestrial,"Swine","Fatteners","5240444","",Animals,"",-,-
441,"Denmark",DNK,2025,Terrestrial,"Swine","Piglets (pre-weaning)","6389464","",Animals,"",-,-
441,"Denmark",DNK,2025,Terrestrial,"Swine",-,"12659630","15571142",Animals,"6109",-,"1481448"
441,"Denmark",DNK,2025,Terrestrial,"Birds","Backyard poultry","101821","",Animals,"4254",-,-
441,"Denmark",DNK,2025,Terrestrial,"Birds","Broiler chickens","21890778","106314324",Animals,"318",-,"174873,6"
441,"Denmark",DNK,2025,Terrestrial,"Birds","Ducks","56488","40569",Animals,"60",-,"123,4"
441,"Denmark",DNK,2025,Terrestrial,"Birds","Layer chickens","5740451","",Animals,"414",-,-
441,"Denmark",DNK,2025,Terrestrial,"Birds","Other birds","","112816",Animals,"",-,"125,8"
441,"Denmark",DNK,2025,Terrestrial,"Birds","Turkeys","311996","4876",Animals,"24",-,"27,5"
441,"Denmark",DNK,2025,Terrestrial,"Birds",-,"28101534","106472585",Animals,"5070",-,"175150,4"
441,"Denmark",DNK,2025,Terrestrial,"Sheep",-,"126821","",Animals,"5200",-,-
441,"Denmark",DNK,2025,Terrestrial,"Goats",-,"17539","",Animals,"3014",-,-
441,"Denmark",DNK,2025,Terrestrial,"Sheep / goats (mixed herd)",-,"","60727",Animals,"",-,"1182,6"
441,"Denmark",DNK,2025,Terrestrial,"Buffaloes",-,"","",Animals,"",-,-
441,"Denmark",DNK,2025,Terrestrial,"Equidae",-,"102716","452",Animals,"20938",-,"126,1"
441,"Denmark",DNK,2025,Terrestrial,"Camelidae",-,"1740","",Animals,"214",-,-
441,"Denmark",DNK,2025,Terrestrial,"Rabbits / hares (mixed group)","Rabbits","","396",Animals,"",-,"0,8"
441,"Denmark",DNK,2025,Terrestrial,"Rabbits / hares (mixed group)",-,"","396",Animals,"",-,"0,8"
441,"Denmark",DNK,2025,Terrestrial,"Cervidae",-,"11591","",Animals,"429",-,-
441,"Denmark",DNK,2025,Terrestrial,"Cats",-,"730000","",Animals,"",-,-
441,"Denmark",DNK,2025,Terrestrial,"Bees",-,"107000","",Hives / Nests,"7000",-,-
402,"Ecuador",ECU,2025,Terrestrial,"Cattle",-,"4692256","",Animals,"261234",-,-
402,"Ecuador",ECU,2025,Terrestrial,"Swine",-,"3779268","",Animals,"93837",-,-
402,"Ecuador",ECU,2025,Terrestrial,"Birds",-,"62881286","",Animals,"1547",-,-
402,"Ecuador",ECU,2025,Terrestrial,"Sheep",-,"46302","",Animals,"8249",-,-
402,"Ecuador",ECU,2025,Terrestrial,"Goats",-,"9234","",Animals,"1562",-,-
402,"Ecuador",ECU,2025,Terrestrial,"Sheep / goats (mixed herd)",-,"","",Animals,"",-,-
402,"Ecuador",ECU,2025,Terrestrial,"Buffaloes",-,"7197","",Animals,"",-,-
402,"Ecuador",ECU,2025,Terrestrial,"Equidae",-,"18816","",Animals,"3594",-,-
402,"Ecuador",ECU,2025,Terrestrial,"Camelidae",-,"1227","",Animals,"222",-,-
402,"Ecuador",ECU,2025,Terrestrial,"Rabbits / hares (mixed group)",-,"","",Animals,"",-,-
402,"Ecuador",ECU,2025,Terrestrial,"Cervidae",-,"","",Animals,"",-,-
402,"Ecuador",ECU,2025,Terrestrial,"Dogs",-,"","",Animals,"",-,-
402,"Ecuador",ECU,2025,Terrestrial,"Cats",-,"","",Animals,"",-,-
402,"Ecuador",ECU,2025,Terrestrial,"Bees",-,"5675","",Hives / Nests,"321",-,-
366,"Egypt",EGY,2025,Terrestrial,"Cattle","Adult beef cattle","","44",Animals,"",-,"22"
366,"Egypt",EGY,2025,Terrestrial,"Cattle","Adult dairy cattle","","44200",Animals,"",-,"22100"
366,"Egypt",EGY,2025,Terrestrial,"Cattle","Males and females, 1-2 years, beef cattle","","695858",Animals,"",-,"282867"
366,"Egypt",EGY,2025,Terrestrial,"Cattle",-,"3150960","740102",Animals,"",-,"304989"
366,"Egypt",EGY,2025,Terrestrial,"Swine",-,"","37744",Animals,"",-,"1887,2"
366,"Egypt",EGY,2025,Terrestrial,"Birds","Broiler chickens","","116996692",Animals,"",-,"233993,4"
366,"Egypt",EGY,2025,Terrestrial,"Birds","Ducks","","3754888",Animals,"",-,"15019,6"
366,"Egypt",EGY,2025,Terrestrial,"Birds","Other birds","","2594497",Animals,"",-,"854"
366,"Egypt",EGY,2025,Terrestrial,"Birds","Turkeys","","497898",Animals,"",-,"7966,4"
366,"Egypt",EGY,2025,Terrestrial,"Birds",-,"","123885981",Animals,"",-,"257833,4"
366,"Egypt",EGY,2025,Terrestrial,"Sheep",-,"2121153","471149",Animals,"",-,"23557,4"
366,"Egypt",EGY,2025,Terrestrial,"Goats",-,"1118929","15938",Animals,"",-,"637,4"
366,"Egypt",EGY,2025,Terrestrial,"Sheep / goats (mixed herd)",-,"","",Animals,"",-,-
366,"Egypt",EGY,2025,Terrestrial,"Buffaloes","Adult buffalo","","71247",Animals,"",-,"35624"
366,"Egypt",EGY,2025,Terrestrial,"Buffaloes","Calves (<1 year) (buffaloes)","","209717",Animals,"",-,"83886,4"
366,"Egypt",EGY,2025,Terrestrial,"Buffaloes",-,"1531324","280964",Animals,"",-,"119510,4"
366,"Egypt",EGY,2025,Terrestrial,"Equidae",-,"521138","0",Animals,"",-,"0"
366,"Egypt",EGY,2025,Terrestrial,"Camelidae",-,"189995","45804",Animals,"",-,"22902"
366,"Egypt",EGY,2025,Terrestrial,"Rabbits / hares (mixed group)",-,"","74876",Animals,"",-,"149,8"
366,"Egypt",EGY,2025,Terrestrial,"Cervidae",-,"","",Animals,"",-,-
366,"Egypt",EGY,2025,Terrestrial,"Dogs",-,"","",Animals,"",-,-
366,"Egypt",EGY,2025,Terrestrial,"Cats",-,"","",Animals,"",-,-
366,"Egypt",EGY,2025,Terrestrial,"Bees",-,"","",Hives / Nests,"",-,-
400,"Estonia",EST,2025,Terrestrial,"Cattle",-,"238499","26687",Animals,"2582",-,"6884,4"
400,"Estonia",EST,2025,Terrestrial,"Swine",-,"197860","488919",Animals,"113",-,"40235"
400,"Estonia",EST,2025,Terrestrial,"Birds","Broiler chickens","1484918","13486535",Animals,"35",-,"22848,6"
400,"Estonia",EST,2025,Terrestrial,"Birds","Ducks","2100","",Animals,"285",-,-
400,"Estonia",EST,2025,Terrestrial,"Birds","Layer chickens","887181","",Animals,"2010",-,-
400,"Estonia",EST,2025,Terrestrial,"Birds","Other birds","62304","",Animals,"595",-,-
400,"Estonia",EST,2025,Terrestrial,"Birds","Turkeys","634","151",Animals,"145",-,"1,5"
400,"Estonia",EST,2025,Terrestrial,"Birds",-,"2437137","13562063",Animals,"3070",-,"22865"
400,"Estonia",EST,2025,Terrestrial,"Sheep",-,"41885","4282",Animals,"1512",-,"90,2"
400,"Estonia",EST,2025,Terrestrial,"Goats",-,"2565","47",Animals,"398",-,"0,7"
400,"Estonia",EST,2025,Terrestrial,"Sheep / goats (mixed herd)",-,"4511","",Animals,"193",-,-
400,"Estonia",EST,2025,Terrestrial,"Buffaloes",-,"","",Animals,"",-,-
400,"Estonia",EST,2025,Terrestrial,"Equidae","Donkeys","43","",Animals,"19",-,-
400,"Estonia",EST,2025,Terrestrial,"Equidae","Horses","14615","5",Animals,"1238",-,"1,3"
400,"Estonia",EST,2025,Terrestrial,"Equidae","Mules / Hinnies","8","",Animals,"3",-,-
400,"Estonia",EST,2025,Terrestrial,"Equidae",-,"14666","5",Animals,"1260",-,"1,3"
400,"Estonia",EST,2025,Terrestrial,"Camelidae","Alpacas","284","",Animals,"29",-,-
400,"Estonia",EST,2025,Terrestrial,"Camelidae","Camels","2","",Animals,"1",-,-
400,"Estonia",EST,2025,Terrestrial,"Camelidae","Llamas","33","",Animals,"8",-,-
400,"Estonia",EST,2025,Terrestrial,"Camelidae",-,"319","",Animals,"38",-,-
400,"Estonia",EST,2025,Terrestrial,"Rabbits / hares (mixed group)",-,"2490","",Animals,"163",-,-
400,"Estonia",EST,2025,Terrestrial,"Cervidae",-,"520","6303",Animals,"3",-,"500,8"
400,"Estonia",EST,2025,Terrestrial,"Dogs",-,"","",Animals,"",-,-
400,"Estonia",EST,2025,Terrestrial,"Cats",-,"","",Animals,"",-,-
400,"Estonia",EST,2025,Terrestrial,"Bees",-,"49103","",Hives / Nests,"4829",-,-
333,"Falkland Islands (Malvinas)",FLK,2025,Terrestrial,"Cattle",-,"3041","278",Animals,"58",-,-
333,"Falkland Islands (Malvinas)",FLK,2025,Terrestrial,"Swine",-,"37","",Animals,"6",-,-
333,"Falkland Islands (Malvinas)",FLK,2025,Terrestrial,"Birds",-,"3000","",Animals,"1",-,-
333,"Falkland Islands (Malvinas)",FLK,2025,Terrestrial,"Sheep",-,"423965","50000",Animals,"73",-,-
333,"Falkland Islands (Malvinas)",FLK,2025,Terrestrial,"Goats",-,"3","",Animals,"1",-,-
333,"Falkland Islands (Malvinas)",FLK,2025,Terrestrial,"Sheep / goats (mixed herd)",-,"","",Animals,"",-,-
333,"Falkland Islands (Malvinas)",FLK,2025,Terrestrial,"Buffaloes",-,"0","",Animals,"0",-,-
333,"Falkland Islands (Malvinas)",FLK,2025,Terrestrial,"Equidae",-,"424","0",Animals,"33",-,"0"
333,"Falkland Islands (Malvinas)",FLK,2025,Terrestrial,"Camelidae",-,"0","0",Animals,"0",-,"0"
333,"Falkland Islands (Malvinas)",FLK,2025,Terrestrial,"Rabbits / hares (mixed group)",-,"","",Animals,"",-,-
333,"Falkland Islands (Malvinas)",FLK,2025,Terrestrial,"Cervidae",-,"129","",Animals,"3",-,-
333,"Falkland Islands (Malvinas)",FLK,2025,Terrestrial,"Dogs",-,"622","",Animals,"",-,-
333,"Falkland Islands (Malvinas)",FLK,2025,Terrestrial,"Cats",-,"","",Animals,"",-,-
333,"Falkland Islands (Malvinas)",FLK,2025,Terrestrial,"Bees",-,"0","",Hives / Nests,"0",-,-
412,"Finland",FIN,2025,Terrestrial,"Cattle","Adult beef cattle","70776","",Animals,"",-,-
412,"Finland",FIN,2025,Terrestrial,"Cattle","Adult dairy cattle","235991","",Animals,"","595",-
412,"Finland",FIN,2025,Terrestrial,"Cattle","Calves (<1 year) (cattle)","260244","",Animals,"",-,-
412,"Finland",FIN,2025,Terrestrial,"Cattle","Males and females, 1-2 years, beef cattle","62755","",Animals,"",-,-
412,"Finland",FIN,2025,Terrestrial,"Cattle","Males and females, 1-2 years, dairy cattle","121525","",Animals,"",-,-
412,"Finland",FIN,2025,Terrestrial,"Cattle",-,"754890","239727",Animals,"7029","620","80471"
412,"Finland",FIN,2025,Terrestrial,"Swine","Adult (breeding) pigs","84193","27000",Animals,"","240","4624"
412,"Finland",FIN,2025,Terrestrial,"Swine","Fatteners","447750","1748425",Animals,"","120","160899"
412,"Finland",FIN,2025,Terrestrial,"Swine","Piglets (pre-weaning)","456669","",Animals,"",-,-
412,"Finland",FIN,2025,Terrestrial,"Swine",-,"988612","1775425",Animals,"671","120","165523"
412,"Finland",FIN,2025,Terrestrial,"Birds","Broiler chickens","10000810","81261146",Animals,"163","2,4","145300"
412,"Finland",FIN,2025,Terrestrial,"Birds","Layer chickens","4143047","",Animals,"202","2,4",-
412,"Finland",FIN,2025,Terrestrial,"Birds","Turkeys","261906","808940",Animals,"28","13,2","8030"
412,"Finland",FIN,2025,Terrestrial,"Birds",-,"14913382","82081680",Animals,"399",-,"153357"
412,"Finland",FIN,2025,Terrestrial,"Sheep",-,"113395","45952",Animals,"4103","75","1332"
412,"Finland",FIN,2025,Terrestrial,"Goats",-,"7492","1565",Animals,"1162","65","30"
412,"Finland",FIN,2025,Terrestrial,"Sheep / goats (mixed herd)",-,"0","0",Animals,"0","0","0"
412,"Finland",FIN,2025,Terrestrial,"Buffaloes",-,"181","",Animals,"7",-,-
412,"Finland",FIN,2025,Terrestrial,"Equidae",-,"69300","646",Animals,"11918","400","188"
412,"Finland",FIN,2025,Terrestrial,"Camelidae",-,"","",Animals,"214",-,-
412,"Finland",FIN,2025,Terrestrial,"Rabbits / hares (mixed group)",-,"","",Animals,"102",-,-
412,"Finland",FIN,2025,Terrestrial,"Cervidae",-,"181192","48789",Animals,"4294",-,-
412,"Finland",FIN,2025,Terrestrial,"Dogs",-,"800000","",Animals,"",-,-
412,"Finland",FIN,2025,Terrestrial,"Cats",-,"","",Animals,"",-,-
412,"Finland",FIN,2025,Terrestrial,"Bees",-,"76404","",Hives / Nests,"9931",-,-
344,"Guatemala",GTM,2025,Terrestrial,"Cattle",-,"3000000","",Animals,"","450",-
344,"Guatemala",GTM,2025,Terrestrial,"Swine",-,"1530200","",Animals,"885","100",-
344,"Guatemala",GTM,2025,Terrestrial,"Birds",-,"83230000","",Animals,"835","2,5",-
344,"Guatemala",GTM,2025,Terrestrial,"Sheep",-,"150300","",Animals,"","50",-
344,"Guatemala",GTM,2025,Terrestrial,"Goats",-,"440300","",Animals,"","28",-
344,"Guatemala",GTM,2025,Terrestrial,"Sheep / goats (mixed herd)",-,"","",Animals,"",-,-
344,"Guatemala",GTM,2025,Terrestrial,"Buffaloes",-,"2300","",Animals,"","800",-
344,"Guatemala",GTM,2025,Terrestrial,"Equidae",-,"220900","",Animals,"","500",-
344,"Guatemala",GTM,2025,Terrestrial,"Camelidae",-,"28","",Animals,"","65",-
344,"Guatemala",GTM,2025,Terrestrial,"Rabbits / hares (mixed group)",-,"","",Animals,"","2,5",-
344,"Guatemala",GTM,2025,Terrestrial,"Cervidae",-,"","",Animals,"",-,-
344,"Guatemala",GTM,2025,Terrestrial,"Dogs",-,"2500600","",Animals,"",-,-
344,"Guatemala",GTM,2025,Terrestrial,"Cats",-,"","",Animals,"",-,-
344,"Guatemala",GTM,2025,Terrestrial,"Bees",-,"234100","",Hives / Nests,"4000",-,-
358,"Guinea-Bissau",GNB,2025,Terrestrial,"Cattle",-,"1783830","8319",Animals,"","90","833,7"
358,"Guinea-Bissau",GNB,2025,Terrestrial,"Swine",-,"608612","",Animals,"",-,-
358,"Guinea-Bissau",GNB,2025,Terrestrial,"Birds",-,"2668353","",Animals,"",-,-
358,"Guinea-Bissau",GNB,2025,Terrestrial,"Sheep",-,"353799","1580",Animals,"","30","24,2"
358,"Guinea-Bissau",GNB,2025,Terrestrial,"Goats",-,"1011252","7757",Animals,"","20","84"
358,"Guinea-Bissau",GNB,2025,Terrestrial,"Sheep / goats (mixed herd)",-,"","",Animals,"",-,-
358,"Guinea-Bissau",GNB,2025,Terrestrial,"Buffaloes",-,"","",Animals,"",-,-
358,"Guinea-Bissau",GNB,2025,Terrestrial,"Equidae",-,"5057","",Animals,"",-,-
358,"Guinea-Bissau",GNB,2025,Terrestrial,"Camelidae",-,"","",Animals,"",-,-
358,"Guinea-Bissau",GNB,2025,Terrestrial,"Rabbits / hares (mixed group)",-,"","",Animals,"",-,-
358,"Guinea-Bissau",GNB,2025,Terrestrial,"Cervidae",-,"","",Animals,"",-,-
358,"Guinea-Bissau",GNB,2025,Terrestrial,"Dogs",-,"","",Animals,"",-,-
358,"Guinea-Bissau",GNB,2025,Terrestrial,"Cats",-,"","",Animals,"",-,-
358,"Guinea-Bissau",GNB,2025,Terrestrial,"Bees",-,"","",Hives / Nests,"",-,-
385,"Hong Kong",HKG,2025,Terrestrial,"Cattle","Adult dairy cattle","28","",Animals,"",-,-
385,"Hong Kong",HKG,2025,Terrestrial,"Cattle","Calves (<1 year) (cattle)","20","",Animals,"",-,-
385,"Hong Kong",HKG,2025,Terrestrial,"Cattle","Males and females, 1-2 years, dairy cattle","2","",Animals,"",-,-
385,"Hong Kong",HKG,2025,Terrestrial,"Cattle",-,"50","",Animals,"2",-,-
385,"Hong Kong",HKG,2025,Terrestrial,"Swine",-,"40192","",Animals,"43",-,-
385,"Hong Kong",HKG,2025,Terrestrial,"Birds",-,"1034425","",Animals,"29",-,-
385,"Hong Kong",HKG,2025,Terrestrial,"Sheep",-,"","",Animals,"",-,-
385,"Hong Kong",HKG,2025,Terrestrial,"Goats",-,"","",Animals,"",-,-
385,"Hong Kong",HKG,2025,Terrestrial,"Sheep / goats (mixed herd)",-,"","",Animals,"",-,-
385,"Hong Kong",HKG,2025,Terrestrial,"Buffaloes",-,"","",Animals,"",-,-
385,"Hong Kong",HKG,2025,Terrestrial,"Equidae","Horses","1472","",Animals,"",-,-
385,"Hong Kong",HKG,2025,Terrestrial,"Equidae",-,"1472","",Animals,"11",-,-
385,"Hong Kong",HKG,2025,Terrestrial,"Camelidae",-,"","",Animals,"",-,-
385,"Hong Kong",HKG,2025,Terrestrial,"Rabbits / hares (mixed group)",-,"","",Animals,"",-,-
385,"Hong Kong",HKG,2025,Terrestrial,"Cervidae",-,"","",Animals,"",-,-
385,"Hong Kong",HKG,2025,Terrestrial,"Dogs",-,"221100","",Animals,"",-,-
385,"Hong Kong",HKG,2025,Terrestrial,"Cats",-,"184100","",Animals,"",-,-
385,"Hong Kong",HKG,2025,Terrestrial,"Bees",-,"","",Hives / Nests,"",-,-
368,"Hungary",HUN,2025,Terrestrial,"Cattle","Adult beef cattle","177641","684",Animals,"",-,-
368,"Hungary",HUN,2025,Terrestrial,"Cattle","Adult dairy cattle","291682","57039",Animals,"",-,-
368,"Hungary",HUN,2025,Terrestrial,"Cattle","Calves (<1 year) (cattle)","309090","10571",Animals,"",-,-
368,"Hungary",HUN,2025,Terrestrial,"Cattle","Males and females, 1-2 years, beef cattle","60540","23631",Animals,"",-,-
368,"Hungary",HUN,2025,Terrestrial,"Cattle","Males and females, 1-2 years, dairy cattle","121800","16533",Animals,"",-,-
368,"Hungary",HUN,2025,Terrestrial,"Cattle",-,"960753","108458",Animals,"19723",-,-
368,"Hungary",HUN,2025,Terrestrial,"Swine","Adult (breeding) pigs","183890","87645",Animals,"",-,-
368,"Hungary",HUN,2025,Terrestrial,"Swine","Backyard pigs","","",Animals,"6601",-,-
368,"Hungary",HUN,2025,Terrestrial,"Swine","Fatteners","1361560","4981170",Animals,"",-,-
368,"Hungary",HUN,2025,Terrestrial,"Swine","Piglets (pre-weaning)","839829","",Animals,"",-,-
368,"Hungary",HUN,2025,Terrestrial,"Swine",-,"2385279","5068815",Animals,"11498",-,-
368,"Hungary",HUN,2025,Terrestrial,"Birds","Backyard poultry","2185744","833285",Animals,"114911",-,-
368,"Hungary",HUN,2025,Terrestrial,"Birds","Broiler chickens","39437009","214072420",Animals,"585",-,"590052"
368,"Hungary",HUN,2025,Terrestrial,"Birds","Ducks","8521143","20704996",Animals,"545",-,"66319"
368,"Hungary",HUN,2025,Terrestrial,"Birds","Layer chickens","7406630","2589332",Animals,"398",-,"4957"
368,"Hungary",HUN,2025,Terrestrial,"Birds","Other birds","11566770","2892744",Animals,"684",-,"18033"
368,"Hungary",HUN,2025,Terrestrial,"Birds","Turkeys","4156917","5411599",Animals,"232",-,"74454"
368,"Hungary",HUN,2025,Terrestrial,"Birds",-,"73274213","246504376",Animals,"117355",-,"753815"
368,"Hungary",HUN,2025,Terrestrial,"Sheep","Adult (sheep)","","8377",Animals,"",-,-
368,"Hungary",HUN,2025,Terrestrial,"Sheep","Lambs (<6 months) (sheep)","","39500",Animals,"",-,-
368,"Hungary",HUN,2025,Terrestrial,"Sheep",-,"741303","47877",Animals,"8200",-,-
368,"Hungary",HUN,2025,Terrestrial,"Goats","Adult (goats)","","168",Animals,"",-,-
368,"Hungary",HUN,2025,Terrestrial,"Goats","Kids (<6 months) (goats)","","0",Animals,"",-,-
368,"Hungary",HUN,2025,Terrestrial,"Goats",-,"22926","168",Animals,"989",-,-
368,"Hungary",HUN,2025,Terrestrial,"Sheep / goats (mixed herd)",-,"","",Animals,"",-,-
368,"Hungary",HUN,2025,Terrestrial,"Buffaloes","Adult buffalo","7581","",Animals,"",-,-
368,"Hungary",HUN,2025,Terrestrial,"Buffaloes","Calves (<1 year) (buffaloes)","1410","",Animals,"",-,-
368,"Hungary",HUN,2025,Terrestrial,"Buffaloes",-,"8991","117",Animals,"294",-,-
368,"Hungary",HUN,2025,Terrestrial,"Equidae","Donkeys","","53",Animals,"",-,-
368,"Hungary",HUN,2025,Terrestrial,"Equidae","Horses","","134",Animals,"",-,-
368,"Hungary",HUN,2025,Terrestrial,"Equidae","Mules / Hinnies","","0",Animals,"",-,-
368,"Hungary",HUN,2025,Terrestrial,"Equidae",-,"45271","187",Animals,"11939",-,-
368,"Hungary",HUN,2025,Terrestrial,"Camelidae",-,"","",Animals,"",-,-
368,"Hungary",HUN,2025,Terrestrial,"Rabbits / hares (mixed group)","Hares","574605","",Animals,"",-,"2,6"
368,"Hungary",HUN,2025,Terrestrial,"Rabbits / hares (mixed group)","Rabbits","3750000","3279835",Animals,"57",-,"7283"
368,"Hungary",HUN,2025,Terrestrial,"Rabbits / hares (mixed group)",-,"","",Animals,"",-,"7285,6"
368,"Hungary",HUN,2025,Terrestrial,"Cervidae","Cervidae: Musk Deer","0","0",Animals,"",-,"0"
368,"Hungary",HUN,2025,Terrestrial,"Cervidae","Cervidae: other","344322","60950",Animals,"",-,"922,4"
368,"Hungary",HUN,2025,Terrestrial,"Cervidae","Cervidae: Red deer + Wapiti + Reindeer","120024","52549",Animals,"",-,"4211,3"
368,"Hungary",HUN,2025,Terrestrial,"Cervidae","Cervidae: Sika deer + Rusa deer + Fallow deer","47998","15758",Animals,"",-,"648,9"
368,"Hungary",HUN,2025,Terrestrial,"Cervidae",-,"512344","230723",Animals,"",-,"5782,6"
368,"Hungary",HUN,2025,Terrestrial,"Dogs",-,"960507","",Animals,"",-,-
368,"Hungary",HUN,2025,Terrestrial,"Cats",-,"2440000","",Animals,"",-,-
368,"Hungary",HUN,2025,Terrestrial,"Bees",-,"","",Hives / Nests,"24433",-,-
421,"Ireland",IRL,2025,Terrestrial,"Cattle","Adult beef cattle","601337","844915",Animals,"",-,-
421,"Ireland",IRL,2025,Terrestrial,"Cattle","Adult dairy cattle","932127","387696",Animals,"",-,-
421,"Ireland",IRL,2025,Terrestrial,"Cattle","Calves (<1 year) (cattle)","1905228","6546",Animals,"",-,-
421,"Ireland",IRL,2025,Terrestrial,"Cattle","Males and females, 1-2 years, beef cattle","1635964","371499",Animals,"",-,-
421,"Ireland",IRL,2025,Terrestrial,"Cattle","Males and females, 1-2 years, dairy cattle","1116459","63901",Animals,"",-,-
421,"Ireland",IRL,2025,Terrestrial,"Cattle",-,"6191115","1674557",Animals,"93061",-,-
421,"Ireland",IRL,2025,Terrestrial,"Swine","Adult (breeding) pigs","114377","",Animals,"",-,-
421,"Ireland",IRL,2025,Terrestrial,"Swine","Backyard pigs","840","",Animals,"",-,-
421,"Ireland",IRL,2025,Terrestrial,"Swine","Fatteners","1267369","",Animals,"",-,-
421,"Ireland",IRL,2025,Terrestrial,"Swine","Piglets (pre-weaning)","0","",Animals,"",-,-
421,"Ireland",IRL,2025,Terrestrial,"Swine",-,"1382586","3433895",Animals,"1527",-,-
421,"Ireland",IRL,2025,Terrestrial,"Birds","Broiler chickens","18026941","109741793",Animals,"346",-,-
421,"Ireland",IRL,2025,Terrestrial,"Birds","Ducks","369316","3934293",Animals,"20",-,-
421,"Ireland",IRL,2025,Terrestrial,"Birds","Layer chickens","4246029","6832172",Animals,"288","2,8",-
421,"Ireland",IRL,2025,Terrestrial,"Birds","Other birds","24900","",Animals,"9",-,-
421,"Ireland",IRL,2025,Terrestrial,"Birds","Turkeys","2891302","1794816",Animals,"136",-,-
421,"Ireland",IRL,2025,Terrestrial,"Birds",-,"25558488","122303074",Animals,"799",-,-
421,"Ireland",IRL,2025,Terrestrial,"Sheep",-,"3689670","2357721",Animals,"45532",-,-
421,"Ireland",IRL,2025,Terrestrial,"Goats",-,"7367","",Animals,"1251",-,-
421,"Ireland",IRL,2025,Terrestrial,"Sheep / goats (mixed herd)",-,"","",Animals,"",-,-
421,"Ireland",IRL,2025,Terrestrial,"Buffaloes",-,"","",Animals,"",-,-
421,"Ireland",IRL,2025,Terrestrial,"Equidae","Donkeys","5620","",Animals,"",-,-
421,"Ireland",IRL,2025,Terrestrial,"Equidae","Horses","100610","",Animals,"",-,-
421,"Ireland",IRL,2025,Terrestrial,"Equidae","Mules / Hinnies","2","",Animals,"",-,-
421,"Ireland",IRL,2025,Terrestrial,"Equidae",-,"106232","0",Animals,"",-,"0"
421,"Ireland",IRL,2025,Terrestrial,"Camelidae",-,"","",Animals,"",-,-
421,"Ireland",IRL,2025,Terrestrial,"Rabbits / hares (mixed group)",-,"","",Animals,"",-,-
421,"Ireland",IRL,2025,Terrestrial,"Cervidae",-,"","",Animals,"",-,-
421,"Ireland",IRL,2025,Terrestrial,"Dogs",-,"","",Animals,"",-,-
421,"Ireland",IRL,2025,Terrestrial,"Cats",-,"","",Animals,"",-,-
421,"Ireland",IRL,2025,Terrestrial,"Bees",-,"27403","",Hives / Nests,"4329",-,-
419,"Israel",ISR,2025,Terrestrial,"Cattle","Adult beef cattle","71500","",Animals,"500",-,-
419,"Israel",ISR,2025,Terrestrial,"Cattle","Adult dairy cattle","120000","",Animals,"670",-,-
419,"Israel",ISR,2025,Terrestrial,"Cattle","Calves (<1 year) (cattle)","360000","",Animals,"",-,-
419,"Israel",ISR,2025,Terrestrial,"Cattle","Males and females, 1-2 years, beef cattle","85000","",Animals,"",-,-
419,"Israel",ISR,2025,Terrestrial,"Cattle","Males and females, 1-2 years, dairy cattle","48000","",Animals,"",-,-
419,"Israel",ISR,2025,Terrestrial,"Cattle",-,"684500","149802",Animals,"1170",-,-
419,"Israel",ISR,2025,Terrestrial,"Swine","Adult (breeding) pigs","15000","",Animals,"20",-,-
419,"Israel",ISR,2025,Terrestrial,"Swine","Backyard pigs","0","",Animals,"",-,-
419,"Israel",ISR,2025,Terrestrial,"Swine","Fatteners","150000","",Animals,"",-,-
419,"Israel",ISR,2025,Terrestrial,"Swine","Piglets (pre-weaning)","50000","",Animals,"",-,-
419,"Israel",ISR,2025,Terrestrial,"Swine",-,"215000","133103",Animals,"20",-,-
419,"Israel",ISR,2025,Terrestrial,"Birds","Broiler chickens","44200000","231354787",Animals,"700","576567516",-
419,"Israel",ISR,2025,Terrestrial,"Birds","Ducks","110260","93665",Animals,"2","272666",-
419,"Israel",ISR,2025,Terrestrial,"Birds","Layer chickens","11500000","0",Animals,"1500","0",-
419,"Israel",ISR,2025,Terrestrial,"Birds","Other birds","","",Animals,"493",-,-
419,"Israel",ISR,2025,Terrestrial,"Birds","Turkeys","3348649","6629441",Animals,"185","76296079",-
419,"Israel",ISR,2025,Terrestrial,"Birds",-,"59158909","238077893",Animals,"2880","653136261",-
419,"Israel",ISR,2025,Terrestrial,"Sheep","Adult (sheep)","300000","252193",Animals,"2700",-,-
419,"Israel",ISR,2025,Terrestrial,"Sheep","Lambs (<6 months) (sheep)","500000","",Animals,"",-,-
419,"Israel",ISR,2025,Terrestrial,"Sheep",-,"800000","252193",Animals,"2700",-,-
419,"Israel",ISR,2025,Terrestrial,"Goats","Adult (goats)","50000","",Animals,"1600",-,-
419,"Israel",ISR,2025,Terrestrial,"Goats","Kids (<6 months) (goats)","70000","",Animals,"",-,-
419,"Israel",ISR,2025,Terrestrial,"Goats",-,"120000","",Animals,"1600",-,-
419,"Israel",ISR,2025,Terrestrial,"Sheep / goats (mixed herd)",-,"","",Animals,"1000",-,-
419,"Israel",ISR,2025,Terrestrial,"Buffaloes","Adult buffalo","300","",Animals,"",-,-
419,"Israel",ISR,2025,Terrestrial,"Buffaloes","Calves (<1 year) (buffaloes)","150","",Animals,"",-,-
419,"Israel",ISR,2025,Terrestrial,"Buffaloes",-,"450","",Animals,"1",-,-
419,"Israel",ISR,2025,Terrestrial,"Equidae","Donkeys","1000","0",Animals,"",-,"0"
419,"Israel",ISR,2025,Terrestrial,"Equidae","Horses","30000","0",Animals,"1500",-,"0"
419,"Israel",ISR,2025,Terrestrial,"Equidae",-,"31000","0",Animals,"1500",-,"0"
419,"Israel",ISR,2025,Terrestrial,"Camelidae","Alpacas","50","0",Animals,"1",-,"0"
419,"Israel",ISR,2025,Terrestrial,"Camelidae","Camels","4000","0",Animals,"",-,"0"
419,"Israel",ISR,2025,Terrestrial,"Camelidae",-,"4050","0",Animals,"",-,"0"
419,"Israel",ISR,2025,Terrestrial,"Rabbits / hares (mixed group)",-,"0","0",Animals,"0","0","0"
419,"Israel",ISR,2025,Terrestrial,"Cervidae",-,"0","0",Animals,"0","0","0"
419,"Israel",ISR,2025,Terrestrial,"Dogs",-,"620000","",Animals,"",-,-
419,"Israel",ISR,2025,Terrestrial,"Cats",-,"1000000","",Animals,"",-,-
419,"Israel",ISR,2025,Terrestrial,"Bees",-,"90000","",Hives / Nests,"450",-,-
420,"Japan",JPN,2025,Terrestrial,"Cattle","Adult dairy cattle","617500","",Animals,"",-,-
420,"Japan",JPN,2025,Terrestrial,"Cattle","Males and females, 1-2 years, dairy cattle","440100","",Animals,"",-,-
420,"Japan",JPN,2025,Terrestrial,"Cattle",-,"3888000","",Animals,"45300",-,-
420,"Japan",JPN,2025,Terrestrial,"Swine",-,"8813468","",Animals,"5569",-,-
420,"Japan",JPN,2025,Terrestrial,"Birds","Broiler chickens","154708442","",Animals,"3631",-,-
420,"Japan",JPN,2025,Terrestrial,"Birds","Ducks","368166","",Animals,"865",-,-
420,"Japan",JPN,2025,Terrestrial,"Birds","Layer chickens","188821158","",Animals,"12012",-,-
420,"Japan",JPN,2025,Terrestrial,"Birds","Other birds","3326215","",Animals,"1072",-,-
420,"Japan",JPN,2025,Terrestrial,"Birds","Turkeys","2464","",Animals,"89",-,-
420,"Japan",JPN,2025,Terrestrial,"Birds",-,"347226445","",Animals,"17669",-,-
420,"Japan",JPN,2025,Terrestrial,"Sheep",-,"24741","",Animals,"960",-,-
420,"Japan",JPN,2025,Terrestrial,"Goats",-,"21050","",Animals,"5089",-,-
420,"Japan",JPN,2025,Terrestrial,"Sheep / goats (mixed herd)",-,"","",Animals,"",-,-
420,"Japan",JPN,2025,Terrestrial,"Buffaloes",-,"130","",Animals,"12",-,-
420,"Japan",JPN,2025,Terrestrial,"Equidae",-,"74214","",Animals,"3976",-,-
420,"Japan",JPN,2025,Terrestrial,"Camelidae",-,"","",Animals,"",-,-
420,"Japan",JPN,2025,Terrestrial,"Rabbits / hares (mixed group)",-,"","",Animals,"",-,-
420,"Japan",JPN,2025,Terrestrial,"Cervidae",-,"","",Animals,"",-,-
420,"Japan",JPN,2025,Terrestrial,"Dogs",-,"6048725","",Animals,"",-,-
420,"Japan",JPN,2025,Terrestrial,"Cats",-,"","",Animals,"",-,-
420,"Japan",JPN,2025,Terrestrial,"Bees",-,"","",Hives / Nests,"",-,-
365,"Jordan",JOR,2025,Terrestrial,"Cattle","Adult dairy cattle","63823","",Animals,"",-,-
365,"Jordan",JOR,2025,Terrestrial,"Cattle",-,"63823","20846",Animals,"483",-,-
365,"Jordan",JOR,2025,Terrestrial,"Swine",-,"0","0",Animals,"0","0","0"
365,"Jordan",JOR,2025,Terrestrial,"Birds","Broiler chickens","262556250","",Animals,"",-,-
365,"Jordan",JOR,2025,Terrestrial,"Birds","Layer chickens","15802811","",Animals,"",-,-
365,"Jordan",JOR,2025,Terrestrial,"Birds",-,"278359061","185213835",Animals,"1700",-,-
365,"Jordan",JOR,2025,Terrestrial,"Sheep","Adult (sheep)","3506226","",Animals,"",-,-
365,"Jordan",JOR,2025,Terrestrial,"Sheep",-,"3506226","161103",Animals,"197",-,-
365,"Jordan",JOR,2025,Terrestrial,"Goats","Adult (goats)","810486","",Animals,"",-,-
365,"Jordan",JOR,2025,Terrestrial,"Goats",-,"810486","",Animals,"",-,-
365,"Jordan",JOR,2025,Terrestrial,"Sheep / goats (mixed herd)",-,"","",Animals,"",-,-
365,"Jordan",JOR,2025,Terrestrial,"Buffaloes",-,"0","0",Animals,"0","0","0"
365,"Jordan",JOR,2025,Terrestrial,"Equidae","Horses","8000","",Animals,"",-,-
365,"Jordan",JOR,2025,Terrestrial,"Equidae",-,"8000","0",Animals,"36",-,-
365,"Jordan",JOR,2025,Terrestrial,"Camelidae",-,"13000","369",Animals,"",-,-
365,"Jordan",JOR,2025,Terrestrial,"Rabbits / hares (mixed group)",-,"","",Animals,"",-,-
365,"Jordan",JOR,2025,Terrestrial,"Cervidae",-,"","",Animals,"",-,-
365,"Jordan",JOR,2025,Terrestrial,"Dogs",-,"","",Animals,"",-,-
365,"Jordan",JOR,2025,Terrestrial,"Cats",-,"","",Animals,"",-,-
365,"Jordan",JOR,2025,Terrestrial,"Bees",-,"","",Hives / Nests,"338",-,-
374,"Kyrgyzstan",KGZ,2025,Terrestrial,"Cattle",-,"1859050","",Animals,"",-,-
374,"Kyrgyzstan",KGZ,2025,Terrestrial,"Swine",-,"27274","",Animals,"",-,-
374,"Kyrgyzstan",KGZ,2025,Terrestrial,"Birds",-,"8650095","",Animals,"",-,-
374,"Kyrgyzstan",KGZ,2025,Terrestrial,"Sheep",-,"","",Animals,"",-,-
374,"Kyrgyzstan",KGZ,2025,Terrestrial,"Goats",-,"","",Animals,"",-,-
374,"Kyrgyzstan",KGZ,2025,Terrestrial,"Sheep / goats (mixed herd)",-,"6331600","",Animals,"",-,-
374,"Kyrgyzstan",KGZ,2025,Terrestrial,"Buffaloes",-,"","",Animals,"",-,-
374,"Kyrgyzstan",KGZ,2025,Terrestrial,"Equidae",-,"565971","",Animals,"",-,-
374,"Kyrgyzstan",KGZ,2025,Terrestrial,"Camelidae",-,"217","",Animals,"",-,-
374,"Kyrgyzstan",KGZ,2025,Terrestrial,"Rabbits / hares (mixed group)",-,"11290","",Animals,"",-,-
374,"Kyrgyzstan",KGZ,2025,Terrestrial,"Cervidae",-,"","",Animals,"",-,-
374,"Kyrgyzstan",KGZ,2025,Terrestrial,"Dogs",-,"202877","",Animals,"",-,-
374,"Kyrgyzstan",KGZ,2025,Terrestrial,"Cats",-,"","",Animals,"",-,-
374,"Kyrgyzstan",KGZ,2025,Terrestrial,"Bees",-,"","",Hives / Nests,"155857",-,-
381,"Liberia",LBR,2025,Terrestrial,"Cattle",-,"12803","",Animals,"",-,-
381,"Liberia",LBR,2025,Terrestrial,"Swine",-,"144425","",Animals,"",-,-
381,"Liberia",LBR,2025,Terrestrial,"Birds",-,"1996060","",Animals,"",-,-
381,"Liberia",LBR,2025,Terrestrial,"Sheep",-,"49361","",Animals,"",-,-
381,"Liberia",LBR,2025,Terrestrial,"Goats",-,"121869","",Animals,"",-,-
381,"Liberia",LBR,2025,Terrestrial,"Sheep / goats (mixed herd)",-,"20913","",Animals,"",-,-
381,"Liberia",LBR,2025,Terrestrial,"Buffaloes",-,"","",Animals,"",-,-
381,"Liberia",LBR,2025,Terrestrial,"Equidae",-,"","",Animals,"",-,-
381,"Liberia",LBR,2025,Terrestrial,"Camelidae",-,"","",Animals,"",-,-
381,"Liberia",LBR,2025,Terrestrial,"Rabbits / hares (mixed group)",-,"1656","",Animals,"",-,-
381,"Liberia",LBR,2025,Terrestrial,"Cervidae",-,"","",Animals,"",-,-
381,"Liberia",LBR,2025,Terrestrial,"Dogs",-,"600000","",Animals,"",-,-
381,"Liberia",LBR,2025,Terrestrial,"Cats",-,"300000","",Animals,"",-,-
381,"Liberia",LBR,2025,Terrestrial,"Bees",-,"","",Hives / Nests,"",-,-
347,"Liechtenstein",LIE,2025,Terrestrial,"Cattle",-,"6166","32",Animals,"84",-,-
347,"Liechtenstein",LIE,2025,Terrestrial,"Swine",-,"1489","163",Animals,"8",-,-
347,"Liechtenstein",LIE,2025,Terrestrial,"Birds","Layer chickens","20716","",Animals,"138",-,-
347,"Liechtenstein",LIE,2025,Terrestrial,"Birds","Other birds","175","",Animals,"22",-,-
347,"Liechtenstein",LIE,2025,Terrestrial,"Birds",-,"20891","",Animals,"160",-,-
347,"Liechtenstein",LIE,2025,Terrestrial,"Sheep",-,"4222","247",Animals,"39",-,-
347,"Liechtenstein",LIE,2025,Terrestrial,"Goats",-,"455","65",Animals,"37",-,-
347,"Liechtenstein",LIE,2025,Terrestrial,"Sheep / goats (mixed herd)",-,"","",Animals,"",-,-
347,"Liechtenstein",LIE,2025,Terrestrial,"Buffaloes",-,"0","0",Animals,"0","0","0"
347,"Liechtenstein",LIE,2025,Terrestrial,"Equidae",-,"500","",Animals,"87",-,-
347,"Liechtenstein",LIE,2025,Terrestrial,"Camelidae",-,"54","6",Animals,"5",-,-
347,"Liechtenstein",LIE,2025,Terrestrial,"Rabbits / hares (mixed group)",-,"262","",Animals,"43",-,-
347,"Liechtenstein",LIE,2025,Terrestrial,"Cervidae",-,"","",Animals,"",-,-
347,"Liechtenstein",LIE,2025,Terrestrial,"Dogs",-,"2647","",Animals,"",-,-
347,"Liechtenstein",LIE,2025,Terrestrial,"Cats",-,"","",Animals,"",-,-
347,"Liechtenstein",LIE,2025,Terrestrial,"Bees",-,"967","",Hives / Nests,"137",-,-
345,"Mali",MLI,2025,Terrestrial,"Cattle","Adult beef cattle","","281042",Animals,"",-,"45725220"
345,"Mali",MLI,2025,Terrestrial,"Cattle","Adult dairy cattle","","168764",Animals,"",-,"19829815"
345,"Mali",MLI,2025,Terrestrial,"Cattle","Calves (<1 year) (cattle)","","818",Animals,"",-,"96061"
345,"Mali",MLI,2025,Terrestrial,"Cattle","Males and females, 1-2 years, beef cattle","","16351",Animals,"",-,"1934951"
345,"Mali",MLI,2025,Terrestrial,"Cattle","Males and females, 1-2 years, dairy cattle","","8759",Animals,"",-,"1029229"
345,"Mali",MLI,2025,Terrestrial,"Cattle",-,"14598995","583960",Animals,"","263","68615276"
345,"Mali",MLI,2025,Terrestrial,"Swine","Backyard pigs","","1440",Animals,"",-,"79200"
345,"Mali",MLI,2025,Terrestrial,"Swine",-,"96053","1440",Animals,"","70","79200"
345,"Mali",MLI,2025,Terrestrial,"Birds","Backyard poultry","","33411097",Animals,"",-,-
345,"Mali",MLI,2025,Terrestrial,"Birds","Broiler chickens","","75817490",Animals,"","2",-
345,"Mali",MLI,2025,Terrestrial,"Birds","Ducks","","2570084",Animals,"",-,-
345,"Mali",MLI,2025,Terrestrial,"Birds","Layer chickens","","6425211",Animals,"","2",-
345,"Mali",MLI,2025,Terrestrial,"Birds","Other birds","","8995295",Animals,"",-,-
345,"Mali",MLI,2025,Terrestrial,"Birds","Turkeys","","1285042",Animals,"",-,-
345,"Mali",MLI,2025,Terrestrial,"Birds",-,"143260000","128504220",Animals,"","2",-
345,"Mali",MLI,2025,Terrestrial,"Sheep","Adult (sheep)","","3564805",Animals,"",-,"52402630"
345,"Mali",MLI,2025,Terrestrial,"Sheep","Lambs (<6 months) (sheep)","","178",Animals,"",-,"1673"
345,"Mali",MLI,2025,Terrestrial,"Sheep",-,"25462891","3564983",Animals,"","54","52404303"
345,"Mali",MLI,2025,Terrestrial,"Goats","Adult (goats)","","512274",Animals,"",-,"18441863"
345,"Mali",MLI,2025,Terrestrial,"Goats","Kids (<6 months) (goats)","","2561",Animals,"",-,"74280"
345,"Mali",MLI,2025,Terrestrial,"Goats",-,"34151598","514835",Animals,"","45","18516143"
345,"Mali",MLI,2025,Terrestrial,"Sheep / goats (mixed herd)",-,"","",Animals,"",-,-
345,"Mali",MLI,2025,Terrestrial,"Buffaloes",-,"","",Animals,"",-,-
345,"Mali",MLI,2025,Terrestrial,"Equidae","Donkeys","1288708","",Animals,"","195",-
345,"Mali",MLI,2025,Terrestrial,"Equidae","Horses","657888","",Animals,"","405",-
345,"Mali",MLI,2025,Terrestrial,"Equidae",-,"1946596","",Animals,"","350",-
345,"Mali",MLI,2025,Terrestrial,"Camelidae",-,"1383970","34599",Animals,"","460","15915651"
345,"Mali",MLI,2025,Terrestrial,"Rabbits / hares (mixed group)",-,"","",Animals,"",-,-
345,"Mali",MLI,2025,Terrestrial,"Cervidae",-,"","",Animals,"",-,-
345,"Mali",MLI,2025,Terrestrial,"Dogs",-,"","",Animals,"",-,-
345,"Mali",MLI,2025,Terrestrial,"Cats",-,"","",Animals,"",-,-
345,"Mali",MLI,2025,Terrestrial,"Bees",-,"","",Hives / Nests,"",-,-
379,"Malta",MLT,2025,Terrestrial,"Cattle","Adult beef cattle","359","",Animals,"",-,-
379,"Malta",MLT,2025,Terrestrial,"Cattle","Adult dairy cattle","5966","",Animals,"",-,-
379,"Malta",MLT,2025,Terrestrial,"Cattle","Calves (<1 year) (cattle)","4124","208",Animals,"",-,"31,3"
379,"Malta",MLT,2025,Terrestrial,"Cattle","Males and females, 1-2 years, beef cattle","414","",Animals,"",-,-
379,"Malta",MLT,2025,Terrestrial,"Cattle","Males and females, 1-2 years, dairy cattle","2254","",Animals,"",-,-
379,"Malta",MLT,2025,Terrestrial,"Cattle",-,"13117","4467",Animals,"281",-,"1320"
379,"Malta",MLT,2025,Terrestrial,"Swine","Adult (breeding) pigs","2330","880",Animals,"89",-,"133"
379,"Malta",MLT,2025,Terrestrial,"Swine","Backyard pigs","70","0",Animals,"57",-,"0"
379,"Malta",MLT,2025,Terrestrial,"Swine","Fatteners","26411","48013",Animals,"2",-,"4213,3"
379,"Malta",MLT,2025,Terrestrial,"Swine",-,"28811","48893",Animals,"148",-,"4346,3"
379,"Malta",MLT,2025,Terrestrial,"Birds","Broiler chickens","3263182","2886434",Animals,"52",-,-
379,"Malta",MLT,2025,Terrestrial,"Birds","Layer chickens","450452","",Animals,"24",-,-
379,"Malta",MLT,2025,Terrestrial,"Birds",-,"3713634","2886434",Animals,"76",-,-
379,"Malta",MLT,2025,Terrestrial,"Sheep","Adult (sheep)","12097","5590",Animals,"1305",-,"156,7"
379,"Malta",MLT,2025,Terrestrial,"Sheep","Lambs (<6 months) (sheep)","2485","272",Animals,"",-,"5,7"
379,"Malta",MLT,2025,Terrestrial,"Sheep",-,"14582","5862",Animals,"1305",-,"162,4"
379,"Malta",MLT,2025,Terrestrial,"Goats","Adult (goats)","5433","1253",Animals,"890",-,"19,7"
379,"Malta",MLT,2025,Terrestrial,"Goats","Kids (<6 months) (goats)","1295","31",Animals,"",-,"0,4"
379,"Malta",MLT,2025,Terrestrial,"Goats",-,"6728","1284",Animals,"890",-,"20,1"
379,"Malta",MLT,2025,Terrestrial,"Sheep / goats (mixed herd)",-,"12440","",Animals,"439",-,-
379,"Malta",MLT,2025,Terrestrial,"Buffaloes",-,"","0",Animals,"",-,"0"
379,"Malta",MLT,2025,Terrestrial,"Equidae","Donkeys","737","1",Animals,"",-,"0,1"
379,"Malta",MLT,2025,Terrestrial,"Equidae","Horses","8092","",Animals,"",-,-
379,"Malta",MLT,2025,Terrestrial,"Equidae","Mules / Hinnies","29","",Animals,"",-,-
379,"Malta",MLT,2025,Terrestrial,"Equidae",-,"8858","1",Animals,"",-,"0,1"
379,"Malta",MLT,2025,Terrestrial,"Camelidae",-,"","0",Animals,"",-,"0"
379,"Malta",MLT,2025,Terrestrial,"Rabbits / hares (mixed group)",-,"","42654",Animals,"77",-,-
379,"Malta",MLT,2025,Terrestrial,"Cervidae","Cervidae: Sika deer + Rusa deer + Fallow deer","","5",Animals,"1",-,"0,1"
379,"Malta",MLT,2025,Terrestrial,"Cervidae",-,"","5",Animals,"1",-,"0,1"
379,"Malta",MLT,2025,Terrestrial,"Dogs",-,"99431","",Animals,"",-,-
379,"Malta",MLT,2025,Terrestrial,"Cats",-,"32158","",Animals,"",-,-
379,"Malta",MLT,2025,Terrestrial,"Bees",-,"","",Hives / Nests,"350",-,-
405,"Mexico",MEX,2025,Terrestrial,"Cattle",-,"24808075","7411752",Animals,"35141",-,-
405,"Mexico",MEX,2025,Terrestrial,"Swine",-,"19532854","19087228",Animals,"582727",-,-
405,"Mexico",MEX,2025,Terrestrial,"Birds","Backyard poultry","9125427","",Animals,"",-,-
405,"Mexico",MEX,2025,Terrestrial,"Birds","Ducks","1399500","",Animals,"",-,-
405,"Mexico",MEX,2025,Terrestrial,"Birds","Turkeys","2925976","",Animals,"",-,-
405,"Mexico",MEX,2025,Terrestrial,"Birds",-,"531534526","",Animals,"1536729","3",-
405,"Mexico",MEX,2025,Terrestrial,"Sheep",-,"6432667","117162",Animals,"550192",-,-
405,"Mexico",MEX,2025,Terrestrial,"Goats",-,"3224752","182162",Animals,"",-,-
405,"Mexico",MEX,2025,Terrestrial,"Sheep / goats (mixed herd)",-,"","",Animals,"",-,-
405,"Mexico",MEX,2025,Terrestrial,"Buffaloes",-,"40000","",Animals,"",-,-
405,"Mexico",MEX,2025,Terrestrial,"Equidae","Donkeys","306253","",Animals,"196699",-,-
405,"Mexico",MEX,2025,Terrestrial,"Equidae","Horses","1293843","79760",Animals,"479185",-,-
405,"Mexico",MEX,2025,Terrestrial,"Equidae","Mules / Hinnies","133041","",Animals,"85199",-,-
405,"Mexico",MEX,2025,Terrestrial,"Equidae",-,"1733137","79760",Animals,"761083",-,-
405,"Mexico",MEX,2025,Terrestrial,"Camelidae",-,"","",Animals,"",-,-
405,"Mexico",MEX,2025,Terrestrial,"Rabbits / hares (mixed group)","Rabbits","485352","",Animals,"51334",-,-
405,"Mexico",MEX,2025,Terrestrial,"Rabbits / hares (mixed group)",-,"485352","",Animals,"51334",-,-
405,"Mexico",MEX,2025,Terrestrial,"Cervidae",-,"","",Animals,"",-,-
405,"Mexico",MEX,2025,Terrestrial,"Dogs",-,"43800000","",Animals,"",-,-
405,"Mexico",MEX,2025,Terrestrial,"Cats",-,"16200000","",Animals,"",-,-
405,"Mexico",MEX,2025,Terrestrial,"Bees",-,"1712960","",Hives / Nests,"57197",-,-
350,"Mongolia",MNG,2025,Terrestrial,"Cattle","Adult dairy cattle","2198200","",Animals,"",-,-
350,"Mongolia",MNG,2025,Terrestrial,"Cattle","Calves (<1 year) (cattle)","1683700","",Animals,"",-,-
350,"Mongolia",MNG,2025,Terrestrial,"Cattle",-,"5441500","927700",Animals,"",-,-
350,"Mongolia",MNG,2025,Terrestrial,"Swine",-,"23842","",Animals,"",-,-
350,"Mongolia",MNG,2025,Terrestrial,"Birds",-,"2198200","",Animals,"",-,-
350,"Mongolia",MNG,2025,Terrestrial,"Sheep","Lambs (<6 months) (sheep)","9924400","",Animals,"",-,-
350,"Mongolia",MNG,2025,Terrestrial,"Sheep",-,"23862500","880600",Animals,"",-,-
350,"Mongolia",MNG,2025,Terrestrial,"Goats","Adult (goats)","14520200","",Animals,"",-,-
350,"Mongolia",MNG,2025,Terrestrial,"Goats","Kids (<6 months) (goats)","8650100","",Animals,"",-,-
350,"Mongolia",MNG,2025,Terrestrial,"Goats",-,"23170300","4758300",Animals,"",-,-
350,"Mongolia",MNG,2025,Terrestrial,"Sheep / goats (mixed herd)",-,"47032800","5638900",Animals,"",-,-
350,"Mongolia",MNG,2025,Terrestrial,"Buffaloes",-,"0","0",Animals,"0","0","0"
350,"Mongolia",MNG,2025,Terrestrial,"Equidae","Donkeys","29","",Animals,"",-,-
350,"Mongolia",MNG,2025,Terrestrial,"Equidae","Horses","5128700","",Animals,"",-,-
350,"Mongolia",MNG,2025,Terrestrial,"Equidae",-,"5128729","546400",Animals,"",-,-
350,"Mongolia",MNG,2025,Terrestrial,"Camelidae","Camels","501300","",Animals,"",-,-
350,"Mongolia",MNG,2025,Terrestrial,"Camelidae",-,"501300","53000",Animals,"",-,-
350,"Mongolia",MNG,2025,Terrestrial,"Rabbits / hares (mixed group)",-,"320","",Animals,"",-,-
350,"Mongolia",MNG,2025,Terrestrial,"Cervidae","Cervidae: Red deer + Wapiti + Reindeer","2780","",Animals,"",-,-
350,"Mongolia",MNG,2025,Terrestrial,"Cervidae",-,"2780","",Animals,"",-,-
350,"Mongolia",MNG,2025,Terrestrial,"Dogs",-,"","",Animals,"",-,-
350,"Mongolia",MNG,2025,Terrestrial,"Cats",-,"","",Animals,"",-,-
350,"Mongolia",MNG,2025,Terrestrial,"Bees",-,"15430","",Hives / Nests,"",-,-
424,"Morocco",MAR,2025,Terrestrial,"Cattle","Adult beef cattle","495561","",Animals,"",-,-
424,"Morocco",MAR,2025,Terrestrial,"Cattle","Adult dairy cattle","702598","",Animals,"",-,-
424,"Morocco",MAR,2025,Terrestrial,"Cattle","Calves (<1 year) (cattle)","762837","",Animals,"",-,-
424,"Morocco",MAR,2025,Terrestrial,"Cattle","Males and females, 1-2 years, beef cattle","247373","",Animals,"",-,-
424,"Morocco",MAR,2025,Terrestrial,"Cattle","Males and females, 1-2 years, dairy cattle","123862","",Animals,"",-,-
424,"Morocco",MAR,2025,Terrestrial,"Cattle",-,"2332231","",Animals,"",-,-
424,"Morocco",MAR,2025,Terrestrial,"Swine",-,"","",Animals,"",-,-
424,"Morocco",MAR,2025,Terrestrial,"Birds","Broiler chickens","486000000","",Animals,"",-,-
424,"Morocco",MAR,2025,Terrestrial,"Birds","Layer chickens","14600000","",Animals,"",-,-
424,"Morocco",MAR,2025,Terrestrial,"Birds","Turkeys","15100000","",Animals,"",-,-
424,"Morocco",MAR,2025,Terrestrial,"Birds",-,"515700000","",Animals,"",-,-
424,"Morocco",MAR,2025,Terrestrial,"Sheep","Adult (sheep)","12150320","",Animals,"",-,-
424,"Morocco",MAR,2025,Terrestrial,"Sheep","Lambs (<6 months) (sheep)","7718769","",Animals,"",-,-
424,"Morocco",MAR,2025,Terrestrial,"Sheep",-,"19869090","",Animals,"",-,-
424,"Morocco",MAR,2025,Terrestrial,"Goats","Adult (goats)","4497180","",Animals,"",-,-
424,"Morocco",MAR,2025,Terrestrial,"Goats","Kids (<6 months) (goats)","1212411","",Animals,"",-,-
424,"Morocco",MAR,2025,Terrestrial,"Goats",-,"5709591","",Animals,"",-,-
424,"Morocco",MAR,2025,Terrestrial,"Sheep / goats (mixed herd)",-,"25578681","",Animals,"",-,-
424,"Morocco",MAR,2025,Terrestrial,"Buffaloes",-,"","",Animals,"",-,-
424,"Morocco",MAR,2025,Terrestrial,"Equidae","Donkeys","798054","",Animals,"",-,-
424,"Morocco",MAR,2025,Terrestrial,"Equidae","Horses","158195","",Animals,"",-,-
424,"Morocco",MAR,2025,Terrestrial,"Equidae","Mules / Hinnies","291023","",Animals,"",-,-
424,"Morocco",MAR,2025,Terrestrial,"Equidae",-,"1247272","",Animals,"",-,-
424,"Morocco",MAR,2025,Terrestrial,"Camelidae","Camels","140000","",Animals,"",-,-
424,"Morocco",MAR,2025,Terrestrial,"Camelidae",-,"140000","",Animals,"",-,-
424,"Morocco",MAR,2025,Terrestrial,"Rabbits / hares (mixed group)",-,"","",Animals,"",-,-
424,"Morocco",MAR,2025,Terrestrial,"Cervidae",-,"","",Animals,"",-,-
424,"Morocco",MAR,2025,Terrestrial,"Dogs",-,"","",Animals,"",-,-
424,"Morocco",MAR,2025,Terrestrial,"Cats",-,"","",Animals,"",-,-
424,"Morocco",MAR,2025,Terrestrial,"Bees",-,"640000","",Hives / Nests,"",-,-
426,"Mozambique",MOZ,2025,Terrestrial,"Cattle","Adult beef cattle","2224835","",Animals,"",-,-
426,"Mozambique",MOZ,2025,Terrestrial,"Cattle","Adult dairy cattle","4110","",Animals,"",-,-
426,"Mozambique",MOZ,2025,Terrestrial,"Cattle","Males and females, 1-2 years, beef cattle","236900","",Animals,"",-,-
426,"Mozambique",MOZ,2025,Terrestrial,"Cattle","Males and females, 1-2 years, dairy cattle","1237","",Animals,"",-,-
426,"Mozambique",MOZ,2025,Terrestrial,"Cattle",-,"2583034","163200",Animals,"","284","21216"
426,"Mozambique",MOZ,2025,Terrestrial,"Swine",-,"1292691","67167",Animals,"","60","4030"
426,"Mozambique",MOZ,2025,Terrestrial,"Birds","Backyard poultry","21272263","",Animals,"",-,-
426,"Mozambique",MOZ,2025,Terrestrial,"Birds","Broiler chickens","216651313","147099048",Animals,"","1,5","154,5"
426,"Mozambique",MOZ,2025,Terrestrial,"Birds","Ducks","2243069","",Animals,"",-,-
426,"Mozambique",MOZ,2025,Terrestrial,"Birds","Layer chickens","1583460","",Animals,"",-,-
426,"Mozambique",MOZ,2025,Terrestrial,"Birds","Other birds","522838","",Animals,"",-,-
426,"Mozambique",MOZ,2025,Terrestrial,"Birds","Turkeys","152066","",Animals,"",-,-
426,"Mozambique",MOZ,2025,Terrestrial,"Birds",-,"242425009","",Animals,"",-,-
426,"Mozambique",MOZ,2025,Terrestrial,"Sheep",-,"1031360","68471",Animals,"","40","621"
426,"Mozambique",MOZ,2025,Terrestrial,"Goats",-,"4224060","305167",Animals,"","25","3662"
426,"Mozambique",MOZ,2025,Terrestrial,"Buffaloes",-,"49","",Animals,"",-,-
426,"Mozambique",MOZ,2025,Terrestrial,"Equidae","Donkeys","49589","",Animals,"",-,-
426,"Mozambique",MOZ,2025,Terrestrial,"Equidae","Horses","516","",Animals,"",-,-
426,"Mozambique",MOZ,2025,Terrestrial,"Equidae","Mules / Hinnies","0","",Animals,"",-,-
426,"Mozambique",MOZ,2025,Terrestrial,"Equidae",-,"50105","0",Animals,"",-,-
426,"Mozambique",MOZ,2025,Terrestrial,"Camelidae","Camels","25","",Animals,"",-,-
426,"Mozambique",MOZ,2025,Terrestrial,"Camelidae",-,"25","",Animals,"",-,-
426,"Mozambique",MOZ,2025,Terrestrial,"Rabbits / hares (mixed group)","Rabbits","128426","",Animals,"",-,-
426,"Mozambique",MOZ,2025,Terrestrial,"Rabbits / hares (mixed group)",-,"128426","",Animals,"",-,-
426,"Mozambique",MOZ,2025,Terrestrial,"Cervidae",-,"0","0",Animals,"0","0","0"
426,"Mozambique",MOZ,2025,Terrestrial,"Dogs",-,"1202000","",Animals,"",-,-
426,"Mozambique",MOZ,2025,Terrestrial,"Cats",-,"","",Animals,"",-,-
426,"Mozambique",MOZ,2025,Terrestrial,"Bees",-,"","",Hives / Nests,"7877",-,-
341,"Myanmar",MMR,2025,Terrestrial,"Cattle","Adult beef cattle","4701","",Animals,"",-,-
341,"Myanmar",MMR,2025,Terrestrial,"Cattle","Adult dairy cattle","77131","",Animals,"",-,-
341,"Myanmar",MMR,2025,Terrestrial,"Cattle","Calves (<1 year) (cattle)","1217887","",Animals,"",-,-
341,"Myanmar",MMR,2025,Terrestrial,"Cattle","Males and females, 1-2 years, beef cattle","1590","",Animals,"",-,-
341,"Myanmar",MMR,2025,Terrestrial,"Cattle","Males and females, 1-2 years, dairy cattle","18396","",Animals,"",-,-
341,"Myanmar",MMR,2025,Terrestrial,"Cattle",-,"9117302","",Animals,"249900",-,-
341,"Myanmar",MMR,2025,Terrestrial,"Swine","Adult (breeding) pigs","1440500","",Animals,"",-,-
341,"Myanmar",MMR,2025,Terrestrial,"Swine","Fatteners","1455900","",Animals,"",-,-
341,"Myanmar",MMR,2025,Terrestrial,"Swine","Piglets (pre-weaning)","89560","",Animals,"",-,-
341,"Myanmar",MMR,2025,Terrestrial,"Swine",-,"","",Animals,"150800",-,-
341,"Myanmar",MMR,2025,Terrestrial,"Birds","Backyard poultry","47402068","",Animals,"400962",-,-
341,"Myanmar",MMR,2025,Terrestrial,"Birds","Broiler chickens","21193721","",Animals,"694",-,-
341,"Myanmar",MMR,2025,Terrestrial,"Birds","Ducks","4803015","",Animals,"28921",-,-
341,"Myanmar",MMR,2025,Terrestrial,"Birds","Layer chickens","20516852","",Animals,"1336",-,-
341,"Myanmar",MMR,2025,Terrestrial,"Birds","Other birds","1295658","",Animals,"12665",-,-
341,"Myanmar",MMR,2025,Terrestrial,"Birds","Turkeys","953457","",Animals,"635",-,-
341,"Myanmar",MMR,2025,Terrestrial,"Birds",-,"96164771","",Animals,"445213",-,-
341,"Myanmar",MMR,2025,Terrestrial,"Sheep","Adult (sheep)","100700","",Animals,"",-,-
341,"Myanmar",MMR,2025,Terrestrial,"Sheep","Lambs (<6 months) (sheep)","179889","",Animals,"",-,-
341,"Myanmar",MMR,2025,Terrestrial,"Sheep",-,"280589","",Animals,"717",-,-
341,"Myanmar",MMR,2025,Terrestrial,"Goats","Adult (goats)","1583533","",Animals,"",-,-
341,"Myanmar",MMR,2025,Terrestrial,"Goats","Kids (<6 months) (goats)","992099","",Animals,"",-,-
341,"Myanmar",MMR,2025,Terrestrial,"Goats",-,"2575632","",Animals,"23205",-,-
341,"Myanmar",MMR,2025,Terrestrial,"Sheep / goats (mixed herd)",-,"","",Animals,"",-,-
341,"Myanmar",MMR,2025,Terrestrial,"Buffaloes","Adult buffalo","611053","",Animals,"",-,-
341,"Myanmar",MMR,2025,Terrestrial,"Buffaloes","Calves (<1 year) (buffaloes)","275535","",Animals,"",-,-
341,"Myanmar",MMR,2025,Terrestrial,"Buffaloes",-,"886588","",Animals,"27548",-,-
341,"Myanmar",MMR,2025,Terrestrial,"Equidae",-,"26300","",Animals,"2842",-,-
341,"Myanmar",MMR,2025,Terrestrial,"Camelidae",-,"","",Animals,"",-,-
341,"Myanmar",MMR,2025,Terrestrial,"Rabbits / hares (mixed group)",-,"","",Animals,"",-,-
341,"Myanmar",MMR,2025,Terrestrial,"Cervidae",-,"","",Animals,"",-,-
341,"Myanmar",MMR,2025,Terrestrial,"Dogs",-,"3582273","",Animals,"",-,-
341,"Myanmar",MMR,2025,Terrestrial,"Cats",-,"","",Animals,"",-,-
341,"Myanmar",MMR,2025,Terrestrial,"Bees",-,"212313","",Hives / Nests,"830",-,-
389,"Nepal",NPL,2025,Terrestrial,"Cattle",-,"5213304","",Animals,"",-,-
389,"Nepal",NPL,2025,Terrestrial,"Swine",-,"1480832","",Animals,"",-,-
389,"Nepal",NPL,2025,Terrestrial,"Birds",-,"57223915","",Animals,"",-,-
389,"Nepal",NPL,2025,Terrestrial,"Sheep",-,"652742","",Animals,"",-,-
389,"Nepal",NPL,2025,Terrestrial,"Goats",-,"15954080","",Animals,"",-,-
389,"Nepal",NPL,2025,Terrestrial,"Sheep / goats (mixed herd)",-,"","",Animals,"",-,-
389,"Nepal",NPL,2025,Terrestrial,"Buffaloes",-,"3294723","",Animals,"",-,-
389,"Nepal",NPL,2025,Terrestrial,"Equidae",-,"17332","",Animals,"",-,-
389,"Nepal",NPL,2025,Terrestrial,"Camelidae",-,"","",Animals,"",-,-
389,"Nepal",NPL,2025,Terrestrial,"Rabbits / hares (mixed group)",-,"44531","",Animals,"",-,-
389,"Nepal",NPL,2025,Terrestrial,"Cervidae",-,"","",Animals,"",-,-
389,"Nepal",NPL,2025,Terrestrial,"Dogs",-,"2700000","",Animals,"",-,-
389,"Nepal",NPL,2025,Terrestrial,"Cats",-,"","",Animals,"",-,-
389,"Nepal",NPL,2025,Terrestrial,"Bees",-,"1000000","",Hives / Nests,"",-,-
404,"Netherlands",NLD,2025,Terrestrial,"Cattle","Adult beef cattle","54000","",Animals,"",-,-
404,"Netherlands",NLD,2025,Terrestrial,"Cattle","Adult dairy cattle","1518000","549854",Animals,"28981",-,-
404,"Netherlands",NLD,2025,Terrestrial,"Cattle","Calves (<1 year) (cattle)","1522620","1359875",Animals,"",-,-
404,"Netherlands",NLD,2025,Terrestrial,"Cattle","Males and females, 1-2 years, beef cattle","78000","",Animals,"",-,-
404,"Netherlands",NLD,2025,Terrestrial,"Cattle","Males and females, 1-2 years, dairy cattle","381000","",Animals,"",-,-
404,"Netherlands",NLD,2025,Terrestrial,"Cattle",-,"3553620","1909729",Animals,"28981",-,-
404,"Netherlands",NLD,2025,Terrestrial,"Swine","Adult (breeding) pigs","1496000","",Animals,"",-,-
404,"Netherlands",NLD,2025,Terrestrial,"Swine","Fatteners","6371000","",Animals,"",-,-
404,"Netherlands",NLD,2025,Terrestrial,"Swine","Piglets (pre-weaning)","1552000","",Animals,"",-,-
404,"Netherlands",NLD,2025,Terrestrial,"Swine",-,"9419000","14083252",Animals,"11187",-,-
404,"Netherlands",NLD,2025,Terrestrial,"Birds","Broiler chickens","39501200","508663174",Animals,"619",-,-
404,"Netherlands",NLD,2025,Terrestrial,"Birds","Ducks","363000","3999048",Animals,"30",-,-
404,"Netherlands",NLD,2025,Terrestrial,"Birds","Layer chickens","40470000","9686869",Animals,"725",-,-
404,"Netherlands",NLD,2025,Terrestrial,"Birds","Other birds","182300","",Animals,"210",-,-
404,"Netherlands",NLD,2025,Terrestrial,"Birds","Turkeys","516500","4900",Animals,"20",-,-
404,"Netherlands",NLD,2025,Terrestrial,"Birds",-,"81033000","522353991",Animals,"1604",-,-
404,"Netherlands",NLD,2025,Terrestrial,"Sheep","Adult (sheep)","516000","",Animals,"",-,-
404,"Netherlands",NLD,2025,Terrestrial,"Sheep","Lambs (<6 months) (sheep)","86000","",Animals,"",-,-
404,"Netherlands",NLD,2025,Terrestrial,"Sheep",-,"602000","450723",Animals,"29076",-,-
404,"Netherlands",NLD,2025,Terrestrial,"Goats","Adult (goats)","520000","",Animals,"",-,-
404,"Netherlands",NLD,2025,Terrestrial,"Goats","Kids (<6 months) (goats)","33000","",Animals,"",-,-
404,"Netherlands",NLD,2025,Terrestrial,"Goats",-,"553000","202008",Animals,"15762",-,-
404,"Netherlands",NLD,2025,Terrestrial,"Sheep / goats (mixed herd)",-,"","",Animals,"",-,-
404,"Netherlands",NLD,2025,Terrestrial,"Buffaloes",-,"","1641",Animals,"",-,-
404,"Netherlands",NLD,2025,Terrestrial,"Equidae",-,"970000","3030",Animals,"38000",-,-
404,"Netherlands",NLD,2025,Terrestrial,"Camelidae",-,"","",Animals,"",-,-
404,"Netherlands",NLD,2025,Terrestrial,"Rabbits / hares (mixed group)",-,"","",Animals,"",-,-
404,"Netherlands",NLD,2025,Terrestrial,"Cervidae",-,"","691",Animals,"",-,-
404,"Netherlands",NLD,2025,Terrestrial,"Dogs",-,"1700000","",Animals,"",-,-
404,"Netherlands",NLD,2025,Terrestrial,"Cats",-,"2900000","",Animals,"",-,-
404,"Netherlands",NLD,2025,Terrestrial,"Bees",-,"80000","",Hives / Nests,"10000",-,-
334,"New Zealand",NZL,2025,Terrestrial,"Cattle",-,"14000000","4200800",Animals,"81700","319","673700"
334,"New Zealand",NZL,2025,Terrestrial,"Swine",-,"279000","580200",Animals,"4200","100,9","45500"
334,"New Zealand",NZL,2025,Terrestrial,"Birds",-,"24574000","125177000",Animals,"400","2,6","233300"
334,"New Zealand",NZL,2025,Terrestrial,"Sheep",-,"23583000","20704000",Animals,"15300","46,6","427300"
334,"New Zealand",NZL,2025,Terrestrial,"Goats",-,"185000","109000",Animals,"5000","24,4","1100"
334,"New Zealand",NZL,2025,Terrestrial,"Sheep / goats (mixed herd)",-,"0","0",Animals,"0","0","0"
334,"New Zealand",NZL,2025,Terrestrial,"Buffaloes",-,"700","",Animals,"18",-,-
334,"New Zealand",NZL,2025,Terrestrial,"Equidae",-,"86000","0",Animals,"15200","0","0"
334,"New Zealand",NZL,2025,Terrestrial,"Camelidae",-,"13000","",Animals,"970",-,-
334,"New Zealand",NZL,2025,Terrestrial,"Rabbits / hares (mixed group)",-,"0","0",Animals,"0","0","0"
334,"New Zealand",NZL,2025,Terrestrial,"Cervidae",-,"1007000","249800",Animals,"1800","115","15700"
334,"New Zealand",NZL,2025,Terrestrial,"Dogs",-,"830000","",Animals,"",-,-
334,"New Zealand",NZL,2025,Terrestrial,"Cats",-,"1261000","",Animals,"",-,-
334,"New Zealand",NZL,2025,Terrestrial,"Bees",-,"500900","",Hives / Nests,"49500",-,-
342,"Nicaragua",NIC,2025,Terrestrial,"Cattle",-,"6998751","",Animals,"186249",-,-
342,"Nicaragua",NIC,2025,Terrestrial,"Swine","Backyard pigs","302453","",Animals,"",-,-
342,"Nicaragua",NIC,2025,Terrestrial,"Swine","Fatteners","90097","",Animals,"116392",-,-
342,"Nicaragua",NIC,2025,Terrestrial,"Swine","Piglets (pre-weaning)","25935","",Animals,"",-,-
342,"Nicaragua",NIC,2025,Terrestrial,"Swine",-,"418485","",Animals,"116392",-,-
342,"Nicaragua",NIC,2025,Terrestrial,"Birds","Broiler chickens","8734911","",Animals,"72",-,-
342,"Nicaragua",NIC,2025,Terrestrial,"Birds","Layer chickens","3514063","",Animals,"124",-,-
342,"Nicaragua",NIC,2025,Terrestrial,"Birds","Other birds","88570","",Animals,"",-,-
342,"Nicaragua",NIC,2025,Terrestrial,"Birds","Turkeys","58804","",Animals,"",-,-
342,"Nicaragua",NIC,2025,Terrestrial,"Birds",-,"12396348","",Animals,"196",-,-
342,"Nicaragua",NIC,2025,Terrestrial,"Sheep",-,"","",Animals,"",-,-
342,"Nicaragua",NIC,2025,Terrestrial,"Goats",-,"","",Animals,"",-,-
342,"Nicaragua",NIC,2025,Terrestrial,"Sheep / goats (mixed herd)",-,"","",Animals,"",-,-
342,"Nicaragua",NIC,2025,Terrestrial,"Buffaloes",-,"","",Animals,"",-,-
342,"Nicaragua",NIC,2025,Terrestrial,"Equidae",-,"","",Animals,"",-,-
342,"Nicaragua",NIC,2025,Terrestrial,"Camelidae",-,"","",Animals,"",-,-
342,"Nicaragua",NIC,2025,Terrestrial,"Rabbits / hares (mixed group)",-,"","",Animals,"",-,-
342,"Nicaragua",NIC,2025,Terrestrial,"Cervidae",-,"","",Animals,"",-,-
342,"Nicaragua",NIC,2025,Terrestrial,"Dogs",-,"","",Animals,"",-,-
342,"Nicaragua",NIC,2025,Terrestrial,"Cats",-,"","",Animals,"",-,-
342,"Nicaragua",NIC,2025,Terrestrial,"Bees",-,"58338","",Hives / Nests,"2111",-,-
459,"Niue",NIU,2025,Terrestrial,"Cattle",-,"0","0",Animals,"0","0","0"
459,"Niue",NIU,2025,Terrestrial,"Swine",-,"1504","",Animals,"154",-,-
459,"Niue",NIU,2025,Terrestrial,"Birds","Backyard poultry","8215","",Animals,"",-,-
459,"Niue",NIU,2025,Terrestrial,"Birds",-,"8215","",Animals,"158",-,-
459,"Niue",NIU,2025,Terrestrial,"Sheep",-,"0","0",Animals,"0","0","0"
459,"Niue",NIU,2025,Terrestrial,"Goats",-,"0","0",Animals,"0","0","0"
459,"Niue",NIU,2025,Terrestrial,"Sheep / goats (mixed herd)",-,"0","0",Animals,"0","0","0"
459,"Niue",NIU,2025,Terrestrial,"Buffaloes",-,"0","0",Animals,"0","0","0"
459,"Niue",NIU,2025,Terrestrial,"Equidae",-,"0","0",Animals,"0","0","0"
459,"Niue",NIU,2025,Terrestrial,"Camelidae",-,"0","0",Animals,"0","0","0"
459,"Niue",NIU,2025,Terrestrial,"Rabbits / hares (mixed group)",-,"0","0",Animals,"0","0","0"
459,"Niue",NIU,2025,Terrestrial,"Cervidae",-,"0","0",Animals,"0","0","0"
459,"Niue",NIU,2025,Terrestrial,"Dogs",-,"","",Animals,"",-,-
459,"Niue",NIU,2025,Terrestrial,"Cats",-,"","",Animals,"",-,-
459,"Niue",NIU,2025,Terrestrial,"Bees",-,"","",Hives / Nests,"",-,-
348,"North Macedonia",MKD,2025,Terrestrial,"Cattle",-,"131122","4033",Animals,"11841",-,-
348,"North Macedonia",MKD,2025,Terrestrial,"Swine",-,"131871","",Animals,"2862",-,-
348,"North Macedonia",MKD,2025,Terrestrial,"Birds",-,"2052870","",Animals,"66",-,-
348,"North Macedonia",MKD,2025,Terrestrial,"Sheep",-,"322759","",Animals,"1993",-,-
348,"North Macedonia",MKD,2025,Terrestrial,"Goats",-,"24721","",Animals,"1305",-,-
348,"North Macedonia",MKD,2025,Terrestrial,"Sheep / goats (mixed herd)",-,"108905","191268",Animals,"666",-,-
348,"North Macedonia",MKD,2025,Terrestrial,"Buffaloes",-,"","",Animals,"",-,-
348,"North Macedonia",MKD,2025,Terrestrial,"Equidae","Donkeys","2480","",Animals,"",-,-
348,"North Macedonia",MKD,2025,Terrestrial,"Equidae","Horses","8437","",Animals,"",-,-
348,"North Macedonia",MKD,2025,Terrestrial,"Equidae","Mules / Hinnies","1068","",Animals,"",-,-
348,"North Macedonia",MKD,2025,Terrestrial,"Equidae",-,"11985","",Animals,"7803",-,-
348,"North Macedonia",MKD,2025,Terrestrial,"Camelidae",-,"","",Animals,"",-,-
348,"North Macedonia",MKD,2025,Terrestrial,"Rabbits / hares (mixed group)",-,"","",Animals,"",-,-
348,"North Macedonia",MKD,2025,Terrestrial,"Cervidae",-,"21000","",Animals,"",-,-
348,"North Macedonia",MKD,2025,Terrestrial,"Dogs",-,"112915","",Animals,"",-,-
348,"North Macedonia",MKD,2025,Terrestrial,"Cats",-,"9892","",Animals,"",-,-
348,"North Macedonia",MKD,2025,Terrestrial,"Bees",-,"303743","",Hives / Nests,"7112",-,-
407,"Papua New Guinea",PNG,2025,Terrestrial,"Cattle","Adult dairy cattle","700","420",Animals,"","450","1134"
407,"Papua New Guinea",PNG,2025,Terrestrial,"Cattle",-,"48700","",Animals,"",-,-
407,"Papua New Guinea",PNG,2025,Terrestrial,"Swine",-,"2030100","732627",Animals,"6","55,3","40516,4"
407,"Papua New Guinea",PNG,2025,Terrestrial,"Birds",-,"40000000","16500000",Animals,"5","1,4","23925"
407,"Papua New Guinea",PNG,2025,Terrestrial,"Sheep",-,"8000","960",Animals,"","22","29,1"
407,"Papua New Guinea",PNG,2025,Terrestrial,"Goats",-,"22500","4050",Animals,"","18","72,9"
407,"Papua New Guinea",PNG,2025,Terrestrial,"Sheep / goats (mixed herd)",-,"","",Animals,"",-,-
407,"Papua New Guinea",PNG,2025,Terrestrial,"Buffaloes",-,"50","",Animals,"","460",-
407,"Papua New Guinea",PNG,2025,Terrestrial,"Equidae",-,"1000","",Animals,"",-,-
407,"Papua New Guinea",PNG,2025,Terrestrial,"Camelidae",-,"","",Animals,"",-,-
407,"Papua New Guinea",PNG,2025,Terrestrial,"Rabbits / hares (mixed group)",-,"3000","",Animals,"",-,-
407,"Papua New Guinea",PNG,2025,Terrestrial,"Cervidae",-,"20000","",Animals,"",-,-
407,"Papua New Guinea",PNG,2025,Terrestrial,"Dogs",-,"","",Animals,"",-,-
407,"Papua New Guinea",PNG,2025,Terrestrial,"Cats",-,"","",Animals,"",-,-
407,"Papua New Guinea",PNG,2025,Terrestrial,"Bees",-,"3000","",Hives / Nests,"",-,-
432,"Poland",POL,2025,Terrestrial,"Cattle","Adult beef cattle","251547","198060",Animals,"",-,-
432,"Poland",POL,2025,Terrestrial,"Cattle","Adult dairy cattle","1574732","606913",Animals,"",-,-
432,"Poland",POL,2025,Terrestrial,"Cattle","Calves (<1 year) (cattle)","1905200","41064",Animals,"",-,-
432,"Poland",POL,2025,Terrestrial,"Cattle","Males and females, 1-2 years, beef cattle","365807","243026",Animals,"",-,-
432,"Poland",POL,2025,Terrestrial,"Cattle","Males and females, 1-2 years, dairy cattle","752642","195219",Animals,"",-,-
432,"Poland",POL,2025,Terrestrial,"Cattle",-,"6133307","1939593",Animals,"",-,-
432,"Poland",POL,2025,Terrestrial,"Swine",-,"9332120","20117506",Animals,"",-,-
432,"Poland",POL,2025,Terrestrial,"Birds","Backyard poultry","4794","",Animals,"",-,-
432,"Poland",POL,2025,Terrestrial,"Birds","Broiler chickens","1772946311","1570891903",Animals,"",-,-
432,"Poland",POL,2025,Terrestrial,"Birds","Ducks","17819439","31244884",Animals,"",-,-
432,"Poland",POL,2025,Terrestrial,"Birds","Layer chickens","141731348","67275567",Animals,"",-,-
432,"Poland",POL,2025,Terrestrial,"Birds","Other birds","59591642","5256545",Animals,"",-,-
432,"Poland",POL,2025,Terrestrial,"Birds","Turkeys","66757016","37871743",Animals,"",-,-
432,"Poland",POL,2025,Terrestrial,"Birds",-,"2058850550","1712540642",Animals,"",-,-
432,"Poland",POL,2025,Terrestrial,"Sheep","Adult (sheep)","215106","21755",Animals,"",-,-
432,"Poland",POL,2025,Terrestrial,"Sheep","Lambs (<6 months) (sheep)","21335","40358",Animals,"",-,-
432,"Poland",POL,2025,Terrestrial,"Sheep",-,"272190","81404",Animals,"",-,-
432,"Poland",POL,2025,Terrestrial,"Goats","Adult (goats)","55661","3964",Animals,"",-,-
432,"Poland",POL,2025,Terrestrial,"Goats","Kids (<6 months) (goats)","2314","633",Animals,"",-,-
432,"Poland",POL,2025,Terrestrial,"Goats",-,"65665","4973",Animals,"",-,-
432,"Poland",POL,2025,Terrestrial,"Sheep / goats (mixed herd)",-,"","",Animals,"",-,-
432,"Poland",POL,2025,Terrestrial,"Buffaloes","Adult buffalo","127","",Animals,"",-,-
432,"Poland",POL,2025,Terrestrial,"Buffaloes","Calves (<1 year) (buffaloes)","10","",Animals,"",-,-
432,"Poland",POL,2025,Terrestrial,"Buffaloes",-,"167","",Animals,"",-,-
432,"Poland",POL,2025,Terrestrial,"Equidae","Donkeys","2076","",Animals,"",-,-
432,"Poland",POL,2025,Terrestrial,"Equidae","Horses","262091","26041",Animals,"",-,-
432,"Poland",POL,2025,Terrestrial,"Equidae","Mules / Hinnies","139","",Animals,"",-,-
432,"Poland",POL,2025,Terrestrial,"Equidae",-,"264401","",Animals,"",-,-
432,"Poland",POL,2025,Terrestrial,"Camelidae","Alpacas","8111","",Animals,"",-,-
432,"Poland",POL,2025,Terrestrial,"Camelidae","Camels","208","",Animals,"",-,-
432,"Poland",POL,2025,Terrestrial,"Camelidae","Llamas","377","",Animals,"",-,-
432,"Poland",POL,2025,Terrestrial,"Camelidae",-,"8977","",Animals,"",-,-
432,"Poland",POL,2025,Terrestrial,"Rabbits / hares (mixed group)","Rabbits","","1479431",Animals,"",-,-
432,"Poland",POL,2025,Terrestrial,"Rabbits / hares (mixed group)",-,"","1479431",Animals,"",-,-
432,"Poland",POL,2025,Terrestrial,"Cervidae","Calves (<1 year) (Cervidae)","589","4",Animals,"",-,-
432,"Poland",POL,2025,Terrestrial,"Cervidae","Cervidae: Musk Deer","0","0",Animals,"",-,-
432,"Poland",POL,2025,Terrestrial,"Cervidae","Cervidae: other","128","0",Animals,"",-,-
432,"Poland",POL,2025,Terrestrial,"Cervidae","Cervidae: Red deer + Wapiti + Reindeer","734","46",Animals,"",-,-
432,"Poland",POL,2025,Terrestrial,"Cervidae","Cervidae: Sika deer + Rusa deer + Fallow deer","3717","0",Animals,"",-,-
432,"Poland",POL,2025,Terrestrial,"Cervidae",-,"5176","",Animals,"",-,-
432,"Poland",POL,2025,Terrestrial,"Dogs",-,"","",Animals,"",-,-
432,"Poland",POL,2025,Terrestrial,"Cats",-,"","",Animals,"",-,-
432,"Poland",POL,2025,Terrestrial,"Bees",-,"","",Hives / Nests,"",-,-
361,"Qatar",QAT,2025,Terrestrial,"Cattle",-,"42005","13122",Animals,"712","37804500","6,4"
361,"Qatar",QAT,2025,Terrestrial,"Swine",-,"0","0",Animals,"0","0","0"
361,"Qatar",QAT,2025,Terrestrial,"Birds","Broiler chickens","41642600","41642600",Animals,"8","124927800","83285,2"
361,"Qatar",QAT,2025,Terrestrial,"Birds","Ducks","0","0",Animals,"0","0","0"
361,"Qatar",QAT,2025,Terrestrial,"Birds","Layer chickens","1083000","1000",Animals,"4","4332000","3,2"
361,"Qatar",QAT,2025,Terrestrial,"Birds","Turkeys","0","0",Animals,"0","0","0"
361,"Qatar",QAT,2025,Terrestrial,"Birds",-,"42725600","41643600",Animals,"12","129259800","83288,4"
361,"Qatar",QAT,2025,Terrestrial,"Sheep",-,"710339","264724",Animals,"5638","71039900","10590"
361,"Qatar",QAT,2025,Terrestrial,"Goats",-,"333462","26366",Animals,"5233","16673000","580,2"
361,"Qatar",QAT,2025,Terrestrial,"Sheep / goats (mixed herd)",-,"262571","87327",Animals,"1715","15754260","2620"
361,"Qatar",QAT,2025,Terrestrial,"Buffaloes",-,"557","0",Animals,"7","473450","0"
361,"Qatar",QAT,2025,Terrestrial,"Equidae","Donkeys","50","0",Animals,"35","35000","0"
361,"Qatar",QAT,2025,Terrestrial,"Equidae","Horses","5664","0",Animals,"661","5097600","0"
361,"Qatar",QAT,2025,Terrestrial,"Equidae","Mules / Hinnies","0","0",Animals,"0","0","0"
361,"Qatar",QAT,2025,Terrestrial,"Equidae",-,"5714","0",Animals,"696","5132600","0"
361,"Qatar",QAT,2025,Terrestrial,"Camelidae",-,"90358","6522",Animals,"2587","81322200","2712"
361,"Qatar",QAT,2025,Terrestrial,"Rabbits / hares (mixed group)",-,"","",Animals,"",-,-
361,"Qatar",QAT,2025,Terrestrial,"Cervidae",-,"18875","150",Animals,"315","604000","3,6"
361,"Qatar",QAT,2025,Terrestrial,"Dogs",-,"25178","",Animals,"",-,-
361,"Qatar",QAT,2025,Terrestrial,"Cats",-,"35123","",Animals,"",-,-
361,"Qatar",QAT,2025,Terrestrial,"Bees",-,"4310","",Hives / Nests,"87",-,-
382,"Romania",ROU,2025,Terrestrial,"Cattle",-,"1918463","317729",Animals,"253296","400","144339,9"
382,"Romania",ROU,2025,Terrestrial,"Swine",-,"3318119","4097010",Animals,"375276","120","747222,5"
382,"Romania",ROU,2025,Terrestrial,"Birds",-,"73702226","",Animals,"961004",-,-
382,"Romania",ROU,2025,Terrestrial,"Sheep",-,"11846877","1770029",Animals,"136684","40","40928"
382,"Romania",ROU,2025,Terrestrial,"Goats",-,"1611547","88729",Animals,"63404","30","2032"
382,"Romania",ROU,2025,Terrestrial,"Sheep / goats (mixed herd)",-,"","",Animals,"",-,-
382,"Romania",ROU,2025,Terrestrial,"Buffaloes",-,"29675","",Animals,"",-,-
382,"Romania",ROU,2025,Terrestrial,"Equidae",-,"158762","9495",Animals,"115485","420","494,5"
382,"Romania",ROU,2025,Terrestrial,"Camelidae",-,"53","",Animals,"10",-,-
382,"Romania",ROU,2025,Terrestrial,"Rabbits / hares (mixed group)",-,"173277","",Animals,"23064",-,-
382,"Romania",ROU,2025,Terrestrial,"Cervidae",-,"2396","",Animals,"20",-,-
382,"Romania",ROU,2025,Terrestrial,"Dogs",-,"1904906","",Animals,"",-,-
382,"Romania",ROU,2025,Terrestrial,"Cats",-,"258219","",Animals,"",-,-
382,"Romania",ROU,2025,Terrestrial,"Bees",-,"1137491","",Hives / Nests,"29485",-,-
418,"Saint Vincent and the Grenadines",VCT,2025,Terrestrial,"Cattle",-,"4766","",Animals,"","300",-
418,"Saint Vincent and the Grenadines",VCT,2025,Terrestrial,"Swine",-,"4806","",Animals,"","150",-
418,"Saint Vincent and the Grenadines",VCT,2025,Terrestrial,"Birds","Broiler chickens","41563","",Animals,"",-,-
418,"Saint Vincent and the Grenadines",VCT,2025,Terrestrial,"Birds","Layer chickens","29176","",Animals,"",-,-
418,"Saint Vincent and the Grenadines",VCT,2025,Terrestrial,"Birds",-,"70739","",Animals,"",-,-
418,"Saint Vincent and the Grenadines",VCT,2025,Terrestrial,"Sheep",-,"5996","",Animals,"","75",-
418,"Saint Vincent and the Grenadines",VCT,2025,Terrestrial,"Goats",-,"8783","",Animals,"","75",-
418,"Saint Vincent and the Grenadines",VCT,2025,Terrestrial,"Sheep / goats (mixed herd)",-,"","",Animals,"",-,-
418,"Saint Vincent and the Grenadines",VCT,2025,Terrestrial,"Buffaloes",-,"","",Animals,"",-,-
418,"Saint Vincent and the Grenadines",VCT,2025,Terrestrial,"Equidae","Donkeys","265","",Animals,"",-,-
418,"Saint Vincent and the Grenadines",VCT,2025,Terrestrial,"Equidae","Horses","44","",Animals,"",-,-
418,"Saint Vincent and the Grenadines",VCT,2025,Terrestrial,"Equidae",-,"309","",Animals,"",-,-
418,"Saint Vincent and the Grenadines",VCT,2025,Terrestrial,"Camelidae",-,"","",Animals,"",-,-
418,"Saint Vincent and the Grenadines",VCT,2025,Terrestrial,"Rabbits / hares (mixed group)","Rabbits","1249","",Animals,"",-,-
418,"Saint Vincent and the Grenadines",VCT,2025,Terrestrial,"Rabbits / hares (mixed group)",-,"1249","",Animals,"","3",-
418,"Saint Vincent and the Grenadines",VCT,2025,Terrestrial,"Cervidae",-,"","",Animals,"",-,-
418,"Saint Vincent and the Grenadines",VCT,2025,Terrestrial,"Dogs",-,"","",Animals,"",-,-
418,"Saint Vincent and the Grenadines",VCT,2025,Terrestrial,"Cats",-,"","",Animals,"",-,-
418,"Saint Vincent and the Grenadines",VCT,2025,Terrestrial,"Bees",-,"","",Hives / Nests,"",-,-
390,"San Marino",SMR,2025,Terrestrial,"Cattle","Adult beef cattle","144","10",Animals,"16","550","3,3"
390,"San Marino",SMR,2025,Terrestrial,"Cattle","Adult dairy cattle","79","7",Animals,"3","480","1,9"
390,"San Marino",SMR,2025,Terrestrial,"Cattle","Calves (<1 year) (cattle)","175","12",Animals,"","170","1,2"
390,"San Marino",SMR,2025,Terrestrial,"Cattle","Males and females, 1-2 years, beef cattle","354","502",Animals,"","450","135"
390,"San Marino",SMR,2025,Terrestrial,"Cattle","Males and females, 1-2 years, dairy cattle","126","6",Animals,"","320","11"
390,"San Marino",SMR,2025,Terrestrial,"Cattle",-,"880","549",Animals,"19","394","152,4"
390,"San Marino",SMR,2025,Terrestrial,"Swine","Fatteners","102","80",Animals,"11","150","11,1"
390,"San Marino",SMR,2025,Terrestrial,"Swine",-,"102","80",Animals,"11","170","11,1"
390,"San Marino",SMR,2025,Terrestrial,"Birds","Backyard poultry","2200","",Animals,"120",-,-
390,"San Marino",SMR,2025,Terrestrial,"Birds",-,"2200","",Animals,"120",-,-
390,"San Marino",SMR,2025,Terrestrial,"Sheep","Adult (sheep)","62","6",Animals,"",-,-
390,"San Marino",SMR,2025,Terrestrial,"Sheep","Lambs (<6 months) (sheep)","60","60",Animals,"",-,-
390,"San Marino",SMR,2025,Terrestrial,"Sheep",-,"122","66",Animals,"5",-,-
390,"San Marino",SMR,2025,Terrestrial,"Goats","Adult (goats)","20","0",Animals,"",-,-
390,"San Marino",SMR,2025,Terrestrial,"Goats","Kids (<6 months) (goats)","8","8",Animals,"",-,-
390,"San Marino",SMR,2025,Terrestrial,"Goats",-,"28","8",Animals,"3",-,-
390,"San Marino",SMR,2025,Terrestrial,"Sheep / goats (mixed herd)",-,"17","",Animals,"4",-,-
390,"San Marino",SMR,2025,Terrestrial,"Buffaloes",-,"0","0",Animals,"0","0","0"
390,"San Marino",SMR,2025,Terrestrial,"Equidae","Donkeys","21","0",Animals,"2",-,"0"
390,"San Marino",SMR,2025,Terrestrial,"Equidae","Horses","103","0",Animals,"30",-,"0"
390,"San Marino",SMR,2025,Terrestrial,"Equidae",-,"124","0",Animals,"32",-,"0"
390,"San Marino",SMR,2025,Terrestrial,"Camelidae","Alpacas","0","0",Animals,"0",-,"0"
390,"San Marino",SMR,2025,Terrestrial,"Camelidae",-,"0","0",Animals,"0",-,"0"
390,"San Marino",SMR,2025,Terrestrial,"Rabbits / hares (mixed group)","Hares","0","",Animals,"0",-,-
390,"San Marino",SMR,2025,Terrestrial,"Rabbits / hares (mixed group)","Rabbits","250","",Animals,"24",-,-
390,"San Marino",SMR,2025,Terrestrial,"Rabbits / hares (mixed group)",-,"250","",Animals,"24",-,-
390,"San Marino",SMR,2025,Terrestrial,"Cervidae",-,"0","0",Animals,"0","0","0"
390,"San Marino",SMR,2025,Terrestrial,"Dogs",-,"5080","",Animals,"",-,-
390,"San Marino",SMR,2025,Terrestrial,"Cats",-,"","",Animals,"",-,-
390,"San Marino",SMR,2025,Terrestrial,"Bees",-,"1450","",Hives / Nests,"24",-,-
338,"Saudi Arabia",SAU,2025,Terrestrial,"Cattle","Adult beef cattle","276652","243636",Animals,"15","1100","128884"
338,"Saudi Arabia",SAU,2025,Terrestrial,"Cattle","Adult dairy cattle","232950","0",Animals,"13","1000","0"
338,"Saudi Arabia",SAU,2025,Terrestrial,"Cattle","Calves (<1 year) (cattle)","0","0",Animals,"0","0","0"
338,"Saudi Arabia",SAU,2025,Terrestrial,"Cattle","Males and females, 1-2 years, beef cattle","0","30969",Animals,"","240","0"
338,"Saudi Arabia",SAU,2025,Terrestrial,"Cattle","Males and females, 1-2 years, dairy cattle","0","0",Animals,"0","0","0"
338,"Saudi Arabia",SAU,2025,Terrestrial,"Cattle",-,"509602","274605",Animals,"28","1050","128884"
338,"Saudi Arabia",SAU,2025,Terrestrial,"Swine","Adult (breeding) pigs","0","0",Animals,"0","0","0"
338,"Saudi Arabia",SAU,2025,Terrestrial,"Swine","Backyard pigs","0","0",Animals,"0","0","0"
338,"Saudi Arabia",SAU,2025,Terrestrial,"Swine","Fatteners","0","0",Animals,"0","0","0"
338,"Saudi Arabia",SAU,2025,Terrestrial,"Swine","Piglets (pre-weaning)","0","0",Animals,"0","0","0"
338,"Saudi Arabia",SAU,2025,Terrestrial,"Swine",-,"0","0",Animals,"0","0","0"
338,"Saudi Arabia",SAU,2025,Terrestrial,"Birds","Backyard poultry","2681539","1608923",Animals,"4000","2,6","4184"
338,"Saudi Arabia",SAU,2025,Terrestrial,"Birds","Broiler chickens","1316175048","1114269173",Animals,"487","4,6","1750512"
338,"Saudi Arabia",SAU,2025,Terrestrial,"Birds","Ducks","0","0",Animals,"0","0","0"
338,"Saudi Arabia",SAU,2025,Terrestrial,"Birds","Layer chickens","55101080","500000",Animals,"188","3,6","750000"
338,"Saudi Arabia",SAU,2025,Terrestrial,"Birds","Other birds","505583","0",Animals,"3116","4","0"
338,"Saudi Arabia",SAU,2025,Terrestrial,"Birds","Turkeys","0","0",Animals,"0","0","0"
338,"Saudi Arabia",SAU,2025,Terrestrial,"Birds",-,"1374463250","1116378096",Animals,"7791","4,2","2504696"
338,"Saudi Arabia",SAU,2025,Terrestrial,"Sheep","Adult (sheep)","18084135","5115335",Animals,"128827","90","220982"
338,"Saudi Arabia",SAU,2025,Terrestrial,"Sheep","Lambs (<6 months) (sheep)","3971644","0",Animals,"0","50","0"
338,"Saudi Arabia",SAU,2025,Terrestrial,"Sheep",-,"22055779","5115335",Animals,"128827","70","425976"
338,"Saudi Arabia",SAU,2025,Terrestrial,"Goats","Adult (goats)","4860094","1832322",Animals,"19924","80","74176"
338,"Saudi Arabia",SAU,2025,Terrestrial,"Goats","Kids (<6 months) (goats)","2479655","458080",Animals,"","50","13190"
338,"Saudi Arabia",SAU,2025,Terrestrial,"Goats",-,"7339749","2290402",Animals,"19924","60","87366"
338,"Saudi Arabia",SAU,2025,Terrestrial,"Sheep / goats (mixed herd)",-,"","",Animals,"",-,-
338,"Saudi Arabia",SAU,2025,Terrestrial,"Buffaloes","Adult buffalo","0","0",Animals,"0","0","0"
338,"Saudi Arabia",SAU,2025,Terrestrial,"Buffaloes","Calves (<1 year) (buffaloes)","0","0",Animals,"0","0","0"
338,"Saudi Arabia",SAU,2025,Terrestrial,"Buffaloes",-,"0","0",Animals,"0","0","0"
338,"Saudi Arabia",SAU,2025,Terrestrial,"Equidae","Donkeys","1748","0",Animals,"0",-,"0"
338,"Saudi Arabia",SAU,2025,Terrestrial,"Equidae","Horses","60500","0",Animals,"3490",-,"0"
338,"Saudi Arabia",SAU,2025,Terrestrial,"Equidae","Mules / Hinnies","0","0",Animals,"0",-,"0"
338,"Saudi Arabia",SAU,2025,Terrestrial,"Equidae",-,"62248","0",Animals,"3490",-,"0"
338,"Saudi Arabia",SAU,2025,Terrestrial,"Camelidae","Alpacas","0","0",Animals,"0","0","0"
338,"Saudi Arabia",SAU,2025,Terrestrial,"Camelidae","Camels","2235296","398289",Animals,"43644","900","197154"
338,"Saudi Arabia",SAU,2025,Terrestrial,"Camelidae","Llamas","0","0",Animals,"0","0","0"
338,"Saudi Arabia",SAU,2025,Terrestrial,"Camelidae",-,"2235296","398289",Animals,"43644","900","197154"
338,"Saudi Arabia",SAU,2025,Terrestrial,"Rabbits / hares (mixed group)","Hares","0","",Animals,"",-,-
338,"Saudi Arabia",SAU,2025,Terrestrial,"Rabbits / hares (mixed group)","Rabbits","81126","",Animals,"365",-,-
338,"Saudi Arabia",SAU,2025,Terrestrial,"Rabbits / hares (mixed group)",-,"81126","",Animals,"365",-,-
338,"Saudi Arabia",SAU,2025,Terrestrial,"Cervidae","Calves (<1 year) (Cervidae)","0","0",Animals,"0",-,"0"
338,"Saudi Arabia",SAU,2025,Terrestrial,"Cervidae","Cervidae: Musk Deer","0","0",Animals,"0",-,"0"
338,"Saudi Arabia",SAU,2025,Terrestrial,"Cervidae","Cervidae: other","78","0",Animals,"0",-,"0"
338,"Saudi Arabia",SAU,2025,Terrestrial,"Cervidae","Cervidae: Red deer + Wapiti + Reindeer","0","0",Animals,"0",-,"0"
338,"Saudi Arabia",SAU,2025,Terrestrial,"Cervidae","Cervidae: Sika deer + Rusa deer + Fallow deer","16","0",Animals,"0",-,"0"
338,"Saudi Arabia",SAU,2025,Terrestrial,"Cervidae",-,"94","0",Animals,"0",-,"0"
338,"Saudi Arabia",SAU,2025,Terrestrial,"Dogs",-,"6015","",Animals,"",-,-
338,"Saudi Arabia",SAU,2025,Terrestrial,"Cats",-,"8317","",Animals,"",-,-
338,"Saudi Arabia",SAU,2025,Terrestrial,"Bees",-,"1200000","",Hives / Nests,"720000",-,-
330,"Singapore",SGP,2025,Terrestrial,"Cattle","Adult dairy cattle","43","",Animals,"",-,-
330,"Singapore",SGP,2025,Terrestrial,"Cattle","Calves (<1 year) (cattle)","9","",Animals,"",-,-
330,"Singapore",SGP,2025,Terrestrial,"Cattle",-,"52","",Animals,"1",-,-
330,"Singapore",SGP,2025,Terrestrial,"Swine",-,"0","0",Animals,"0","0","0"
330,"Singapore",SGP,2025,Terrestrial,"Birds","Layer chickens","3081043","",Animals,"3",-,-
330,"Singapore",SGP,2025,Terrestrial,"Birds","Other birds","162637","",Animals,"5",-,-
330,"Singapore",SGP,2025,Terrestrial,"Birds",-,"3243680","",Animals,"8",-,-
330,"Singapore",SGP,2025,Terrestrial,"Sheep",-,"0","0",Animals,"0","0","0"
330,"Singapore",SGP,2025,Terrestrial,"Goats","Adult (goats)","822","",Animals,"",-,-
330,"Singapore",SGP,2025,Terrestrial,"Goats","Kids (<6 months) (goats)","145","",Animals,"",-,-
330,"Singapore",SGP,2025,Terrestrial,"Goats",-,"967","",Animals,"2",-,-
330,"Singapore",SGP,2025,Terrestrial,"Sheep / goats (mixed herd)",-,"0","0",Animals,"0","0","0"
330,"Singapore",SGP,2025,Terrestrial,"Buffaloes",-,"0","0",Animals,"0","0","0"
330,"Singapore",SGP,2025,Terrestrial,"Equidae","Horses","532","",Animals,"10",-,-
330,"Singapore",SGP,2025,Terrestrial,"Equidae",-,"532","",Animals,"10",-,-
330,"Singapore",SGP,2025,Terrestrial,"Camelidae",-,"0","0",Animals,"0","0","0"
330,"Singapore",SGP,2025,Terrestrial,"Rabbits / hares (mixed group)",-,"0","0",Animals,"0","0","0"
330,"Singapore",SGP,2025,Terrestrial,"Cervidae",-,"0","0",Animals,"0","0","0"
330,"Singapore",SGP,2025,Terrestrial,"Dogs",-,"98900","",Animals,"",-,-
330,"Singapore",SGP,2025,Terrestrial,"Cats",-,"65270","",Animals,"",-,-
330,"Singapore",SGP,2025,Terrestrial,"Bees",-,"0","",Hives / Nests,"0",-,-
367,"Slovenia",SVN,2025,Terrestrial,"Cattle",-,"453901","89374",Animals,"24916",-,-
367,"Slovenia",SVN,2025,Terrestrial,"Swine",-,"184089","195477",Animals,"11409",-,-
367,"Slovenia",SVN,2025,Terrestrial,"Birds",-,"7768812","47200000",Animals,"",-,-
367,"Slovenia",SVN,2025,Terrestrial,"Sheep",-,"86735","8768",Animals,"5564",-,-
367,"Slovenia",SVN,2025,Terrestrial,"Goats",-,"24625","1066",Animals,"3731",-,-
367,"Slovenia",SVN,2025,Terrestrial,"Sheep / goats (mixed herd)",-,"28520","",Animals,"680",-,-
367,"Slovenia",SVN,2025,Terrestrial,"Buffaloes",-,"0","",Animals,"0",-,-
367,"Slovenia",SVN,2025,Terrestrial,"Equidae",-,"24762","565",Animals,"6720",-,-
367,"Slovenia",SVN,2025,Terrestrial,"Camelidae",-,"0","",Animals,"0",-,-
367,"Slovenia",SVN,2025,Terrestrial,"Rabbits / hares (mixed group)",-,"26616","21316",Animals,"1922",-,-
367,"Slovenia",SVN,2025,Terrestrial,"Cervidae",-,"8582","",Animals,"440",-,-
367,"Slovenia",SVN,2025,Terrestrial,"Dogs",-,"249500","",Animals,"",-,-
367,"Slovenia",SVN,2025,Terrestrial,"Cats",-,"","",Animals,"",-,-
367,"Slovenia",SVN,2025,Terrestrial,"Bees",-,"149876","",Hives / Nests,"15125",-,-
398,"Somalia",SOM,2025,Terrestrial,"Cattle",-,"5319533","",Animals,"",-,-
398,"Somalia",SOM,2025,Terrestrial,"Swine",-,"","",Animals,"",-,-
398,"Somalia",SOM,2025,Terrestrial,"Birds",-,"","",Animals,"",-,-
398,"Somalia",SOM,2025,Terrestrial,"Sheep",-,"","",Animals,"",-,-
398,"Somalia",SOM,2025,Terrestrial,"Goats",-,"","",Animals,"",-,-
398,"Somalia",SOM,2025,Terrestrial,"Sheep / goats (mixed herd)",-,"44684131","",Animals,"",-,-
398,"Somalia",SOM,2025,Terrestrial,"Buffaloes",-,"","",Animals,"",-,-
398,"Somalia",SOM,2025,Terrestrial,"Equidae",-,"","",Animals,"",-,-
398,"Somalia",SOM,2025,Terrestrial,"Camelidae",-,"9173988","",Animals,"",-,-
398,"Somalia",SOM,2025,Terrestrial,"Rabbits / hares (mixed group)",-,"","",Animals,"",-,-
398,"Somalia",SOM,2025,Terrestrial,"Cervidae",-,"","",Animals,"",-,-
398,"Somalia",SOM,2025,Terrestrial,"Dogs",-,"","",Animals,"",-,-
398,"Somalia",SOM,2025,Terrestrial,"Cats",-,"","",Animals,"",-,-
398,"Somalia",SOM,2025,Terrestrial,"Bees",-,"","",Hives / Nests,"",-,-
327,"South Sudan (Rep. of)",SSD,2025,Terrestrial,"Cattle",-,"11700000","",Animals,"","300",-
327,"South Sudan (Rep. of)",SSD,2025,Terrestrial,"Swine",-,"","",Animals,"",-,-
327,"South Sudan (Rep. of)",SSD,2025,Terrestrial,"Birds",-,"833","",Animals,"",-,-
327,"South Sudan (Rep. of)",SSD,2025,Terrestrial,"Sheep",-,"","",Animals,"",-,-
327,"South Sudan (Rep. of)",SSD,2025,Terrestrial,"Goats",-,"","",Animals,"",-,-
327,"South Sudan (Rep. of)",SSD,2025,Terrestrial,"Sheep / goats (mixed herd)",-,"24500000","",Animals,"","60",-
327,"South Sudan (Rep. of)",SSD,2025,Terrestrial,"Buffaloes",-,"","",Animals,"",-,-
327,"South Sudan (Rep. of)",SSD,2025,Terrestrial,"Equidae",-,"","",Animals,"",-,-
327,"South Sudan (Rep. of)",SSD,2025,Terrestrial,"Camelidae",-,"","",Animals,"",-,-
327,"South Sudan (Rep. of)",SSD,2025,Terrestrial,"Rabbits / hares (mixed group)",-,"","",Animals,"",-,-
327,"South Sudan (Rep. of)",SSD,2025,Terrestrial,"Cervidae",-,"","",Animals,"",-,-
327,"South Sudan (Rep. of)",SSD,2025,Terrestrial,"Dogs",-,"","",Animals,"",-,-
327,"South Sudan (Rep. of)",SSD,2025,Terrestrial,"Cats",-,"","",Animals,"",-,-
327,"South Sudan (Rep. of)",SSD,2025,Terrestrial,"Bees",-,"","",Hives / Nests,"",-,-
422,"Spain",ESP,2025,Terrestrial,"Cattle","Adult beef cattle","2089908","",Animals,"69592",-,-
422,"Spain",ESP,2025,Terrestrial,"Cattle","Adult dairy cattle","696487","",Animals,"8530",-,-
422,"Spain",ESP,2025,Terrestrial,"Cattle","Calves (<1 year) (cattle)","2408860","",Animals,"76917",-,-
422,"Spain",ESP,2025,Terrestrial,"Cattle","Males and females, 1-2 years, beef cattle","318576","",Animals,"43931",-,-
422,"Spain",ESP,2025,Terrestrial,"Cattle","Males and females, 1-2 years, dairy cattle","176632","",Animals,"7608",-,-
422,"Spain",ESP,2025,Terrestrial,"Cattle",-,"5690463","",Animals,"206578",-,-
422,"Spain",ESP,2025,Terrestrial,"Swine","Fatteners","20015306","",Animals,"23874",-,-
422,"Spain",ESP,2025,Terrestrial,"Swine","Piglets (pre-weaning)","3314385","",Animals,"5658",-,-
422,"Spain",ESP,2025,Terrestrial,"Swine",-,"23329691","",Animals,"29532",-,-
422,"Spain",ESP,2025,Terrestrial,"Birds","Broiler chickens","161124311","",Animals,"3522",-,-
422,"Spain",ESP,2025,Terrestrial,"Birds","Ducks","503806","",Animals,"186",-,-
422,"Spain",ESP,2025,Terrestrial,"Birds","Layer chickens","49033084","",Animals,"1408",-,-
422,"Spain",ESP,2025,Terrestrial,"Birds","Turkeys","10076004","",Animals,"725",-,-
422,"Spain",ESP,2025,Terrestrial,"Birds",-,"220737205","",Animals,"5841",-,-
422,"Spain",ESP,2025,Terrestrial,"Sheep","Adult (sheep)","8433917","",Animals,"70640",-,-
422,"Spain",ESP,2025,Terrestrial,"Sheep",-,"8433917","",Animals,"70640",-,-
422,"Spain",ESP,2025,Terrestrial,"Goats","Adult (goats)","1578018","",Animals,"30218",-,-
422,"Spain",ESP,2025,Terrestrial,"Goats",-,"1578018","",Animals,"30218",-,-
422,"Spain",ESP,2025,Terrestrial,"Sheep / goats (mixed herd)",-,"","",Animals,"",-,-
422,"Spain",ESP,2025,Terrestrial,"Buffaloes",-,"","",Animals,"",-,-
422,"Spain",ESP,2025,Terrestrial,"Equidae",-,"1243674","",Animals,"141169",-,-
422,"Spain",ESP,2025,Terrestrial,"Camelidae",-,"614","",Animals,"65",-,-
422,"Spain",ESP,2025,Terrestrial,"Rabbits / hares (mixed group)",-,"4119264","",Animals,"1181",-,-
422,"Spain",ESP,2025,Terrestrial,"Cervidae",-,"18259","",Animals,"108",-,-
422,"Spain",ESP,2025,Terrestrial,"Dogs",-,"","",Animals,"",-,-
422,"Spain",ESP,2025,Terrestrial,"Cats",-,"","",Animals,"",-,-
422,"Spain",ESP,2025,Terrestrial,"Bees",-,"2834672","",Hives / Nests,"21435",-,-
386,"Sudan",SDN,2025,Terrestrial,"Cattle","Adult beef cattle","12559291","13266",Animals,"26000","920","12204,6"
386,"Sudan",SDN,2025,Terrestrial,"Cattle","Adult dairy cattle","14535026","29755",Animals,"11000","800","23804"
386,"Sudan",SDN,2025,Terrestrial,"Cattle","Calves (<1 year) (cattle)","","3090",Animals,"","200","618"
386,"Sudan",SDN,2025,Terrestrial,"Cattle","Males and females, 1-2 years, beef cattle","11659385","108",Animals,"13000","500","54"
386,"Sudan",SDN,2025,Terrestrial,"Cattle","Males and females, 1-2 years, dairy cattle","11891738","13291",Animals,"5000","400","5316,4"
386,"Sudan",SDN,2025,Terrestrial,"Cattle",-,"50645440","",Animals,"55000",-,-
386,"Sudan",SDN,2025,Terrestrial,"Swine",-,"","",Animals,"",-,-
386,"Sudan",SDN,2025,Terrestrial,"Birds",-,"","",Animals,"",-,-
386,"Sudan",SDN,2025,Terrestrial,"Sheep","Adult (sheep)","8836089","51036",Animals,"42000","44","2245,4"
386,"Sudan",SDN,2025,Terrestrial,"Sheep","Lambs (<6 months) (sheep)","735825","12894",Animals,"99000","18","232"
386,"Sudan",SDN,2025,Terrestrial,"Sheep",-,"9571914","",Animals,"141000",-,-
386,"Sudan",SDN,2025,Terrestrial,"Goats","Adult (goats)","4586965","22020",Animals,"52000","30","660,6"
386,"Sudan",SDN,2025,Terrestrial,"Goats","Kids (<6 months) (goats)","3910868","35110",Animals,"19000","12","421,2"
386,"Sudan",SDN,2025,Terrestrial,"Goats",-,"8497833","",Animals,"71000",-,-
386,"Sudan",SDN,2025,Terrestrial,"Sheep / goats (mixed herd)",-,"3768110","",Animals,"","214",-
386,"Sudan",SDN,2025,Terrestrial,"Buffaloes",-,"","",Animals,"",-,-
386,"Sudan",SDN,2025,Terrestrial,"Equidae","Donkeys","1915","",Animals,"","600",-
386,"Sudan",SDN,2025,Terrestrial,"Equidae","Horses","63758","4024",Animals,"","800","3219,2"
386,"Sudan",SDN,2025,Terrestrial,"Equidae",-,"65673","",Animals,"",-,-
386,"Sudan",SDN,2025,Terrestrial,"Camelidae","Camels","","3729",Animals,"","1200","4474,8"
386,"Sudan",SDN,2025,Terrestrial,"Camelidae",-,"1267646","",Animals,"",-,-
386,"Sudan",SDN,2025,Terrestrial,"Rabbits / hares (mixed group)",-,"","",Animals,"",-,-
386,"Sudan",SDN,2025,Terrestrial,"Cervidae",-,"","",Animals,"",-,-
386,"Sudan",SDN,2025,Terrestrial,"Dogs",-,"27832","",Animals,"",-,-
386,"Sudan",SDN,2025,Terrestrial,"Cats",-,"","",Animals,"",-,-
386,"Sudan",SDN,2025,Terrestrial,"Bees",-,"","",Hives / Nests,"",-,-
399,"Sweden",SWE,2025,Terrestrial,"Cattle","Adult beef cattle","186017","",Animals,"",-,-
399,"Sweden",SWE,2025,Terrestrial,"Cattle","Adult dairy cattle","294256","",Animals,"",-,-
399,"Sweden",SWE,2025,Terrestrial,"Cattle","Calves (<1 year) (cattle)","441093","7260",Animals,"",-,"1210"
399,"Sweden",SWE,2025,Terrestrial,"Cattle",-,"1344515","382720",Animals,"30107",-,"128110"
399,"Sweden",SWE,2025,Terrestrial,"Swine","Adult (breeding) pigs","114132","",Animals,"",-,-
399,"Sweden",SWE,2025,Terrestrial,"Swine","Fatteners","870161","2534740",Animals,"",-,"240230"
399,"Sweden",SWE,2025,Terrestrial,"Swine",-,"1332879","2598950",Animals,"4621",-,"250160"
399,"Sweden",SWE,2025,Terrestrial,"Birds","Broiler chickens","12287261","114061420",Animals,"",-,"184440"
399,"Sweden",SWE,2025,Terrestrial,"Birds","Ducks","27779","",Animals,"2451",-,-
399,"Sweden",SWE,2025,Terrestrial,"Birds","Layer chickens","10484569","3024920",Animals,"",-,"3540"
399,"Sweden",SWE,2025,Terrestrial,"Birds","Turkeys","240175","445890",Animals,"430",-,"3910"
399,"Sweden",SWE,2025,Terrestrial,"Birds",-,"","117917160",Animals,"",-,"192920"
399,"Sweden",SWE,2025,Terrestrial,"Sheep","Adult (sheep)","276518","29140",Animals,"",-,"820"
399,"Sweden",SWE,2025,Terrestrial,"Sheep","Lambs (<6 months) (sheep)","","156630",Animals,"",-,"3080"
399,"Sweden",SWE,2025,Terrestrial,"Sheep",-,"378793","185770",Animals,"20800",-,"3900"
399,"Sweden",SWE,2025,Terrestrial,"Goats",-,"20690","",Animals,"5147",-,-
399,"Sweden",SWE,2025,Terrestrial,"Sheep / goats (mixed herd)",-,"","",Animals,"",-,-
399,"Sweden",SWE,2025,Terrestrial,"Buffaloes",-,"","",Animals,"",-,-
399,"Sweden",SWE,2025,Terrestrial,"Equidae","Donkeys","280","",Animals,"183",-,-
399,"Sweden",SWE,2025,Terrestrial,"Equidae","Horses","124034","770",Animals,"33259",-,"220"
399,"Sweden",SWE,2025,Terrestrial,"Equidae","Mules / Hinnies","7","",Animals,"12",-,-
399,"Sweden",SWE,2025,Terrestrial,"Equidae",-,"","",Animals,"",-,-
399,"Sweden",SWE,2025,Terrestrial,"Camelidae","Alpacas","2460","",Animals,"323",-,-
399,"Sweden",SWE,2025,Terrestrial,"Camelidae","Camels","55","",Animals,"18",-,-
399,"Sweden",SWE,2025,Terrestrial,"Camelidae","Llamas","153","",Animals,"56",-,-
399,"Sweden",SWE,2025,Terrestrial,"Camelidae",-,"","",Animals,"",-,-
399,"Sweden",SWE,2025,Terrestrial,"Rabbits / hares (mixed group)","Rabbits","7878","",Animals,"915",-,-
399,"Sweden",SWE,2025,Terrestrial,"Rabbits / hares (mixed group)",-,"","",Animals,"",-,-
399,"Sweden",SWE,2025,Terrestrial,"Cervidae","Cervidae: other","100","",Animals,"3",-,-
399,"Sweden",SWE,2025,Terrestrial,"Cervidae","Cervidae: Red deer + Wapiti + Reindeer","52432","",Animals,"102",-,-
399,"Sweden",SWE,2025,Terrestrial,"Cervidae","Cervidae: Sika deer + Rusa deer + Fallow deer","12234","",Animals,"157",-,-
399,"Sweden",SWE,2025,Terrestrial,"Cervidae",-,"","",Animals,"",-,-
399,"Sweden",SWE,2025,Terrestrial,"Dogs",-,"1078700","",Animals,"",-,-
399,"Sweden",SWE,2025,Terrestrial,"Cats",-,"615870","",Animals,"",-,-
399,"Sweden",SWE,2025,Terrestrial,"Bees",-,"","",Hives / Nests,"",-,-
433,"Switzerland",CHE,2025,Terrestrial,"Swine",-,"1257722","2294697",Animals,"4560",-,-
433,"Switzerland",CHE,2025,Terrestrial,"Birds","Broiler chickens","9873381","",Animals,"1967",-,"116944"
433,"Switzerland",CHE,2025,Terrestrial,"Birds","Ducks","16700","",Animals,"2356",-,-
433,"Switzerland",CHE,2025,Terrestrial,"Birds","Layer chickens","6047362","",Animals,"29665",-,-
433,"Switzerland",CHE,2025,Terrestrial,"Birds","Other birds","45270","",Animals,"3104",-,-
433,"Switzerland",CHE,2025,Terrestrial,"Birds","Turkeys","110755","",Animals,"634",-,"2189"
433,"Switzerland",CHE,2025,Terrestrial,"Birds",-,"16093468","",Animals,"37726",-,"119133"
433,"Switzerland",CHE,2025,Terrestrial,"Sheep",-,"355639","215517",Animals,"7682",-,-
433,"Switzerland",CHE,2025,Terrestrial,"Goats",-,"85591","37855",Animals,"7738",-,-
433,"Switzerland",CHE,2025,Terrestrial,"Sheep / goats (mixed herd)",-,"","",Animals,"",-,-
433,"Switzerland",CHE,2025,Terrestrial,"Buffaloes",-,"434","",Animals,"20",-,-
433,"Switzerland",CHE,2025,Terrestrial,"Equidae",-,"109911","1170",Animals,"18902",-,-
433,"Switzerland",CHE,2025,Terrestrial,"Camelidae",-,"10022","",Animals,"1446",-,-
433,"Switzerland",CHE,2025,Terrestrial,"Rabbits / hares (mixed group)","Rabbits","51434","",Animals,"3473",-,-
433,"Switzerland",CHE,2025,Terrestrial,"Rabbits / hares (mixed group)",-,"51434","",Animals,"3473",-,-
433,"Switzerland",CHE,2025,Terrestrial,"Cervidae",-,"15181","",Animals,"492",-,-
433,"Switzerland",CHE,2025,Terrestrial,"Dogs",-,"552289","",Animals,"",-,-
433,"Switzerland",CHE,2025,Terrestrial,"Cats",-,"803020","",Animals,"",-,-
433,"Switzerland",CHE,2025,Terrestrial,"Bees",-,"187500","",Hives / Nests,"16750",-,-
329,"Tanzania",TZA,2025,Terrestrial,"Cattle",-,"39241375","5551892",Animals,"2071550","260","666227"
329,"Tanzania",TZA,2025,Terrestrial,"Swine",-,"4131962","1049556",Animals,"536986","80","58775,1"
329,"Tanzania",TZA,2025,Terrestrial,"Birds",-,"108221085","73724999",Animals,"4338883","2","147450"
329,"Tanzania",TZA,2025,Terrestrial,"Sheep",-,"9658880","1665663",Animals,"677273","30","31647,6"
329,"Tanzania",TZA,2025,Terrestrial,"Goats",-,"28592597","7895489",Animals,"1815219","30","150014,3"
329,"Tanzania",TZA,2025,Terrestrial,"Sheep / goats (mixed herd)",-,"","",Animals,"",-,-
329,"Tanzania",TZA,2025,Terrestrial,"Buffaloes",-,"","",Animals,"",-,-
329,"Tanzania",TZA,2025,Terrestrial,"Equidae","Donkeys","636997","",Animals,"",-,-
329,"Tanzania",TZA,2025,Terrestrial,"Equidae","Horses","183","",Animals,"",-,-
329,"Tanzania",TZA,2025,Terrestrial,"Equidae",-,"637180","",Animals,"",-,-
329,"Tanzania",TZA,2025,Terrestrial,"Camelidae",-,"","",Animals,"",-,-
329,"Tanzania",TZA,2025,Terrestrial,"Rabbits / hares (mixed group)",-,"932998","",Animals,"",-,-
329,"Tanzania",TZA,2025,Terrestrial,"Cervidae",-,"","",Animals,"",-,-
329,"Tanzania",TZA,2025,Terrestrial,"Dogs",-,"2776918","",Animals,"",-,-
329,"Tanzania",TZA,2025,Terrestrial,"Cats",-,"","",Animals,"",-,-
329,"Tanzania",TZA,2025,Terrestrial,"Bees",-,"","",Hives / Nests,"",-,-
395,"Türkiye (Rep. of)",TUR,2025,Terrestrial,"Cattle","Adult beef cattle","1235324","",Animals,"",-,-
395,"Türkiye (Rep. of)",TUR,2025,Terrestrial,"Cattle","Adult dairy cattle","8696405","",Animals,"",-,-
395,"Türkiye (Rep. of)",TUR,2025,Terrestrial,"Cattle","Calves (<1 year) (cattle)","3323463","",Animals,"",-,-
395,"Türkiye (Rep. of)",TUR,2025,Terrestrial,"Cattle","Males and females, 1-2 years, beef cattle","2290289","",Animals,"",-,-
395,"Türkiye (Rep. of)",TUR,2025,Terrestrial,"Cattle","Males and females, 1-2 years, dairy cattle","2049263","",Animals,"",-,-
395,"Türkiye (Rep. of)",TUR,2025,Terrestrial,"Cattle",-,"17594744","4393202",Animals,"1063722",-,"2626014"
395,"Türkiye (Rep. of)",TUR,2025,Terrestrial,"Swine","Adult (breeding) pigs","451","",Animals,"",-,-
395,"Türkiye (Rep. of)",TUR,2025,Terrestrial,"Swine","Backyard pigs","909","",Animals,"",-,-
395,"Türkiye (Rep. of)",TUR,2025,Terrestrial,"Swine",-,"1360","361",Animals,"3",-,"42"
395,"Türkiye (Rep. of)",TUR,2025,Terrestrial,"Birds","Backyard poultry","12803918","",Animals,"",-,-
395,"Türkiye (Rep. of)",TUR,2025,Terrestrial,"Birds","Broiler chickens","266597427","1502494314",Animals,"8315",-,"5594014"
395,"Türkiye (Rep. of)",TUR,2025,Terrestrial,"Birds","Ducks","389086","",Animals,"",-,-
395,"Türkiye (Rep. of)",TUR,2025,Terrestrial,"Birds","Layer chickens","122589270","",Animals,"1729",-,-
395,"Türkiye (Rep. of)",TUR,2025,Terrestrial,"Birds","Other birds","1263907","",Animals,"",-,-
395,"Türkiye (Rep. of)",TUR,2025,Terrestrial,"Birds","Turkeys","3192168","4981853",Animals,"",-,"103042"
395,"Türkiye (Rep. of)",TUR,2025,Terrestrial,"Birds",-,"406835776","1507476167",Animals,"10044",-,"5697056"
395,"Türkiye (Rep. of)",TUR,2025,Terrestrial,"Sheep","Adult (sheep)","42762098","",Animals,"",-,-
395,"Türkiye (Rep. of)",TUR,2025,Terrestrial,"Sheep","Lambs (<6 months) (sheep)","3926715","",Animals,"",-,-
395,"Türkiye (Rep. of)",TUR,2025,Terrestrial,"Sheep",-,"46688813","20221572",Animals,"",-,"936940"
395,"Türkiye (Rep. of)",TUR,2025,Terrestrial,"Goats","Adult (goats)","10867854","",Animals,"",-,-
395,"Türkiye (Rep. of)",TUR,2025,Terrestrial,"Goats","Kids (<6 months) (goats)","317651","",Animals,"",-,-
395,"Türkiye (Rep. of)",TUR,2025,Terrestrial,"Goats",-,"11185505","4598785",Animals,"",-,"181488"
395,"Türkiye (Rep. of)",TUR,2025,Terrestrial,"Sheep / goats (mixed herd)",-,"","",Animals,"328202",-,-
395,"Türkiye (Rep. of)",TUR,2025,Terrestrial,"Buffaloes","Adult buffalo","133643","",Animals,"",-,-
395,"Türkiye (Rep. of)",TUR,2025,Terrestrial,"Buffaloes","Calves (<1 year) (buffaloes)","31142","",Animals,"",-,-
395,"Türkiye (Rep. of)",TUR,2025,Terrestrial,"Buffaloes",-,"164785","54990",Animals,"",-,"25818"
395,"Türkiye (Rep. of)",TUR,2025,Terrestrial,"Equidae","Donkeys","60332","",Animals,"",-,-
395,"Türkiye (Rep. of)",TUR,2025,Terrestrial,"Equidae","Horses","65339","",Animals,"",-,-
395,"Türkiye (Rep. of)",TUR,2025,Terrestrial,"Equidae","Mules / Hinnies","12398","",Animals,"",-,-
395,"Türkiye (Rep. of)",TUR,2025,Terrestrial,"Equidae",-,"138069","",Animals,"14434",-,-
395,"Türkiye (Rep. of)",TUR,2025,Terrestrial,"Camelidae","Camels","1055","",Animals,"",-,-
395,"Türkiye (Rep. of)",TUR,2025,Terrestrial,"Camelidae",-,"1055","",Animals,"",-,-
395,"Türkiye (Rep. of)",TUR,2025,Terrestrial,"Rabbits / hares (mixed group)",-,"","",Animals,"",-,-
395,"Türkiye (Rep. of)",TUR,2025,Terrestrial,"Cervidae",-,"","",Animals,"",-,-
395,"Türkiye (Rep. of)",TUR,2025,Terrestrial,"Dogs",-,"","",Animals,"",-,-
395,"Türkiye (Rep. of)",TUR,2025,Terrestrial,"Cats",-,"","",Animals,"",-,-
395,"Türkiye (Rep. of)",TUR,2025,Terrestrial,"Bees",-,"8817155","",Hives / Nests,"96646",-,-
443,"Ukraine",UKR,2025,Terrestrial,"Cattle",-,"1527300","",Animals,"",-,-
443,"Ukraine",UKR,2025,Terrestrial,"Swine",-,"4245400","",Animals,"",-,-
443,"Ukraine",UKR,2025,Terrestrial,"Birds",-,"188444400","",Animals,"",-,-
443,"Ukraine",UKR,2025,Terrestrial,"Sheep",-,"","",Animals,"",-,-
443,"Ukraine",UKR,2025,Terrestrial,"Goats",-,"","",Animals,"",-,-
443,"Ukraine",UKR,2025,Terrestrial,"Sheep / goats (mixed herd)",-,"664700","",Animals,"",-,-
443,"Ukraine",UKR,2025,Terrestrial,"Buffaloes",-,"","",Animals,"",-,-
443,"Ukraine",UKR,2025,Terrestrial,"Equidae",-,"60900","",Animals,"",-,-
443,"Ukraine",UKR,2025,Terrestrial,"Camelidae",-,"","",Animals,"",-,-
443,"Ukraine",UKR,2025,Terrestrial,"Rabbits / hares (mixed group)",-,"833913","",Animals,"",-,-
443,"Ukraine",UKR,2025,Terrestrial,"Cervidae",-,"","",Animals,"",-,-
443,"Ukraine",UKR,2025,Terrestrial,"Dogs",-,"2401600","",Animals,"",-,-
443,"Ukraine",UKR,2025,Terrestrial,"Cats",-,"1874600","",Animals,"",-,-
443,"Ukraine",UKR,2025,Terrestrial,"Bees",-,"2130045","",Hives / Nests,"57559",-,-
447,"United Arab Emirates",ARE,2025,Terrestrial,"Cattle",-,"111166","",Animals,"19",-,-
447,"United Arab Emirates",ARE,2025,Terrestrial,"Swine",-,"","",Animals,"",-,-
447,"United Arab Emirates",ARE,2025,Terrestrial,"Birds",-,"49257221","",Animals,"42",-,-
447,"United Arab Emirates",ARE,2025,Terrestrial,"Sheep",-,"2074668","",Animals,"",-,-
447,"United Arab Emirates",ARE,2025,Terrestrial,"Goats",-,"2217644","",Animals,"",-,-
447,"United Arab Emirates",ARE,2025,Terrestrial,"Sheep / goats (mixed herd)",-,"","",Animals,"",-,-
447,"United Arab Emirates",ARE,2025,Terrestrial,"Buffaloes",-,"0","0",Animals,"0","0","0"
447,"United Arab Emirates",ARE,2025,Terrestrial,"Equidae",-,"25700","0",Animals,"524",-,"0"
447,"United Arab Emirates",ARE,2025,Terrestrial,"Camelidae",-,"578556","",Animals,"",-,-
447,"United Arab Emirates",ARE,2025,Terrestrial,"Rabbits / hares (mixed group)",-,"","",Animals,"",-,-
447,"United Arab Emirates",ARE,2025,Terrestrial,"Cervidae",-,"","",Animals,"",-,-
447,"United Arab Emirates",ARE,2025,Terrestrial,"Dogs",-,"","",Animals,"",-,-
447,"United Arab Emirates",ARE,2025,Terrestrial,"Cats",-,"","",Animals,"",-,-
447,"United Arab Emirates",ARE,2025,Terrestrial,"Bees",-,"","",Hives / Nests,"",-,-
397,"United Kingdom",GBR,2025,Terrestrial,"Cattle","Adult beef cattle","1886636","",Animals,"",-,-
397,"United Kingdom",GBR,2025,Terrestrial,"Cattle","Adult dairy cattle","2065382","",Animals,"",-,-
397,"United Kingdom",GBR,2025,Terrestrial,"Cattle","Calves (<1 year) (cattle)","2852895","",Animals,"",-,-
397,"United Kingdom",GBR,2025,Terrestrial,"Cattle","Males and females, 1-2 years, beef cattle","1501625","",Animals,"",-,-
397,"United Kingdom",GBR,2025,Terrestrial,"Cattle","Males and females, 1-2 years, dairy cattle","486363","",Animals,"",-,-
397,"United Kingdom",GBR,2025,Terrestrial,"Cattle",-,"9442438","",Animals,"75401",-,-
397,"United Kingdom",GBR,2025,Terrestrial,"Swine","Adult (breeding) pigs","413154","",Animals,"",-,-
397,"United Kingdom",GBR,2025,Terrestrial,"Swine","Backyard pigs","165","",Animals,"",-,-
397,"United Kingdom",GBR,2025,Terrestrial,"Swine","Fatteners","3642311","",Animals,"",-,-
397,"United Kingdom",GBR,2025,Terrestrial,"Swine","Piglets (pre-weaning)","570104","",Animals,"",-,-
397,"United Kingdom",GBR,2025,Terrestrial,"Swine",-,"4717249","",Animals,"9878",-,-
397,"United Kingdom",GBR,2025,Terrestrial,"Birds","Backyard poultry","6300","",Animals,"",-,-
397,"United Kingdom",GBR,2025,Terrestrial,"Birds","Broiler chickens","112374225","",Animals,"",-,-
397,"United Kingdom",GBR,2025,Terrestrial,"Birds","Ducks","1874485","",Animals,"",-,-
397,"United Kingdom",GBR,2025,Terrestrial,"Birds","Layer chickens","37273418","",Animals,"",-,-
397,"United Kingdom",GBR,2025,Terrestrial,"Birds","Other birds","21305330","",Animals,"",-,-
397,"United Kingdom",GBR,2025,Terrestrial,"Birds","Turkeys","3193143","",Animals,"",-,-
397,"United Kingdom",GBR,2025,Terrestrial,"Birds",-,"176093934","",Animals,"30163",-,-
397,"United Kingdom",GBR,2025,Terrestrial,"Sheep","Adult (sheep)","15846535","",Animals,"",-,-
397,"United Kingdom",GBR,2025,Terrestrial,"Sheep","Lambs (<6 months) (sheep)","14843100","",Animals,"",-,-
397,"United Kingdom",GBR,2025,Terrestrial,"Sheep",-,"31132659","",Animals,"77764",-,-
397,"United Kingdom",GBR,2025,Terrestrial,"Goats","Adult (goats)","109986","",Animals,"",-,-
397,"United Kingdom",GBR,2025,Terrestrial,"Goats","Kids (<6 months) (goats)","1028","",Animals,"",-,-
397,"United Kingdom",GBR,2025,Terrestrial,"Goats",-,"111014","",Animals,"5377",-,-
397,"United Kingdom",GBR,2025,Terrestrial,"Sheep / goats (mixed herd)",-,"","",Animals,"",-,-
397,"United Kingdom",GBR,2025,Terrestrial,"Buffaloes",-,"","",Animals,"",-,-
397,"United Kingdom",GBR,2025,Terrestrial,"Equidae",-,"","",Animals,"",-,-
397,"United Kingdom",GBR,2025,Terrestrial,"Camelidae",-,"","",Animals,"",-,-
397,"United Kingdom",GBR,2025,Terrestrial,"Rabbits / hares (mixed group)",-,"","",Animals,"",-,-
397,"United Kingdom",GBR,2025,Terrestrial,"Cervidae",-,"37178","",Animals,"364",-,-
397,"United Kingdom",GBR,2025,Terrestrial,"Dogs",-,"","",Animals,"",-,-
397,"United Kingdom",GBR,2025,Terrestrial,"Cats",-,"","",Animals,"",-,-
397,"United Kingdom",GBR,2025,Terrestrial,"Bees",-,"","",Hives / Nests,"",-,-
355,"United States of America",USA,2025,Terrestrial,"Cattle",-,"86155300","",Animals,"732123",-,-
355,"United States of America",USA,2025,Terrestrial,"Swine",-,"75545000","",Animals,"60809",-,-
355,"United States of America",USA,2025,Terrestrial,"Birds","Broiler chickens","1737674957","",Animals,"42991",-,-
355,"United States of America",USA,2025,Terrestrial,"Birds","Layer chickens","388509039","",Animals,"240530",-,-
355,"United States of America",USA,2025,Terrestrial,"Birds","Turkeys","97312583","",Animals,"23431",-,-
355,"United States of America",USA,2025,Terrestrial,"Birds",-,"2223496579","",Animals,"306952",-,-
355,"United States of America",USA,2025,Terrestrial,"Sheep",-,"4990000","",Animals,"88853",-,-
355,"United States of America",USA,2025,Terrestrial,"Goats",-,"2509000","",Animals,"118703",-,-
355,"United States of America",USA,2025,Terrestrial,"Sheep / goats (mixed herd)",-,"","",Animals,"",-,-
355,"United States of America",USA,2025,Terrestrial,"Buffaloes",-,"","",Animals,"",-,-
355,"United States of America",USA,2025,Terrestrial,"Equidae",-,"2669057","",Animals,"471536",-,-
355,"United States of America",USA,2025,Terrestrial,"Camelidae",-,"129243","",Animals,"14872",-,-
355,"United States of America",USA,2025,Terrestrial,"Rabbits / hares (mixed group)",-,"199126","",Animals,"6400",-,-
355,"United States of America",USA,2025,Terrestrial,"Cervidae",-,"323275","",Animals,"4145",-,-
355,"United States of America",USA,2025,Terrestrial,"Dogs",-,"87300000","",Animals,"",-,-
355,"United States of America",USA,2025,Terrestrial,"Cats",-,"76300000","",Animals,"",-,-
355,"United States of America",USA,2025,Terrestrial,"Bees",-,"3800015","",Hives / Nests,"73496",-,-
375,"Uruguay",URY,2025,Terrestrial,"Cattle","Calves (<1 year) (cattle)","3039367","",Animals,"",-,-
375,"Uruguay",URY,2025,Terrestrial,"Cattle",-,"11454846","2400675",Animals,"39017",-,"634720"
375,"Uruguay",URY,2025,Terrestrial,"Swine","Adult (breeding) pigs","25257","",Animals,"",-,-
375,"Uruguay",URY,2025,Terrestrial,"Swine","Fatteners","50347","",Animals,"",-,-
375,"Uruguay",URY,2025,Terrestrial,"Swine","Piglets (pre-weaning)","39157","",Animals,"",-,-
375,"Uruguay",URY,2025,Terrestrial,"Swine",-,"114761","140628",Animals,"2997",-,"10623"
375,"Uruguay",URY,2025,Terrestrial,"Birds","Broiler chickens","","33826225",Animals,"214",-,-
375,"Uruguay",URY,2025,Terrestrial,"Birds","Layer chickens","","1719271",Animals,"126",-,-
375,"Uruguay",URY,2025,Terrestrial,"Birds",-,"","35545496",Animals,"340",-,"91680"
375,"Uruguay",URY,2025,Terrestrial,"Sheep","Adult (sheep)","3626812","",Animals,"",-,-
375,"Uruguay",URY,2025,Terrestrial,"Sheep","Lambs (<6 months) (sheep)","1125588","",Animals,"",-,-
375,"Uruguay",URY,2025,Terrestrial,"Sheep",-,"4752400","846403",Animals,"21597",-,"14799"
375,"Uruguay",URY,2025,Terrestrial,"Goats","Adult (goats)","8092","",Animals,"",-,-
375,"Uruguay",URY,2025,Terrestrial,"Goats","Kids (<6 months) (goats)","2214","",Animals,"",-,-
375,"Uruguay",URY,2025,Terrestrial,"Goats",-,"10306","",Animals,"789",-,-
375,"Uruguay",URY,2025,Terrestrial,"Sheep / goats (mixed herd)",-,"0","0",Animals,"0","0","0"
375,"Uruguay",URY,2025,Terrestrial,"Buffaloes",-,"","0",Animals,"0",-,"0"
375,"Uruguay",URY,2025,Terrestrial,"Equidae","Horses","400166","",Animals,"",-,-
375,"Uruguay",URY,2025,Terrestrial,"Equidae",-,"400166","47880",Animals,"29002",-,"10292"
375,"Uruguay",URY,2025,Terrestrial,"Camelidae",-,"","",Animals,"",-,-
375,"Uruguay",URY,2025,Terrestrial,"Rabbits / hares (mixed group)",-,"","",Animals,"",-,-
375,"Uruguay",URY,2025,Terrestrial,"Cervidae",-,"","",Animals,"",-,-
375,"Uruguay",URY,2025,Terrestrial,"Dogs",-,"1448224","",Animals,"",-,-
375,"Uruguay",URY,2025,Terrestrial,"Cats",-,"691844","",Animals,"",-,-
375,"Uruguay",URY,2025,Terrestrial,"Bees",-,"592369","",Hives / Nests,"2341",-,-
189,"Afghanistan",AFG,2024,Terrestrial,"Cattle","Adult beef cattle","0","",Animals,"",-,-
189,"Afghanistan",AFG,2024,Terrestrial,"Cattle","Adult dairy cattle","3500000","127213",Animals,"","600","68442"
189,"Afghanistan",AFG,2024,Terrestrial,"Cattle","Calves (<1 year) (cattle)","350000","",Animals,"","140",-
189,"Afghanistan",AFG,2024,Terrestrial,"Cattle","Males and females, 1-2 years, beef cattle","0","",Animals,"",-,-
189,"Afghanistan",AFG,2024,Terrestrial,"Cattle","Males and females, 1-2 years, dairy cattle","1127000","",Animals,"","296",-
189,"Afghanistan",AFG,2024,Terrestrial,"Cattle",-,"4977000","231148",Animals,"","508","92458"
189,"Afghanistan",AFG,2024,Terrestrial,"Swine",-,"","",Animals,"",-,-
189,"Afghanistan",AFG,2024,Terrestrial,"Birds","Backyard poultry","3088942","1234567",Animals,"","4","4938"
189,"Afghanistan",AFG,2024,Terrestrial,"Birds","Broiler chickens","8676985","2345678",Animals,"","3,2","7506"
189,"Afghanistan",AFG,2024,Terrestrial,"Birds","Ducks","359060","5678",Animals,"","4","22,6"
189,"Afghanistan",AFG,2024,Terrestrial,"Birds","Layer chickens","3088947","1562342",Animals,"","2,4","3748"
189,"Afghanistan",AFG,2024,Terrestrial,"Birds","Other birds","0","0",Animals,"","0","0"
189,"Afghanistan",AFG,2024,Terrestrial,"Birds","Turkeys","359060","67345",Animals,"","12","808"
189,"Afghanistan",AFG,2024,Terrestrial,"Birds",-,"15573000","",Animals,"","3,2","253600"
189,"Afghanistan",AFG,2024,Terrestrial,"Sheep","Adult (sheep)","11234567","1123456",Animals,"","60",-
189,"Afghanistan",AFG,2024,Terrestrial,"Sheep","Lambs (<6 months) (sheep)","2631433","0",Animals,"","26",-
189,"Afghanistan",AFG,2024,Terrestrial,"Sheep",-,"13866000","1588177",Animals,"","53",-
189,"Afghanistan",AFG,2024,Terrestrial,"Goats","Adult (goats)","5534678","653818",Animals,"","48","31382"
189,"Afghanistan",AFG,2024,Terrestrial,"Goats","Kids (<6 months) (goats)","2063322","",Animals,"","22",-
189,"Afghanistan",AFG,2024,Terrestrial,"Goats",-,"7598000","653818",Animals,"","48","31382"
189,"Afghanistan",AFG,2024,Terrestrial,"Sheep / goats (mixed herd)",-,"","",Animals,"",-,-
189,"Afghanistan",AFG,2024,Terrestrial,"Buffaloes",-,"","",Animals,"",-,-
189,"Afghanistan",AFG,2024,Terrestrial,"Equidae","Donkeys","1317000","",Animals,"",-,-
189,"Afghanistan",AFG,2024,Terrestrial,"Equidae","Horses","175000","",Animals,"",-,-
189,"Afghanistan",AFG,2024,Terrestrial,"Equidae","Mules / Hinnies","0","",Animals,"",-,-
189,"Afghanistan",AFG,2024,Terrestrial,"Equidae",-,"1492000","",Animals,"",-,-
189,"Afghanistan",AFG,2024,Terrestrial,"Camelidae",-,"172000","",Animals,"",-,-
189,"Afghanistan",AFG,2024,Terrestrial,"Rabbits / hares (mixed group)",-,"","",Animals,"",-,-
189,"Afghanistan",AFG,2024,Terrestrial,"Cervidae",-,"","",Animals,"",-,-
189,"Afghanistan",AFG,2024,Terrestrial,"Dogs",-,"","",Animals,"",-,-
189,"Afghanistan",AFG,2024,Terrestrial,"Cats",-,"","",Animals,"",-,-
189,"Afghanistan",AFG,2024,Terrestrial,"Bees",-,"","",Hives / Nests,"",-,-
300,"Albania",ALB,2024,Terrestrial,"Cattle",-,"281000","",Animals,"",-,-
300,"Albania",ALB,2024,Terrestrial,"Swine",-,"74700","",Animals,"",-,-
300,"Albania",ALB,2024,Terrestrial,"Birds",-,"6757000","",Animals,"",-,-
300,"Albania",ALB,2024,Terrestrial,"Sheep",-,"1179300","",Animals,"",-,-
300,"Albania",ALB,2024,Terrestrial,"Goats",-,"647000","",Animals,"",-,-
300,"Albania",ALB,2024,Terrestrial,"Sheep / goats (mixed herd)",-,"","",Animals,"",-,-
300,"Albania",ALB,2024,Terrestrial,"Buffaloes",-,"30","",Animals,"",-,-
300,"Albania",ALB,2024,Terrestrial,"Equidae",-,"57732","",Animals,"",-,-
300,"Albania",ALB,2024,Terrestrial,"Camelidae",-,"","",Animals,"",-,-
300,"Albania",ALB,2024,Terrestrial,"Rabbits / hares (mixed group)",-,"","",Animals,"",-,-
300,"Albania",ALB,2024,Terrestrial,"Cervidae",-,"","",Animals,"",-,-
300,"Albania",ALB,2024,Terrestrial,"Dogs",-,"7000","",Animals,"",-,-
300,"Albania",ALB,2024,Terrestrial,"Cats",-,"4755","",Animals,"",-,-
300,"Albania",ALB,2024,Terrestrial,"Bees",-,"677369","",Hives / Nests,"",-,-
430,"Angola",AGO,2024,Terrestrial,"Cattle",-,"3242682","611688",Animals,"","180","110104"
430,"Angola",AGO,2024,Terrestrial,"Swine",-,"1679872","235620",Animals,"","50","11781"
430,"Angola",AGO,2024,Terrestrial,"Birds","Backyard poultry","8273779","720308",Animals,"","1,4","1008432"
430,"Angola",AGO,2024,Terrestrial,"Birds","Broiler chickens","105054","58438",Animals,"","1,3","75970"
430,"Angola",AGO,2024,Terrestrial,"Birds","Ducks","11124","2317",Animals,"","2,9","6721"
430,"Angola",AGO,2024,Terrestrial,"Birds","Layer chickens","551219","45514",Animals,"","2,2","100132"
430,"Angola",AGO,2024,Terrestrial,"Birds","Other birds","60986","10878",Animals,"","2,5","27195"
430,"Angola",AGO,2024,Terrestrial,"Birds",-,"9002162","837455",Animals,"","1,2","1218450"
430,"Angola",AGO,2024,Terrestrial,"Sheep",-,"384158","23320",Animals,"","25","583"
430,"Angola",AGO,2024,Terrestrial,"Goats",-,"4733952","3356600",Animals,"","20","67132"
430,"Angola",AGO,2024,Terrestrial,"Sheep / goats (mixed herd)",-,"","",Animals,"",-,-
430,"Angola",AGO,2024,Terrestrial,"Buffaloes",-,"","",Animals,"",-,-
430,"Angola",AGO,2024,Terrestrial,"Equidae",-,"","",Animals,"",-,-
430,"Angola",AGO,2024,Terrestrial,"Camelidae",-,"","",Animals,"",-,-
430,"Angola",AGO,2024,Terrestrial,"Rabbits / hares (mixed group)",-,"","",Animals,"",-,-
430,"Angola",AGO,2024,Terrestrial,"Cervidae",-,"","",Animals,"",-,-
430,"Angola",AGO,2024,Terrestrial,"Dogs",-,"","",Animals,"",-,-
430,"Angola",AGO,2024,Terrestrial,"Cats",-,"","",Animals,"",-,-
430,"Angola",AGO,2024,Terrestrial,"Bees",-,"","",Hives / Nests,"",-,-
299,"Argentina",ARG,2024,Terrestrial,"Cattle",-,"51624909","13998192",Animals,"165167",-,-
299,"Argentina",ARG,2024,Terrestrial,"Swine",-,"6115713","8329650",Animals,"45243",-,-
299,"Argentina",ARG,2024,Terrestrial,"Birds",-,"786227296","786227296",Animals,"53837",-,-
299,"Argentina",ARG,2024,Terrestrial,"Sheep",-,"12442084","885696",Animals,"60249",-,-
299,"Argentina",ARG,2024,Terrestrial,"Goats",-,"4122128","85230",Animals,"46242",-,-
299,"Argentina",ARG,2024,Terrestrial,"Sheep / goats (mixed herd)",-,"","",Animals,"",-,-
299,"Argentina",ARG,2024,Terrestrial,"Buffaloes",-,"181612","18557",Animals,"3934",-,-
299,"Argentina",ARG,2024,Terrestrial,"Equidae",-,"2695854","99411",Animals,"166923",-,-
299,"Argentina",ARG,2024,Terrestrial,"Camelidae",-,"286105","98",Animals,"4908",-,-
299,"Argentina",ARG,2024,Terrestrial,"Rabbits / hares (mixed group)",-,"199111","2598",Animals,"1218",-,-
299,"Argentina",ARG,2024,Terrestrial,"Cervidae",-,"46631","500",Animals,"258",-,-
299,"Argentina",ARG,2024,Terrestrial,"Dogs",-,"","",Animals,"",-,-
299,"Argentina",ARG,2024,Terrestrial,"Cats",-,"","",Animals,"",-,-
299,"Argentina",ARG,2024,Terrestrial,"Bees",-,"3260015","",Hives / Nests,"45890",-,-
161,"Armenia",ARM,2024,Terrestrial,"Cattle",-,"491600","",Animals,"",-,-
161,"Armenia",ARM,2024,Terrestrial,"Swine",-,"187000","",Animals,"",-,-
161,"Armenia",ARM,2024,Terrestrial,"Birds",-,"","",Animals,"",-,-
161,"Armenia",ARM,2024,Terrestrial,"Sheep",-,"","",Animals,"",-,-
161,"Armenia",ARM,2024,Terrestrial,"Goats",-,"","",Animals,"",-,-
161,"Armenia",ARM,2024,Terrestrial,"Sheep / goats (mixed herd)",-,"710100","",Animals,"",-,-
161,"Armenia",ARM,2024,Terrestrial,"Buffaloes",-,"","",Animals,"",-,-
161,"Armenia",ARM,2024,Terrestrial,"Equidae",-,"14100","",Animals,"",-,-
161,"Armenia",ARM,2024,Terrestrial,"Camelidae",-,"","",Animals,"",-,-
161,"Armenia",ARM,2024,Terrestrial,"Rabbits / hares (mixed group)",-,"","",Animals,"",-,-
161,"Armenia",ARM,2024,Terrestrial,"Cervidae",-,"","",Animals,"",-,-
161,"Armenia",ARM,2024,Terrestrial,"Dogs",-,"","",Animals,"",-,-
161,"Armenia",ARM,2024,Terrestrial,"Cats",-,"","",Animals,"",-,-
161,"Armenia",ARM,2024,Terrestrial,"Bees",-,"","",Hives / Nests,"",-,-
234,"Australia",AUS,2024,Terrestrial,"Cattle",-,"","9148000",Animals,"",-,"2694000"
234,"Australia",AUS,2024,Terrestrial,"Swine",-,"2500000","5871000",Animals,"",-,"478000"
234,"Australia",AUS,2024,Terrestrial,"Birds",-,"","756000000",Animals,"",-,"1545000"
234,"Australia",AUS,2024,Terrestrial,"Sheep","Adult (sheep)","","12479000",Animals,"",-,"315000"
234,"Australia",AUS,2024,Terrestrial,"Sheep","Lambs (<6 months) (sheep)","","25517000",Animals,"",-,"589000"
234,"Australia",AUS,2024,Terrestrial,"Sheep",-,"","37996000",Animals,"20147",-,"904000"
234,"Australia",AUS,2024,Terrestrial,"Goats",-,"","",Animals,"",-,-
234,"Australia",AUS,2024,Terrestrial,"Sheep / goats (mixed herd)",-,"","",Animals,"",-,-
234,"Australia",AUS,2024,Terrestrial,"Buffaloes",-,"","",Animals,"",-,-
234,"Australia",AUS,2024,Terrestrial,"Equidae",-,"","",Animals,"",-,-
234,"Australia",AUS,2024,Terrestrial,"Camelidae",-,"","",Animals,"",-,-
234,"Australia",AUS,2024,Terrestrial,"Rabbits / hares (mixed group)",-,"","",Animals,"",-,-
234,"Australia",AUS,2024,Terrestrial,"Cervidae",-,"","",Animals,"",-,-
234,"Australia",AUS,2024,Terrestrial,"Dogs",-,"","",Animals,"",-,-
234,"Australia",AUS,2024,Terrestrial,"Cats",-,"","",Animals,"",-,-
234,"Australia",AUS,2024,Terrestrial,"Bees",-,"","",Hives / Nests,"",-,-
126,"Austria",AUT,2024,Terrestrial,"Cattle","Adult beef cattle","217780","",Animals,"",-,-
126,"Austria",AUT,2024,Terrestrial,"Cattle","Adult dairy cattle","613964","",Animals,"",-,-
126,"Austria",AUT,2024,Terrestrial,"Cattle","Calves (<1 year) (cattle)","575530","",Animals,"",-,-
126,"Austria",AUT,2024,Terrestrial,"Cattle",-,"1831700","608900",Animals,"51602",-,"203500"
126,"Austria",AUT,2024,Terrestrial,"Swine","Adult (breeding) pigs","606271","",Animals,"",-,-
126,"Austria",AUT,2024,Terrestrial,"Swine","Fatteners","1288823","",Animals,"",-,-
126,"Austria",AUT,2024,Terrestrial,"Swine","Piglets (pre-weaning)","708511","",Animals,"",-,-
126,"Austria",AUT,2024,Terrestrial,"Swine",-,"2603605","4651439",Animals,"23004",-,"457800"
126,"Austria",AUT,2024,Terrestrial,"Birds","Broiler chickens","11825106","",Animals,"",-,-
126,"Austria",AUT,2024,Terrestrial,"Birds","Layer chickens","8357207","",Animals,"",-,-
126,"Austria",AUT,2024,Terrestrial,"Birds","Turkeys","850893","",Animals,"",-,-
126,"Austria",AUT,2024,Terrestrial,"Birds",-,"24673008","106212835",Animals,"77091",-,-
126,"Austria",AUT,2024,Terrestrial,"Sheep","Adult (sheep)","295882","",Animals,"",-,-
126,"Austria",AUT,2024,Terrestrial,"Sheep","Lambs (<6 months) (sheep)","160090","",Animals,"",-,-
126,"Austria",AUT,2024,Terrestrial,"Sheep",-,"455972","339200",Animals,"17703",-,"6900"
126,"Austria",AUT,2024,Terrestrial,"Goats","Adult (goats)","91686","",Animals,"",-,-
126,"Austria",AUT,2024,Terrestrial,"Goats","Kids (<6 months) (goats)","29065","",Animals,"",-,-
126,"Austria",AUT,2024,Terrestrial,"Goats",-,"120751","68900",Animals,"10880",-,"736"
126,"Austria",AUT,2024,Terrestrial,"Sheep / goats (mixed herd)",-,"119619","",Animals,"3314",-,-
126,"Austria",AUT,2024,Terrestrial,"Buffaloes",-,"626","",Animals,"42",-,-
126,"Austria",AUT,2024,Terrestrial,"Equidae",-,"110444","276",Animals,"20070",-,"64"
126,"Austria",AUT,2024,Terrestrial,"Camelidae",-,"12658","",Animals,"1558",-,-
126,"Austria",AUT,2024,Terrestrial,"Rabbits / hares (mixed group)",-,"35869","",Animals,"4652",-,-
126,"Austria",AUT,2024,Terrestrial,"Cervidae",-,"53064","",Animals,"2184",-,-
126,"Austria",AUT,2024,Terrestrial,"Dogs",-,"732681","",Animals,"",-,-
126,"Austria",AUT,2024,Terrestrial,"Cats",-,"","",Animals,"",-,-
126,"Austria",AUT,2024,Terrestrial,"Bees",-,"353181","",Hives / Nests,"33433",-,-
107,"Azerbaijan",AZE,2024,Terrestrial,"Cattle","Adult beef cattle","165871","",Animals,"",-,-
107,"Azerbaijan",AZE,2024,Terrestrial,"Cattle","Adult dairy cattle","1377030","",Animals,"",-,-
107,"Azerbaijan",AZE,2024,Terrestrial,"Cattle","Calves (<1 year) (cattle)","578662","",Animals,"",-,-
107,"Azerbaijan",AZE,2024,Terrestrial,"Cattle","Males and females, 1-2 years, beef cattle","157006","",Animals,"",-,-
107,"Azerbaijan",AZE,2024,Terrestrial,"Cattle","Males and females, 1-2 years, dairy cattle","187053","",Animals,"",-,-
107,"Azerbaijan",AZE,2024,Terrestrial,"Cattle",-,"2465622","1367279",Animals,"528694","198,9","152877,5"
107,"Azerbaijan",AZE,2024,Terrestrial,"Swine","Adult (breeding) pigs","2201","",Animals,"",-,-
107,"Azerbaijan",AZE,2024,Terrestrial,"Swine",-,"3103","9406",Animals,"579","73,5","487,3"
107,"Azerbaijan",AZE,2024,Terrestrial,"Birds","Layer chickens","14309000","",Animals,"",-,-
107,"Azerbaijan",AZE,2024,Terrestrial,"Birds",-,"29290322","121380000",Animals,"827912","1,6","143231"
107,"Azerbaijan",AZE,2024,Terrestrial,"Sheep","Adult (sheep)","3770770","",Animals,"",-,-
107,"Azerbaijan",AZE,2024,Terrestrial,"Sheep",-,"6502333","",Animals,"278842",-,-
107,"Azerbaijan",AZE,2024,Terrestrial,"Goats","Adult (goats)","233458","",Animals,"",-,-
107,"Azerbaijan",AZE,2024,Terrestrial,"Goats",-,"394187","",Animals,"48178",-,-
107,"Azerbaijan",AZE,2024,Terrestrial,"Sheep / goats (mixed herd)",-,"","6142152",Animals,"","30,3","89727,1"
107,"Azerbaijan",AZE,2024,Terrestrial,"Buffaloes","Adult buffalo","56791","",Animals,"",-,-
107,"Azerbaijan",AZE,2024,Terrestrial,"Buffaloes","Calves (<1 year) (buffaloes)","25521","",Animals,"",-,-
107,"Azerbaijan",AZE,2024,Terrestrial,"Buffaloes",-,"95425","",Animals,"9493",-,-
107,"Azerbaijan",AZE,2024,Terrestrial,"Equidae","Donkeys","12709","",Animals,"",-,-
107,"Azerbaijan",AZE,2024,Terrestrial,"Equidae","Horses","49442","",Animals,"",-,-
107,"Azerbaijan",AZE,2024,Terrestrial,"Equidae","Mules / Hinnies","35","",Animals,"",-,-
107,"Azerbaijan",AZE,2024,Terrestrial,"Equidae",-,"62186","",Animals,"30774",-,-
107,"Azerbaijan",AZE,2024,Terrestrial,"Camelidae","Alpacas","44","",Animals,"2",-,-
107,"Azerbaijan",AZE,2024,Terrestrial,"Camelidae","Camels","350","",Animals,"3",-,-
107,"Azerbaijan",AZE,2024,Terrestrial,"Camelidae","Llamas","19","",Animals,"1",-,-
107,"Azerbaijan",AZE,2024,Terrestrial,"Camelidae",-,"413","",Animals,"6",-,-
107,"Azerbaijan",AZE,2024,Terrestrial,"Rabbits / hares (mixed group)","Hares","14258","",Animals,"",-,-
107,"Azerbaijan",AZE,2024,Terrestrial,"Rabbits / hares (mixed group)","Rabbits","896","",Animals,"",-,-
107,"Azerbaijan",AZE,2024,Terrestrial,"Rabbits / hares (mixed group)",-,"15154","",Animals,"",-,-
107,"Azerbaijan",AZE,2024,Terrestrial,"Cervidae",-,"1303","",Animals,"",-,-
107,"Azerbaijan",AZE,2024,Terrestrial,"Dogs",-,"221158","",Animals,"",-,-
107,"Azerbaijan",AZE,2024,Terrestrial,"Cats",-,"252156","",Animals,"",-,-
107,"Azerbaijan",AZE,2024,Terrestrial,"Bees",-,"579027","",Hives / Nests,"10532",-,-
122,"Bahrain",BHR,2024,Terrestrial,"Cattle",-,"5690","222",Animals,"226",-,-
122,"Bahrain",BHR,2024,Terrestrial,"Swine",-,"","",Animals,"",-,-
122,"Bahrain",BHR,2024,Terrestrial,"Birds",-,"","",Animals,"",-,-
122,"Bahrain",BHR,2024,Terrestrial,"Sheep",-,"","",Animals,"",-,-
122,"Bahrain",BHR,2024,Terrestrial,"Goats",-,"","",Animals,"",-,-
122,"Bahrain",BHR,2024,Terrestrial,"Sheep / goats (mixed herd)",-,"36768","34765",Animals,"404",-,-
122,"Bahrain",BHR,2024,Terrestrial,"Buffaloes",-,"22","",Animals,"2",-,-
122,"Bahrain",BHR,2024,Terrestrial,"Equidae",-,"5250","",Animals,"390",-,-
122,"Bahrain",BHR,2024,Terrestrial,"Camelidae",-,"3100","",Animals,"63",-,-
122,"Bahrain",BHR,2024,Terrestrial,"Rabbits / hares (mixed group)",-,"","",Animals,"",-,-
122,"Bahrain",BHR,2024,Terrestrial,"Cervidae",-,"3035","",Animals,"13",-,-
122,"Bahrain",BHR,2024,Terrestrial,"Dogs",-,"","",Animals,"",-,-
122,"Bahrain",BHR,2024,Terrestrial,"Cats",-,"","",Animals,"",-,-
122,"Bahrain",BHR,2024,Terrestrial,"Bees",-,"","",Hives / Nests,"",-,-
228,"Bangladesh",BGD,2024,Terrestrial,"Cattle",-,"25013000","18265538",Animals,"",-,"5146744"
228,"Bangladesh",BGD,2024,Terrestrial,"Swine",-,"40088","",Animals,"",-,-
228,"Bangladesh",BGD,2024,Terrestrial,"Birds","Ducks","68261000","",Animals,"",-,"326837"
228,"Bangladesh",BGD,2024,Terrestrial,"Birds",-,"396038000","",Animals,"",-,"3496073"
228,"Bangladesh",BGD,2024,Terrestrial,"Sheep",-,"3903000","1784409",Animals,"",-,"89037"
228,"Bangladesh",BGD,2024,Terrestrial,"Goats",-,"27117000","16557376",Animals,"",-,"789989"
228,"Bangladesh",BGD,2024,Terrestrial,"Sheep / goats (mixed herd)",-,"","",Animals,"",-,-
228,"Bangladesh",BGD,2024,Terrestrial,"Buffaloes",-,"1524000","497346",Animals,"",-,"647075"
228,"Bangladesh",BGD,2024,Terrestrial,"Equidae",-,"","",Animals,"",-,-
228,"Bangladesh",BGD,2024,Terrestrial,"Camelidae",-,"","",Animals,"",-,-
228,"Bangladesh",BGD,2024,Terrestrial,"Rabbits / hares (mixed group)",-,"","",Animals,"",-,-
228,"Bangladesh",BGD,2024,Terrestrial,"Cervidae",-,"","",Animals,"",-,-
228,"Bangladesh",BGD,2024,Terrestrial,"Dogs",-,"1900000","",Animals,"",-,-
228,"Bangladesh",BGD,2024,Terrestrial,"Cats",-,"","",Animals,"",-,-
228,"Bangladesh",BGD,2024,Terrestrial,"Bees",-,"","",Hives / Nests,"",-,-
170,"Barbados",BRB,2024,Terrestrial,"Cattle",-,"5000","",Animals,"",-,-
170,"Barbados",BRB,2024,Terrestrial,"Swine",-,"5000","",Animals,"",-,-
170,"Barbados",BRB,2024,Terrestrial,"Birds",-,"8000000","",Animals,"",-,-
170,"Barbados",BRB,2024,Terrestrial,"Sheep",-,"20000","",Animals,"",-,-
170,"Barbados",BRB,2024,Terrestrial,"Goats",-,"2000","",Animals,"",-,-
170,"Barbados",BRB,2024,Terrestrial,"Sheep / goats (mixed herd)",-,"","",Animals,"",-,-
170,"Barbados",BRB,2024,Terrestrial,"Buffaloes",-,"0","0",Animals,"0","0","0"
170,"Barbados",BRB,2024,Terrestrial,"Equidae",-,"1000","0",Animals,"",-,"0"
170,"Barbados",BRB,2024,Terrestrial,"Camelidae",-,"0","0",Animals,"0","0","0"
170,"Barbados",BRB,2024,Terrestrial,"Rabbits / hares (mixed group)","Rabbits","1700","",Animals,"",-,-
170,"Barbados",BRB,2024,Terrestrial,"Rabbits / hares (mixed group)",-,"1700","",Animals,"",-,-
170,"Barbados",BRB,2024,Terrestrial,"Cervidae",-,"8","0",Animals,"1",-,"0"
170,"Barbados",BRB,2024,Terrestrial,"Dogs",-,"","",Animals,"",-,-
170,"Barbados",BRB,2024,Terrestrial,"Cats",-,"","",Animals,"",-,-
170,"Barbados",BRB,2024,Terrestrial,"Bees",-,"525","",Hives / Nests,"75",-,-
314,"Belgium",BEL,2024,Terrestrial,"Cattle",-,"2145999","",Animals,"",-,-
314,"Belgium",BEL,2024,Terrestrial,"Swine",-,"5601133","",Animals,"",-,-
314,"Belgium",BEL,2024,Terrestrial,"Birds",-,"91972054","",Animals,"",-,-
314,"Belgium",BEL,2024,Terrestrial,"Sheep",-,"224192","",Animals,"",-,-
314,"Belgium",BEL,2024,Terrestrial,"Goats",-,"106593","",Animals,"",-,-
314,"Belgium",BEL,2024,Terrestrial,"Sheep / goats (mixed herd)",-,"","",Animals,"",-,-
314,"Belgium",BEL,2024,Terrestrial,"Buffaloes",-,"","",Animals,"",-,-
314,"Belgium",BEL,2024,Terrestrial,"Equidae","Donkeys","17510","",Animals,"",-,-
314,"Belgium",BEL,2024,Terrestrial,"Equidae","Horses","317014","",Animals,"",-,-
314,"Belgium",BEL,2024,Terrestrial,"Equidae","Mules / Hinnies","26","",Animals,"",-,-
314,"Belgium",BEL,2024,Terrestrial,"Equidae",-,"334550","",Animals,"",-,-
314,"Belgium",BEL,2024,Terrestrial,"Camelidae",-,"866","",Animals,"",-,-
314,"Belgium",BEL,2024,Terrestrial,"Rabbits / hares (mixed group)",-,"19259","",Animals,"",-,-
314,"Belgium",BEL,2024,Terrestrial,"Cervidae",-,"9195","",Animals,"",-,-
314,"Belgium",BEL,2024,Terrestrial,"Dogs",-,"2029000","",Animals,"",-,-
314,"Belgium",BEL,2024,Terrestrial,"Cats",-,"2536000","",Animals,"",-,-
314,"Belgium",BEL,2024,Terrestrial,"Bees",-,"77608","",Hives / Nests,"",-,-
438,"Belize",BLZ,2024,Terrestrial,"Cattle","Adult beef cattle","197855","",Animals,"",-,-
438,"Belize",BLZ,2024,Terrestrial,"Cattle","Adult dairy cattle","4842","",Animals,"",-,-
438,"Belize",BLZ,2024,Terrestrial,"Cattle",-,"202697","10500",Animals,"7215",-,-
438,"Belize",BLZ,2024,Terrestrial,"Swine",-,"16360","42839",Animals,"428",-,"4177,7"
438,"Belize",BLZ,2024,Terrestrial,"Birds","Broiler chickens","15857817","",Animals,"",-,-
438,"Belize",BLZ,2024,Terrestrial,"Birds","Turkeys","52325","",Animals,"",-,-
438,"Belize",BLZ,2024,Terrestrial,"Birds",-,"","12971193",Animals,"",-,"22710,8"
438,"Belize",BLZ,2024,Terrestrial,"Sheep",-,"17535","",Animals,"",-,-
438,"Belize",BLZ,2024,Terrestrial,"Goats",-,"","",Animals,"",-,-
438,"Belize",BLZ,2024,Terrestrial,"Sheep / goats (mixed herd)",-,"","",Animals,"",-,-
438,"Belize",BLZ,2024,Terrestrial,"Buffaloes",-,"","",Animals,"",-,-
438,"Belize",BLZ,2024,Terrestrial,"Equidae",-,"","",Animals,"",-,-
438,"Belize",BLZ,2024,Terrestrial,"Camelidae",-,"","",Animals,"",-,-
438,"Belize",BLZ,2024,Terrestrial,"Rabbits / hares (mixed group)",-,"","",Animals,"",-,-
438,"Belize",BLZ,2024,Terrestrial,"Cervidae",-,"","",Animals,"",-,-
438,"Belize",BLZ,2024,Terrestrial,"Dogs",-,"","",Animals,"",-,-
438,"Belize",BLZ,2024,Terrestrial,"Cats",-,"","",Animals,"",-,-
438,"Belize",BLZ,2024,Terrestrial,"Bees",-,"4184","",Hives / Nests,"291",-,-
184,"Bhutan",BTN,2024,Terrestrial,"Cattle",-,"284895","",Animals,"",-,-
184,"Bhutan",BTN,2024,Terrestrial,"Swine",-,"21891","",Animals,"",-,-
184,"Bhutan",BTN,2024,Terrestrial,"Birds",-,"1319257","",Animals,"",-,-
184,"Bhutan",BTN,2024,Terrestrial,"Sheep",-,"10411","",Animals,"",-,-
184,"Bhutan",BTN,2024,Terrestrial,"Goats",-,"59412","",Animals,"",-,-
184,"Bhutan",BTN,2024,Terrestrial,"Sheep / goats (mixed herd)",-,"","",Animals,"",-,-
184,"Bhutan",BTN,2024,Terrestrial,"Buffaloes",-,"385","",Animals,"",-,-
184,"Bhutan",BTN,2024,Terrestrial,"Equidae",-,"113300","",Animals,"",-,-
184,"Bhutan",BTN,2024,Terrestrial,"Camelidae",-,"0","0",Animals,"0","0","0"
184,"Bhutan",BTN,2024,Terrestrial,"Rabbits / hares (mixed group)",-,"","",Animals,"",-,-
184,"Bhutan",BTN,2024,Terrestrial,"Cervidae",-,"","",Animals,"",-,-
184,"Bhutan",BTN,2024,Terrestrial,"Dogs",-,"34222","",Animals,"",-,-
184,"Bhutan",BTN,2024,Terrestrial,"Cats",-,"41045","",Animals,"",-,-
184,"Bhutan",BTN,2024,Terrestrial,"Bees",-,"","",Hives / Nests,"",-,-
401,"Bolivia",BOL,2024,Terrestrial,"Cattle",-,"9314727","",Animals,"82840",-,-
401,"Bolivia",BOL,2024,Terrestrial,"Swine",-,"3148871","",Animals,"20043",-,-
401,"Bolivia",BOL,2024,Terrestrial,"Birds",-,"83059853","",Animals,"3094",-,-
401,"Bolivia",BOL,2024,Terrestrial,"Sheep",-,"4100679","",Animals,"22092",-,-
401,"Bolivia",BOL,2024,Terrestrial,"Goats",-,"1188521","",Animals,"6940",-,-
401,"Bolivia",BOL,2024,Terrestrial,"Sheep / goats (mixed herd)",-,"","",Animals,"",-,-
401,"Bolivia",BOL,2024,Terrestrial,"Buffaloes",-,"40569","",Animals,"397",-,-
401,"Bolivia",BOL,2024,Terrestrial,"Equidae",-,"153296","",Animals,"18190",-,-
401,"Bolivia",BOL,2024,Terrestrial,"Camelidae",-,"2548144","",Animals,"7425",-,-
401,"Bolivia",BOL,2024,Terrestrial,"Rabbits / hares (mixed group)",-,"","",Animals,"",-,-
401,"Bolivia",BOL,2024,Terrestrial,"Cervidae",-,"","",Animals,"",-,-
401,"Bolivia",BOL,2024,Terrestrial,"Dogs",-,"","",Animals,"",-,-
401,"Bolivia",BOL,2024,Terrestrial,"Cats",-,"","",Animals,"",-,-
401,"Bolivia",BOL,2024,Terrestrial,"Bees",-,"43677","",Hives / Nests,"4418",-,-
304,"Bosnia and Herzegovina",BIH,2024,Terrestrial,"Cattle","Adult dairy cattle","237000","",Animals,"",-,-
304,"Bosnia and Herzegovina",BIH,2024,Terrestrial,"Cattle",-,"383000","38616",Animals,"",-,-
304,"Bosnia and Herzegovina",BIH,2024,Terrestrial,"Swine",-,"447000","",Animals,"",-,-
304,"Bosnia and Herzegovina",BIH,2024,Terrestrial,"Birds","Layer chickens","5414000","",Animals,"",-,-
304,"Bosnia and Herzegovina",BIH,2024,Terrestrial,"Birds",-,"17547000","",Animals,"",-,-
304,"Bosnia and Herzegovina",BIH,2024,Terrestrial,"Sheep",-,"1099000","",Animals,"",-,-
304,"Bosnia and Herzegovina",BIH,2024,Terrestrial,"Goats",-,"62000","",Animals,"",-,-
304,"Bosnia and Herzegovina",BIH,2024,Terrestrial,"Sheep / goats (mixed herd)",-,"","",Animals,"",-,-
304,"Bosnia and Herzegovina",BIH,2024,Terrestrial,"Buffaloes",-,"0","0",Animals,"0","0","0"
304,"Bosnia and Herzegovina",BIH,2024,Terrestrial,"Equidae",-,"5000","",Animals,"",-,-
304,"Bosnia and Herzegovina",BIH,2024,Terrestrial,"Camelidae",-,"0","0",Animals,"0","0","0"
304,"Bosnia and Herzegovina",BIH,2024,Terrestrial,"Rabbits / hares (mixed group)",-,"","",Animals,"",-,-
304,"Bosnia and Herzegovina",BIH,2024,Terrestrial,"Cervidae",-,"","",Animals,"",-,-
304,"Bosnia and Herzegovina",BIH,2024,Terrestrial,"Dogs",-,"208961","",Animals,"",-,-
304,"Bosnia and Herzegovina",BIH,2024,Terrestrial,"Cats",-,"21474","",Animals,"",-,-
304,"Bosnia and Herzegovina",BIH,2024,Terrestrial,"Bees",-,"432000","",Hives / Nests,"",-,-
148,"Botswana",BWA,2024,Terrestrial,"Cattle","Adult beef cattle","1400000","235459",Animals,"87","400","47092"
148,"Botswana",BWA,2024,Terrestrial,"Cattle","Adult dairy cattle","","0",Animals,"0","400","0"
148,"Botswana",BWA,2024,Terrestrial,"Cattle","Males and females, 1-2 years, beef cattle","","",Animals,"0",-,-
148,"Botswana",BWA,2024,Terrestrial,"Cattle","Males and females, 1-2 years, dairy cattle","","0",Animals,"0","150","0"
148,"Botswana",BWA,2024,Terrestrial,"Cattle",-,"1900000","235459",Animals,"87","400","47092"
148,"Botswana",BWA,2024,Terrestrial,"Swine","Adult (breeding) pigs","","",Animals,"","350",-
148,"Botswana",BWA,2024,Terrestrial,"Swine","Fatteners","","19275",Animals,"5","150","2120"
148,"Botswana",BWA,2024,Terrestrial,"Swine","Piglets (pre-weaning)","","0",Animals,"0","20","0"
148,"Botswana",BWA,2024,Terrestrial,"Swine",-,"10200","19275",Animals,"5","150","2120"
148,"Botswana",BWA,2024,Terrestrial,"Birds","Backyard poultry","0","0",Animals,"0","0","0"
148,"Botswana",BWA,2024,Terrestrial,"Birds","Broiler chickens","32522614","25016296",Animals,"8","2","50033"
148,"Botswana",BWA,2024,Terrestrial,"Birds","Ducks","0","0",Animals,"0","0","0"
148,"Botswana",BWA,2024,Terrestrial,"Birds","Layer chickens","652000","0",Animals,"0","1,6","0"
148,"Botswana",BWA,2024,Terrestrial,"Birds","Other birds","0","0",Animals,"0","0","0"
148,"Botswana",BWA,2024,Terrestrial,"Birds","Turkeys","0","0",Animals,"0","0","0"
148,"Botswana",BWA,2024,Terrestrial,"Birds",-,"35174614","25016296",Animals,"8","2","50033"
148,"Botswana",BWA,2024,Terrestrial,"Sheep",-,"","",Animals,"",-,-
148,"Botswana",BWA,2024,Terrestrial,"Goats",-,"","",Animals,"",-,-
148,"Botswana",BWA,2024,Terrestrial,"Sheep / goats (mixed herd)",-,"1450000","23597",Animals,"13","40","590"
148,"Botswana",BWA,2024,Terrestrial,"Buffaloes",-,"29300","",Animals,"","400",-
148,"Botswana",BWA,2024,Terrestrial,"Equidae",-,"","",Animals,"",-,-
148,"Botswana",BWA,2024,Terrestrial,"Camelidae",-,"","",Animals,"",-,-
148,"Botswana",BWA,2024,Terrestrial,"Rabbits / hares (mixed group)",-,"","",Animals,"",-,-
148,"Botswana",BWA,2024,Terrestrial,"Cervidae",-,"","",Animals,"",-,-
148,"Botswana",BWA,2024,Terrestrial,"Dogs",-,"202000","",Animals,"",-,-
148,"Botswana",BWA,2024,Terrestrial,"Cats",-,"","",Animals,"",-,-
148,"Botswana",BWA,2024,Terrestrial,"Bees",-,"1650","",Hives / Nests,"678",-,-
323,"Brazil",BRA,2024,Terrestrial,"Cattle",-,"241539315","31672549",Animals,"2726189",-,-
323,"Brazil",BRA,2024,Terrestrial,"Swine","Backyard pigs","9230549","",Animals,"758682",-,-
323,"Brazil",BRA,2024,Terrestrial,"Swine",-,"42457217","51112400",Animals,"779126",-,-
323,"Brazil",BRA,2024,Terrestrial,"Birds","Broiler chickens","2106399385","",Animals,"61380",-,-
323,"Brazil",BRA,2024,Terrestrial,"Birds","Layer chickens","732390893","",Animals,"8224",-,-
323,"Brazil",BRA,2024,Terrestrial,"Birds",-,"3015142649","5799230417",Animals,"335702",-,-
323,"Brazil",BRA,2024,Terrestrial,"Goats",-,"13674101","",Animals,"361451",-,-
323,"Brazil",BRA,2024,Terrestrial,"Sheep / goats (mixed herd)",-,"","",Animals,"",-,-
323,"Brazil",BRA,2024,Terrestrial,"Buffaloes",-,"1669924","",Animals,"19771",-,-
323,"Brazil",BRA,2024,Terrestrial,"Equidae","Donkeys","307510","",Animals,"",-,-
323,"Brazil",BRA,2024,Terrestrial,"Equidae","Horses","4758248","",Animals,"",-,-
323,"Brazil",BRA,2024,Terrestrial,"Equidae","Mules / Hinnies","820694","",Animals,"",-,-
323,"Brazil",BRA,2024,Terrestrial,"Equidae",-,"5886452","57485",Animals,"1352749",-,-
323,"Brazil",BRA,2024,Terrestrial,"Camelidae",-,"","",Animals,"",-,-
323,"Brazil",BRA,2024,Terrestrial,"Rabbits / hares (mixed group)",-,"","",Animals,"",-,-
323,"Brazil",BRA,2024,Terrestrial,"Cervidae",-,"","",Animals,"",-,-
323,"Brazil",BRA,2024,Terrestrial,"Dogs",-,"20454747","",Animals,"",-,-
323,"Brazil",BRA,2024,Terrestrial,"Cats",-,"5113687","",Animals,"",-,-
323,"Brazil",BRA,2024,Terrestrial,"Bees",-,"3013050","",Hives / Nests,"66401",-,-
166,"Bulgaria",BGR,2024,Terrestrial,"Cattle","Adult dairy cattle","406475","",Animals,"",-,-
166,"Bulgaria",BGR,2024,Terrestrial,"Cattle","Calves (<1 year) (cattle)","112077","",Animals,"",-,-
166,"Bulgaria",BGR,2024,Terrestrial,"Cattle","Males and females, 1-2 years, dairy cattle","80234","",Animals,"",-,-
166,"Bulgaria",BGR,2024,Terrestrial,"Cattle",-,"598804","",Animals,"26862",-,-
166,"Bulgaria",BGR,2024,Terrestrial,"Swine","Adult (breeding) pigs","57741","",Animals,"",-,-
166,"Bulgaria",BGR,2024,Terrestrial,"Swine","Fatteners","429284","",Animals,"",-,-
166,"Bulgaria",BGR,2024,Terrestrial,"Swine","Piglets (pre-weaning)","225766","",Animals,"",-,-
166,"Bulgaria",BGR,2024,Terrestrial,"Swine",-,"712791","",Animals,"1263",-,-
166,"Bulgaria",BGR,2024,Terrestrial,"Birds","Broiler chickens","7523400","",Animals,"200",-,-
166,"Bulgaria",BGR,2024,Terrestrial,"Birds","Ducks","1919000","",Animals,"",-,-
166,"Bulgaria",BGR,2024,Terrestrial,"Birds","Layer chickens","6583000","",Animals,"14343",-,-
166,"Bulgaria",BGR,2024,Terrestrial,"Birds","Turkeys","15000","",Animals,"",-,-
166,"Bulgaria",BGR,2024,Terrestrial,"Birds",-,"16040400","",Animals,"14543",-,-
166,"Bulgaria",BGR,2024,Terrestrial,"Sheep","Adult (sheep)","1063441","",Animals,"",-,-
166,"Bulgaria",BGR,2024,Terrestrial,"Sheep","Lambs (<6 months) (sheep)","130847","",Animals,"",-,-
166,"Bulgaria",BGR,2024,Terrestrial,"Sheep",-,"1194288","",Animals,"21197",-,-
166,"Bulgaria",BGR,2024,Terrestrial,"Goats","Adult (goats)","178089","",Animals,"",-,-
166,"Bulgaria",BGR,2024,Terrestrial,"Goats","Kids (<6 months) (goats)","18747","",Animals,"",-,-
166,"Bulgaria",BGR,2024,Terrestrial,"Goats",-,"196836","",Animals,"7733",-,-
166,"Bulgaria",BGR,2024,Terrestrial,"Sheep / goats (mixed herd)",-,"","",Animals,"",-,-
166,"Bulgaria",BGR,2024,Terrestrial,"Buffaloes",-,"21971","",Animals,"623",-,-
166,"Bulgaria",BGR,2024,Terrestrial,"Equidae",-,"32701","",Animals,"6824",-,-
166,"Bulgaria",BGR,2024,Terrestrial,"Camelidae",-,"","",Animals,"",-,-
166,"Bulgaria",BGR,2024,Terrestrial,"Rabbits / hares (mixed group)",-,"","",Animals,"",-,-
166,"Bulgaria",BGR,2024,Terrestrial,"Cervidae",-,"","",Animals,"",-,-
166,"Bulgaria",BGR,2024,Terrestrial,"Dogs",-,"","",Animals,"",-,-
166,"Bulgaria",BGR,2024,Terrestrial,"Cats",-,"","",Animals,"",-,-
166,"Bulgaria",BGR,2024,Terrestrial,"Bees",-,"464367","",Hives / Nests,"4755",-,-
213,"Cabo verde",CPV,2024,Terrestrial,"Cattle","Adult beef cattle","","1287",Animals,"",-,"332,9"
213,"Cabo verde",CPV,2024,Terrestrial,"Cattle",-,"","",Animals,"",-,-
213,"Cabo verde",CPV,2024,Terrestrial,"Swine","Adult (breeding) pigs","","3496",Animals,"",-,"132,2"
213,"Cabo verde",CPV,2024,Terrestrial,"Swine",-,"","",Animals,"",-,-
213,"Cabo verde",CPV,2024,Terrestrial,"Birds",-,"","",Animals,"",-,-
213,"Cabo verde",CPV,2024,Terrestrial,"Sheep","Adult (sheep)","","52",Animals,"",-,"0,9"
213,"Cabo verde",CPV,2024,Terrestrial,"Sheep",-,"","",Animals,"",-,-
213,"Cabo verde",CPV,2024,Terrestrial,"Goats","Adult (goats)","","907",Animals,"",-,"9,1"
213,"Cabo verde",CPV,2024,Terrestrial,"Goats",-,"","",Animals,"",-,-
213,"Cabo verde",CPV,2024,Terrestrial,"Sheep / goats (mixed herd)",-,"","",Animals,"",-,-
213,"Cabo verde",CPV,2024,Terrestrial,"Buffaloes",-,"","",Animals,"",-,-
213,"Cabo verde",CPV,2024,Terrestrial,"Equidae",-,"","",Animals,"",-,-
213,"Cabo verde",CPV,2024,Terrestrial,"Camelidae",-,"","",Animals,"",-,-
213,"Cabo verde",CPV,2024,Terrestrial,"Rabbits / hares (mixed group)",-,"","",Animals,"",-,-
213,"Cabo verde",CPV,2024,Terrestrial,"Cervidae",-,"","",Animals,"",-,-
213,"Cabo verde",CPV,2024,Terrestrial,"Dogs",-,"","",Animals,"",-,-
213,"Cabo verde",CPV,2024,Terrestrial,"Cats",-,"","",Animals,"",-,-
213,"Cabo verde",CPV,2024,Terrestrial,"Bees",-,"","",Hives / Nests,"",-,-
214,"Cambodia",KHM,2024,Terrestrial,"Cattle","Adult beef cattle","3001366","",Animals,"",-,-
214,"Cambodia",KHM,2024,Terrestrial,"Cattle","Adult dairy cattle","1287","",Animals,"4",-,-
214,"Cambodia",KHM,2024,Terrestrial,"Cattle","Males and females, 1-2 years, beef cattle","53003","",Animals,"90",-,-
214,"Cambodia",KHM,2024,Terrestrial,"Cattle",-,"","",Animals,"",-,-
214,"Cambodia",KHM,2024,Terrestrial,"Swine","Adult (breeding) pigs","1213241","",Animals,"92",-,-
214,"Cambodia",KHM,2024,Terrestrial,"Swine","Backyard pigs","1259503","",Animals,"",-,-
214,"Cambodia",KHM,2024,Terrestrial,"Swine","Fatteners","1591711","",Animals,"532",-,-
214,"Cambodia",KHM,2024,Terrestrial,"Swine",-,"","",Animals,"",-,-
214,"Cambodia",KHM,2024,Terrestrial,"Birds","Backyard poultry","25338607","",Animals,"",-,-
214,"Cambodia",KHM,2024,Terrestrial,"Birds","Broiler chickens","23598302","",Animals,"568",-,-
214,"Cambodia",KHM,2024,Terrestrial,"Birds","Ducks","945570","",Animals,"100",-,-
214,"Cambodia",KHM,2024,Terrestrial,"Birds","Layer chickens","912140","",Animals,"48",-,-
214,"Cambodia",KHM,2024,Terrestrial,"Birds",-,"","",Animals,"",-,-
214,"Cambodia",KHM,2024,Terrestrial,"Sheep","Adult (sheep)","7490","",Animals,"2",-,-
214,"Cambodia",KHM,2024,Terrestrial,"Sheep",-,"","",Animals,"",-,-
214,"Cambodia",KHM,2024,Terrestrial,"Goats","Adult (goats)","56863","",Animals,"7",-,-
214,"Cambodia",KHM,2024,Terrestrial,"Goats",-,"","",Animals,"",-,-
214,"Cambodia",KHM,2024,Terrestrial,"Sheep / goats (mixed herd)",-,"","",Animals,"",-,-
214,"Cambodia",KHM,2024,Terrestrial,"Buffaloes","Adult buffalo","450778","",Animals,"",-,-
214,"Cambodia",KHM,2024,Terrestrial,"Buffaloes",-,"","",Animals,"",-,-
214,"Cambodia",KHM,2024,Terrestrial,"Equidae","Horses","3114","",Animals,"2",-,-
214,"Cambodia",KHM,2024,Terrestrial,"Equidae",-,"","",Animals,"",-,-
214,"Cambodia",KHM,2024,Terrestrial,"Camelidae",-,"","",Animals,"",-,-
214,"Cambodia",KHM,2024,Terrestrial,"Rabbits / hares (mixed group)","Rabbits","1999","",Animals,"",-,-
214,"Cambodia",KHM,2024,Terrestrial,"Rabbits / hares (mixed group)",-,"","",Animals,"",-,-
214,"Cambodia",KHM,2024,Terrestrial,"Cervidae",-,"","",Animals,"",-,-
214,"Cambodia",KHM,2024,Terrestrial,"Dogs",-,"1490331","",Animals,"",-,-
214,"Cambodia",KHM,2024,Terrestrial,"Cats",-,"594046","",Animals,"",-,-
214,"Cambodia",KHM,2024,Terrestrial,"Bees",-,"1210","",Hives / Nests,"7",-,-
149,"Canada",CAN,2024,Terrestrial,"Cattle","Adult beef cattle","3685400","",Animals,"",-,-
149,"Canada",CAN,2024,Terrestrial,"Cattle","Adult dairy cattle","976100","",Animals,"",-,-
149,"Canada",CAN,2024,Terrestrial,"Cattle","Calves (<1 year) (cattle)","3763900","",Animals,"",-,-
149,"Canada",CAN,2024,Terrestrial,"Cattle","Males and females, 1-2 years, beef cattle","3013200","",Animals,"",-,-
149,"Canada",CAN,2024,Terrestrial,"Cattle","Males and females, 1-2 years, dairy cattle","471400","",Animals,"",-,-
149,"Canada",CAN,2024,Terrestrial,"Cattle",-,"11910000","3162768",Animals,"72115","671","1326150"
149,"Canada",CAN,2024,Terrestrial,"Swine","Adult (breeding) pigs","1227800","",Animals,"",-,-
149,"Canada",CAN,2024,Terrestrial,"Swine",-,"29899000","21260368",Animals,"7020","135","2288460"
149,"Canada",CAN,2024,Terrestrial,"Birds","Backyard poultry","","",Animals,"18434",-,-
149,"Canada",CAN,2024,Terrestrial,"Birds","Broiler chickens","803070000","785032177",Animals,"3165",-,-
149,"Canada",CAN,2024,Terrestrial,"Birds","Ducks","","6148675",Animals,"114",-,-
149,"Canada",CAN,2024,Terrestrial,"Birds","Layer chickens","44351563","27090980",Animals,"1272",-,-
149,"Canada",CAN,2024,Terrestrial,"Birds","Other birds","","39687",Animals,"",-,-
149,"Canada",CAN,2024,Terrestrial,"Birds","Turkeys","20515000","19832037",Animals,"562",-,-
149,"Canada",CAN,2024,Terrestrial,"Birds",-,"","838143556",Animals,"23547",-,-
149,"Canada",CAN,2024,Terrestrial,"Sheep","Adult (sheep)","530300","",Animals,"",-,-
149,"Canada",CAN,2024,Terrestrial,"Sheep","Lambs (<6 months) (sheep)","496300","",Animals,"",-,-
149,"Canada",CAN,2024,Terrestrial,"Sheep",-,"1026600","607000",Animals,"8487",-,"17520"
149,"Canada",CAN,2024,Terrestrial,"Goats",-,"253278","99503",Animals,"4801",-,-
149,"Canada",CAN,2024,Terrestrial,"Sheep / goats (mixed herd)",-,"","",Animals,"",-,-
149,"Canada",CAN,2024,Terrestrial,"Buffaloes",-,"150000","",Animals,"1000",-,-
149,"Canada",CAN,2024,Terrestrial,"Equidae",-,"795410","",Animals,"",-,-
149,"Canada",CAN,2024,Terrestrial,"Camelidae",-,"12600","",Animals,"1500",-,-
149,"Canada",CAN,2024,Terrestrial,"Rabbits / hares (mixed group)",-,"155000","",Animals,"1500",-,-
149,"Canada",CAN,2024,Terrestrial,"Cervidae",-,"30000","",Animals,"500",-,-
149,"Canada",CAN,2024,Terrestrial,"Dogs",-,"7900000","",Animals,"",-,-
149,"Canada",CAN,2024,Terrestrial,"Cats",-,"8500000","",Animals,"",-,-
149,"Canada",CAN,2024,Terrestrial,"Bees",-,"829000","",Hives / Nests,"15430",-,-
140,"Chile",CHL,2024,Terrestrial,"Cattle","Adult dairy cattle","1283549","",Animals,"",-,-
140,"Chile",CHL,2024,Terrestrial,"Cattle","Calves (<1 year) (cattle)","366755","",Animals,"",-,-
140,"Chile",CHL,2024,Terrestrial,"Cattle",-,"3860935","770748",Animals,"70914",-,-
140,"Chile",CHL,2024,Terrestrial,"Swine","Adult (breeding) pigs","196732","",Animals,"",-,-
140,"Chile",CHL,2024,Terrestrial,"Swine","Backyard pigs","128000","",Animals,"14220",-,-
140,"Chile",CHL,2024,Terrestrial,"Swine","Fatteners","2389873","",Animals,"",-,-
140,"Chile",CHL,2024,Terrestrial,"Swine","Piglets (pre-weaning)","344917","",Animals,"",-,-
140,"Chile",CHL,2024,Terrestrial,"Swine",-,"3101976","5513158",Animals,"14391","125",-
140,"Chile",CHL,2024,Terrestrial,"Birds","Backyard poultry","1303000","",Animals,"",-,-
140,"Chile",CHL,2024,Terrestrial,"Birds","Other birds","202301","",Animals,"",-,-
140,"Chile",CHL,2024,Terrestrial,"Birds",-,"57533122","293190321",Animals,"843",-,-
140,"Chile",CHL,2024,Terrestrial,"Sheep",-,"1939669","",Animals,"11838",-,-
140,"Chile",CHL,2024,Terrestrial,"Goats",-,"252906","",Animals,"4443",-,-
140,"Chile",CHL,2024,Terrestrial,"Sheep / goats (mixed herd)",-,"","",Animals,"",-,-
140,"Chile",CHL,2024,Terrestrial,"Buffaloes",-,"","",Animals,"",-,-
140,"Chile",CHL,2024,Terrestrial,"Equidae",-,"128875","",Animals,"16897",-,-
140,"Chile",CHL,2024,Terrestrial,"Camelidae",-,"37564","",Animals,"3163",-,-
140,"Chile",CHL,2024,Terrestrial,"Rabbits / hares (mixed group)",-,"29552","",Animals,"2882",-,-
140,"Chile",CHL,2024,Terrestrial,"Cervidae",-,"2133","",Animals,"142",-,-
140,"Chile",CHL,2024,Terrestrial,"Dogs",-,"8000000","",Animals,"",-,-
140,"Chile",CHL,2024,Terrestrial,"Cats",-,"4000000","",Animals,"",-,-
140,"Chile",CHL,2024,Terrestrial,"Bees",-,"156429","",Hives / Nests,"3839",-,-
267,"China (People's Rep. of)",CHN,2024,Terrestrial,"Cattle",-,"100465000","",Animals,"",-,-
267,"China (People's Rep. of)",CHN,2024,Terrestrial,"Swine",-,"427429000","356834157",Animals,"",-,-
267,"China (People's Rep. of)",CHN,2024,Terrestrial,"Birds",-,"17337904000","",Animals,"",-,-
267,"China (People's Rep. of)",CHN,2024,Terrestrial,"Sheep",-,"182939000","",Animals,"",-,-
267,"China (People's Rep. of)",CHN,2024,Terrestrial,"Goats",-,"117554000","",Animals,"",-,-
267,"China (People's Rep. of)",CHN,2024,Terrestrial,"Sheep / goats (mixed herd)",-,"","",Animals,"",-,-
267,"China (People's Rep. of)",CHN,2024,Terrestrial,"Buffaloes",-,"","",Animals,"",-,-
267,"China (People's Rep. of)",CHN,2024,Terrestrial,"Equidae","Donkeys","1299000","",Animals,"",-,-
267,"China (People's Rep. of)",CHN,2024,Terrestrial,"Equidae","Horses","3521000","",Animals,"",-,-
267,"China (People's Rep. of)",CHN,2024,Terrestrial,"Equidae","Mules / Hinnies","410000","",Animals,"",-,-
267,"China (People's Rep. of)",CHN,2024,Terrestrial,"Equidae",-,"","",Animals,"",-,-
267,"China (People's Rep. of)",CHN,2024,Terrestrial,"Camelidae","Camels","634000","",Animals,"",-,-
267,"China (People's Rep. of)",CHN,2024,Terrestrial,"Camelidae",-,"","",Animals,"",-,-
267,"China (People's Rep. of)",CHN,2024,Terrestrial,"Rabbits / hares (mixed group)",-,"94901000","",Animals,"",-,-
267,"China (People's Rep. of)",CHN,2024,Terrestrial,"Cervidae",-,"","",Animals,"",-,-
267,"China (People's Rep. of)",CHN,2024,Terrestrial,"Dogs",-,"","",Animals,"",-,-
267,"China (People's Rep. of)",CHN,2024,Terrestrial,"Cats",-,"","",Animals,"",-,-
267,"China (People's Rep. of)",CHN,2024,Terrestrial,"Bees",-,"","",Hives / Nests,"",-,-
117,"Chinese Taipei",TWN,2024,Terrestrial,"Cattle",-,"148996","41673",Animals,"1395","550","8338,3"
117,"Chinese Taipei",TWN,2024,Terrestrial,"Swine","Adult (breeding) pigs","1898607","",Animals,"",-,-
117,"Chinese Taipei",TWN,2024,Terrestrial,"Swine","Fatteners","2602973","",Animals,"",-,-
117,"Chinese Taipei",TWN,2024,Terrestrial,"Swine","Piglets (pre-weaning)","705347","",Animals,"",-,-
117,"Chinese Taipei",TWN,2024,Terrestrial,"Swine",-,"5206927","7439683",Animals,"5664","126,9","778817,6"
117,"Chinese Taipei",TWN,2024,Terrestrial,"Birds","Broiler chickens","52008525","384526834",Animals,"3846","2,3","675769,2"
117,"Chinese Taipei",TWN,2024,Terrestrial,"Birds","Ducks","7493554","34333847",Animals,"2659","3","78197,2"
117,"Chinese Taipei",TWN,2024,Terrestrial,"Birds","Layer chickens","46034223","20031556",Animals,"2241","1,5","20432,2"
117,"Chinese Taipei",TWN,2024,Terrestrial,"Birds","Other birds","1132988","3953005",Animals,"745","5,4","16043,6"
117,"Chinese Taipei",TWN,2024,Terrestrial,"Birds","Turkeys","79288","148594",Animals,"75","18","2353,7"
117,"Chinese Taipei",TWN,2024,Terrestrial,"Birds",-,"","",Animals,"",-,-
117,"Chinese Taipei",TWN,2024,Terrestrial,"Sheep",-,"","",Animals,"",-,-
117,"Chinese Taipei",TWN,2024,Terrestrial,"Goats",-,"116541","36756",Animals,"1511","67,3","1089,4"
117,"Chinese Taipei",TWN,2024,Terrestrial,"Sheep / goats (mixed herd)",-,"","",Animals,"",-,-
117,"Chinese Taipei",TWN,2024,Terrestrial,"Buffaloes",-,"","",Animals,"",-,-
117,"Chinese Taipei",TWN,2024,Terrestrial,"Equidae","Horses","1436","",Animals,"124",-,-
117,"Chinese Taipei",TWN,2024,Terrestrial,"Equidae",-,"","",Animals,"",-,-
117,"Chinese Taipei",TWN,2024,Terrestrial,"Camelidae",-,"","",Animals,"",-,-
117,"Chinese Taipei",TWN,2024,Terrestrial,"Rabbits / hares (mixed group)","Rabbits","3363","",Animals,"22",-,-
117,"Chinese Taipei",TWN,2024,Terrestrial,"Rabbits / hares (mixed group)",-,"","",Animals,"",-,-
117,"Chinese Taipei",TWN,2024,Terrestrial,"Cervidae","Cervidae: other","10603","",Animals,"401",-,-
117,"Chinese Taipei",TWN,2024,Terrestrial,"Cervidae","Cervidae: Sika deer + Rusa deer + Fallow deer","1690","",Animals,"93",-,-
117,"Chinese Taipei",TWN,2024,Terrestrial,"Cervidae",-,"12293","807",Animals,"",-,-
117,"Chinese Taipei",TWN,2024,Terrestrial,"Dogs",-,"1480637","",Animals,"",-,-
117,"Chinese Taipei",TWN,2024,Terrestrial,"Cats",-,"1311449","",Animals,"",-,-
117,"Chinese Taipei",TWN,2024,Terrestrial,"Bees",-,"170846","",Hives / Nests,"1123",-,-
134,"Colombia",COL,2024,Terrestrial,"Cattle","Calves (<1 year) (cattle)","6181564","",Animals,"",-,-
134,"Colombia",COL,2024,Terrestrial,"Cattle",-,"30344182","3225696",Animals,"629592",-,"754245"
134,"Colombia",COL,2024,Terrestrial,"Swine","Backyard pigs","917031","",Animals,"148295",-,-
134,"Colombia",COL,2024,Terrestrial,"Swine",-,"10668276","6210640",Animals,"189198",-,"578815"
134,"Colombia",COL,2024,Terrestrial,"Birds","Backyard poultry","9085983","",Animals,"460808",-,-
134,"Colombia",COL,2024,Terrestrial,"Birds",-,"216109090","604358629",Animals,"466774",-,"1821768"
134,"Colombia",COL,2024,Terrestrial,"Sheep",-,"1689875","32924",Animals,"",-,"531"
134,"Colombia",COL,2024,Terrestrial,"Goats",-,"1112002","24958",Animals,"",-,"407"
134,"Colombia",COL,2024,Terrestrial,"Sheep / goats (mixed herd)",-,"","",Animals,"",-,-
134,"Colombia",COL,2024,Terrestrial,"Buffaloes","Adult buffalo","432503","",Animals,"",-,-
134,"Colombia",COL,2024,Terrestrial,"Buffaloes","Calves (<1 year) (buffaloes)","106071","",Animals,"",-,-
134,"Colombia",COL,2024,Terrestrial,"Buffaloes",-,"538574","53217",Animals,"4072",-,"12052"
134,"Colombia",COL,2024,Terrestrial,"Equidae",-,"964426","21176",Animals,"",-,"4341"
134,"Colombia",COL,2024,Terrestrial,"Camelidae",-,"","",Animals,"",-,-
134,"Colombia",COL,2024,Terrestrial,"Rabbits / hares (mixed group)",-,"","",Animals,"",-,-
134,"Colombia",COL,2024,Terrestrial,"Cervidae",-,"","",Animals,"",-,-
134,"Colombia",COL,2024,Terrestrial,"Dogs",-,"","",Animals,"",-,-
134,"Colombia",COL,2024,Terrestrial,"Cats",-,"","",Animals,"",-,-
134,"Colombia",COL,2024,Terrestrial,"Bees",-,"","",Hives / Nests,"",-,-
291,"Congo (Rep. of the)",COG,2024,Terrestrial,"Cattle",-,"90245","7029",Animals,"882",-,-
291,"Congo (Rep. of the)",COG,2024,Terrestrial,"Swine",-,"56474","964",Animals,"811",-,-
291,"Congo (Rep. of the)",COG,2024,Terrestrial,"Birds","Broiler chickens","338496","",Animals,"",-,-
291,"Congo (Rep. of the)",COG,2024,Terrestrial,"Birds","Layer chickens","1276499","",Animals,"",-,-
291,"Congo (Rep. of the)",COG,2024,Terrestrial,"Birds",-,"1614995","",Animals,"163",-,-
291,"Congo (Rep. of the)",COG,2024,Terrestrial,"Sheep",-,"74722","1621",Animals,"1402",-,-
291,"Congo (Rep. of the)",COG,2024,Terrestrial,"Goats",-,"143225","5074",Animals,"2248",-,-
291,"Congo (Rep. of the)",COG,2024,Terrestrial,"Sheep / goats (mixed herd)",-,"","",Animals,"",-,-
291,"Congo (Rep. of the)",COG,2024,Terrestrial,"Buffaloes",-,"","",Animals,"",-,-
291,"Congo (Rep. of the)",COG,2024,Terrestrial,"Equidae",-,"","",Animals,"",-,-
291,"Congo (Rep. of the)",COG,2024,Terrestrial,"Camelidae",-,"","",Animals,"",-,-
291,"Congo (Rep. of the)",COG,2024,Terrestrial,"Rabbits / hares (mixed group)",-,"","",Animals,"",-,-
291,"Congo (Rep. of the)",COG,2024,Terrestrial,"Cervidae",-,"","",Animals,"",-,-
291,"Congo (Rep. of the)",COG,2024,Terrestrial,"Dogs",-,"","",Animals,"",-,-
291,"Congo (Rep. of the)",COG,2024,Terrestrial,"Cats",-,"","",Animals,"",-,-
291,"Congo (Rep. of the)",COG,2024,Terrestrial,"Bees",-,"","",Hives / Nests,"",-,-
359,"Cook Islands",COK,2024,Terrestrial,"Cattle","Adult beef cattle","","21",Animals,"",-,-
359,"Cook Islands",COK,2024,Terrestrial,"Cattle",-,"188","21",Animals,"",-,-
359,"Cook Islands",COK,2024,Terrestrial,"Swine","Adult (breeding) pigs","3289","761",Animals,"","60","46"
359,"Cook Islands",COK,2024,Terrestrial,"Swine","Backyard pigs","2584","2681",Animals,"","35","94"
359,"Cook Islands",COK,2024,Terrestrial,"Swine","Fatteners","1204","932",Animals,"","25","23"
359,"Cook Islands",COK,2024,Terrestrial,"Swine","Piglets (pre-weaning)","2983","80",Animals,"","10","1"
359,"Cook Islands",COK,2024,Terrestrial,"Swine",-,"10060","4454",Animals,"",-,-
359,"Cook Islands",COK,2024,Terrestrial,"Birds","Turkeys","0","0",Animals,"0","0","0"
359,"Cook Islands",COK,2024,Terrestrial,"Birds",-,"","",Animals,"",-,-
359,"Cook Islands",COK,2024,Terrestrial,"Sheep",-,"0","0",Animals,"0","0","0"
359,"Cook Islands",COK,2024,Terrestrial,"Goats","Adult (goats)","","203",Animals,"",-,-
359,"Cook Islands",COK,2024,Terrestrial,"Goats","Kids (<6 months) (goats)","","13",Animals,"",-,-
359,"Cook Islands",COK,2024,Terrestrial,"Goats",-,"2347","216",Animals,"",-,-
359,"Cook Islands",COK,2024,Terrestrial,"Sheep / goats (mixed herd)",-,"0","0",Animals,"0","0","0"
359,"Cook Islands",COK,2024,Terrestrial,"Buffaloes",-,"0","0",Animals,"0","0","0"
359,"Cook Islands",COK,2024,Terrestrial,"Equidae",-,"0","0",Animals,"0","0","0"
359,"Cook Islands",COK,2024,Terrestrial,"Camelidae",-,"0","0",Animals,"0","0","0"
359,"Cook Islands",COK,2024,Terrestrial,"Rabbits / hares (mixed group)",-,"0","0",Animals,"0","0","0"
359,"Cook Islands",COK,2024,Terrestrial,"Cervidae",-,"0","0",Animals,"0","0","0"
359,"Cook Islands",COK,2024,Terrestrial,"Dogs",-,"4952","",Animals,"",-,-
359,"Cook Islands",COK,2024,Terrestrial,"Cats",-,"10200","",Animals,"",-,-
359,"Cook Islands",COK,2024,Terrestrial,"Bees",-,"","",Hives / Nests,"",-,-
388,"Costa Rica",CRI,2024,Terrestrial,"Cattle","Adult beef cattle","589621","",Animals,"24826","510",-
388,"Costa Rica",CRI,2024,Terrestrial,"Cattle","Adult dairy cattle","119948","",Animals,"3545","340",-
388,"Costa Rica",CRI,2024,Terrestrial,"Cattle","Calves (<1 year) (cattle)","370721","",Animals,"25895","270",-
388,"Costa Rica",CRI,2024,Terrestrial,"Cattle","Males and females, 1-2 years, beef cattle","454008","",Animals,"21483","280",-
388,"Costa Rica",CRI,2024,Terrestrial,"Cattle","Males and females, 1-2 years, dairy cattle","37758","",Animals,"2276","260",-
388,"Costa Rica",CRI,2024,Terrestrial,"Cattle",-,"1576149","406122",Animals,"",-,-
388,"Costa Rica",CRI,2024,Terrestrial,"Swine","Adult (breeding) pigs","61420","",Animals,"1125","240,8",-
388,"Costa Rica",CRI,2024,Terrestrial,"Swine","Backyard pigs","39297","",Animals,"12462","80",-
388,"Costa Rica",CRI,2024,Terrestrial,"Swine","Fatteners","379890","",Animals,"1143","96,3",-
388,"Costa Rica",CRI,2024,Terrestrial,"Swine","Piglets (pre-weaning)","79136","",Animals,"673","5,5",-
388,"Costa Rica",CRI,2024,Terrestrial,"Swine",-,"559743","875955",Animals,"15403","110","77638"
388,"Costa Rica",CRI,2024,Terrestrial,"Birds","Backyard poultry","829958","",Animals,"35911",-,-
388,"Costa Rica",CRI,2024,Terrestrial,"Birds","Broiler chickens","15834006","",Animals,"267","2,4",-
388,"Costa Rica",CRI,2024,Terrestrial,"Birds","Ducks","549","",Animals,"1",-,-
388,"Costa Rica",CRI,2024,Terrestrial,"Birds","Layer chickens","6043202","",Animals,"491","2",-
388,"Costa Rica",CRI,2024,Terrestrial,"Birds","Other birds","1786127","",Animals,"80",-,-
388,"Costa Rica",CRI,2024,Terrestrial,"Birds","Turkeys","500","",Animals,"2",-,-
388,"Costa Rica",CRI,2024,Terrestrial,"Birds",-,"24494342","87160832",Animals,"36752","2,3","150352"
388,"Costa Rica",CRI,2024,Terrestrial,"Sheep",-,"9165","",Animals,"530",-,-
388,"Costa Rica",CRI,2024,Terrestrial,"Goats",-,"2878","",Animals,"316",-,-
388,"Costa Rica",CRI,2024,Terrestrial,"Sheep / goats (mixed herd)",-,"","",Animals,"",-,-
388,"Costa Rica",CRI,2024,Terrestrial,"Buffaloes",-,"7248","",Animals,"149",-,-
388,"Costa Rica",CRI,2024,Terrestrial,"Equidae","Donkeys","1357","",Animals,"",-,-
388,"Costa Rica",CRI,2024,Terrestrial,"Equidae","Horses","66956","",Animals,"",-,-
388,"Costa Rica",CRI,2024,Terrestrial,"Equidae","Mules / Hinnies","2714","",Animals,"",-,-
388,"Costa Rica",CRI,2024,Terrestrial,"Equidae",-,"75401","",Animals,"20003",-,-
388,"Costa Rica",CRI,2024,Terrestrial,"Camelidae",-,"","",Animals,"",-,-
388,"Costa Rica",CRI,2024,Terrestrial,"Rabbits / hares (mixed group)",-,"","",Animals,"",-,-
388,"Costa Rica",CRI,2024,Terrestrial,"Cervidae",-,"","",Animals,"",-,-
388,"Costa Rica",CRI,2024,Terrestrial,"Dogs",-,"1783871","",Animals,"",-,-
388,"Costa Rica",CRI,2024,Terrestrial,"Cats",-,"775693","",Animals,"",-,-
388,"Costa Rica",CRI,2024,Terrestrial,"Bees",-,"24139","",Hives / Nests,"1683",-,-
171,"Cote D'Ivoire",CIV,2024,Terrestrial,"Cattle",-,"1722666","",Animals,"",-,-
171,"Cote D'Ivoire",CIV,2024,Terrestrial,"Swine",-,"431369","",Animals,"",-,-
171,"Cote D'Ivoire",CIV,2024,Terrestrial,"Birds","Backyard poultry","30498863","",Animals,"",-,-
171,"Cote D'Ivoire",CIV,2024,Terrestrial,"Birds","Broiler chickens","49915405","",Animals,"",-,-
171,"Cote D'Ivoire",CIV,2024,Terrestrial,"Birds","Layer chickens","5001918","",Animals,"",-,-
171,"Cote D'Ivoire",CIV,2024,Terrestrial,"Birds",-,"85416186","",Animals,"",-,-
171,"Cote D'Ivoire",CIV,2024,Terrestrial,"Sheep",-,"2182087","",Animals,"",-,-
171,"Cote D'Ivoire",CIV,2024,Terrestrial,"Goats",-,"3323704","",Animals,"",-,-
171,"Cote D'Ivoire",CIV,2024,Terrestrial,"Sheep / goats (mixed herd)",-,"5505791","",Animals,"",-,-
171,"Cote D'Ivoire",CIV,2024,Terrestrial,"Buffaloes",-,"","",Animals,"",-,-
171,"Cote D'Ivoire",CIV,2024,Terrestrial,"Equidae",-,"","",Animals,"",-,-
171,"Cote D'Ivoire",CIV,2024,Terrestrial,"Camelidae",-,"","",Animals,"",-,-
171,"Cote D'Ivoire",CIV,2024,Terrestrial,"Rabbits / hares (mixed group)",-,"","",Animals,"",-,-
171,"Cote D'Ivoire",CIV,2024,Terrestrial,"Cervidae",-,"","",Animals,"",-,-
171,"Cote D'Ivoire",CIV,2024,Terrestrial,"Dogs",-,"","",Animals,"",-,-
171,"Cote D'Ivoire",CIV,2024,Terrestrial,"Cats",-,"","",Animals,"",-,-
171,"Cote D'Ivoire",CIV,2024,Terrestrial,"Bees",-,"","",Hives / Nests,"",-,-
118,"Croatia",HRV,2024,Terrestrial,"Cattle",-,"420250","",Animals,"15324",-,-
118,"Croatia",HRV,2024,Terrestrial,"Swine",-,"862457","",Animals,"36132",-,-
118,"Croatia",HRV,2024,Terrestrial,"Birds",-,"","",Animals,"",-,-
118,"Croatia",HRV,2024,Terrestrial,"Sheep",-,"557784","",Animals,"17167",-,-
118,"Croatia",HRV,2024,Terrestrial,"Goats",-,"69262","",Animals,"4045",-,-
118,"Croatia",HRV,2024,Terrestrial,"Sheep / goats (mixed herd)",-,"","",Animals,"",-,-
118,"Croatia",HRV,2024,Terrestrial,"Buffaloes",-,"","",Animals,"",-,-
118,"Croatia",HRV,2024,Terrestrial,"Equidae",-,"35733","",Animals,"5813",-,-
118,"Croatia",HRV,2024,Terrestrial,"Camelidae",-,"","",Animals,"",-,-
118,"Croatia",HRV,2024,Terrestrial,"Rabbits / hares (mixed group)",-,"","",Animals,"",-,-
118,"Croatia",HRV,2024,Terrestrial,"Cervidae",-,"","",Animals,"",-,-
118,"Croatia",HRV,2024,Terrestrial,"Dogs",-,"428767","",Animals,"",-,-
118,"Croatia",HRV,2024,Terrestrial,"Cats",-,"9666","",Animals,"",-,-
118,"Croatia",HRV,2024,Terrestrial,"Bees",-,"446372","",Hives / Nests,"9036",-,-
155,"Cuba",CUB,2024,Terrestrial,"Cattle","Calves (<1 year) (cattle)","29430","",Animals,"",-,-
155,"Cuba",CUB,2024,Terrestrial,"Cattle",-,"2914008","155825",Animals,"21847",-,-
155,"Cuba",CUB,2024,Terrestrial,"Swine","Adult (breeding) pigs","73525","",Animals,"",-,-
155,"Cuba",CUB,2024,Terrestrial,"Swine",-,"550472","103001",Animals,"",-,-
155,"Cuba",CUB,2024,Terrestrial,"Birds",-,"5521256","1357998",Animals,"",-,-
155,"Cuba",CUB,2024,Terrestrial,"Sheep","Lambs (<6 months) (sheep)","365997","",Animals,"",-,-
155,"Cuba",CUB,2024,Terrestrial,"Sheep",-,"1353287","3445",Animals,"3604",-,-
155,"Cuba",CUB,2024,Terrestrial,"Goats",-,"661567","",Animals,"2208",-,-
155,"Cuba",CUB,2024,Terrestrial,"Sheep / goats (mixed herd)",-,"","",Animals,"",-,-
155,"Cuba",CUB,2024,Terrestrial,"Buffaloes","Calves (<1 year) (buffaloes)","19798","",Animals,"",-,-
155,"Cuba",CUB,2024,Terrestrial,"Buffaloes",-,"49512","2344",Animals,"",-,-
155,"Cuba",CUB,2024,Terrestrial,"Equidae",-,"656888","1642",Animals,"10777",-,-
155,"Cuba",CUB,2024,Terrestrial,"Camelidae",-,"","",Animals,"",-,-
155,"Cuba",CUB,2024,Terrestrial,"Rabbits / hares (mixed group)",-,"83531","",Animals,"933",-,-
155,"Cuba",CUB,2024,Terrestrial,"Cervidae",-,"","",Animals,"",-,-
155,"Cuba",CUB,2024,Terrestrial,"Dogs",-,"1006745","",Animals,"",-,-
155,"Cuba",CUB,2024,Terrestrial,"Cats",-,"371518","",Animals,"",-,-
155,"Cuba",CUB,2024,Terrestrial,"Bees",-,"236190","",Hives / Nests,"7825",-,-
416,"Curaçao",CUW,2024,Terrestrial,"Cattle",-,"","6",Animals,"",-,-
416,"Curaçao",CUW,2024,Terrestrial,"Swine",-,"","1645",Animals,"",-,-
416,"Curaçao",CUW,2024,Terrestrial,"Birds",-,"","",Animals,"",-,-
416,"Curaçao",CUW,2024,Terrestrial,"Sheep",-,"","574",Animals,"",-,-
416,"Curaçao",CUW,2024,Terrestrial,"Goats",-,"","460",Animals,"",-,-
416,"Curaçao",CUW,2024,Terrestrial,"Sheep / goats (mixed herd)",-,"","",Animals,"",-,-
416,"Curaçao",CUW,2024,Terrestrial,"Buffaloes",-,"","",Animals,"",-,-
416,"Curaçao",CUW,2024,Terrestrial,"Equidae",-,"","0",Animals,"",-,-
416,"Curaçao",CUW,2024,Terrestrial,"Camelidae",-,"","",Animals,"",-,-
416,"Curaçao",CUW,2024,Terrestrial,"Rabbits / hares (mixed group)",-,"","",Animals,"",-,-
416,"Curaçao",CUW,2024,Terrestrial,"Cervidae",-,"","",Animals,"",-,-
416,"Curaçao",CUW,2024,Terrestrial,"Dogs",-,"","",Animals,"",-,-
416,"Curaçao",CUW,2024,Terrestrial,"Cats",-,"","",Animals,"",-,-
416,"Curaçao",CUW,2024,Terrestrial,"Bees",-,"","",Hives / Nests,"",-,-
114,"Cyprus",CYP,2024,Terrestrial,"Cattle","Adult beef cattle","130","47",Animals,"",-,-
114,"Cyprus",CYP,2024,Terrestrial,"Cattle","Adult dairy cattle","42986","10717",Animals,"",-,-
114,"Cyprus",CYP,2024,Terrestrial,"Cattle","Calves (<1 year) (cattle)","24301","3574",Animals,"",-,-
114,"Cyprus",CYP,2024,Terrestrial,"Cattle","Males and females, 1-2 years, beef cattle","160","589",Animals,"",-,-
114,"Cyprus",CYP,2024,Terrestrial,"Cattle","Males and females, 1-2 years, dairy cattle","13737","5573",Animals,"",-,-
114,"Cyprus",CYP,2024,Terrestrial,"Cattle",-,"81314","20528",Animals,"373",-,"10126,8"
114,"Cyprus",CYP,2024,Terrestrial,"Swine","Adult (breeding) pigs","24037","7879",Animals,"",-,"2206"
114,"Cyprus",CYP,2024,Terrestrial,"Swine","Fatteners","232104","479168",Animals,"",-,"57500"
114,"Cyprus",CYP,2024,Terrestrial,"Swine","Piglets (pre-weaning)","54007","3694",Animals,"",-,"59"
114,"Cyprus",CYP,2024,Terrestrial,"Swine",-,"310148","490741",Animals,"56",-,-
114,"Cyprus",CYP,2024,Terrestrial,"Birds","Broiler chickens","12250454","12237043",Animals,"75",-,-
114,"Cyprus",CYP,2024,Terrestrial,"Birds","Ducks","0","0",Animals,"0","0","0"
114,"Cyprus",CYP,2024,Terrestrial,"Birds","Layer chickens","558517","142738",Animals,"37",-,-
114,"Cyprus",CYP,2024,Terrestrial,"Birds","Other birds","129220","97465",Animals,"13",-,-
114,"Cyprus",CYP,2024,Terrestrial,"Birds","Turkeys","13383","13383",Animals,"4",-,-
114,"Cyprus",CYP,2024,Terrestrial,"Birds",-,"12951574","12490629",Animals,"129",-,-
114,"Cyprus",CYP,2024,Terrestrial,"Sheep","Adult (sheep)","126157","5041",Animals,"",-,-
114,"Cyprus",CYP,2024,Terrestrial,"Sheep","Lambs (<6 months) (sheep)","2388","18211",Animals,"",-,-
114,"Cyprus",CYP,2024,Terrestrial,"Sheep",-,"128545","23252",Animals,"694",-,-
114,"Cyprus",CYP,2024,Terrestrial,"Goats","Adult (goats)","72141","3246",Animals,"",-,-
114,"Cyprus",CYP,2024,Terrestrial,"Goats","Kids (<6 months) (goats)","521","10407",Animals,"",-,-
114,"Cyprus",CYP,2024,Terrestrial,"Goats",-,"72662","13653",Animals,"783",-,-
114,"Cyprus",CYP,2024,Terrestrial,"Sheep / goats (mixed herd)",-,"251060","206604",Animals,"897",-,-
114,"Cyprus",CYP,2024,Terrestrial,"Buffaloes",-,"0","0",Animals,"0","0","0"
114,"Cyprus",CYP,2024,Terrestrial,"Equidae","Donkeys","1511","0",Animals,"518",-,"0"
114,"Cyprus",CYP,2024,Terrestrial,"Equidae","Horses","2900","0",Animals,"361",-,"0"
114,"Cyprus",CYP,2024,Terrestrial,"Equidae",-,"4411","0",Animals,"879",-,"0"
114,"Cyprus",CYP,2024,Terrestrial,"Camelidae","Camels","63","",Animals,"",-,-
114,"Cyprus",CYP,2024,Terrestrial,"Camelidae","Llamas","9","",Animals,"",-,-
114,"Cyprus",CYP,2024,Terrestrial,"Camelidae",-,"72","0",Animals,"6",-,"0"
114,"Cyprus",CYP,2024,Terrestrial,"Rabbits / hares (mixed group)",-,"","61347",Animals,"29",-,-
114,"Cyprus",CYP,2024,Terrestrial,"Cervidae",-,"438","",Animals,"29",-,-
114,"Cyprus",CYP,2024,Terrestrial,"Dogs",-,"182860","",Animals,"",-,-
114,"Cyprus",CYP,2024,Terrestrial,"Cats",-,"","",Animals,"",-,-
114,"Cyprus",CYP,2024,Terrestrial,"Bees",-,"58654","",Hives / Nests,"682",-,-
260,"Czech Republic",CZE,2024,Terrestrial,"Cattle","Calves (<1 year) (cattle)","430509","6921",Animals,"",-,-
260,"Czech Republic",CZE,2024,Terrestrial,"Cattle",-,"1402133","240191",Animals,"40463",-,-
260,"Czech Republic",CZE,2024,Terrestrial,"Swine","Adult (breeding) pigs","1870770","2311422",Animals,"",-,-
260,"Czech Republic",CZE,2024,Terrestrial,"Swine",-,"1870770","2311422",Animals,"",-,-
260,"Czech Republic",CZE,2024,Terrestrial,"Birds","Broiler chickens","","114349984",Animals,"21870",-,-
260,"Czech Republic",CZE,2024,Terrestrial,"Birds","Ducks","","3554757",Animals,"",-,-
260,"Czech Republic",CZE,2024,Terrestrial,"Birds","Other birds","","1922040",Animals,"",-,-
260,"Czech Republic",CZE,2024,Terrestrial,"Birds","Turkeys","","172496",Animals,"",-,-
260,"Czech Republic",CZE,2024,Terrestrial,"Birds",-,"","120289058",Animals,"",-,-
260,"Czech Republic",CZE,2024,Terrestrial,"Sheep","Adult (sheep)","228231","2049",Animals,"",-,-
260,"Czech Republic",CZE,2024,Terrestrial,"Sheep","Lambs (<6 months) (sheep)","7022","6067",Animals,"",-,-
260,"Czech Republic",CZE,2024,Terrestrial,"Sheep",-,"235253","8116",Animals,"36558",-,-
260,"Czech Republic",CZE,2024,Terrestrial,"Goats","Adult (goats)","43319","132",Animals,"",-,-
260,"Czech Republic",CZE,2024,Terrestrial,"Goats","Kids (<6 months) (goats)","1129","1007",Animals,"",-,-
260,"Czech Republic",CZE,2024,Terrestrial,"Goats",-,"44448","1139",Animals,"19402",-,-
260,"Czech Republic",CZE,2024,Terrestrial,"Sheep / goats (mixed herd)",-,"","",Animals,"",-,-
260,"Czech Republic",CZE,2024,Terrestrial,"Buffaloes",-,"","",Animals,"",-,-
260,"Czech Republic",CZE,2024,Terrestrial,"Equidae","Donkeys","","0",Animals,"",-,-
260,"Czech Republic",CZE,2024,Terrestrial,"Equidae","Horses","","64",Animals,"",-,-
260,"Czech Republic",CZE,2024,Terrestrial,"Equidae",-,"","64",Animals,"",-,-
260,"Czech Republic",CZE,2024,Terrestrial,"Camelidae",-,"","",Animals,"",-,-
260,"Czech Republic",CZE,2024,Terrestrial,"Rabbits / hares (mixed group)","Hares","40699","",Animals,"",-,-
260,"Czech Republic",CZE,2024,Terrestrial,"Rabbits / hares (mixed group)","Rabbits","","488400",Animals,"",-,-
260,"Czech Republic",CZE,2024,Terrestrial,"Rabbits / hares (mixed group)",-,"","488400",Animals,"",-,-
260,"Czech Republic",CZE,2024,Terrestrial,"Cervidae","Cervidae: Musk Deer","","151",Animals,"",-,-
260,"Czech Republic",CZE,2024,Terrestrial,"Cervidae","Cervidae: other","124897","",Animals,"",-,-
260,"Czech Republic",CZE,2024,Terrestrial,"Cervidae","Cervidae: Red deer + Wapiti + Reindeer","35779","",Animals,"",-,-
260,"Czech Republic",CZE,2024,Terrestrial,"Cervidae","Cervidae: Sika deer + Rusa deer + Fallow deer","45335","296",Animals,"",-,-
260,"Czech Republic",CZE,2024,Terrestrial,"Cervidae",-,"","447",Animals,"",-,-
260,"Czech Republic",CZE,2024,Terrestrial,"Dogs",-,"2500000","",Animals,"",-,-
260,"Czech Republic",CZE,2024,Terrestrial,"Cats",-,"1400000","",Animals,"",-,-
260,"Czech Republic",CZE,2024,Terrestrial,"Bees",-,"487474","",Hives / Nests,"",-,-
125,"Denmark",DNK,2024,Terrestrial,"Cattle",-,"1427796","434122",Animals,"13833",-,"115694,4"
125,"Denmark",DNK,2024,Terrestrial,"Swine","Adult (breeding) pigs","1017947","",Animals,"",-,-
125,"Denmark",DNK,2024,Terrestrial,"Swine","Backyard pigs","5470","",Animals,"1517",-,-
125,"Denmark",DNK,2024,Terrestrial,"Swine","Fatteners","5225160","",Animals,"",-,-
125,"Denmark",DNK,2024,Terrestrial,"Swine","Piglets (pre-weaning)","6219439","",Animals,"",-,-
125,"Denmark",DNK,2024,Terrestrial,"Swine",-,"12468016","14360304",Animals,"6597",-,"1334743,3"
125,"Denmark",DNK,2024,Terrestrial,"Birds","Broiler chickens","21442234","105314321",Animals,"315",-,"163228,9"
125,"Denmark",DNK,2024,Terrestrial,"Birds","Ducks","88531","53822",Animals,"84",-,"165,2"
125,"Denmark",DNK,2024,Terrestrial,"Birds","Layer chickens","6771464","",Animals,"448",-,-
125,"Denmark",DNK,2024,Terrestrial,"Birds","Turkeys","337118","",Animals,"28",-,-
125,"Denmark",DNK,2024,Terrestrial,"Birds",-,"29432516","105675862",Animals,"1150",-,"163724029"
125,"Denmark",DNK,2024,Terrestrial,"Sheep",-,"132529","",Animals,"5712",-,-
125,"Denmark",DNK,2024,Terrestrial,"Goats",-,"18072","",Animals,"3117",-,-
125,"Denmark",DNK,2024,Terrestrial,"Sheep / goats (mixed herd)",-,"","42661",Animals,"",-,"823"
125,"Denmark",DNK,2024,Terrestrial,"Buffaloes",-,"","",Animals,"",-,-
125,"Denmark",DNK,2024,Terrestrial,"Equidae",-,"112163","219",Animals,"19457",-,"58,4"
125,"Denmark",DNK,2024,Terrestrial,"Camelidae",-,"1589","",Animals,"199",-,-
125,"Denmark",DNK,2024,Terrestrial,"Rabbits / hares (mixed group)",-,"","",Animals,"",-,-
125,"Denmark",DNK,2024,Terrestrial,"Cervidae",-,"11591","",Animals,"429",-,-
125,"Denmark",DNK,2024,Terrestrial,"Dogs",-,"850000","",Animals,"",-,-
125,"Denmark",DNK,2024,Terrestrial,"Cats",-,"650000","",Animals,"",-,-
125,"Denmark",DNK,2024,Terrestrial,"Bees",-,"110386","",Hives / Nests,"14285",-,-
396,"Ecuador",ECU,2024,Terrestrial,"Cattle",-,"4719169","",Animals,"269476",-,-
396,"Ecuador",ECU,2024,Terrestrial,"Swine",-,"3277140","",Animals,"84917",-,-
396,"Ecuador",ECU,2024,Terrestrial,"Birds",-,"62881286","",Animals,"1547",-,-
396,"Ecuador",ECU,2024,Terrestrial,"Sheep",-,"46302","",Animals,"8249",-,-
396,"Ecuador",ECU,2024,Terrestrial,"Goats",-,"9234","",Animals,"1562",-,-
396,"Ecuador",ECU,2024,Terrestrial,"Sheep / goats (mixed herd)",-,"","",Animals,"",-,-
396,"Ecuador",ECU,2024,Terrestrial,"Buffaloes",-,"6958","",Animals,"",-,-
396,"Ecuador",ECU,2024,Terrestrial,"Equidae",-,"18816","",Animals,"3594",-,-
396,"Ecuador",ECU,2024,Terrestrial,"Camelidae",-,"1227","",Animals,"222",-,-
396,"Ecuador",ECU,2024,Terrestrial,"Rabbits / hares (mixed group)",-,"","",Animals,"",-,-
396,"Ecuador",ECU,2024,Terrestrial,"Cervidae",-,"","",Animals,"",-,-
396,"Ecuador",ECU,2024,Terrestrial,"Dogs",-,"","",Animals,"",-,-
396,"Ecuador",ECU,2024,Terrestrial,"Cats",-,"","",Animals,"",-,-
396,"Ecuador",ECU,2024,Terrestrial,"Bees",-,"5675","",Hives / Nests,"321",-,-
202,"Egypt",EGY,2024,Terrestrial,"Cattle","Calves (<1 year) (cattle)","","678265",Animals,"",-,"278109,8"
202,"Egypt",EGY,2024,Terrestrial,"Cattle",-,"2812223","719921",Animals,"",-,"298937,8"
202,"Egypt",EGY,2024,Terrestrial,"Swine",-,"","34681",Animals,"",-,"1734"
202,"Egypt",EGY,2024,Terrestrial,"Birds","Other birds","","5698565",Animals,"",-,"12324,2"
202,"Egypt",EGY,2024,Terrestrial,"Birds","Turkeys","","492598",Animals,"",-,"7881,4"
202,"Egypt",EGY,2024,Terrestrial,"Birds",-,"","119551783",Animals,"",-,"246927,2"
202,"Egypt",EGY,2024,Terrestrial,"Sheep",-,"","441830",Animals,"",-,"22091,4"
202,"Egypt",EGY,2024,Terrestrial,"Goats",-,"","13910",Animals,"",-,"556,4"
202,"Egypt",EGY,2024,Terrestrial,"Sheep / goats (mixed herd)",-,"3068840","",Animals,"",-,-
202,"Egypt",EGY,2024,Terrestrial,"Buffaloes","Calves (<1 year) (buffaloes)","","185068",Animals,"",-,"74027,2"
202,"Egypt",EGY,2024,Terrestrial,"Buffaloes",-,"1427615","248364",Animals,"",-,"105675,2"
202,"Egypt",EGY,2024,Terrestrial,"Equidae",-,"523197","0",Animals,"",-,"0"
202,"Egypt",EGY,2024,Terrestrial,"Camelidae","Camels","2390001","",Animals,"",-,-
202,"Egypt",EGY,2024,Terrestrial,"Camelidae",-,"2390001","62220",Animals,"",-,"31110"
202,"Egypt",EGY,2024,Terrestrial,"Rabbits / hares (mixed group)",-,"","73657",Animals,"",-,"147,2"
202,"Egypt",EGY,2024,Terrestrial,"Cervidae",-,"0","0",Animals,"0","0","0"
202,"Egypt",EGY,2024,Terrestrial,"Dogs",-,"","",Animals,"",-,-
202,"Egypt",EGY,2024,Terrestrial,"Cats",-,"","",Animals,"",-,-
202,"Egypt",EGY,2024,Terrestrial,"Bees",-,"","",Hives / Nests,"",-,-
257,"Estonia",EST,2024,Terrestrial,"Cattle",-,"232392","29295",Animals,"2639",-,"7396,1"
257,"Estonia",EST,2024,Terrestrial,"Swine",-,"296758","507064",Animals,"113",-,"41582,4"
257,"Estonia",EST,2024,Terrestrial,"Birds","Broiler chickens","1319538","13520721",Animals,"98",-,"22139,8"
257,"Estonia",EST,2024,Terrestrial,"Birds","Ducks","2048","",Animals,"256",-,-
257,"Estonia",EST,2024,Terrestrial,"Birds","Layer chickens","806065","",Animals,"1881",-,-
257,"Estonia",EST,2024,Terrestrial,"Birds","Other birds","65873","",Animals,"524",-,-
257,"Estonia",EST,2024,Terrestrial,"Birds","Turkeys","944","150",Animals,"124",-,"1,4"
257,"Estonia",EST,2024,Terrestrial,"Birds",-,"2194468","13520871",Animals,"2883",-,"22141,2"
257,"Estonia",EST,2024,Terrestrial,"Sheep",-,"45094","5893",Animals,"1549",-,"120,8"
257,"Estonia",EST,2024,Terrestrial,"Goats",-,"3136","65",Animals,"413",-,"1,1"
257,"Estonia",EST,2024,Terrestrial,"Sheep / goats (mixed herd)",-,"4844","",Animals,"208",-,-
257,"Estonia",EST,2024,Terrestrial,"Buffaloes",-,"","",Animals,"",-,-
257,"Estonia",EST,2024,Terrestrial,"Equidae","Donkeys","38","",Animals,"16",-,-
257,"Estonia",EST,2024,Terrestrial,"Equidae","Horses","14351","2",Animals,"1625",-,"0,5"
257,"Estonia",EST,2024,Terrestrial,"Equidae","Mules / Hinnies","8","",Animals,"2",-,-
257,"Estonia",EST,2024,Terrestrial,"Equidae",-,"14397","2",Animals,"1643",-,"0,5"
257,"Estonia",EST,2024,Terrestrial,"Camelidae","Alpacas","280","",Animals,"27",-,-
257,"Estonia",EST,2024,Terrestrial,"Camelidae","Camels","1","",Animals,"1",-,-
257,"Estonia",EST,2024,Terrestrial,"Camelidae","Llamas","29","",Animals,"8",-,-
257,"Estonia",EST,2024,Terrestrial,"Camelidae",-,"310","",Animals,"36",-,-
257,"Estonia",EST,2024,Terrestrial,"Rabbits / hares (mixed group)",-,"2091","",Animals,"152",-,-
257,"Estonia",EST,2024,Terrestrial,"Cervidae",-,"524","5877",Animals,"3",-,"434,7"
257,"Estonia",EST,2024,Terrestrial,"Dogs",-,"","",Animals,"",-,-
257,"Estonia",EST,2024,Terrestrial,"Cats",-,"","",Animals,"",-,-
257,"Estonia",EST,2024,Terrestrial,"Bees",-,"49590","",Hives / Nests,"4898",-,-
236,"Eswatini",SWZ,2024,Terrestrial,"Cattle","Adult beef cattle","405476","",Animals,"",-,-
236,"Eswatini",SWZ,2024,Terrestrial,"Cattle","Adult dairy cattle","3894","",Animals,"",-,-
236,"Eswatini",SWZ,2024,Terrestrial,"Cattle","Calves (<1 year) (cattle)","90250","",Animals,"",-,-
236,"Eswatini",SWZ,2024,Terrestrial,"Cattle","Males and females, 1-2 years, beef cattle","77241","",Animals,"",-,-
236,"Eswatini",SWZ,2024,Terrestrial,"Cattle","Males and females, 1-2 years, dairy cattle","1325","",Animals,"",-,-
236,"Eswatini",SWZ,2024,Terrestrial,"Cattle",-,"578186","",Animals,"50294",-,-
236,"Eswatini",SWZ,2024,Terrestrial,"Swine",-,"50082","",Animals,"8016",-,-
236,"Eswatini",SWZ,2024,Terrestrial,"Birds","Backyard poultry","855367","",Animals,"49222",-,-
236,"Eswatini",SWZ,2024,Terrestrial,"Birds","Broiler chickens","731824","",Animals,"1154",-,-
236,"Eswatini",SWZ,2024,Terrestrial,"Birds","Layer chickens","148626","",Animals,"202",-,-
236,"Eswatini",SWZ,2024,Terrestrial,"Birds",-,"1735817","",Animals,"50578",-,-
236,"Eswatini",SWZ,2024,Terrestrial,"Sheep","Adult (sheep)","12228","",Animals,"",-,-
236,"Eswatini",SWZ,2024,Terrestrial,"Sheep","Lambs (<6 months) (sheep)","5084","",Animals,"",-,-
236,"Eswatini",SWZ,2024,Terrestrial,"Sheep",-,"17312","",Animals,"1097",-,-
236,"Eswatini",SWZ,2024,Terrestrial,"Goats","Adult (goats)","310401","",Animals,"",-,-
236,"Eswatini",SWZ,2024,Terrestrial,"Goats","Kids (<6 months) (goats)","147620","",Animals,"",-,-
236,"Eswatini",SWZ,2024,Terrestrial,"Goats",-,"458021","",Animals,"34784",-,-
236,"Eswatini",SWZ,2024,Terrestrial,"Sheep / goats (mixed herd)",-,"0","",Animals,"0",-,-
236,"Eswatini",SWZ,2024,Terrestrial,"Buffaloes","Adult buffalo","33","",Animals,"1",-,-
236,"Eswatini",SWZ,2024,Terrestrial,"Buffaloes",-,"33","",Animals,"1",-,-
236,"Eswatini",SWZ,2024,Terrestrial,"Equidae","Donkeys","8204","",Animals,"1955",-,-
236,"Eswatini",SWZ,2024,Terrestrial,"Equidae","Horses","788","",Animals,"211",-,-
236,"Eswatini",SWZ,2024,Terrestrial,"Equidae","Mules / Hinnies","22","",Animals,"11",-,-
236,"Eswatini",SWZ,2024,Terrestrial,"Equidae",-,"9014","",Animals,"2177",-,-
236,"Eswatini",SWZ,2024,Terrestrial,"Camelidae","Alpacas","5","",Animals,"1",-,-
236,"Eswatini",SWZ,2024,Terrestrial,"Camelidae","Camels","0","",Animals,"0",-,-
236,"Eswatini",SWZ,2024,Terrestrial,"Camelidae","Llamas","0","",Animals,"0",-,-
236,"Eswatini",SWZ,2024,Terrestrial,"Camelidae",-,"5","",Animals,"1",-,-
236,"Eswatini",SWZ,2024,Terrestrial,"Rabbits / hares (mixed group)",-,"","",Animals,"",-,-
236,"Eswatini",SWZ,2024,Terrestrial,"Cervidae",-,"","",Animals,"",-,-
236,"Eswatini",SWZ,2024,Terrestrial,"Dogs",-,"84246","",Animals,"",-,-
236,"Eswatini",SWZ,2024,Terrestrial,"Cats",-,"","",Animals,"",-,-
236,"Eswatini",SWZ,2024,Terrestrial,"Bees",-,"1904","",Hives / Nests,"327",-,-
332,"Falkland Islands",FLK,2024,Terrestrial,"Cattle",-,"2836","463",Animals,"59",-,-
332,"Falkland Islands",FLK,2024,Terrestrial,"Swine",-,"50","68",Animals,"9",-,-
332,"Falkland Islands",FLK,2024,Terrestrial,"Birds",-,"3000","",Animals,"1",-,-
332,"Falkland Islands",FLK,2024,Terrestrial,"Sheep",-,"421112","54451",Animals,"77",-,-
332,"Falkland Islands",FLK,2024,Terrestrial,"Goats",-,"34","",Animals,"2",-,-
332,"Falkland Islands",FLK,2024,Terrestrial,"Sheep / goats (mixed herd)",-,"","",Animals,"",-,-
332,"Falkland Islands",FLK,2024,Terrestrial,"Buffaloes",-,"0","",Animals,"0",-,-
332,"Falkland Islands",FLK,2024,Terrestrial,"Equidae",-,"394","0",Animals,"34",-,"0"
332,"Falkland Islands",FLK,2024,Terrestrial,"Camelidae",-,"0","0",Animals,"0",-,"0"
332,"Falkland Islands",FLK,2024,Terrestrial,"Rabbits / hares (mixed group)",-,"","",Animals,"",-,-
332,"Falkland Islands",FLK,2024,Terrestrial,"Cervidae",-,"150","",Animals,"2",-,-
332,"Falkland Islands",FLK,2024,Terrestrial,"Dogs",-,"620","",Animals,"",-,-
332,"Falkland Islands",FLK,2024,Terrestrial,"Cats",-,"","",Animals,"",-,-
332,"Falkland Islands",FLK,2024,Terrestrial,"Bees",-,"0","",Hives / Nests,"0",-,-
198,"Finland",FIN,2024,Terrestrial,"Cattle","Adult beef cattle","75704","",Animals,"",-,-
198,"Finland",FIN,2024,Terrestrial,"Cattle","Adult dairy cattle","243834","",Animals,"","595",-
198,"Finland",FIN,2024,Terrestrial,"Cattle","Calves (<1 year) (cattle)","271863","",Animals,"","314",-
198,"Finland",FIN,2024,Terrestrial,"Cattle","Males and females, 1-2 years, beef cattle","64614","",Animals,"",-,-
198,"Finland",FIN,2024,Terrestrial,"Cattle","Males and females, 1-2 years, dairy cattle","129537","",Animals,"",-,-
198,"Finland",FIN,2024,Terrestrial,"Cattle",-,"788946","263171",Animals,"7514","600","85769"
198,"Finland",FIN,2024,Terrestrial,"Swine","Adult (breeding) pigs","85440","28023",Animals,"","240","4939"
198,"Finland",FIN,2024,Terrestrial,"Swine","Fatteners","448997","1716738",Animals,"","120","156124"
198,"Finland",FIN,2024,Terrestrial,"Swine","Piglets (pre-weaning)","453249","",Animals,"",-,-
198,"Finland",FIN,2024,Terrestrial,"Swine",-,"987686","1744761",Animals,"715","120","161063"
198,"Finland",FIN,2024,Terrestrial,"Birds","Broiler chickens","9777499","78000334",Animals,"156","2,4","137636"
198,"Finland",FIN,2024,Terrestrial,"Birds","Layer chickens","4065654","",Animals,"212","2,4",-
198,"Finland",FIN,2024,Terrestrial,"Birds","Turkeys","313838","868315",Animals,"32","13,2","8702"
198,"Finland",FIN,2024,Terrestrial,"Birds",-,"14712624","78876032",Animals,"415",-,"146344"
198,"Finland",FIN,2024,Terrestrial,"Sheep",-,"119449","46313",Animals,"4017","75","957"
198,"Finland",FIN,2024,Terrestrial,"Goats",-,"8446","988",Animals,"1135","65","15"
198,"Finland",FIN,2024,Terrestrial,"Sheep / goats (mixed herd)",-,"0","0",Animals,"0","0","0"
198,"Finland",FIN,2024,Terrestrial,"Buffaloes",-,"164","",Animals,"7",-,-
198,"Finland",FIN,2024,Terrestrial,"Equidae",-,"71500","839",Animals,"11493","400","227"
198,"Finland",FIN,2024,Terrestrial,"Camelidae",-,"","",Animals,"198",-,-
198,"Finland",FIN,2024,Terrestrial,"Rabbits / hares (mixed group)",-,"","",Animals,"",-,-
198,"Finland",FIN,2024,Terrestrial,"Cervidae",-,"178075","45953",Animals,"4353",-,-
198,"Finland",FIN,2024,Terrestrial,"Dogs",-,"800000","",Animals,"",-,-
198,"Finland",FIN,2024,Terrestrial,"Cats",-,"","",Animals,"",-,-
198,"Finland",FIN,2024,Terrestrial,"Bees",-,"69544","",Hives / Nests,"9907",-,-
298,"Gabon",GAB,2024,Terrestrial,"Cattle","Adult dairy cattle","0","0",Animals,"0","0","0"
298,"Gabon",GAB,2024,Terrestrial,"Cattle","Males and females, 1-2 years, dairy cattle","0","0",Animals,"0","0","0"
298,"Gabon",GAB,2024,Terrestrial,"Cattle",-,"8201","7536",Animals,"8","350","875"
298,"Gabon",GAB,2024,Terrestrial,"Swine",-,"","119095",Animals,"",-,"3586"
298,"Gabon",GAB,2024,Terrestrial,"Birds","Broiler chickens","","5154000",Animals,"",-,"4193"
298,"Gabon",GAB,2024,Terrestrial,"Birds","Layer chickens","681000","",Animals,"",-,-
298,"Gabon",GAB,2024,Terrestrial,"Birds",-,"681000","5154000",Animals,"",-,"4193"
298,"Gabon",GAB,2024,Terrestrial,"Sheep",-,"","68790",Animals,"",-,"859"
298,"Gabon",GAB,2024,Terrestrial,"Goats",-,"","34004",Animals,"",-,"347"
298,"Gabon",GAB,2024,Terrestrial,"Sheep / goats (mixed herd)",-,"","",Animals,"",-,-
298,"Gabon",GAB,2024,Terrestrial,"Buffaloes",-,"","",Animals,"",-,-
298,"Gabon",GAB,2024,Terrestrial,"Equidae",-,"","",Animals,"",-,-
298,"Gabon",GAB,2024,Terrestrial,"Camelidae","Alpacas","0","0",Animals,"0","0","0"
298,"Gabon",GAB,2024,Terrestrial,"Camelidae","Camels","0","0",Animals,"0","0","0"
298,"Gabon",GAB,2024,Terrestrial,"Camelidae","Llamas","0","0",Animals,"0","0","0"
298,"Gabon",GAB,2024,Terrestrial,"Camelidae",-,"0","0",Animals,"0","0","0"
298,"Gabon",GAB,2024,Terrestrial,"Rabbits / hares (mixed group)",-,"","1745000",Animals,"",-,"2094"
298,"Gabon",GAB,2024,Terrestrial,"Cervidae",-,"","",Animals,"",-,-
298,"Gabon",GAB,2024,Terrestrial,"Dogs",-,"50000","",Animals,"",-,-
298,"Gabon",GAB,2024,Terrestrial,"Cats",-,"","",Animals,"",-,-
298,"Gabon",GAB,2024,Terrestrial,"Bees",-,"","",Hives / Nests,"",-,-
279,"Gambia",GMB,2024,Terrestrial,"Cattle",-,"277727","41350",Animals,"","300","7283"
279,"Gambia",GMB,2024,Terrestrial,"Swine",-,"15141","",Animals,"","60",-
279,"Gambia",GMB,2024,Terrestrial,"Birds",-,"1028610","",Animals,"","1,5",-
279,"Gambia",GMB,2024,Terrestrial,"Sheep",-,"181414","26928",Animals,"","30","481"
279,"Gambia",GMB,2024,Terrestrial,"Goats",-,"435709","36589",Animals,"","20","523,8"
279,"Gambia",GMB,2024,Terrestrial,"Sheep / goats (mixed herd)",-,"","",Animals,"",-,-
279,"Gambia",GMB,2024,Terrestrial,"Buffaloes",-,"0","",Animals,"",-,-
279,"Gambia",GMB,2024,Terrestrial,"Equidae",-,"24627","",Animals,"",-,-
279,"Gambia",GMB,2024,Terrestrial,"Camelidae",-,"","",Animals,"",-,-
279,"Gambia",GMB,2024,Terrestrial,"Rabbits / hares (mixed group)",-,"526","",Animals,"",-,-
279,"Gambia",GMB,2024,Terrestrial,"Cervidae",-,"","",Animals,"",-,-
279,"Gambia",GMB,2024,Terrestrial,"Dogs",-,"","",Animals,"",-,-
279,"Gambia",GMB,2024,Terrestrial,"Cats",-,"","",Animals,"",-,-
279,"Gambia",GMB,2024,Terrestrial,"Bees",-,"","",Hives / Nests,"",-,-
216,"Ghana",GHA,2024,Terrestrial,"Cattle",-,"831071","",Animals,"",-,-
216,"Ghana",GHA,2024,Terrestrial,"Swine",-,"988505","",Animals,"",-,-
216,"Ghana",GHA,2024,Terrestrial,"Birds",-,"25502523","",Animals,"",-,-
216,"Ghana",GHA,2024,Terrestrial,"Sheep",-,"2906940","",Animals,"",-,-
216,"Ghana",GHA,2024,Terrestrial,"Goats",-,"2635117","",Animals,"",-,-
216,"Ghana",GHA,2024,Terrestrial,"Sheep / goats (mixed herd)",-,"","",Animals,"",-,-
216,"Ghana",GHA,2024,Terrestrial,"Buffaloes",-,"","",Animals,"",-,-
216,"Ghana",GHA,2024,Terrestrial,"Equidae",-,"356","",Animals,"",-,-
216,"Ghana",GHA,2024,Terrestrial,"Camelidae",-,"","",Animals,"",-,-
216,"Ghana",GHA,2024,Terrestrial,"Rabbits / hares (mixed group)",-,"","",Animals,"",-,-
216,"Ghana",GHA,2024,Terrestrial,"Cervidae",-,"","",Animals,"",-,-
216,"Ghana",GHA,2024,Terrestrial,"Dogs",-,"","",Animals,"",-,-
216,"Ghana",GHA,2024,Terrestrial,"Cats",-,"","",Animals,"",-,-
216,"Ghana",GHA,2024,Terrestrial,"Bees",-,"","",Hives / Nests,"",-,-
244,"Greece",GRC,2024,Terrestrial,"Cattle",-,"980769","153061",Animals,"29393",-,"41548,9"
244,"Greece",GRC,2024,Terrestrial,"Swine",-,"808191","1070895",Animals,"1698",-,-
244,"Greece",GRC,2024,Terrestrial,"Birds",-,"39873800","154294031",Animals,"2360",-,"295780"
244,"Greece",GRC,2024,Terrestrial,"Sheep",-,"3233639","",Animals,"19421",-,-
244,"Greece",GRC,2024,Terrestrial,"Goats","Adult (goats)","","",Animals,"5964",-,-
244,"Greece",GRC,2024,Terrestrial,"Goats",-,"1160317","",Animals,"5964",-,-
244,"Greece",GRC,2024,Terrestrial,"Sheep / goats (mixed herd)",-,"12517100","",Animals,"57065",-,-
244,"Greece",GRC,2024,Terrestrial,"Buffaloes",-,"8253","1863",Animals,"102",-,"337,6"
244,"Greece",GRC,2024,Terrestrial,"Equidae",-,"15342","0",Animals,"2526",-,"0"
244,"Greece",GRC,2024,Terrestrial,"Camelidae",-,"21","",Animals,"2",-,-
244,"Greece",GRC,2024,Terrestrial,"Rabbits / hares (mixed group)",-,"100943","73179",Animals,"35",-,-
244,"Greece",GRC,2024,Terrestrial,"Cervidae",-,"594","",Animals,"7",-,-
244,"Greece",GRC,2024,Terrestrial,"Dogs",-,"1023908","",Animals,"",-,-
244,"Greece",GRC,2024,Terrestrial,"Cats",-,"255833","",Animals,"",-,-
244,"Greece",GRC,2024,Terrestrial,"Bees",-,"2369463","",Hives / Nests,"19879",-,-
193,"Greenland",GRL,2024,Terrestrial,"Cattle",-,"83","89",Animals,"6",-,"9,1"
193,"Greenland",GRL,2024,Terrestrial,"Swine",-,"0","0",Animals,"0",-,"0"
193,"Greenland",GRL,2024,Terrestrial,"Birds","Backyard poultry","260","",Animals,"20",-,-
193,"Greenland",GRL,2024,Terrestrial,"Birds",-,"260","",Animals,"20",-,-
193,"Greenland",GRL,2024,Terrestrial,"Sheep","Adult (sheep)","","1769",Animals,"","65",-
193,"Greenland",GRL,2024,Terrestrial,"Sheep","Lambs (<6 months) (sheep)","","18599",Animals,"",-,-
193,"Greenland",GRL,2024,Terrestrial,"Sheep",-,"17268","20368",Animals,"39",-,"286,6"
193,"Greenland",GRL,2024,Terrestrial,"Goats",-,"0","0",Animals,"0",-,"0"
193,"Greenland",GRL,2024,Terrestrial,"Sheep / goats (mixed herd)",-,"0","0",Animals,"0",-,"0"
193,"Greenland",GRL,2024,Terrestrial,"Buffaloes",-,"0","0",Animals,"0",-,"0"
193,"Greenland",GRL,2024,Terrestrial,"Equidae",-,"150","",Animals,"26",-,-
193,"Greenland",GRL,2024,Terrestrial,"Camelidae",-,"0","0",Animals,"0",-,"0"
193,"Greenland",GRL,2024,Terrestrial,"Rabbits / hares (mixed group)",-,"0","0",Animals,"0",-,"0"
193,"Greenland",GRL,2024,Terrestrial,"Cervidae","Cervidae: Red deer + Wapiti + Reindeer","1700","106",Animals,"2",-,"2,6"
193,"Greenland",GRL,2024,Terrestrial,"Cervidae",-,"1700","106",Animals,"2",-,"2,6"
193,"Greenland",GRL,2024,Terrestrial,"Dogs",-,"12000","",Animals,"",-,-
193,"Greenland",GRL,2024,Terrestrial,"Cats",-,"300","",Animals,"",-,-
193,"Greenland",GRL,2024,Terrestrial,"Bees",-,"","",Hives / Nests,"",-,-
343,"Guatemala",GTM,2024,Terrestrial,"Cattle",-,"2750000","",Animals,"","450",-
343,"Guatemala",GTM,2024,Terrestrial,"Swine",-,"1510000","",Animals,"870","100",-
343,"Guatemala",GTM,2024,Terrestrial,"Birds",-,"83210000","",Animals,"825","2,5",-
343,"Guatemala",GTM,2024,Terrestrial,"Sheep",-,"150200","",Animals,"","50",-
343,"Guatemala",GTM,2024,Terrestrial,"Goats",-,"440100","",Animals,"","28",-
343,"Guatemala",GTM,2024,Terrestrial,"Sheep / goats (mixed herd)",-,"","",Animals,"",-,-
343,"Guatemala",GTM,2024,Terrestrial,"Buffaloes",-,"2080","",Animals,"","800",-
343,"Guatemala",GTM,2024,Terrestrial,"Equidae",-,"220750","",Animals,"","500",-
343,"Guatemala",GTM,2024,Terrestrial,"Camelidae",-,"28","",Animals,"","65",-
343,"Guatemala",GTM,2024,Terrestrial,"Rabbits / hares (mixed group)",-,"","",Animals,"","2,5",-
343,"Guatemala",GTM,2024,Terrestrial,"Cervidae",-,"","",Animals,"",-,-
343,"Guatemala",GTM,2024,Terrestrial,"Dogs",-,"2500200","",Animals,"",-,-
343,"Guatemala",GTM,2024,Terrestrial,"Cats",-,"","",Animals,"",-,-
343,"Guatemala",GTM,2024,Terrestrial,"Bees",-,"234080","",Hives / Nests,"4000",-,-
269,"Guinea-Bissau",GNB,2024,Terrestrial,"Cattle",-,"1783830","8319",Animals,"","90","833,7"
269,"Guinea-Bissau",GNB,2024,Terrestrial,"Swine",-,"608612","",Animals,"",-,-
269,"Guinea-Bissau",GNB,2024,Terrestrial,"Birds",-,"2668353","",Animals,"",-,-
269,"Guinea-Bissau",GNB,2024,Terrestrial,"Sheep",-,"353799","1580",Animals,"","30","24,2"
269,"Guinea-Bissau",GNB,2024,Terrestrial,"Goats",-,"1011252","7757",Animals,"","20","84"
269,"Guinea-Bissau",GNB,2024,Terrestrial,"Sheep / goats (mixed herd)",-,"","",Animals,"",-,-
269,"Guinea-Bissau",GNB,2024,Terrestrial,"Buffaloes",-,"","",Animals,"",-,-
269,"Guinea-Bissau",GNB,2024,Terrestrial,"Equidae",-,"5057","",Animals,"",-,-
269,"Guinea-Bissau",GNB,2024,Terrestrial,"Camelidae",-,"","",Animals,"",-,-
269,"Guinea-Bissau",GNB,2024,Terrestrial,"Rabbits / hares (mixed group)",-,"","",Animals,"",-,-
269,"Guinea-Bissau",GNB,2024,Terrestrial,"Cervidae",-,"","",Animals,"",-,-
269,"Guinea-Bissau",GNB,2024,Terrestrial,"Dogs",-,"","",Animals,"",-,-
269,"Guinea-Bissau",GNB,2024,Terrestrial,"Cats",-,"","",Animals,"",-,-
269,"Guinea-Bissau",GNB,2024,Terrestrial,"Bees",-,"","",Hives / Nests,"",-,-
197,"Guyana",GUY,2024,Terrestrial,"Cattle","Adult beef cattle","183451","",Animals,"4559","400",-
197,"Guyana",GUY,2024,Terrestrial,"Cattle","Males and females, 1-2 years, beef cattle","62031","",Animals,"","280",-
197,"Guyana",GUY,2024,Terrestrial,"Cattle",-,"","",Animals,"",-,-
197,"Guyana",GUY,2024,Terrestrial,"Swine","Adult (breeding) pigs","80221","",Animals,"",-,-
197,"Guyana",GUY,2024,Terrestrial,"Swine",-,"","",Animals,"",-,-
197,"Guyana",GUY,2024,Terrestrial,"Birds","Backyard poultry","119000","",Animals,"",-,-
197,"Guyana",GUY,2024,Terrestrial,"Birds","Broiler chickens","54000000","",Animals,"",-,-
197,"Guyana",GUY,2024,Terrestrial,"Birds","Ducks","1800000","",Animals,"",-,-
197,"Guyana",GUY,2024,Terrestrial,"Birds","Layer chickens","8300000","",Animals,"",-,-
197,"Guyana",GUY,2024,Terrestrial,"Birds",-,"","",Animals,"",-,-
197,"Guyana",GUY,2024,Terrestrial,"Sheep","Adult (sheep)","137168","",Animals,"",-,-
197,"Guyana",GUY,2024,Terrestrial,"Sheep",-,"","",Animals,"",-,-
197,"Guyana",GUY,2024,Terrestrial,"Goats","Adult (goats)","79010","",Animals,"",-,-
197,"Guyana",GUY,2024,Terrestrial,"Goats",-,"","",Animals,"",-,-
197,"Guyana",GUY,2024,Terrestrial,"Sheep / goats (mixed herd)",-,"","",Animals,"",-,-
197,"Guyana",GUY,2024,Terrestrial,"Buffaloes",-,"","",Animals,"",-,-
197,"Guyana",GUY,2024,Terrestrial,"Equidae","Horses","10078","",Animals,"",-,-
197,"Guyana",GUY,2024,Terrestrial,"Equidae",-,"","",Animals,"",-,-
197,"Guyana",GUY,2024,Terrestrial,"Camelidae",-,"","",Animals,"",-,-
197,"Guyana",GUY,2024,Terrestrial,"Rabbits / hares (mixed group)",-,"","",Animals,"",-,-
197,"Guyana",GUY,2024,Terrestrial,"Cervidae",-,"","",Animals,"",-,-
197,"Guyana",GUY,2024,Terrestrial,"Dogs",-,"4400","",Animals,"",-,-
197,"Guyana",GUY,2024,Terrestrial,"Cats",-,"2500","",Animals,"",-,-
197,"Guyana",GUY,2024,Terrestrial,"Bees",-,"","",Hives / Nests,"119",-,-
209,"Hong Kong",HKG,2024,Terrestrial,"Cattle","Adult dairy cattle","27","",Animals,"",-,-
209,"Hong Kong",HKG,2024,Terrestrial,"Cattle","Calves (<1 year) (cattle)","28","",Animals,"",-,-
209,"Hong Kong",HKG,2024,Terrestrial,"Cattle","Males and females, 1-2 years, dairy cattle","13","",Animals,"",-,-
209,"Hong Kong",HKG,2024,Terrestrial,"Cattle",-,"68","",Animals,"2",-,-
209,"Hong Kong",HKG,2024,Terrestrial,"Swine",-,"42464","",Animals,"43",-,-
209,"Hong Kong",HKG,2024,Terrestrial,"Birds","Broiler chickens","1023541","",Animals,"",-,-
209,"Hong Kong",HKG,2024,Terrestrial,"Birds","Layer chickens","22505","",Animals,"",-,-
209,"Hong Kong",HKG,2024,Terrestrial,"Birds",-,"1046046","",Animals,"29",-,-
209,"Hong Kong",HKG,2024,Terrestrial,"Sheep",-,"","",Animals,"",-,-
209,"Hong Kong",HKG,2024,Terrestrial,"Goats",-,"","",Animals,"",-,-
209,"Hong Kong",HKG,2024,Terrestrial,"Sheep / goats (mixed herd)",-,"","",Animals,"",-,-
209,"Hong Kong",HKG,2024,Terrestrial,"Buffaloes",-,"","",Animals,"",-,-
209,"Hong Kong",HKG,2024,Terrestrial,"Equidae","Horses","1445","",Animals,"",-,-
209,"Hong Kong",HKG,2024,Terrestrial,"Equidae",-,"1445","",Animals,"9",-,-
209,"Hong Kong",HKG,2024,Terrestrial,"Camelidae",-,"","",Animals,"",-,-
209,"Hong Kong",HKG,2024,Terrestrial,"Rabbits / hares (mixed group)",-,"","",Animals,"",-,-
209,"Hong Kong",HKG,2024,Terrestrial,"Cervidae",-,"","",Animals,"",-,-
209,"Hong Kong",HKG,2024,Terrestrial,"Dogs",-,"221100","",Animals,"",-,-
209,"Hong Kong",HKG,2024,Terrestrial,"Cats",-,"184100","",Animals,"",-,-
209,"Hong Kong",HKG,2024,Terrestrial,"Bees",-,"","",Hives / Nests,"",-,-
113,"Hungary",HUN,2024,Terrestrial,"Cattle","Adult beef cattle","251171","690",Animals,"",-,"469,4"
113,"Hungary",HUN,2024,Terrestrial,"Cattle","Adult dairy cattle","210712","53005",Animals,"",-,"28651,3"
113,"Hungary",HUN,2024,Terrestrial,"Cattle","Calves (<1 year) (cattle)","157889","10833",Animals,"",-,"4362,3"
113,"Hungary",HUN,2024,Terrestrial,"Cattle","Males and females, 1-2 years, beef cattle","136697","10182",Animals,"",-,"6926,5"
113,"Hungary",HUN,2024,Terrestrial,"Cattle","Males and females, 1-2 years, dairy cattle","175159","12902",Animals,"",-,"6974"
113,"Hungary",HUN,2024,Terrestrial,"Cattle",-,"931628","87612",Animals,"19918",-,"47383,5"
113,"Hungary",HUN,2024,Terrestrial,"Swine","Adult (breeding) pigs","195855","145617",Animals,"",-,"32145"
113,"Hungary",HUN,2024,Terrestrial,"Swine","Backyard pigs","","",Animals,"7261",-,-
113,"Hungary",HUN,2024,Terrestrial,"Swine","Fatteners","1461964","4661945",Animals,"",-,"419617"
113,"Hungary",HUN,2024,Terrestrial,"Swine","Piglets (pre-weaning)","843092","",Animals,"",-,-
113,"Hungary",HUN,2024,Terrestrial,"Swine",-,"2500911","4807562",Animals,"12676",-,"451762"
113,"Hungary",HUN,2024,Terrestrial,"Birds","Backyard poultry","2185744","817601",Animals,"118692",-,"687"
113,"Hungary",HUN,2024,Terrestrial,"Birds","Broiler chickens","36914754","283245320",Animals,"571",-,"798182,3"
113,"Hungary",HUN,2024,Terrestrial,"Birds","Ducks","8456999","28392335",Animals,"551",-,"96703,1"
113,"Hungary",HUN,2024,Terrestrial,"Birds","Layer chickens","7039120","2612371",Animals,"376",-,"5141,9"
113,"Hungary",HUN,2024,Terrestrial,"Birds","Other birds","11987079","3551481",Animals,"749",-,"18457,5"
113,"Hungary",HUN,2024,Terrestrial,"Birds","Turkeys","4452639","5831231",Animals,"246",-,"74328,7"
113,"Hungary",HUN,2024,Terrestrial,"Birds",-,"71036335","324450339",Animals,"121185",-,"993500,5"
113,"Hungary",HUN,2024,Terrestrial,"Sheep","Adult (sheep)","","12538",Animals,"",-,"1253,8"
113,"Hungary",HUN,2024,Terrestrial,"Sheep","Lambs (<6 months) (sheep)","","39432",Animals,"",-,"1971,6"
113,"Hungary",HUN,2024,Terrestrial,"Sheep",-,"748350","51970",Animals,"7956",-,"3225,4"
113,"Hungary",HUN,2024,Terrestrial,"Goats","Adult (goats)","","228",Animals,"",-,"22,8"
113,"Hungary",HUN,2024,Terrestrial,"Goats","Kids (<6 months) (goats)","","0",Animals,"",-,"0"
113,"Hungary",HUN,2024,Terrestrial,"Goats",-,"21610","228",Animals,"990",-,"22,8"
113,"Hungary",HUN,2024,Terrestrial,"Sheep / goats (mixed herd)",-,"","",Animals,"",-,-
113,"Hungary",HUN,2024,Terrestrial,"Buffaloes","Adult buffalo","7683","239",Animals,"",-,"162,6"
113,"Hungary",HUN,2024,Terrestrial,"Buffaloes","Calves (<1 year) (buffaloes)","1425","0",Animals,"",-,"0"
113,"Hungary",HUN,2024,Terrestrial,"Buffaloes",-,"9108","239",Animals,"294",-,"162,6"
113,"Hungary",HUN,2024,Terrestrial,"Equidae","Donkeys","3698","9",Animals,"430",-,"2,2"
113,"Hungary",HUN,2024,Terrestrial,"Equidae","Horses","41505","137",Animals,"12308",-,"74,7"
113,"Hungary",HUN,2024,Terrestrial,"Equidae","Mules / Hinnies","6","0",Animals,"6",-,"0"
113,"Hungary",HUN,2024,Terrestrial,"Equidae",-,"45209","146",Animals,"12744",-,"77,2"
113,"Hungary",HUN,2024,Terrestrial,"Camelidae",-,"","",Animals,"",-,-
113,"Hungary",HUN,2024,Terrestrial,"Rabbits / hares (mixed group)","Hares","","",Animals,"",-,"3,2"
113,"Hungary",HUN,2024,Terrestrial,"Rabbits / hares (mixed group)","Rabbits","3800000","3605936",Animals,"60",-,"8126"
113,"Hungary",HUN,2024,Terrestrial,"Rabbits / hares (mixed group)",-,"","",Animals,"",-,"8403,4"
113,"Hungary",HUN,2024,Terrestrial,"Cervidae","Cervidae: Musk Deer","0","0",Animals,"",-,"0"
113,"Hungary",HUN,2024,Terrestrial,"Cervidae","Cervidae: other","363735","60950",Animals,"",-,"922,4"
113,"Hungary",HUN,2024,Terrestrial,"Cervidae","Cervidae: Red deer + Wapiti + Reindeer","127712","52549",Animals,"",-,"4211,3"
113,"Hungary",HUN,2024,Terrestrial,"Cervidae","Cervidae: Sika deer + Rusa deer + Fallow deer","47782","15758",Animals,"",-,"648,9"
113,"Hungary",HUN,2024,Terrestrial,"Cervidae",-,"539229","230723",Animals,"",-,"5782,6"
113,"Hungary",HUN,2024,Terrestrial,"Dogs",-,"1017695","",Animals,"",-,-
113,"Hungary",HUN,2024,Terrestrial,"Cats",-,"2380000","",Animals,"",-,-
113,"Hungary",HUN,2024,Terrestrial,"Bees",-,"1168197","",Hives / Nests,"23818",-,-
219,"Indonesia",IDN,2024,Terrestrial,"Cattle",-,"18110000","2330000",Animals,"4778158","462,1","499,7"
219,"Indonesia",IDN,2024,Terrestrial,"Swine",-,"6749000","2318252",Animals,"1161360","104,4","154351,7"
219,"Indonesia",IDN,2024,Terrestrial,"Birds",-,"3873420000","",Animals,"",-,-
219,"Indonesia",IDN,2024,Terrestrial,"Sheep",-,"14063000","3683219",Animals,"","25","34991"
219,"Indonesia",IDN,2024,Terrestrial,"Goats",-,"18561000","4206965",Animals,"","30","42070"
219,"Indonesia",IDN,2024,Terrestrial,"Sheep / goats (mixed herd)",-,"","",Animals,"",-,-
219,"Indonesia",IDN,2024,Terrestrial,"Buffaloes",-,"1088000","105836",Animals,"","343","13759"
219,"Indonesia",IDN,2024,Terrestrial,"Equidae",-,"367302","11093",Animals,"","230,5","1053,8"
219,"Indonesia",IDN,2024,Terrestrial,"Camelidae",-,"","",Animals,"",-,-
219,"Indonesia",IDN,2024,Terrestrial,"Rabbits / hares (mixed group)",-,"1224818","",Animals,"",-,-
219,"Indonesia",IDN,2024,Terrestrial,"Cervidae",-,"","",Animals,"",-,-
219,"Indonesia",IDN,2024,Terrestrial,"Dogs",-,"","",Animals,"",-,-
219,"Indonesia",IDN,2024,Terrestrial,"Cats",-,"","",Animals,"",-,-
219,"Indonesia",IDN,2024,Terrestrial,"Bees",-,"","",Hives / Nests,"",-,-
239,"Iran",IRN,2024,Terrestrial,"Cattle","Adult beef cattle","200000","34850",Animals,"","1300","22304"
239,"Iran",IRN,2024,Terrestrial,"Cattle","Adult dairy cattle","2300000","238960",Animals,"","800","94580"
239,"Iran",IRN,2024,Terrestrial,"Cattle","Calves (<1 year) (cattle)","1800000","154330",Animals,"","120","41668"
239,"Iran",IRN,2024,Terrestrial,"Cattle","Males and females, 1-2 years, beef cattle","450000","522740",Animals,"","400","274228"
239,"Iran",IRN,2024,Terrestrial,"Cattle","Males and females, 1-2 years, dairy cattle","450000","44800",Animals,"","300","15680"
239,"Iran",IRN,2024,Terrestrial,"Cattle",-,"5200000","995680",Animals,"","584","448460"
239,"Iran",IRN,2024,Terrestrial,"Swine",-,"0","0",Animals,"0","0","0"
239,"Iran",IRN,2024,Terrestrial,"Birds","Backyard poultry","38056135","4660",Animals,"38","6","12"
239,"Iran",IRN,2024,Terrestrial,"Birds","Broiler chickens","1282008786","1318017099",Animals,"19118","6","5045112"
239,"Iran",IRN,2024,Terrestrial,"Birds","Ducks","42000","4089",Animals,"10","8","10"
239,"Iran",IRN,2024,Terrestrial,"Birds","Layer chickens","77936280","6328901",Animals,"1996","8","37986"
239,"Iran",IRN,2024,Terrestrial,"Birds","Other birds","366085","6324947",Animals,"426","6","476"
239,"Iran",IRN,2024,Terrestrial,"Birds","Turkeys","3545400","3160043",Animals,"52","34","63540"
239,"Iran",IRN,2024,Terrestrial,"Birds",-,"1401954686","1333839739",Animals,"21640","11,2","5147136"
239,"Iran",IRN,2024,Terrestrial,"Sheep","Adult (sheep)","45725000","6628967",Animals,"2200","90","275986"
239,"Iran",IRN,2024,Terrestrial,"Sheep","Lambs (<6 months) (sheep)","9875000","0",Animals,"2500","16","0"
239,"Iran",IRN,2024,Terrestrial,"Sheep",-,"55600000","6628967",Animals,"4700","53","275986"
239,"Iran",IRN,2024,Terrestrial,"Goats","Adult (goats)","16102000","1839998",Animals,"820","50","59378"
239,"Iran",IRN,2024,Terrestrial,"Goats","Kids (<6 months) (goats)","3750000","0",Animals,"550","10","0"
239,"Iran",IRN,2024,Terrestrial,"Goats",-,"19852000","1839998",Animals,"1370","30","59378"
239,"Iran",IRN,2024,Terrestrial,"Sheep / goats (mixed herd)",-,"","",Animals,"",-,-
239,"Iran",IRN,2024,Terrestrial,"Buffaloes","Adult buffalo","77100","25299",Animals,"75","1100","12134"
239,"Iran",IRN,2024,Terrestrial,"Buffaloes","Calves (<1 year) (buffaloes)","16900","0",Animals,"31","200","0"
239,"Iran",IRN,2024,Terrestrial,"Buffaloes",-,"94000","25299",Animals,"106","650","12134"
239,"Iran",IRN,2024,Terrestrial,"Equidae","Donkeys","200","",Animals,"2",-,-
239,"Iran",IRN,2024,Terrestrial,"Equidae","Horses","70000","",Animals,"743",-,-
239,"Iran",IRN,2024,Terrestrial,"Equidae",-,"70200","",Animals,"745",-,-
239,"Iran",IRN,2024,Terrestrial,"Camelidae","Alpacas","0","0",Animals,"",-,"0"
239,"Iran",IRN,2024,Terrestrial,"Camelidae","Camels","159000","27275",Animals,"153",-,"11256"
239,"Iran",IRN,2024,Terrestrial,"Camelidae","Llamas","0","0",Animals,"",-,"0"
239,"Iran",IRN,2024,Terrestrial,"Camelidae",-,"159000","27275",Animals,"153",-,"11256"
239,"Iran",IRN,2024,Terrestrial,"Rabbits / hares (mixed group)",-,"0","0",Animals,"0","0","0"
239,"Iran",IRN,2024,Terrestrial,"Cervidae",-,"0","0",Animals,"0","0","0"
239,"Iran",IRN,2024,Terrestrial,"Dogs",-,"770000","",Animals,"",-,-
239,"Iran",IRN,2024,Terrestrial,"Cats",-,"","",Animals,"",-,-
239,"Iran",IRN,2024,Terrestrial,"Bees",-,"11206000","",Hives / Nests,"43552",-,-
133,"Iraq",IRQ,2024,Terrestrial,"Cattle","Adult beef cattle","","",Animals,"","1000",-
133,"Iraq",IRQ,2024,Terrestrial,"Cattle","Adult dairy cattle","","",Animals,"","900",-
133,"Iraq",IRQ,2024,Terrestrial,"Cattle","Calves (<1 year) (cattle)","","",Animals,"","500",-
133,"Iraq",IRQ,2024,Terrestrial,"Cattle","Males and females, 1-2 years, beef cattle","","",Animals,"","700",-
133,"Iraq",IRQ,2024,Terrestrial,"Cattle","Males and females, 1-2 years, dairy cattle","","",Animals,"","500",-
133,"Iraq",IRQ,2024,Terrestrial,"Cattle",-,"2351754","",Animals,"",-,-
133,"Iraq",IRQ,2024,Terrestrial,"Swine",-,"","",Animals,"",-,-
133,"Iraq",IRQ,2024,Terrestrial,"Birds","Broiler chickens","37704758","",Animals,"",-,-
133,"Iraq",IRQ,2024,Terrestrial,"Birds","Layer chickens","4213590255","",Animals,"",-,-
133,"Iraq",IRQ,2024,Terrestrial,"Birds",-,"","",Animals,"",-,-
133,"Iraq",IRQ,2024,Terrestrial,"Sheep",-,"10327488","",Animals,"",-,-
133,"Iraq",IRQ,2024,Terrestrial,"Goats",-,"2418378","",Animals,"",-,-
133,"Iraq",IRQ,2024,Terrestrial,"Sheep / goats (mixed herd)",-,"","",Animals,"",-,-
133,"Iraq",IRQ,2024,Terrestrial,"Buffaloes",-,"234220","",Animals,"",-,-
133,"Iraq",IRQ,2024,Terrestrial,"Equidae",-,"8572","",Animals,"",-,-
133,"Iraq",IRQ,2024,Terrestrial,"Camelidae",-,"213386","",Animals,"",-,-
133,"Iraq",IRQ,2024,Terrestrial,"Rabbits / hares (mixed group)",-,"","",Animals,"",-,-
133,"Iraq",IRQ,2024,Terrestrial,"Cervidae",-,"","",Animals,"",-,-
133,"Iraq",IRQ,2024,Terrestrial,"Dogs",-,"","",Animals,"",-,-
133,"Iraq",IRQ,2024,Terrestrial,"Cats",-,"","",Animals,"",-,-
133,"Iraq",IRQ,2024,Terrestrial,"Bees",-,"","",Hives / Nests,"",-,-
220,"Ireland",IRL,2024,Terrestrial,"Cattle","Adult beef cattle","1094282","912096",Animals,"",-,-
220,"Ireland",IRL,2024,Terrestrial,"Cattle","Adult dairy cattle","1591110","501239",Animals,"",-,-
220,"Ireland",IRL,2024,Terrestrial,"Cattle","Calves (<1 year) (cattle)","1925878","23872",Animals,"",-,-
220,"Ireland",IRL,2024,Terrestrial,"Cattle","Males and females, 1-2 years, beef cattle","1196216","386630",Animals,"",-,-
220,"Ireland",IRL,2024,Terrestrial,"Cattle","Males and females, 1-2 years, dairy cattle","508049","81180",Animals,"",-,-
220,"Ireland",IRL,2024,Terrestrial,"Cattle",-,"6315535","1905017",Animals,"94165",-,"602570"
220,"Ireland",IRL,2024,Terrestrial,"Swine","Adult (breeding) pigs","133062","91059",Animals,"",-,-
220,"Ireland",IRL,2024,Terrestrial,"Swine","Backyard pigs","808","",Animals,"",-,-
220,"Ireland",IRL,2024,Terrestrial,"Swine","Fatteners","1340670","3158623",Animals,"",-,-
220,"Ireland",IRL,2024,Terrestrial,"Swine",-,"1474540","3249682",Animals,"2948",-,"311530"
220,"Ireland",IRL,2024,Terrestrial,"Birds","Broiler chickens","17562200","102657082",Animals,"329",-,"143720"
220,"Ireland",IRL,2024,Terrestrial,"Birds","Ducks","365100","3978656",Animals,"19",-,"7987"
220,"Ireland",IRL,2024,Terrestrial,"Birds","Layer chickens","3952064","5854341",Animals,"272",-,"6440"
220,"Ireland",IRL,2024,Terrestrial,"Birds","Other birds","24800","",Animals,"8",-,-
220,"Ireland",IRL,2024,Terrestrial,"Birds","Turkeys","2897644","1778407",Animals,"140",-,"17784"
220,"Ireland",IRL,2024,Terrestrial,"Birds",-,"24801808","114268486",Animals,"768",-,"175931"
220,"Ireland",IRL,2024,Terrestrial,"Sheep","Adult (sheep)","2467901","",Animals,"",-,-
220,"Ireland",IRL,2024,Terrestrial,"Sheep",-,"3591640","2850710",Animals,"49082",-,"63010"
220,"Ireland",IRL,2024,Terrestrial,"Goats",-,"7765","",Animals,"1448",-,-
220,"Ireland",IRL,2024,Terrestrial,"Sheep / goats (mixed herd)",-,"","",Animals,"",-,-
220,"Ireland",IRL,2024,Terrestrial,"Buffaloes",-,"","",Animals,"",-,-
220,"Ireland",IRL,2024,Terrestrial,"Equidae","Donkeys","4249","",Animals,"",-,-
220,"Ireland",IRL,2024,Terrestrial,"Equidae","Horses","103953","",Animals,"",-,-
220,"Ireland",IRL,2024,Terrestrial,"Equidae",-,"108202","919",Animals,"",-,"233,2"
220,"Ireland",IRL,2024,Terrestrial,"Camelidae",-,"","",Animals,"",-,-
220,"Ireland",IRL,2024,Terrestrial,"Rabbits / hares (mixed group)",-,"","",Animals,"",-,-
220,"Ireland",IRL,2024,Terrestrial,"Cervidae",-,"","",Animals,"",-,-
220,"Ireland",IRL,2024,Terrestrial,"Dogs",-,"","",Animals,"",-,-
220,"Ireland",IRL,2024,Terrestrial,"Cats",-,"","",Animals,"",-,-
220,"Ireland",IRL,2024,Terrestrial,"Bees",-,"27403","",Hives / Nests,"4329",-,-
199,"Israel",ISR,2024,Terrestrial,"Cattle","Adult beef cattle","71500","",Animals,"500",-,-
199,"Israel",ISR,2024,Terrestrial,"Cattle","Adult dairy cattle","120000","",Animals,"686",-,-
199,"Israel",ISR,2024,Terrestrial,"Cattle","Calves (<1 year) (cattle)","360000","",Animals,"",-,-
199,"Israel",ISR,2024,Terrestrial,"Cattle","Males and females, 1-2 years, beef cattle","85000","",Animals,"",-,-
199,"Israel",ISR,2024,Terrestrial,"Cattle","Males and females, 1-2 years, dairy cattle","48000","",Animals,"",-,-
199,"Israel",ISR,2024,Terrestrial,"Cattle",-,"684500","164733",Animals,"1200",-,-
199,"Israel",ISR,2024,Terrestrial,"Swine","Adult (breeding) pigs","15000","",Animals,"24",-,-
199,"Israel",ISR,2024,Terrestrial,"Swine","Backyard pigs","0","",Animals,"",-,-
199,"Israel",ISR,2024,Terrestrial,"Swine","Fatteners","150000","",Animals,"",-,-
199,"Israel",ISR,2024,Terrestrial,"Swine","Piglets (pre-weaning)","50000","",Animals,"",-,-
199,"Israel",ISR,2024,Terrestrial,"Swine",-,"215000","135796",Animals,"24",-,-
199,"Israel",ISR,2024,Terrestrial,"Birds","Broiler chickens","44200000","223868775",Animals,"700","548181998",-
199,"Israel",ISR,2024,Terrestrial,"Birds","Ducks","120500","",Animals,"2",-,-
199,"Israel",ISR,2024,Terrestrial,"Birds","Layer chickens","11500000","",Animals,"1500",-,-
199,"Israel",ISR,2024,Terrestrial,"Birds","Other birds","","",Animals,"493",-,-
199,"Israel",ISR,2024,Terrestrial,"Birds","Turkeys","3348649","6629441",Animals,"185","82861811",-
199,"Israel",ISR,2024,Terrestrial,"Birds",-,"60000000","230500000",Animals,"3000","631044000",-
199,"Israel",ISR,2024,Terrestrial,"Sheep","Adult (sheep)","300000","229195",Animals,"2700",-,-
199,"Israel",ISR,2024,Terrestrial,"Sheep","Lambs (<6 months) (sheep)","500000","",Animals,"",-,-
199,"Israel",ISR,2024,Terrestrial,"Sheep",-,"800000","229195",Animals,"2700",-,-
199,"Israel",ISR,2024,Terrestrial,"Goats","Adult (goats)","50000","",Animals,"1600",-,-
199,"Israel",ISR,2024,Terrestrial,"Goats","Kids (<6 months) (goats)","70000","",Animals,"",-,-
199,"Israel",ISR,2024,Terrestrial,"Goats",-,"120000","",Animals,"1600",-,-
199,"Israel",ISR,2024,Terrestrial,"Sheep / goats (mixed herd)",-,"","",Animals,"1000",-,-
199,"Israel",ISR,2024,Terrestrial,"Buffaloes","Adult buffalo","300","",Animals,"",-,-
199,"Israel",ISR,2024,Terrestrial,"Buffaloes","Calves (<1 year) (buffaloes)","150","",Animals,"",-,-
199,"Israel",ISR,2024,Terrestrial,"Buffaloes",-,"450","",Animals,"1",-,-
199,"Israel",ISR,2024,Terrestrial,"Equidae","Donkeys","1000","0",Animals,"",-,"0"
199,"Israel",ISR,2024,Terrestrial,"Equidae","Horses","30000","0",Animals,"1500",-,"0"
199,"Israel",ISR,2024,Terrestrial,"Equidae",-,"31000","0",Animals,"1500",-,"0"
199,"Israel",ISR,2024,Terrestrial,"Camelidae","Alpacas","50","0",Animals,"1",-,"0"
199,"Israel",ISR,2024,Terrestrial,"Camelidae","Camels","4000","0",Animals,"",-,"0"
199,"Israel",ISR,2024,Terrestrial,"Camelidae",-,"4050","0",Animals,"",-,"0"
199,"Israel",ISR,2024,Terrestrial,"Rabbits / hares (mixed group)",-,"0","0",Animals,"0","0","0"
199,"Israel",ISR,2024,Terrestrial,"Cervidae",-,"0","0",Animals,"0","0","0"
199,"Israel",ISR,2024,Terrestrial,"Dogs",-,"610000","",Animals,"",-,-
199,"Israel",ISR,2024,Terrestrial,"Cats",-,"1000000","",Animals,"",-,-
199,"Israel",ISR,2024,Terrestrial,"Bees",-,"90000","",Hives / Nests,"450",-,-
211,"Japan",JPN,2024,Terrestrial,"Cattle","Adult dairy cattle","613600","",Animals,"",-,-
211,"Japan",JPN,2024,Terrestrial,"Cattle","Calves (<1 year) (cattle)","","5517",Animals,"",-,"526,2"
211,"Japan",JPN,2024,Terrestrial,"Cattle","Males and females, 1-2 years, dairy cattle","472600","",Animals,"",-,-
211,"Japan",JPN,2024,Terrestrial,"Cattle",-,"3985000","1115150",Animals,"48400",-,"506305,6"
211,"Japan",JPN,2024,Terrestrial,"Swine","Adult (breeding) pigs","783100","",Animals,"195",-,-
211,"Japan",JPN,2024,Terrestrial,"Swine","Fatteners","7362000","16259395",Animals,"2804",-,"1287231,3"
211,"Japan",JPN,2024,Terrestrial,"Swine",-,"8798000","16259395",Animals,"3130",-,"1287231,3"
211,"Japan",JPN,2024,Terrestrial,"Birds","Broiler chickens","144859000","750301000",Animals,"2050",-,"2276054"
211,"Japan",JPN,2024,Terrestrial,"Birds","Ducks","350136","",Animals,"911",-,-
211,"Japan",JPN,2024,Terrestrial,"Birds","Layer chickens","170776000","77751000",Animals,"1700",-,"137644"
211,"Japan",JPN,2024,Terrestrial,"Birds","Other birds","4226375","",Animals,"1092",-,-
211,"Japan",JPN,2024,Terrestrial,"Birds","Turkeys","2396","",Animals,"106",-,-
211,"Japan",JPN,2024,Terrestrial,"Birds",-,"320213907","828052000",Animals,"5859",-,"2413698"
211,"Japan",JPN,2024,Terrestrial,"Sheep",-,"23105","",Animals,"995",-,-
211,"Japan",JPN,2024,Terrestrial,"Goats",-,"22019","",Animals,"5061",-,-
211,"Japan",JPN,2024,Terrestrial,"Sheep / goats (mixed herd)",-,"","",Animals,"",-,-
211,"Japan",JPN,2024,Terrestrial,"Buffaloes",-,"155","",Animals,"15",-,-
211,"Japan",JPN,2024,Terrestrial,"Equidae","Horses","77595","9957",Animals,"4167",-,"4377,8"
211,"Japan",JPN,2024,Terrestrial,"Equidae",-,"77595","9957",Animals,"4167",-,"4377,8"
211,"Japan",JPN,2024,Terrestrial,"Camelidae",-,"","",Animals,"",-,-
211,"Japan",JPN,2024,Terrestrial,"Rabbits / hares (mixed group)",-,"","",Animals,"",-,-
211,"Japan",JPN,2024,Terrestrial,"Cervidae",-,"","",Animals,"",-,-
211,"Japan",JPN,2024,Terrestrial,"Dogs",-,"6054519","",Animals,"",-,-
211,"Japan",JPN,2024,Terrestrial,"Cats",-,"","",Animals,"",-,-
211,"Japan",JPN,2024,Terrestrial,"Bees",-,"","",Hives / Nests,"",-,-
296,"Jordan",JOR,2024,Terrestrial,"Cattle","Adult dairy cattle","63000","",Animals,"",-,-
296,"Jordan",JOR,2024,Terrestrial,"Cattle",-,"63000","30993",Animals,"457",-,-
296,"Jordan",JOR,2024,Terrestrial,"Swine",-,"0","0",Animals,"0","0","0"
296,"Jordan",JOR,2024,Terrestrial,"Birds",-,"297000000","165760000",Animals,"1700",-,-
296,"Jordan",JOR,2024,Terrestrial,"Sheep",-,"3446588","437617",Animals,"",-,-
296,"Jordan",JOR,2024,Terrestrial,"Goats",-,"740772","",Animals,"",-,-
296,"Jordan",JOR,2024,Terrestrial,"Sheep / goats (mixed herd)",-,"","",Animals,"",-,-
296,"Jordan",JOR,2024,Terrestrial,"Buffaloes",-,"0","0",Animals,"0","0","0"
296,"Jordan",JOR,2024,Terrestrial,"Equidae","Horses","5000","",Animals,"",-,-
296,"Jordan",JOR,2024,Terrestrial,"Equidae",-,"5000","0",Animals,"36",-,-
296,"Jordan",JOR,2024,Terrestrial,"Camelidae",-,"13000","",Animals,"",-,-
296,"Jordan",JOR,2024,Terrestrial,"Rabbits / hares (mixed group)",-,"","",Animals,"",-,-
296,"Jordan",JOR,2024,Terrestrial,"Cervidae",-,"","",Animals,"",-,-
296,"Jordan",JOR,2024,Terrestrial,"Dogs",-,"","",Animals,"",-,-
296,"Jordan",JOR,2024,Terrestrial,"Cats",-,"","",Animals,"",-,-
296,"Jordan",JOR,2024,Terrestrial,"Bees",-,"","",Hives / Nests,"422",-,-
324,"Kazakhstan",KAZ,2024,Terrestrial,"Cattle",-,"8816011","",Animals,"","400",-
324,"Kazakhstan",KAZ,2024,Terrestrial,"Swine",-,"569347","",Animals,"","70",-
324,"Kazakhstan",KAZ,2024,Terrestrial,"Birds",-,"50245632","",Animals,"",-,-
324,"Kazakhstan",KAZ,2024,Terrestrial,"Sheep",-,"21025632","",Animals,"","45",-
324,"Kazakhstan",KAZ,2024,Terrestrial,"Goats",-,"1991640","",Animals,"","25",-
324,"Kazakhstan",KAZ,2024,Terrestrial,"Sheep / goats (mixed herd)",-,"23017272","",Animals,"","40",-
324,"Kazakhstan",KAZ,2024,Terrestrial,"Buffaloes",-,"","",Animals,"",-,-
324,"Kazakhstan",KAZ,2024,Terrestrial,"Equidae",-,"4686013","",Animals,"","500",-
324,"Kazakhstan",KAZ,2024,Terrestrial,"Camelidae",-,"299857","",Animals,"","700",-
324,"Kazakhstan",KAZ,2024,Terrestrial,"Rabbits / hares (mixed group)",-,"","",Animals,"",-,-
324,"Kazakhstan",KAZ,2024,Terrestrial,"Cervidae",-,"","",Animals,"",-,-
324,"Kazakhstan",KAZ,2024,Terrestrial,"Dogs",-,"","",Animals,"",-,-
324,"Kazakhstan",KAZ,2024,Terrestrial,"Cats",-,"","",Animals,"",-,-
324,"Kazakhstan",KAZ,2024,Terrestrial,"Bees",-,"","",Hives / Nests,"",-,-
278,"Kenya",KEN,2024,Terrestrial,"Cattle","Adult beef cattle","16337790","",Animals,"",-,-
278,"Kenya",KEN,2024,Terrestrial,"Cattle","Adult dairy cattle","5544218","",Animals,"",-,-
278,"Kenya",KEN,2024,Terrestrial,"Cattle",-,"21882008","",Animals,"2613086",-,-
278,"Kenya",KEN,2024,Terrestrial,"Swine",-,"840160","",Animals,"44429",-,-
278,"Kenya",KEN,2024,Terrestrial,"Birds","Backyard poultry","55140403","",Animals,"",-,-
278,"Kenya",KEN,2024,Terrestrial,"Birds","Broiler chickens","5507660","",Animals,"",-,-
278,"Kenya",KEN,2024,Terrestrial,"Birds","Ducks","527713","",Animals,"",-,-
278,"Kenya",KEN,2024,Terrestrial,"Birds","Layer chickens","6395708","",Animals,"",-,-
278,"Kenya",KEN,2024,Terrestrial,"Birds","Other birds","1131787","",Animals,"",-,-
278,"Kenya",KEN,2024,Terrestrial,"Birds","Turkeys","236471","",Animals,"",-,-
278,"Kenya",KEN,2024,Terrestrial,"Birds",-,"68939742","",Animals,"2873399",-,-
278,"Kenya",KEN,2024,Terrestrial,"Sheep",-,"23208541","",Animals,"896814",-,-
278,"Kenya",KEN,2024,Terrestrial,"Goats",-,"34989347","",Animals,"5720821",-,-
278,"Kenya",KEN,2024,Terrestrial,"Sheep / goats (mixed herd)",-,"","",Animals,"",-,-
278,"Kenya",KEN,2024,Terrestrial,"Buffaloes",-,"","",Animals,"",-,-
278,"Kenya",KEN,2024,Terrestrial,"Equidae","Donkeys","1724584","",Animals,"",-,-
278,"Kenya",KEN,2024,Terrestrial,"Equidae",-,"1724584","",Animals,"",-,-
278,"Kenya",KEN,2024,Terrestrial,"Camelidae","Camels","4284497","",Animals,"",-,-
278,"Kenya",KEN,2024,Terrestrial,"Camelidae",-,"4284497","",Animals,"16785",-,-
278,"Kenya",KEN,2024,Terrestrial,"Rabbits / hares (mixed group)","Rabbits","780885","",Animals,"",-,-
278,"Kenya",KEN,2024,Terrestrial,"Rabbits / hares (mixed group)",-,"780885","",Animals,"",-,-
278,"Kenya",KEN,2024,Terrestrial,"Cervidae",-,"","",Animals,"",-,-
278,"Kenya",KEN,2024,Terrestrial,"Dogs",-,"","",Animals,"",-,-
278,"Kenya",KEN,2024,Terrestrial,"Cats",-,"","",Animals,"",-,-
278,"Kenya",KEN,2024,Terrestrial,"Bees",-,"","",Hives / Nests,"1676583",-,-
253,"Korea (Rep. of)",KOR,2024,Terrestrial,"Cattle","Adult beef cattle","3421346","1062398",Animals,"81862","743","301676"
253,"Korea (Rep. of)",KOR,2024,Terrestrial,"Cattle","Adult dairy cattle","380198","52317",Animals,"5431","643","16615"
253,"Korea (Rep. of)",KOR,2024,Terrestrial,"Cattle","Calves (<1 year) (cattle)","936083","",Animals,"",-,-
253,"Korea (Rep. of)",KOR,2024,Terrestrial,"Cattle","Males and females, 1-2 years, beef cattle","1019175","",Animals,"",-,-
253,"Korea (Rep. of)",KOR,2024,Terrestrial,"Cattle","Males and females, 1-2 years, dairy cattle","72235","",Animals,"",-,-
253,"Korea (Rep. of)",KOR,2024,Terrestrial,"Cattle",-,"5829037","1114715",Animals,"87293",-,"320733"
253,"Korea (Rep. of)",KOR,2024,Terrestrial,"Swine","Adult (breeding) pigs","892175","",Animals,"",-,-
253,"Korea (Rep. of)",KOR,2024,Terrestrial,"Swine","Fatteners","3121264","",Animals,"",-,-
253,"Korea (Rep. of)",KOR,2024,Terrestrial,"Swine","Piglets (pre-weaning)","3447180","",Animals,"",-,-
253,"Korea (Rep. of)",KOR,2024,Terrestrial,"Swine",-,"10846000","19032256",Animals,"5513","116","1132510"
253,"Korea (Rep. of)",KOR,2024,Terrestrial,"Birds","Broiler chickens","98462000","983226903",Animals,"1431","2",-
253,"Korea (Rep. of)",KOR,2024,Terrestrial,"Birds","Ducks","7157533","59442",Animals,"411","4",-
253,"Korea (Rep. of)",KOR,2024,Terrestrial,"Birds","Layer chickens","80012000","39121841",Animals,"1189",-,-
253,"Korea (Rep. of)",KOR,2024,Terrestrial,"Birds",-,"","",Animals,"",-,-
253,"Korea (Rep. of)",KOR,2024,Terrestrial,"Sheep",-,"","114121",Animals,"","50",-
253,"Korea (Rep. of)",KOR,2024,Terrestrial,"Goats",-,"","",Animals,"",-,-
253,"Korea (Rep. of)",KOR,2024,Terrestrial,"Sheep / goats (mixed herd)",-,"","",Animals,"",-,-
253,"Korea (Rep. of)",KOR,2024,Terrestrial,"Buffaloes",-,"","",Animals,"",-,-
253,"Korea (Rep. of)",KOR,2024,Terrestrial,"Equidae","Donkeys","551","",Animals,"35",-,-
253,"Korea (Rep. of)",KOR,2024,Terrestrial,"Equidae","Horses","27521","1198",Animals,"2294","429",-
253,"Korea (Rep. of)",KOR,2024,Terrestrial,"Equidae","Mules / Hinnies","12","",Animals,"",-,-
253,"Korea (Rep. of)",KOR,2024,Terrestrial,"Equidae",-,"28084","",Animals,"2329",-,-
253,"Korea (Rep. of)",KOR,2024,Terrestrial,"Camelidae",-,"","",Animals,"",-,-
253,"Korea (Rep. of)",KOR,2024,Terrestrial,"Rabbits / hares (mixed group)",-,"","18625",Animals,"","1",-
253,"Korea (Rep. of)",KOR,2024,Terrestrial,"Cervidae",-,"","",Animals,"",-,-
253,"Korea (Rep. of)",KOR,2024,Terrestrial,"Dogs",-,"3434624","",Animals,"",-,-
253,"Korea (Rep. of)",KOR,2024,Terrestrial,"Cats",-,"56983","",Animals,"",-,-
253,"Korea (Rep. of)",KOR,2024,Terrestrial,"Bees",-,"2487000","",Hives / Nests,"25842",-,-
256,"Kuwait",KWT,2024,Terrestrial,"Cattle","Adult beef cattle","4095","",Animals,"58",-,-
256,"Kuwait",KWT,2024,Terrestrial,"Cattle","Adult dairy cattle","10703","",Animals,"45",-,-
256,"Kuwait",KWT,2024,Terrestrial,"Cattle","Males and females, 1-2 years, beef cattle","506","",Animals,"",-,-
256,"Kuwait",KWT,2024,Terrestrial,"Cattle",-,"24073","",Animals,"",-,-
256,"Kuwait",KWT,2024,Terrestrial,"Swine",-,"0","0",Animals,"0","0","0"
256,"Kuwait",KWT,2024,Terrestrial,"Birds","Broiler chickens","56700440","",Animals,"16",-,-
256,"Kuwait",KWT,2024,Terrestrial,"Birds","Ducks","284","",Animals,"9",-,-
256,"Kuwait",KWT,2024,Terrestrial,"Birds","Layer chickens","3294240","",Animals,"12",-,-
256,"Kuwait",KWT,2024,Terrestrial,"Birds","Other birds","611132","",Animals,"",-,-
256,"Kuwait",KWT,2024,Terrestrial,"Birds","Turkeys","10","",Animals,"1",-,-
256,"Kuwait",KWT,2024,Terrestrial,"Birds",-,"60606106","",Animals,"38",-,-
256,"Kuwait",KWT,2024,Terrestrial,"Sheep","Adult (sheep)","57","",Animals,"4",-,-
256,"Kuwait",KWT,2024,Terrestrial,"Sheep",-,"57","",Animals,"",-,-
256,"Kuwait",KWT,2024,Terrestrial,"Goats","Adult (goats)","34","",Animals,"3",-,-
256,"Kuwait",KWT,2024,Terrestrial,"Goats",-,"34","",Animals,"",-,-
256,"Kuwait",KWT,2024,Terrestrial,"Sheep / goats (mixed herd)",-,"2072842","",Animals,"5842",-,-
256,"Kuwait",KWT,2024,Terrestrial,"Buffaloes",-,"","",Animals,"",-,-
256,"Kuwait",KWT,2024,Terrestrial,"Equidae","Horses","2005","0",Animals,"106",-,"0"
256,"Kuwait",KWT,2024,Terrestrial,"Equidae",-,"2005","0",Animals,"106",-,"0"
256,"Kuwait",KWT,2024,Terrestrial,"Camelidae","Alpacas","10","0",Animals,"",-,"0"
256,"Kuwait",KWT,2024,Terrestrial,"Camelidae","Camels","165959","",Animals,"644",-,-
256,"Kuwait",KWT,2024,Terrestrial,"Camelidae","Llamas","12","0",Animals,"",-,"0"
256,"Kuwait",KWT,2024,Terrestrial,"Camelidae",-,"165981","",Animals,"",-,-
256,"Kuwait",KWT,2024,Terrestrial,"Rabbits / hares (mixed group)",-,"504","",Animals,"",-,-
256,"Kuwait",KWT,2024,Terrestrial,"Cervidae","Cervidae: other","78","",Animals,"3",-,-
256,"Kuwait",KWT,2024,Terrestrial,"Cervidae","Cervidae: Red deer + Wapiti + Reindeer","9","",Animals,"1",-,-
256,"Kuwait",KWT,2024,Terrestrial,"Cervidae","Cervidae: Sika deer + Rusa deer + Fallow deer","88","",Animals,"2",-,-
256,"Kuwait",KWT,2024,Terrestrial,"Cervidae",-,"255","",Animals,"",-,-
256,"Kuwait",KWT,2024,Terrestrial,"Dogs",-,"598","",Animals,"",-,-
256,"Kuwait",KWT,2024,Terrestrial,"Cats",-,"210","",Animals,"",-,-
256,"Kuwait",KWT,2024,Terrestrial,"Bees",-,"41268","",Hives / Nests,"",-,-
182,"Latvia",LVA,2024,Terrestrial,"Cattle","Adult beef cattle","81944","14652",Animals,"",-,"4590,1"
182,"Latvia",LVA,2024,Terrestrial,"Cattle","Adult dairy cattle","115928","28109",Animals,"",-,"7680,6"
182,"Latvia",LVA,2024,Terrestrial,"Cattle","Calves (<1 year) (cattle)","96135","10204",Animals,"",-,"728,1"
182,"Latvia",LVA,2024,Terrestrial,"Cattle","Males and females, 1-2 years, beef cattle","18402","6872",Animals,"",-,"1613,7"
182,"Latvia",LVA,2024,Terrestrial,"Cattle","Males and females, 1-2 years, dairy cattle","39629","9470",Animals,"",-,"2030,9"
182,"Latvia",LVA,2024,Terrestrial,"Cattle",-,"352038","69307",Animals,"12120",-,"16643,6"
182,"Latvia",LVA,2024,Terrestrial,"Swine","Adult (breeding) pigs","21328","",Animals,"",-,-
182,"Latvia",LVA,2024,Terrestrial,"Swine","Backyard pigs","3055","",Animals,"",-,-
182,"Latvia",LVA,2024,Terrestrial,"Swine","Fatteners","129775","",Animals,"",-,-
182,"Latvia",LVA,2024,Terrestrial,"Swine","Piglets (pre-weaning)","146606","",Animals,"",-,-
182,"Latvia",LVA,2024,Terrestrial,"Swine",-,"300764","394226",Animals,"1874",-,"32726,4"
182,"Latvia",LVA,2024,Terrestrial,"Birds","Broiler chickens","2358949","",Animals,"",-,-
182,"Latvia",LVA,2024,Terrestrial,"Birds","Ducks","6646","",Animals,"",-,-
182,"Latvia",LVA,2024,Terrestrial,"Birds","Layer chickens","3568620","",Animals,"",-,-
182,"Latvia",LVA,2024,Terrestrial,"Birds","Other birds","64274","",Animals,"",-,-
182,"Latvia",LVA,2024,Terrestrial,"Birds","Turkeys","4053","",Animals,"",-,-
182,"Latvia",LVA,2024,Terrestrial,"Birds",-,"6002542","20464588",Animals,"4054",-,-
182,"Latvia",LVA,2024,Terrestrial,"Sheep","Adult (sheep)","64588","18412",Animals,"",-,"358,4"
182,"Latvia",LVA,2024,Terrestrial,"Sheep","Lambs (<6 months) (sheep)","5025","7285",Animals,"",-,"114,9"
182,"Latvia",LVA,2024,Terrestrial,"Sheep",-,"69613","25697",Animals,"2108",-,"473,3"
182,"Latvia",LVA,2024,Terrestrial,"Goats","Adult (goats)","8761","657",Animals,"",-,"9,5"
182,"Latvia",LVA,2024,Terrestrial,"Goats","Kids (<6 months) (goats)","318","111",Animals,"",-,"1,1"
182,"Latvia",LVA,2024,Terrestrial,"Goats",-,"9079","768",Animals,"1304",-,"10,6"
182,"Latvia",LVA,2024,Terrestrial,"Sheep / goats (mixed herd)",-,"","",Animals,"",-,-
182,"Latvia",LVA,2024,Terrestrial,"Buffaloes",-,"0","0",Animals,"0","0","0"
182,"Latvia",LVA,2024,Terrestrial,"Equidae","Donkeys","86","",Animals,"",-,-
182,"Latvia",LVA,2024,Terrestrial,"Equidae","Horses","9099","36",Animals,"2826",-,"10,1"
182,"Latvia",LVA,2024,Terrestrial,"Equidae","Mules / Hinnies","2","",Animals,"",-,-
182,"Latvia",LVA,2024,Terrestrial,"Equidae",-,"9187","36",Animals,"2832",-,"10,1"
182,"Latvia",LVA,2024,Terrestrial,"Camelidae","Alpacas","233","",Animals,"",-,-
182,"Latvia",LVA,2024,Terrestrial,"Camelidae","Camels","27","",Animals,"",-,-
182,"Latvia",LVA,2024,Terrestrial,"Camelidae","Llamas","125","",Animals,"",-,-
182,"Latvia",LVA,2024,Terrestrial,"Camelidae",-,"385","0",Animals,"33","0","0"
182,"Latvia",LVA,2024,Terrestrial,"Rabbits / hares (mixed group)","Hares","0","0",Animals,"0","0","0"
182,"Latvia",LVA,2024,Terrestrial,"Rabbits / hares (mixed group)","Rabbits","12930","2233",Animals,"628",-,-
182,"Latvia",LVA,2024,Terrestrial,"Rabbits / hares (mixed group)",-,"","",Animals,"",-,-
182,"Latvia",LVA,2024,Terrestrial,"Cervidae",-,"19354","453",Animals,"160",-,-
182,"Latvia",LVA,2024,Terrestrial,"Dogs",-,"268000","",Animals,"",-,-
182,"Latvia",LVA,2024,Terrestrial,"Cats",-,"407000","",Animals,"",-,-
182,"Latvia",LVA,2024,Terrestrial,"Bees",-,"96894","",Hives / Nests,"3784",-,-
187,"Lesotho",LSO,2024,Terrestrial,"Cattle",-,"627371","",Animals,"","350",-
187,"Lesotho",LSO,2024,Terrestrial,"Swine",-,"29559","",Animals,"","70",-
187,"Lesotho",LSO,2024,Terrestrial,"Birds","Backyard poultry","3405","",Animals,"",-,-
187,"Lesotho",LSO,2024,Terrestrial,"Birds","Broiler chickens","150882","",Animals,"",-,-
187,"Lesotho",LSO,2024,Terrestrial,"Birds","Ducks","0","",Animals,"",-,-
187,"Lesotho",LSO,2024,Terrestrial,"Birds","Layer chickens","358397","",Animals,"",-,-
187,"Lesotho",LSO,2024,Terrestrial,"Birds","Other birds","310703","",Animals,"",-,-
187,"Lesotho",LSO,2024,Terrestrial,"Birds","Turkeys","0","",Animals,"",-,-
187,"Lesotho",LSO,2024,Terrestrial,"Birds",-,"823387","",Animals,"","2,3",-
187,"Lesotho",LSO,2024,Terrestrial,"Sheep","Adult (sheep)","1443730","",Animals,"",-,-
187,"Lesotho",LSO,2024,Terrestrial,"Sheep","Lambs (<6 months) (sheep)","427301","",Animals,"",-,-
187,"Lesotho",LSO,2024,Terrestrial,"Sheep",-,"1871031","",Animals,"","60",-
187,"Lesotho",LSO,2024,Terrestrial,"Goats",-,"279573","",Animals,"","50",-
187,"Lesotho",LSO,2024,Terrestrial,"Sheep / goats (mixed herd)",-,"","",Animals,"",-,-
187,"Lesotho",LSO,2024,Terrestrial,"Buffaloes",-,"","",Animals,"",-,-
187,"Lesotho",LSO,2024,Terrestrial,"Equidae","Donkeys","148931","",Animals,"",-,-
187,"Lesotho",LSO,2024,Terrestrial,"Equidae","Horses","59429","",Animals,"",-,-
187,"Lesotho",LSO,2024,Terrestrial,"Equidae","Mules / Hinnies","0","",Animals,"",-,-
187,"Lesotho",LSO,2024,Terrestrial,"Equidae",-,"208360","",Animals,"",-,-
187,"Lesotho",LSO,2024,Terrestrial,"Camelidae",-,"","",Animals,"",-,-
187,"Lesotho",LSO,2024,Terrestrial,"Rabbits / hares (mixed group)",-,"","",Animals,"",-,-
187,"Lesotho",LSO,2024,Terrestrial,"Cervidae",-,"","",Animals,"",-,-
187,"Lesotho",LSO,2024,Terrestrial,"Dogs",-,"63300","",Animals,"",-,-
187,"Lesotho",LSO,2024,Terrestrial,"Cats",-,"26375","",Animals,"",-,-
187,"Lesotho",LSO,2024,Terrestrial,"Bees",-,"446","",Hives / Nests,"160",-,-
272,"Liberia",LBR,2024,Terrestrial,"Cattle",-,"12803","",Animals,"",-,-
272,"Liberia",LBR,2024,Terrestrial,"Swine",-,"144425","",Animals,"",-,-
272,"Liberia",LBR,2024,Terrestrial,"Birds",-,"1996060","",Animals,"",-,-
272,"Liberia",LBR,2024,Terrestrial,"Sheep",-,"49361","",Animals,"",-,-
272,"Liberia",LBR,2024,Terrestrial,"Goats",-,"121869","",Animals,"",-,-
272,"Liberia",LBR,2024,Terrestrial,"Sheep / goats (mixed herd)",-,"20913","",Animals,"",-,-
272,"Liberia",LBR,2024,Terrestrial,"Buffaloes",-,"","",Animals,"",-,-
272,"Liberia",LBR,2024,Terrestrial,"Equidae",-,"","",Animals,"",-,-
272,"Liberia",LBR,2024,Terrestrial,"Camelidae",-,"","",Animals,"",-,-
272,"Liberia",LBR,2024,Terrestrial,"Rabbits / hares (mixed group)",-,"1656","",Animals,"",-,-
272,"Liberia",LBR,2024,Terrestrial,"Cervidae",-,"","",Animals,"",-,-
272,"Liberia",LBR,2024,Terrestrial,"Dogs",-,"600000","",Animals,"",-,-
272,"Liberia",LBR,2024,Terrestrial,"Cats",-,"300000","",Animals,"",-,-
272,"Liberia",LBR,2024,Terrestrial,"Bees",-,"","",Hives / Nests,"",-,-
136,"Liechtenstein",LIE,2024,Terrestrial,"Cattle",-,"6226","37",Animals,"86",-,-
136,"Liechtenstein",LIE,2024,Terrestrial,"Swine",-,"1487","160",Animals,"8",-,-
136,"Liechtenstein",LIE,2024,Terrestrial,"Birds","Layer chickens","20644","",Animals,"132",-,-
136,"Liechtenstein",LIE,2024,Terrestrial,"Birds","Other birds","178","",Animals,"24",-,-
136,"Liechtenstein",LIE,2024,Terrestrial,"Birds",-,"20822","",Animals,"156",-,-
136,"Liechtenstein",LIE,2024,Terrestrial,"Sheep",-,"4511","217",Animals,"35",-,-
136,"Liechtenstein",LIE,2024,Terrestrial,"Goats",-,"405","112",Animals,"33",-,-
136,"Liechtenstein",LIE,2024,Terrestrial,"Sheep / goats (mixed herd)",-,"","",Animals,"",-,-
136,"Liechtenstein",LIE,2024,Terrestrial,"Buffaloes",-,"0","0",Animals,"0","0","0"
136,"Liechtenstein",LIE,2024,Terrestrial,"Equidae",-,"476","",Animals,"82",-,-
136,"Liechtenstein",LIE,2024,Terrestrial,"Camelidae",-,"54","5",Animals,"5",-,-
136,"Liechtenstein",LIE,2024,Terrestrial,"Rabbits / hares (mixed group)",-,"289","",Animals,"42",-,-
136,"Liechtenstein",LIE,2024,Terrestrial,"Cervidae",-,"","",Animals,"",-,-
136,"Liechtenstein",LIE,2024,Terrestrial,"Dogs",-,"2689","",Animals,"",-,-
136,"Liechtenstein",LIE,2024,Terrestrial,"Cats",-,"","",Animals,"",-,-
136,"Liechtenstein",LIE,2024,Terrestrial,"Bees",-,"1140","",Hives / Nests,"149",-,-
268,"Lithuania",LTU,2024,Terrestrial,"Cattle",-,"601057","150270",Animals,"22879",-,-
268,"Lithuania",LTU,2024,Terrestrial,"Swine",-,"482240","797968",Animals,"3735",-,-
268,"Lithuania",LTU,2024,Terrestrial,"Birds","Broiler chickens","11598521","45181310",Animals,"2725",-,-
268,"Lithuania",LTU,2024,Terrestrial,"Birds","Ducks","","350",Animals,"",-,-
268,"Lithuania",LTU,2024,Terrestrial,"Birds","Turkeys","196630","253553",Animals,"205",-,-
268,"Lithuania",LTU,2024,Terrestrial,"Birds",-,"11795151","45435213",Animals,"2930",-,-
268,"Lithuania",LTU,2024,Terrestrial,"Sheep",-,"124807","11058",Animals,"7743",-,-
268,"Lithuania",LTU,2024,Terrestrial,"Goats",-,"14402","79",Animals,"3290",-,-
268,"Lithuania",LTU,2024,Terrestrial,"Sheep / goats (mixed herd)",-,"","",Animals,"",-,-
268,"Lithuania",LTU,2024,Terrestrial,"Buffaloes",-,"","",Animals,"",-,-
268,"Lithuania",LTU,2024,Terrestrial,"Equidae","Donkeys","177","",Animals,"86",-,-
268,"Lithuania",LTU,2024,Terrestrial,"Equidae","Horses","16933","",Animals,"5115",-,-
268,"Lithuania",LTU,2024,Terrestrial,"Equidae",-,"17110","513",Animals,"5201",-,-
268,"Lithuania",LTU,2024,Terrestrial,"Camelidae","Alpacas","565","",Animals,"50",-,-
268,"Lithuania",LTU,2024,Terrestrial,"Camelidae","Camels","14","",Animals,"6",-,-
268,"Lithuania",LTU,2024,Terrestrial,"Camelidae","Llamas","71","",Animals,"18",-,-
268,"Lithuania",LTU,2024,Terrestrial,"Camelidae",-,"650","",Animals,"74",-,-
268,"Lithuania",LTU,2024,Terrestrial,"Rabbits / hares (mixed group)","Rabbits","37538","16771",Animals,"852",-,-
268,"Lithuania",LTU,2024,Terrestrial,"Rabbits / hares (mixed group)",-,"37538","16771",Animals,"852",-,-
268,"Lithuania",LTU,2024,Terrestrial,"Cervidae","Cervidae: other","","1203",Animals,"",-,-
268,"Lithuania",LTU,2024,Terrestrial,"Cervidae","Cervidae: Red deer + Wapiti + Reindeer","11563","1821",Animals,"225",-,-
268,"Lithuania",LTU,2024,Terrestrial,"Cervidae","Cervidae: Sika deer + Rusa deer + Fallow deer","15242","",Animals,"408",-,-
268,"Lithuania",LTU,2024,Terrestrial,"Cervidae",-,"26805","3024",Animals,"633",-,-
268,"Lithuania",LTU,2024,Terrestrial,"Dogs",-,"313511","",Animals,"",-,-
268,"Lithuania",LTU,2024,Terrestrial,"Cats",-,"165580","",Animals,"",-,-
268,"Lithuania",LTU,2024,Terrestrial,"Bees",-,"194810","",Hives / Nests,"9913",-,-
229,"Luxembourg",LUX,2024,Terrestrial,"Cattle","Adult beef cattle","3218","",Animals,"",-,-
229,"Luxembourg",LUX,2024,Terrestrial,"Cattle","Adult dairy cattle","95066","",Animals,"",-,-
229,"Luxembourg",LUX,2024,Terrestrial,"Cattle","Calves (<1 year) (cattle)","46876","",Animals,"",-,-
229,"Luxembourg",LUX,2024,Terrestrial,"Cattle","Males and females, 1-2 years, beef cattle","6297","",Animals,"",-,-
229,"Luxembourg",LUX,2024,Terrestrial,"Cattle","Males and females, 1-2 years, dairy cattle","34200","",Animals,"",-,-
229,"Luxembourg",LUX,2024,Terrestrial,"Cattle",-,"185657","",Animals,"1134",-,-
229,"Luxembourg",LUX,2024,Terrestrial,"Swine","Adult (breeding) pigs","3072","",Animals,"",-,-
229,"Luxembourg",LUX,2024,Terrestrial,"Swine","Backyard pigs","4","",Animals,"",-,-
229,"Luxembourg",LUX,2024,Terrestrial,"Swine","Fatteners","59057","",Animals,"",-,-
229,"Luxembourg",LUX,2024,Terrestrial,"Swine","Piglets (pre-weaning)","5326","",Animals,"",-,-
229,"Luxembourg",LUX,2024,Terrestrial,"Swine",-,"67459","",Animals,"68",-,-
229,"Luxembourg",LUX,2024,Terrestrial,"Birds","Broiler chickens","51119","",Animals,"29",-,-
229,"Luxembourg",LUX,2024,Terrestrial,"Birds","Ducks","191","",Animals,"",-,-
229,"Luxembourg",LUX,2024,Terrestrial,"Birds","Layer chickens","131553","",Animals,"342",-,-
229,"Luxembourg",LUX,2024,Terrestrial,"Birds","Other birds","375","",Animals,"",-,-
229,"Luxembourg",LUX,2024,Terrestrial,"Birds","Turkeys","188","",Animals,"",-,-
229,"Luxembourg",LUX,2024,Terrestrial,"Birds",-,"183426","",Animals,"",-,-
229,"Luxembourg",LUX,2024,Terrestrial,"Sheep",-,"9014","",Animals,"253",-,-
229,"Luxembourg",LUX,2024,Terrestrial,"Goats",-,"4253","",Animals,"144",-,-
229,"Luxembourg",LUX,2024,Terrestrial,"Sheep / goats (mixed herd)",-,"","",Animals,"",-,-
229,"Luxembourg",LUX,2024,Terrestrial,"Buffaloes",-,"","",Animals,"",-,-
229,"Luxembourg",LUX,2024,Terrestrial,"Equidae","Donkeys","282","",Animals,"100",-,-
229,"Luxembourg",LUX,2024,Terrestrial,"Equidae","Horses","4181","",Animals,"",-,-
229,"Luxembourg",LUX,2024,Terrestrial,"Equidae",-,"4463","",Animals,"465",-,-
229,"Luxembourg",LUX,2024,Terrestrial,"Camelidae",-,"","",Animals,"",-,-
229,"Luxembourg",LUX,2024,Terrestrial,"Rabbits / hares (mixed group)","Rabbits","1940","",Animals,"68",-,-
229,"Luxembourg",LUX,2024,Terrestrial,"Rabbits / hares (mixed group)",-,"1940","",Animals,"68",-,-
229,"Luxembourg",LUX,2024,Terrestrial,"Cervidae",-,"10","",Animals,"2",-,-
229,"Luxembourg",LUX,2024,Terrestrial,"Dogs",-,"","",Animals,"",-,-
229,"Luxembourg",LUX,2024,Terrestrial,"Cats",-,"","",Animals,"",-,-
229,"Luxembourg",LUX,2024,Terrestrial,"Bees",-,"","",Hives / Nests,"1259",-,-
270,"Malawi",MWI,2024,Terrestrial,"Cattle",-,"2269055","",Animals,"","229",-
270,"Malawi",MWI,2024,Terrestrial,"Swine",-,"12475657","",Animals,"",-,-
270,"Malawi",MWI,2024,Terrestrial,"Birds","Broiler chickens","94255464","",Animals,"",-,-
270,"Malawi",MWI,2024,Terrestrial,"Birds","Ducks","5640253","",Animals,"",-,-
270,"Malawi",MWI,2024,Terrestrial,"Birds","Layer chickens","11605430","",Animals,"",-,-
270,"Malawi",MWI,2024,Terrestrial,"Birds","Other birds","29220262","",Animals,"",-,-
270,"Malawi",MWI,2024,Terrestrial,"Birds","Turkeys","556230","",Animals,"",-,-
270,"Malawi",MWI,2024,Terrestrial,"Birds",-,"222614505","",Animals,"",-,-
270,"Malawi",MWI,2024,Terrestrial,"Sheep",-,"","",Animals,"",-,-
270,"Malawi",MWI,2024,Terrestrial,"Goats",-,"","",Animals,"",-,-
270,"Malawi",MWI,2024,Terrestrial,"Sheep / goats (mixed herd)",-,"14550732","",Animals,"",-,-
270,"Malawi",MWI,2024,Terrestrial,"Buffaloes",-,"0","",Animals,"",-,-
270,"Malawi",MWI,2024,Terrestrial,"Equidae","Donkeys","18468","",Animals,"",-,-
270,"Malawi",MWI,2024,Terrestrial,"Equidae","Horses","50","",Animals,"",-,-
270,"Malawi",MWI,2024,Terrestrial,"Equidae","Mules / Hinnies","0","",Animals,"",-,-
270,"Malawi",MWI,2024,Terrestrial,"Equidae",-,"18518","",Animals,"",-,-
270,"Malawi",MWI,2024,Terrestrial,"Camelidae",-,"8","",Animals,"",-,-
270,"Malawi",MWI,2024,Terrestrial,"Rabbits / hares (mixed group)",-,"4441356","",Animals,"",-,-
270,"Malawi",MWI,2024,Terrestrial,"Cervidae",-,"0","",Animals,"",-,-
270,"Malawi",MWI,2024,Terrestrial,"Dogs",-,"899263","",Animals,"",-,-
270,"Malawi",MWI,2024,Terrestrial,"Cats",-,"291291","",Animals,"",-,-
270,"Malawi",MWI,2024,Terrestrial,"Bees",-,"","",Hives / Nests,"",-,-
271,"Malaysia",MYS,2024,Terrestrial,"Cattle",-,"730318","121138",Animals,"24831",-,-
271,"Malaysia",MYS,2024,Terrestrial,"Swine",-,"1234164","1127711",Animals,"395",-,-
271,"Malaysia",MYS,2024,Terrestrial,"Birds","Ducks","9495837","",Animals,"779",-,-
271,"Malaysia",MYS,2024,Terrestrial,"Birds",-,"335553786","",Animals,"5018",-,-
271,"Malaysia",MYS,2024,Terrestrial,"Sheep",-,"139393","7639",Animals,"3473",-,-
271,"Malaysia",MYS,2024,Terrestrial,"Goats",-,"344210","34235",Animals,"13131",-,-
271,"Malaysia",MYS,2024,Terrestrial,"Sheep / goats (mixed herd)",-,"","",Animals,"",-,-
271,"Malaysia",MYS,2024,Terrestrial,"Buffaloes",-,"70521","5719",Animals,"3074",-,-
271,"Malaysia",MYS,2024,Terrestrial,"Equidae",-,"4329","",Animals,"130",-,-
271,"Malaysia",MYS,2024,Terrestrial,"Camelidae",-,"","",Animals,"",-,-
271,"Malaysia",MYS,2024,Terrestrial,"Rabbits / hares (mixed group)",-,"54866","",Animals,"",-,-
271,"Malaysia",MYS,2024,Terrestrial,"Cervidae",-,"16489","",Animals,"400",-,-
271,"Malaysia",MYS,2024,Terrestrial,"Dogs",-,"","",Animals,"",-,-
271,"Malaysia",MYS,2024,Terrestrial,"Cats",-,"","",Animals,"",-,-
271,"Malaysia",MYS,2024,Terrestrial,"Bees",-,"40025","",Hives / Nests,"1300",-,-
240,"Maldives",MDV,2024,Terrestrial,"Cattle",-,"0","0",Animals,"0","0","0"
240,"Maldives",MDV,2024,Terrestrial,"Swine",-,"0","0",Animals,"0","0","0"
240,"Maldives",MDV,2024,Terrestrial,"Birds",-,"","",Animals,"",-,-
240,"Maldives",MDV,2024,Terrestrial,"Sheep",-,"0","0",Animals,"0","0","0"
240,"Maldives",MDV,2024,Terrestrial,"Goats",-,"4000","",Animals,"",-,-
240,"Maldives",MDV,2024,Terrestrial,"Sheep / goats (mixed herd)",-,"0","0",Animals,"0","0","0"
240,"Maldives",MDV,2024,Terrestrial,"Buffaloes",-,"0","0",Animals,"0","0","0"
240,"Maldives",MDV,2024,Terrestrial,"Equidae",-,"11","",Animals,"",-,-
240,"Maldives",MDV,2024,Terrestrial,"Camelidae",-,"0","0",Animals,"0","0","0"
240,"Maldives",MDV,2024,Terrestrial,"Rabbits / hares (mixed group)",-,"","",Animals,"",-,-
240,"Maldives",MDV,2024,Terrestrial,"Cervidae",-,"0","0",Animals,"0","0","0"
240,"Maldives",MDV,2024,Terrestrial,"Dogs",-,"22","",Animals,"",-,-
240,"Maldives",MDV,2024,Terrestrial,"Cats",-,"","",Animals,"",-,-
240,"Maldives",MDV,2024,Terrestrial,"Bees",-,"","",Hives / Nests,"",-,-
108,"Mali",MLI,2024,Terrestrial,"Cattle","Adult beef cattle","","275072",Animals,"",-,"32311164"
108,"Mali",MLI,2024,Terrestrial,"Cattle","Adult dairy cattle","","119255",Animals,"",-,"14012494"
108,"Mali",MLI,2024,Terrestrial,"Cattle","Calves (<1 year) (cattle)","","577",Animals,"",-,"67881"
108,"Mali",MLI,2024,Terrestrial,"Cattle","Males and females, 1-2 years, beef cattle","","11554",Animals,"",-,"1367309"
108,"Mali",MLI,2024,Terrestrial,"Cattle","Males and females, 1-2 years, dairy cattle","","6190",Animals,"",-,"727292"
108,"Mali",MLI,2024,Terrestrial,"Cattle",-,"14312740","412648",Animals,"","265","48486140"
108,"Mali",MLI,2024,Terrestrial,"Swine","Backyard pigs","","1204",Animals,"",-,"66220"
108,"Mali",MLI,2024,Terrestrial,"Swine",-,"91479","1204",Animals,"","70","66220"
108,"Mali",MLI,2024,Terrestrial,"Birds","Backyard poultry","","30848037",Animals,"",-,-
108,"Mali",MLI,2024,Terrestrial,"Birds","Broiler chickens","","70001316",Animals,"","2,3",-
108,"Mali",MLI,2024,Terrestrial,"Birds","Ducks","","2372926",Animals,"",-,-
108,"Mali",MLI,2024,Terrestrial,"Birds","Layer chickens","","5932315",Animals,"","3,5",-
108,"Mali",MLI,2024,Terrestrial,"Birds","Other birds","","8305241",Animals,"",-,-
108,"Mali",MLI,2024,Terrestrial,"Birds","Turkeys","","1186463",Animals,"",-,-
108,"Mali",MLI,2024,Terrestrial,"Birds",-,"132250000","118646298",Animals,"","2,9",-
108,"Mali",MLI,2024,Terrestrial,"Sheep","Adult (sheep)","","320450",Animals,"",-,"4710615"
108,"Mali",MLI,2024,Terrestrial,"Sheep","Lambs (<6 months) (sheep)","","160",Animals,"",-,"1504"
108,"Mali",MLI,2024,Terrestrial,"Sheep",-,"23784019","320610",Animals,"","55","4712119"
108,"Mali",MLI,2024,Terrestrial,"Goats","Adult (goats)","","345260",Animals,"",-,"12429360"
108,"Mali",MLI,2024,Terrestrial,"Goats","Kids (<6 months) (goats)","","1726",Animals,"",-,"50054"
108,"Mali",MLI,2024,Terrestrial,"Goats",-,"32838075","346986",Animals,"","45","12479414"
108,"Mali",MLI,2024,Terrestrial,"Sheep / goats (mixed herd)",-,"","",Animals,"",-,-
108,"Mali",MLI,2024,Terrestrial,"Buffaloes",-,"","",Animals,"",-,-
108,"Mali",MLI,2024,Terrestrial,"Equidae","Donkeys","1263439","",Animals,"","195",-
108,"Mali",MLI,2024,Terrestrial,"Equidae","Horses","644988","",Animals,"","405",-
108,"Mali",MLI,2024,Terrestrial,"Equidae",-,"1908427","",Animals,"","600",-
108,"Mali",MLI,2024,Terrestrial,"Camelidae",-,"1370267","32119",Animals,"","480","9828414"
108,"Mali",MLI,2024,Terrestrial,"Rabbits / hares (mixed group)",-,"","",Animals,"",-,-
108,"Mali",MLI,2024,Terrestrial,"Cervidae",-,"","",Animals,"",-,-
108,"Mali",MLI,2024,Terrestrial,"Dogs",-,"","",Animals,"",-,-
108,"Mali",MLI,2024,Terrestrial,"Cats",-,"","",Animals,"",-,-
108,"Mali",MLI,2024,Terrestrial,"Bees",-,"","",Hives / Nests,"",-,-
185,"Malta",MLT,2024,Terrestrial,"Cattle","Adult beef cattle","1294","",Animals,"",-,-
185,"Malta",MLT,2024,Terrestrial,"Cattle","Adult dairy cattle","8489","",Animals,"",-,-
185,"Malta",MLT,2024,Terrestrial,"Cattle","Calves (<1 year) (cattle)","3996","150",Animals,"60",-,"31,3"
185,"Malta",MLT,2024,Terrestrial,"Cattle",-,"13779","4137",Animals,"294",-,"1201,3"
185,"Malta",MLT,2024,Terrestrial,"Swine","Adult (breeding) pigs","2400","833",Animals,"89",-,"132,3"
185,"Malta",MLT,2024,Terrestrial,"Swine","Backyard pigs","68","",Animals,"57",-,-
185,"Malta",MLT,2024,Terrestrial,"Swine","Fatteners","33093","44194",Animals,"2",-,"4058,8"
185,"Malta",MLT,2024,Terrestrial,"Swine",-,"35580","45038",Animals,"148",-,"4205,7"
185,"Malta",MLT,2024,Terrestrial,"Birds","Broiler chickens","3194510","2910453",Animals,"52",-,-
185,"Malta",MLT,2024,Terrestrial,"Birds","Layer chickens","534454","",Animals,"24",-,-
185,"Malta",MLT,2024,Terrestrial,"Birds",-,"3728964","2910453",Animals,"76",-,-
185,"Malta",MLT,2024,Terrestrial,"Sheep","Adult (sheep)","11699","3168",Animals,"1333",-,"142,7"
185,"Malta",MLT,2024,Terrestrial,"Sheep","Lambs (<6 months) (sheep)","2841","1475",Animals,"",-,"20,4"
185,"Malta",MLT,2024,Terrestrial,"Sheep",-,"14549","4643",Animals,"1333",-,"163,1"
185,"Malta",MLT,2024,Terrestrial,"Goats","Adult (goats)","5335","1144",Animals,"823",-,"19,8"
185,"Malta",MLT,2024,Terrestrial,"Goats","Kids (<6 months) (goats)","1336","264",Animals,"",-,-
185,"Malta",MLT,2024,Terrestrial,"Goats",-,"6671","1408",Animals,"874",-,"22,4"
185,"Malta",MLT,2024,Terrestrial,"Sheep / goats (mixed herd)",-,"12622","",Animals,"441",-,-
185,"Malta",MLT,2024,Terrestrial,"Buffaloes",-,"","0",Animals,"",-,"0"
185,"Malta",MLT,2024,Terrestrial,"Equidae","Donkeys","445","",Animals,"",-,-
185,"Malta",MLT,2024,Terrestrial,"Equidae","Horses","7239","",Animals,"",-,-
185,"Malta",MLT,2024,Terrestrial,"Equidae","Mules / Hinnies","20","",Animals,"",-,-
185,"Malta",MLT,2024,Terrestrial,"Equidae",-,"7704","0",Animals,"",-,"0"
185,"Malta",MLT,2024,Terrestrial,"Camelidae",-,"","0",Animals,"",-,"0"
185,"Malta",MLT,2024,Terrestrial,"Rabbits / hares (mixed group)",-,"","42654",Animals,"77",-,-
185,"Malta",MLT,2024,Terrestrial,"Cervidae","Cervidae: Sika deer + Rusa deer + Fallow deer","150","",Animals,"",-,-
185,"Malta",MLT,2024,Terrestrial,"Cervidae",-,"150","8",Animals,"1",-,-
185,"Malta",MLT,2024,Terrestrial,"Dogs",-,"102268","",Animals,"",-,-
185,"Malta",MLT,2024,Terrestrial,"Cats",-,"26902","",Animals,"",-,-
185,"Malta",MLT,2024,Terrestrial,"Bees",-,"6145","",Hives / Nests,"326",-,-
124,"Mexico",MEX,2024,Terrestrial,"Cattle","Adult beef cattle","33906058","8803525",Animals,"",-,"2214928"
124,"Mexico",MEX,2024,Terrestrial,"Cattle","Adult dairy cattle","2713534","",Animals,"",-,"13332738"
124,"Mexico",MEX,2024,Terrestrial,"Cattle",-,"366193592","8803625",Animals,"36766",-,"15547666"
124,"Mexico",MEX,2024,Terrestrial,"Swine",-,"19532854","21330408",Animals,"",-,-
124,"Mexico",MEX,2024,Terrestrial,"Birds","Broiler chickens","404341611","2117492148",Animals,"",-,"3888208"
124,"Mexico",MEX,2024,Terrestrial,"Birds","Ducks","89036","",Animals,"",-,-
124,"Mexico",MEX,2024,Terrestrial,"Birds","Layer chickens","216730243","",Animals,"",-,"3171783"
124,"Mexico",MEX,2024,Terrestrial,"Birds","Turkeys","3817000","3249712",Animals,"",-,"18755"
124,"Mexico",MEX,2024,Terrestrial,"Birds",-,"694493689","2120741860",Animals,"",-,"7078746"
124,"Mexico",MEX,2024,Terrestrial,"Sheep",-,"8836730","3318262",Animals,"",-,"68451"
124,"Mexico",MEX,2024,Terrestrial,"Goats",-,"8840467","2362781",Animals,"",-,"41034"
124,"Mexico",MEX,2024,Terrestrial,"Sheep / goats (mixed herd)",-,"","",Animals,"",-,-
124,"Mexico",MEX,2024,Terrestrial,"Buffaloes",-,"40000","",Animals,"",-,-
124,"Mexico",MEX,2024,Terrestrial,"Equidae","Donkeys","287039","",Animals,"",-,-
124,"Mexico",MEX,2024,Terrestrial,"Equidae","Horses","1119206","",Animals,"",-,-
124,"Mexico",MEX,2024,Terrestrial,"Equidae","Mules / Hinnies","125854","",Animals,"",-,-
124,"Mexico",MEX,2024,Terrestrial,"Equidae",-,"1532099","",Animals,"",-,-
124,"Mexico",MEX,2024,Terrestrial,"Camelidae",-,"","",Animals,"",-,-
124,"Mexico",MEX,2024,Terrestrial,"Rabbits / hares (mixed group)","Rabbits","315336","",Animals,"",-,-
124,"Mexico",MEX,2024,Terrestrial,"Rabbits / hares (mixed group)",-,"315336","",Animals,"",-,-
124,"Mexico",MEX,2024,Terrestrial,"Cervidae",-,"","",Animals,"",-,-
124,"Mexico",MEX,2024,Terrestrial,"Dogs",-,"43800000","",Animals,"",-,-
124,"Mexico",MEX,2024,Terrestrial,"Cats",-,"16200000","",Animals,"",-,-
124,"Mexico",MEX,2024,Terrestrial,"Bees",-,"2201329","",Hives / Nests,"",-,-
138,"Moldova",MDA,2024,Terrestrial,"Cattle","Adult dairy cattle","187121","",Animals,"96209",-,-
138,"Moldova",MDA,2024,Terrestrial,"Cattle","Calves (<1 year) (cattle)","20814","",Animals,"2760",-,-
138,"Moldova",MDA,2024,Terrestrial,"Cattle","Males and females, 1-2 years, dairy cattle","19827","",Animals,"6484",-,-
138,"Moldova",MDA,2024,Terrestrial,"Cattle",-,"227762","23956",Animals,"105453",-,-
138,"Moldova",MDA,2024,Terrestrial,"Swine","Backyard pigs","105491","",Animals,"22249",-,-
138,"Moldova",MDA,2024,Terrestrial,"Swine","Fatteners","225881","",Animals,"205",-,-
138,"Moldova",MDA,2024,Terrestrial,"Swine",-,"331372","495434",Animals,"22454",-,-
138,"Moldova",MDA,2024,Terrestrial,"Birds","Backyard poultry","10555204","",Animals,"",-,-
138,"Moldova",MDA,2024,Terrestrial,"Birds","Broiler chickens","16469412","15095016",Animals,"40","2,5","37737,5"
138,"Moldova",MDA,2024,Terrestrial,"Birds","Ducks","865774","",Animals,"",-,-
138,"Moldova",MDA,2024,Terrestrial,"Birds","Layer chickens","1005000","",Animals,"14",-,-
138,"Moldova",MDA,2024,Terrestrial,"Birds",-,"28895390","15095016",Animals,"54","2,5","37737,5"
138,"Moldova",MDA,2024,Terrestrial,"Sheep","Adult (sheep)","698985","",Animals,"41516",-,-
138,"Moldova",MDA,2024,Terrestrial,"Sheep","Lambs (<6 months) (sheep)","1770","",Animals,"114",-,-
138,"Moldova",MDA,2024,Terrestrial,"Sheep",-,"700755","51313",Animals,"41630",-,-
138,"Moldova",MDA,2024,Terrestrial,"Goats","Adult (goats)","264387","",Animals,"37284",-,-
138,"Moldova",MDA,2024,Terrestrial,"Goats","Kids (<6 months) (goats)","648","",Animals,"78",-,-
138,"Moldova",MDA,2024,Terrestrial,"Goats",-,"265035","12389",Animals,"37362",-,-
138,"Moldova",MDA,2024,Terrestrial,"Sheep / goats (mixed herd)",-,"","",Animals,"",-,-
138,"Moldova",MDA,2024,Terrestrial,"Buffaloes","Adult buffalo","134","",Animals,"",-,-
138,"Moldova",MDA,2024,Terrestrial,"Buffaloes","Calves (<1 year) (buffaloes)","54","",Animals,"",-,-
138,"Moldova",MDA,2024,Terrestrial,"Buffaloes",-,"188","70",Animals,"4",-,-
138,"Moldova",MDA,2024,Terrestrial,"Equidae","Donkeys","1811","",Animals,"1348",-,-
138,"Moldova",MDA,2024,Terrestrial,"Equidae","Horses","32163","",Animals,"26157",-,-
138,"Moldova",MDA,2024,Terrestrial,"Equidae",-,"33974","765",Animals,"27505",-,-
138,"Moldova",MDA,2024,Terrestrial,"Camelidae",-,"","",Animals,"",-,-
138,"Moldova",MDA,2024,Terrestrial,"Rabbits / hares (mixed group)",-,"316331","61022",Animals,"21",-,"122,1"
138,"Moldova",MDA,2024,Terrestrial,"Cervidae",-,"","",Animals,"",-,-
138,"Moldova",MDA,2024,Terrestrial,"Dogs",-,"509090","",Animals,"",-,-
138,"Moldova",MDA,2024,Terrestrial,"Cats",-,"235785","",Animals,"",-,-
138,"Moldova",MDA,2024,Terrestrial,"Bees",-,"203815","",Hives / Nests,"3272",-,-
223,"Mongolia",MNG,2024,Terrestrial,"Cattle","Adult dairy cattle","2148430","",Animals,"",-,-
223,"Mongolia",MNG,2024,Terrestrial,"Cattle","Calves (<1 year) (cattle)","1381600","",Animals,"",-,-
223,"Mongolia",MNG,2024,Terrestrial,"Cattle",-,"5074550","857700",Animals,"",-,-
223,"Mongolia",MNG,2024,Terrestrial,"Swine",-,"21090","",Animals,"",-,-
223,"Mongolia",MNG,2024,Terrestrial,"Birds",-,"1836540","",Animals,"",-,-
223,"Mongolia",MNG,2024,Terrestrial,"Sheep",-,"24491120","780600",Animals,"",-,-
223,"Mongolia",MNG,2024,Terrestrial,"Goats","Adult (goats)","17005780","",Animals,"",-,-
223,"Mongolia",MNG,2024,Terrestrial,"Goats","Kids (<6 months) (goats)","5914400","",Animals,"",-,-
223,"Mongolia",MNG,2024,Terrestrial,"Goats",-,"22920180","4656300",Animals,"",-,-
223,"Mongolia",MNG,2024,Terrestrial,"Sheep / goats (mixed herd)",-,"47411300","12462300",Animals,"",-,-
223,"Mongolia",MNG,2024,Terrestrial,"Buffaloes",-,"0","0",Animals,"0","0","0"
223,"Mongolia",MNG,2024,Terrestrial,"Equidae","Donkeys","30","",Animals,"",-,-
223,"Mongolia",MNG,2024,Terrestrial,"Equidae","Horses","4683230","",Animals,"",-,-
223,"Mongolia",MNG,2024,Terrestrial,"Equidae",-,"4683260","526400",Animals,"",-,-
223,"Mongolia",MNG,2024,Terrestrial,"Camelidae","Camels","480570","",Animals,"",-,-
223,"Mongolia",MNG,2024,Terrestrial,"Camelidae",-,"480570","54000",Animals,"",-,-
223,"Mongolia",MNG,2024,Terrestrial,"Rabbits / hares (mixed group)",-,"320","",Animals,"",-,-
223,"Mongolia",MNG,2024,Terrestrial,"Cervidae","Cervidae: Red deer + Wapiti + Reindeer","2780","",Animals,"",-,-
223,"Mongolia",MNG,2024,Terrestrial,"Cervidae",-,"2780","",Animals,"",-,-
223,"Mongolia",MNG,2024,Terrestrial,"Dogs",-,"","",Animals,"",-,-
223,"Mongolia",MNG,2024,Terrestrial,"Cats",-,"","",Animals,"",-,-
223,"Mongolia",MNG,2024,Terrestrial,"Bees",-,"15430","",Hives / Nests,"",-,-
315,"Morocco",MAR,2024,Terrestrial,"Cattle","Adult beef cattle","495561","",Animals,"",-,-
315,"Morocco",MAR,2024,Terrestrial,"Cattle","Adult dairy cattle","702598","",Animals,"",-,-
315,"Morocco",MAR,2024,Terrestrial,"Cattle","Calves (<1 year) (cattle)","762837","",Animals,"",-,-
315,"Morocco",MAR,2024,Terrestrial,"Cattle","Males and females, 1-2 years, beef cattle","247373","",Animals,"",-,-
315,"Morocco",MAR,2024,Terrestrial,"Cattle","Males and females, 1-2 years, dairy cattle","123862","",Animals,"",-,-
315,"Morocco",MAR,2024,Terrestrial,"Cattle",-,"2332231","",Animals,"",-,-
315,"Morocco",MAR,2024,Terrestrial,"Swine",-,"","",Animals,"",-,-
315,"Morocco",MAR,2024,Terrestrial,"Birds","Broiler chickens","486000000","",Animals,"",-,-
315,"Morocco",MAR,2024,Terrestrial,"Birds","Layer chickens","14600000","",Animals,"",-,-
315,"Morocco",MAR,2024,Terrestrial,"Birds","Turkeys","15100000","",Animals,"",-,-
315,"Morocco",MAR,2024,Terrestrial,"Birds",-,"515700000","",Animals,"",-,-
315,"Morocco",MAR,2024,Terrestrial,"Sheep","Adult (sheep)","12150320","",Animals,"",-,-
315,"Morocco",MAR,2024,Terrestrial,"Sheep","Lambs (<6 months) (sheep)","7718769","",Animals,"",-,-
315,"Morocco",MAR,2024,Terrestrial,"Sheep",-,"19869090","",Animals,"",-,-
315,"Morocco",MAR,2024,Terrestrial,"Goats","Adult (goats)","4497180","",Animals,"",-,-
315,"Morocco",MAR,2024,Terrestrial,"Goats","Kids (<6 months) (goats)","1212411","",Animals,"",-,-
315,"Morocco",MAR,2024,Terrestrial,"Goats",-,"5709591","",Animals,"",-,-
315,"Morocco",MAR,2024,Terrestrial,"Sheep / goats (mixed herd)",-,"25578681","",Animals,"",-,-
315,"Morocco",MAR,2024,Terrestrial,"Buffaloes",-,"","",Animals,"",-,-
315,"Morocco",MAR,2024,Terrestrial,"Equidae","Donkeys","798054","",Animals,"",-,-
315,"Morocco",MAR,2024,Terrestrial,"Equidae","Horses","158195","",Animals,"",-,-
315,"Morocco",MAR,2024,Terrestrial,"Equidae","Mules / Hinnies","291023","",Animals,"",-,-
315,"Morocco",MAR,2024,Terrestrial,"Equidae",-,"1247272","",Animals,"",-,-
315,"Morocco",MAR,2024,Terrestrial,"Camelidae","Camels","140000","",Animals,"",-,-
315,"Morocco",MAR,2024,Terrestrial,"Camelidae",-,"140000","",Animals,"",-,-
315,"Morocco",MAR,2024,Terrestrial,"Rabbits / hares (mixed group)",-,"","",Animals,"",-,-
315,"Morocco",MAR,2024,Terrestrial,"Cervidae",-,"","",Animals,"",-,-
315,"Morocco",MAR,2024,Terrestrial,"Dogs",-,"","",Animals,"",-,-
315,"Morocco",MAR,2024,Terrestrial,"Cats",-,"","",Animals,"",-,-
315,"Morocco",MAR,2024,Terrestrial,"Bees",-,"640000","",Hives / Nests,"",-,-
212,"Mozambique",MOZ,2024,Terrestrial,"Cattle","Adult beef cattle","2224835","",Animals,"",-,-
212,"Mozambique",MOZ,2024,Terrestrial,"Cattle","Adult dairy cattle","4110","",Animals,"",-,-
212,"Mozambique",MOZ,2024,Terrestrial,"Cattle","Males and females, 1-2 years, beef cattle","236900","",Animals,"",-,-
212,"Mozambique",MOZ,2024,Terrestrial,"Cattle","Males and females, 1-2 years, dairy cattle","1237","",Animals,"",-,-
212,"Mozambique",MOZ,2024,Terrestrial,"Cattle",-,"2467082","143782",Animals,"","284","21136"
212,"Mozambique",MOZ,2024,Terrestrial,"Swine",-,"1175399","87689",Animals,"","60","3946"
212,"Mozambique",MOZ,2024,Terrestrial,"Birds","Backyard poultry","28226030","",Animals,"",-,-
212,"Mozambique",MOZ,2024,Terrestrial,"Birds","Broiler chickens","188696466","141465741",Animals,"","1,5","134"
212,"Mozambique",MOZ,2024,Terrestrial,"Birds","Ducks","2208690","",Animals,"",-,-
212,"Mozambique",MOZ,2024,Terrestrial,"Birds","Layer chickens","1792565","",Animals,"",-,-
212,"Mozambique",MOZ,2024,Terrestrial,"Birds","Other birds","523786","",Animals,"",-,-
212,"Mozambique",MOZ,2024,Terrestrial,"Birds","Turkeys","150433","",Animals,"",-,-
212,"Mozambique",MOZ,2024,Terrestrial,"Birds",-,"221597970","",Animals,"",-,-
212,"Mozambique",MOZ,2024,Terrestrial,"Sheep",-,"1031360","68471",Animals,"","40","598"
212,"Mozambique",MOZ,2024,Terrestrial,"Goats",-,"4614998","267440",Animals,"","25","3343"
212,"Mozambique",MOZ,2024,Terrestrial,"Sheep / goats (mixed herd)",-,"","",Animals,"",-,-
212,"Mozambique",MOZ,2024,Terrestrial,"Buffaloes",-,"49","",Animals,"",-,-
212,"Mozambique",MOZ,2024,Terrestrial,"Equidae","Donkeys","49589","",Animals,"",-,-
212,"Mozambique",MOZ,2024,Terrestrial,"Equidae","Horses","516","",Animals,"",-,-
212,"Mozambique",MOZ,2024,Terrestrial,"Equidae","Mules / Hinnies","0","",Animals,"",-,-
212,"Mozambique",MOZ,2024,Terrestrial,"Equidae",-,"50105","0",Animals,"",-,-
212,"Mozambique",MOZ,2024,Terrestrial,"Camelidae","Camels","7","",Animals,"",-,-
212,"Mozambique",MOZ,2024,Terrestrial,"Camelidae",-,"7","",Animals,"",-,-
212,"Mozambique",MOZ,2024,Terrestrial,"Rabbits / hares (mixed group)","Rabbits","128426","",Animals,"",-,-
212,"Mozambique",MOZ,2024,Terrestrial,"Rabbits / hares (mixed group)",-,"128426","",Animals,"",-,-
212,"Mozambique",MOZ,2024,Terrestrial,"Cervidae",-,"0","0",Animals,"0","0","0"
212,"Mozambique",MOZ,2024,Terrestrial,"Dogs",-,"1202000","",Animals,"",-,-
212,"Mozambique",MOZ,2024,Terrestrial,"Cats",-,"","",Animals,"",-,-
212,"Mozambique",MOZ,2024,Terrestrial,"Bees",-,"","",Hives / Nests,"7502",-,-
194,"Myanmar",MMR,2024,Terrestrial,"Cattle","Adult beef cattle","7464","",Animals,"",-,-
194,"Myanmar",MMR,2024,Terrestrial,"Cattle","Adult dairy cattle","72244","",Animals,"",-,-
194,"Myanmar",MMR,2024,Terrestrial,"Cattle","Calves (<1 year) (cattle)","1217787","",Animals,"",-,-
194,"Myanmar",MMR,2024,Terrestrial,"Cattle","Males and females, 1-2 years, beef cattle","1292","",Animals,"",-,-
194,"Myanmar",MMR,2024,Terrestrial,"Cattle","Males and females, 1-2 years, dairy cattle","17396","",Animals,"",-,-
194,"Myanmar",MMR,2024,Terrestrial,"Cattle",-,"8849118","",Animals,"239977",-,-
194,"Myanmar",MMR,2024,Terrestrial,"Swine","Adult (breeding) pigs","1436323","",Animals,"",-,-
194,"Myanmar",MMR,2024,Terrestrial,"Swine","Fatteners","1454882","",Animals,"",-,-
194,"Myanmar",MMR,2024,Terrestrial,"Swine","Piglets (pre-weaning)","887220","",Animals,"",-,-
194,"Myanmar",MMR,2024,Terrestrial,"Swine",-,"4471962","",Animals,"150696",-,-
194,"Myanmar",MMR,2024,Terrestrial,"Birds","Backyard poultry","41399641","",Animals,"400872",-,-
194,"Myanmar",MMR,2024,Terrestrial,"Birds","Broiler chickens","20530595","",Animals,"679",-,-
194,"Myanmar",MMR,2024,Terrestrial,"Birds","Ducks","3936091","",Animals,"28861",-,-
194,"Myanmar",MMR,2024,Terrestrial,"Birds","Layer chickens","18931573","",Animals,"1395",-,-
194,"Myanmar",MMR,2024,Terrestrial,"Birds","Other birds","2187668","",Animals,"12576",-,-
194,"Myanmar",MMR,2024,Terrestrial,"Birds","Turkeys","58217","",Animals,"580",-,-
194,"Myanmar",MMR,2024,Terrestrial,"Birds",-,"87689156","",Animals,"444963",-,-
194,"Myanmar",MMR,2024,Terrestrial,"Sheep","Adult (sheep)","100630","",Animals,"",-,-
194,"Myanmar",MMR,2024,Terrestrial,"Sheep","Lambs (<6 months) (sheep)","48281","",Animals,"",-,-
194,"Myanmar",MMR,2024,Terrestrial,"Sheep",-,"258941","",Animals,"717",-,-
194,"Myanmar",MMR,2024,Terrestrial,"Goats","Adult (goats)","1183533","",Animals,"",-,-
194,"Myanmar",MMR,2024,Terrestrial,"Goats","Kids (<6 months) (goats)","538379","",Animals,"",-,-
194,"Myanmar",MMR,2024,Terrestrial,"Goats",-,"2305205","",Animals,"21516",-,-
194,"Myanmar",MMR,2024,Terrestrial,"Sheep / goats (mixed herd)",-,"","",Animals,"",-,-
194,"Myanmar",MMR,2024,Terrestrial,"Buffaloes","Adult buffalo","413508","",Animals,"",-,-
194,"Myanmar",MMR,2024,Terrestrial,"Buffaloes","Calves (<1 year) (buffaloes)","103328","",Animals,"",-,-
194,"Myanmar",MMR,2024,Terrestrial,"Buffaloes",-,"874674","",Animals,"26548",-,-
194,"Myanmar",MMR,2024,Terrestrial,"Equidae",-,"26143","",Animals,"2826",-,-
194,"Myanmar",MMR,2024,Terrestrial,"Camelidae",-,"","",Animals,"",-,-
194,"Myanmar",MMR,2024,Terrestrial,"Rabbits / hares (mixed group)",-,"","",Animals,"",-,-
194,"Myanmar",MMR,2024,Terrestrial,"Cervidae",-,"","",Animals,"",-,-
194,"Myanmar",MMR,2024,Terrestrial,"Dogs",-,"2182273","",Animals,"",-,-
194,"Myanmar",MMR,2024,Terrestrial,"Cats",-,"","",Animals,"",-,-
194,"Myanmar",MMR,2024,Terrestrial,"Bees",-,"200818","",Hives / Nests,"818",-,-
282,"Namibia",NAM,2024,Terrestrial,"Cattle",-,"2772616","119077",Animals,"8771",-,-
282,"Namibia",NAM,2024,Terrestrial,"Swine",-,"133988","",Animals,"505",-,-
282,"Namibia",NAM,2024,Terrestrial,"Birds",-,"12284272","",Animals,"701",-,-
282,"Namibia",NAM,2024,Terrestrial,"Sheep",-,"2323249","52368",Animals,"11560",-,-
282,"Namibia",NAM,2024,Terrestrial,"Goats",-,"2207690","",Animals,"4483",-,-
282,"Namibia",NAM,2024,Terrestrial,"Sheep / goats (mixed herd)",-,"1150661","",Animals,"2348",-,-
282,"Namibia",NAM,2024,Terrestrial,"Buffaloes",-,"","",Animals,"",-,-
282,"Namibia",NAM,2024,Terrestrial,"Equidae","Donkeys","103439","",Animals,"",-,-
282,"Namibia",NAM,2024,Terrestrial,"Equidae","Horses","38204","",Animals,"",-,-
282,"Namibia",NAM,2024,Terrestrial,"Equidae",-,"141643","",Animals,"2706",-,-
282,"Namibia",NAM,2024,Terrestrial,"Camelidae",-,"","",Animals,"",-,-
282,"Namibia",NAM,2024,Terrestrial,"Rabbits / hares (mixed group)",-,"2565","",Animals,"",-,-
282,"Namibia",NAM,2024,Terrestrial,"Cervidae",-,"51","",Animals,"",-,-
282,"Namibia",NAM,2024,Terrestrial,"Dogs",-,"152960","",Animals,"",-,-
282,"Namibia",NAM,2024,Terrestrial,"Cats",-,"43742","",Animals,"",-,-
282,"Namibia",NAM,2024,Terrestrial,"Bees",-,"","",Hives / Nests,"",-,-
203,"Nepal",NPL,2024,Terrestrial,"Cattle","Adult dairy cattle","3763858","",Animals,"",-,-
203,"Nepal",NPL,2024,Terrestrial,"Cattle","Calves (<1 year) (cattle)","810277","",Animals,"",-,-
203,"Nepal",NPL,2024,Terrestrial,"Cattle","Males and females, 1-2 years, dairy cattle","229389","",Animals,"",-,-
203,"Nepal",NPL,2024,Terrestrial,"Cattle",-,"4803524","",Animals,"",-,-
203,"Nepal",NPL,2024,Terrestrial,"Swine",-,"1357507","216887",Animals,"","150","32535"
203,"Nepal",NPL,2024,Terrestrial,"Birds","Backyard poultry","28874562","",Animals,"",-,-
203,"Nepal",NPL,2024,Terrestrial,"Birds","Broiler chickens","23285937","",Animals,"",-,-
203,"Nepal",NPL,2024,Terrestrial,"Birds","Ducks","1325999","",Animals,"",-,-
203,"Nepal",NPL,2024,Terrestrial,"Birds","Layer chickens","12725053","",Animals,"",-,-
203,"Nepal",NPL,2024,Terrestrial,"Birds","Other birds","197636","",Animals,"",-,-
203,"Nepal",NPL,2024,Terrestrial,"Birds","Turkeys","122062","",Animals,"",-,-
203,"Nepal",NPL,2024,Terrestrial,"Birds",-,"66531249","",Animals,"",-,-
203,"Nepal",NPL,2024,Terrestrial,"Sheep",-,"501849","",Animals,"",-,-
203,"Nepal",NPL,2024,Terrestrial,"Goats",-,"14541244","",Animals,"",-,-
203,"Nepal",NPL,2024,Terrestrial,"Sheep / goats (mixed herd)",-,"","",Animals,"",-,-
203,"Nepal",NPL,2024,Terrestrial,"Buffaloes",-,"3081062","",Animals,"",-,-
203,"Nepal",NPL,2024,Terrestrial,"Equidae",-,"17332","",Animals,"",-,-
203,"Nepal",NPL,2024,Terrestrial,"Camelidae",-,"","",Animals,"",-,-
203,"Nepal",NPL,2024,Terrestrial,"Rabbits / hares (mixed group)",-,"44531","",Animals,"",-,-
203,"Nepal",NPL,2024,Terrestrial,"Cervidae",-,"","",Animals,"",-,-
203,"Nepal",NPL,2024,Terrestrial,"Cats",-,"","",Animals,"",-,-
203,"Nepal",NPL,2024,Terrestrial,"Bees",-,"1000000","",Hives / Nests,"",-,-
169,"Netherlands",NLD,2024,Terrestrial,"Cattle","Adult beef cattle","81000","",Animals,"",-,-
169,"Netherlands",NLD,2024,Terrestrial,"Cattle","Adult dairy cattle","1521000","564133",Animals,"29795",-,-
169,"Netherlands",NLD,2024,Terrestrial,"Cattle","Calves (<1 year) (cattle)","1522620","1497045",Animals,"",-,-
169,"Netherlands",NLD,2024,Terrestrial,"Cattle","Males and females, 1-2 years, beef cattle","71000","",Animals,"",-,-
169,"Netherlands",NLD,2024,Terrestrial,"Cattle","Males and females, 1-2 years, dairy cattle","405000","",Animals,"",-,-
169,"Netherlands",NLD,2024,Terrestrial,"Cattle",-,"3772470","2061178",Animals,"29795",-,-
169,"Netherlands",NLD,2024,Terrestrial,"Swine","Adult (breeding) pigs","1529000","",Animals,"",-,-
169,"Netherlands",NLD,2024,Terrestrial,"Swine","Fatteners","650000","",Animals,"",-,-
169,"Netherlands",NLD,2024,Terrestrial,"Swine","Piglets (pre-weaning)","1740000","",Animals,"",-,-
169,"Netherlands",NLD,2024,Terrestrial,"Swine",-,"10491170","14464565",Animals,"11218",-,-
169,"Netherlands",NLD,2024,Terrestrial,"Birds","Broiler chickens","39501200","482849300",Animals,"620",-,-
169,"Netherlands",NLD,2024,Terrestrial,"Birds","Ducks","363000","470300",Animals,"30",-,-
169,"Netherlands",NLD,2024,Terrestrial,"Birds","Layer chickens","40470000","20384700",Animals,"820",-,-
169,"Netherlands",NLD,2024,Terrestrial,"Birds","Other birds","8380600","",Animals,"180",-,-
169,"Netherlands",NLD,2024,Terrestrial,"Birds","Turkeys","516500","",Animals,"20",-,-
169,"Netherlands",NLD,2024,Terrestrial,"Birds",-,"89231300","503704300",Animals,"1670",-,-
169,"Netherlands",NLD,2024,Terrestrial,"Sheep",-,"738020","507970",Animals,"29918",-,-
169,"Netherlands",NLD,2024,Terrestrial,"Goats",-,"636180","202260",Animals,"15758",-,-
169,"Netherlands",NLD,2024,Terrestrial,"Sheep / goats (mixed herd)",-,"","",Animals,"",-,-
169,"Netherlands",NLD,2024,Terrestrial,"Buffaloes",-,"","",Animals,"",-,-
169,"Netherlands",NLD,2024,Terrestrial,"Equidae",-,"970000","2874",Animals,"38000",-,-
169,"Netherlands",NLD,2024,Terrestrial,"Camelidae",-,"","",Animals,"",-,-
169,"Netherlands",NLD,2024,Terrestrial,"Rabbits / hares (mixed group)",-,"","",Animals,"",-,-
169,"Netherlands",NLD,2024,Terrestrial,"Cervidae",-,"","1277",Animals,"",-,-
169,"Netherlands",NLD,2024,Terrestrial,"Dogs",-,"1700000","",Animals,"",-,-
169,"Netherlands",NLD,2024,Terrestrial,"Cats",-,"2900000","",Animals,"",-,-
169,"Netherlands",NLD,2024,Terrestrial,"Bees",-,"80000","",Hives / Nests,"10000",-,-
181,"New Caledonia",NCL,2024,Terrestrial,"Cattle",-,"84614","",Animals,"1199",-,-
181,"New Caledonia",NCL,2024,Terrestrial,"Swine",-,"30010","",Animals,"2048",-,-
181,"New Caledonia",NCL,2024,Terrestrial,"Birds","Broiler chickens","96420","",Animals,"159",-,-
181,"New Caledonia",NCL,2024,Terrestrial,"Birds","Layer chickens","151434","",Animals,"153",-,-
181,"New Caledonia",NCL,2024,Terrestrial,"Birds",-,"381475","",Animals,"1434",-,-
181,"New Caledonia",NCL,2024,Terrestrial,"Sheep",-,"3654","",Animals,"49",-,-
181,"New Caledonia",NCL,2024,Terrestrial,"Goats",-,"3165","",Animals,"233",-,-
181,"New Caledonia",NCL,2024,Terrestrial,"Sheep / goats (mixed herd)",-,"","",Animals,"",-,-
181,"New Caledonia",NCL,2024,Terrestrial,"Buffaloes",-,"0","0",Animals,"0","0","0"
181,"New Caledonia",NCL,2024,Terrestrial,"Equidae",-,"5584","",Animals,"765",-,-
181,"New Caledonia",NCL,2024,Terrestrial,"Camelidae",-,"0","0",Animals,"0","0","0"
181,"New Caledonia",NCL,2024,Terrestrial,"Rabbits / hares (mixed group)","Hares","0","0",Animals,"0","0","0"
181,"New Caledonia",NCL,2024,Terrestrial,"Rabbits / hares (mixed group)",-,"6049","",Animals,"104",-,-
181,"New Caledonia",NCL,2024,Terrestrial,"Cervidae",-,"9515","",Animals,"62",-,-
181,"New Caledonia",NCL,2024,Terrestrial,"Dogs",-,"","",Animals,"",-,-
181,"New Caledonia",NCL,2024,Terrestrial,"Cats",-,"","",Animals,"",-,-
181,"New Caledonia",NCL,2024,Terrestrial,"Bees",-,"10199","",Hives / Nests,"1060",-,-
109,"New Zealand",NZL,2024,Terrestrial,"Cattle",-,"13976000","4502900",Animals,"79300","318","719300"
109,"New Zealand",NZL,2024,Terrestrial,"Swine",-,"279000","583700",Animals,"4200","99,4","43100"
109,"New Zealand",NZL,2024,Terrestrial,"Birds",-,"24691000","121811000",Animals,"400","2,3","225900"
109,"New Zealand",NZL,2024,Terrestrial,"Sheep",-,"23591000","21466100",Animals,"10300","45","431700"
109,"New Zealand",NZL,2024,Terrestrial,"Goats",-,"185000","119100",Animals,"5000","26","1300"
109,"New Zealand",NZL,2024,Terrestrial,"Sheep / goats (mixed herd)",-,"0","0",Animals,"0","0","0"
109,"New Zealand",NZL,2024,Terrestrial,"Buffaloes",-,"700","",Animals,"18",-,-
109,"New Zealand",NZL,2024,Terrestrial,"Equidae",-,"82000","0",Animals,"14800","0","0"
109,"New Zealand",NZL,2024,Terrestrial,"Camelidae",-,"13000","",Animals,"1000",-,-
109,"New Zealand",NZL,2024,Terrestrial,"Rabbits / hares (mixed group)",-,"0","0",Animals,"0","0","0"
109,"New Zealand",NZL,2024,Terrestrial,"Cervidae",-,"1026000","245300",Animals,"1900","109","14600"
109,"New Zealand",NZL,2024,Terrestrial,"Dogs",-,"851000","",Animals,"",-,-
109,"New Zealand",NZL,2024,Terrestrial,"Cats",-,"1219000","",Animals,"",-,-
109,"New Zealand",NZL,2024,Terrestrial,"Bees",-,"533000","",Hives / Nests,"52600",-,-
248,"Nicaragua",NIC,2024,Terrestrial,"Cattle",-,"7717414","",Animals,"186414",-,-
248,"Nicaragua",NIC,2024,Terrestrial,"Swine","Backyard pigs","302453","",Animals,"",-,-
248,"Nicaragua",NIC,2024,Terrestrial,"Swine","Fatteners","90097","",Animals,"116392",-,-
248,"Nicaragua",NIC,2024,Terrestrial,"Swine","Piglets (pre-weaning)","25935","",Animals,"",-,-
248,"Nicaragua",NIC,2024,Terrestrial,"Swine",-,"418485","",Animals,"116392",-,-
248,"Nicaragua",NIC,2024,Terrestrial,"Birds","Broiler chickens","8734911","",Animals,"63",-,-
248,"Nicaragua",NIC,2024,Terrestrial,"Birds","Layer chickens","3514063","",Animals,"123",-,-
248,"Nicaragua",NIC,2024,Terrestrial,"Birds","Other birds","88570","",Animals,"",-,-
248,"Nicaragua",NIC,2024,Terrestrial,"Birds","Turkeys","58804","",Animals,"",-,-
248,"Nicaragua",NIC,2024,Terrestrial,"Birds",-,"12396348","",Animals,"186",-,-
248,"Nicaragua",NIC,2024,Terrestrial,"Sheep",-,"","",Animals,"",-,-
248,"Nicaragua",NIC,2024,Terrestrial,"Goats",-,"","",Animals,"",-,-
248,"Nicaragua",NIC,2024,Terrestrial,"Sheep / goats (mixed herd)",-,"","",Animals,"",-,-
248,"Nicaragua",NIC,2024,Terrestrial,"Buffaloes",-,"","",Animals,"",-,-
248,"Nicaragua",NIC,2024,Terrestrial,"Equidae",-,"","",Animals,"",-,-
248,"Nicaragua",NIC,2024,Terrestrial,"Camelidae",-,"","",Animals,"",-,-
248,"Nicaragua",NIC,2024,Terrestrial,"Rabbits / hares (mixed group)",-,"","",Animals,"",-,-
248,"Nicaragua",NIC,2024,Terrestrial,"Cervidae",-,"","",Animals,"",-,-
248,"Nicaragua",NIC,2024,Terrestrial,"Dogs",-,"","",Animals,"",-,-
248,"Nicaragua",NIC,2024,Terrestrial,"Cats",-,"","",Animals,"",-,-
248,"Nicaragua",NIC,2024,Terrestrial,"Bees",-,"57578","",Hives / Nests,"2088",-,-
280,"Nigeria",NGA,2024,Terrestrial,"Cattle",-,"29143684","",Animals,"",-,-
280,"Nigeria",NGA,2024,Terrestrial,"Swine",-,"9498679","",Animals,"",-,-
280,"Nigeria",NGA,2024,Terrestrial,"Birds",-,"804113087","",Animals,"",-,-
280,"Nigeria",NGA,2024,Terrestrial,"Sheep",-,"53399708","",Animals,"",-,-
280,"Nigeria",NGA,2024,Terrestrial,"Goats",-,"93637033","",Animals,"",-,-
280,"Nigeria",NGA,2024,Terrestrial,"Sheep / goats (mixed herd)",-,"","",Animals,"",-,-
280,"Nigeria",NGA,2024,Terrestrial,"Buffaloes",-,"","",Animals,"",-,-
280,"Nigeria",NGA,2024,Terrestrial,"Equidae",-,"1472439","",Animals,"",-,-
280,"Nigeria",NGA,2024,Terrestrial,"Camelidae",-,"381427","",Animals,"",-,-
280,"Nigeria",NGA,2024,Terrestrial,"Rabbits / hares (mixed group)",-,"5890997","",Animals,"",-,-
280,"Nigeria",NGA,2024,Terrestrial,"Cervidae",-,"","",Animals,"",-,-
280,"Nigeria",NGA,2024,Terrestrial,"Dogs",-,"","",Animals,"",-,-
280,"Nigeria",NGA,2024,Terrestrial,"Cats",-,"","",Animals,"",-,-
280,"Nigeria",NGA,2024,Terrestrial,"Bees",-,"","",Hives / Nests,"",-,-
222,"North Macedonia",MKD,2024,Terrestrial,"Cattle",-,"129256","4033",Animals,"12185",-,-
222,"North Macedonia",MKD,2024,Terrestrial,"Swine",-,"122345","",Animals,"3287",-,-
222,"North Macedonia",MKD,2024,Terrestrial,"Birds",-,"1662244","",Animals,"56",-,-
222,"North Macedonia",MKD,2024,Terrestrial,"Sheep",-,"443130","",Animals,"",-,-
222,"North Macedonia",MKD,2024,Terrestrial,"Goats",-,"37980","",Animals,"",-,-
222,"North Macedonia",MKD,2024,Terrestrial,"Sheep / goats (mixed herd)",-,"481110","",Animals,"4668",-,-
222,"North Macedonia",MKD,2024,Terrestrial,"Buffaloes",-,"","",Animals,"",-,-
222,"North Macedonia",MKD,2024,Terrestrial,"Equidae","Donkeys","2485","",Animals,"",-,-
222,"North Macedonia",MKD,2024,Terrestrial,"Equidae","Horses","8419","",Animals,"",-,-
222,"North Macedonia",MKD,2024,Terrestrial,"Equidae","Mules / Hinnies","1068","",Animals,"",-,-
222,"North Macedonia",MKD,2024,Terrestrial,"Equidae",-,"11972","",Animals,"7808",-,-
222,"North Macedonia",MKD,2024,Terrestrial,"Camelidae",-,"","",Animals,"",-,-
222,"North Macedonia",MKD,2024,Terrestrial,"Rabbits / hares (mixed group)",-,"","",Animals,"",-,-
222,"North Macedonia",MKD,2024,Terrestrial,"Cervidae",-,"4065","",Animals,"",-,-
222,"North Macedonia",MKD,2024,Terrestrial,"Dogs",-,"132092","",Animals,"",-,-
222,"North Macedonia",MKD,2024,Terrestrial,"Cats",-,"9873","",Animals,"",-,-
222,"North Macedonia",MKD,2024,Terrestrial,"Bees",-,"316925","",Hives / Nests,"7047",-,-
200,"Norway",NOR,2024,Terrestrial,"Cattle","Adult beef cattle","106337","",Animals,"5712",-,-
200,"Norway",NOR,2024,Terrestrial,"Cattle","Adult dairy cattle","202771","102234",Animals,"6268",-,"29337"
200,"Norway",NOR,2024,Terrestrial,"Cattle","Calves (<1 year) (cattle)","","16648",Animals,"",-,"1852"
200,"Norway",NOR,2024,Terrestrial,"Cattle","Males and females, 1-2 years, dairy cattle","","186087",Animals,"",-,"54901"
200,"Norway",NOR,2024,Terrestrial,"Cattle",-,"851697","304969",Animals,"11980",-,"86090"
200,"Norway",NOR,2024,Terrestrial,"Swine","Adult (breeding) pigs","68209","52609",Animals,"789",-,-
200,"Norway",NOR,2024,Terrestrial,"Swine","Fatteners","420537","1477040",Animals,"1428",-,-
200,"Norway",NOR,2024,Terrestrial,"Swine",-,"709581","1529649",Animals,"2217",-,"128159"
200,"Norway",NOR,2024,Terrestrial,"Birds","Backyard poultry","","",Animals,"5391",-,-
200,"Norway",NOR,2024,Terrestrial,"Birds","Broiler chickens","72710337","72710337",Animals,"527",-,-
200,"Norway",NOR,2024,Terrestrial,"Birds","Ducks","342101","342101",Animals,"12",-,-
200,"Norway",NOR,2024,Terrestrial,"Birds","Layer chickens","4082751","156000",Animals,"607",-,-
200,"Norway",NOR,2024,Terrestrial,"Birds","Turkeys","871521","871521",Animals,"43",-,-
200,"Norway",NOR,2024,Terrestrial,"Birds",-,"78006710","74082179",Animals,"6580",-,"120555"
200,"Norway",NOR,2024,Terrestrial,"Sheep","Adult (sheep)","877056","147801",Animals,"",-,"4425"
200,"Norway",NOR,2024,Terrestrial,"Sheep","Lambs (<6 months) (sheep)","1251567","928320",Animals,"",-,"17118"
200,"Norway",NOR,2024,Terrestrial,"Sheep",-,"","1076121",Animals,"12930",-,"21544"
200,"Norway",NOR,2024,Terrestrial,"Goats","Adult (goats)","","9280",Animals,"",-,"193"
200,"Norway",NOR,2024,Terrestrial,"Goats","Kids (<6 months) (goats)","","16598",Animals,"",-,"137"
200,"Norway",NOR,2024,Terrestrial,"Goats",-,"75015","26638",Animals,"1746",-,"330"
200,"Norway",NOR,2024,Terrestrial,"Sheep / goats (mixed herd)",-,"","",Animals,"",-,-
200,"Norway",NOR,2024,Terrestrial,"Buffaloes",-,"30","",Animals,"2",-,-
200,"Norway",NOR,2024,Terrestrial,"Equidae","Donkeys","","",Animals,"145",-,-
200,"Norway",NOR,2024,Terrestrial,"Equidae","Horses","125000","33",Animals,"50000",-,"9"
200,"Norway",NOR,2024,Terrestrial,"Equidae",-,"125000","33",Animals,"50145",-,"9"
200,"Norway",NOR,2024,Terrestrial,"Camelidae","Alpacas","4000","",Animals,"327",-,-
200,"Norway",NOR,2024,Terrestrial,"Camelidae","Camels","","",Animals,"6",-,-
200,"Norway",NOR,2024,Terrestrial,"Camelidae","Llamas","","",Animals,"340",-,-
200,"Norway",NOR,2024,Terrestrial,"Camelidae",-,"4000","",Animals,"673",-,-
200,"Norway",NOR,2024,Terrestrial,"Rabbits / hares (mixed group)",-,"","",Animals,"463",-,-
200,"Norway",NOR,2024,Terrestrial,"Cervidae","Cervidae: Red deer + Wapiti + Reindeer","215000","",Animals,"760",-,-
200,"Norway",NOR,2024,Terrestrial,"Cervidae",-,"215000","",Animals,"760",-,-
200,"Norway",NOR,2024,Terrestrial,"Dogs",-,"590000","",Animals,"",-,-
200,"Norway",NOR,2024,Terrestrial,"Cats",-,"620000","",Animals,"",-,-
200,"Norway",NOR,2024,Terrestrial,"Bees",-,"60000","",Hives / Nests,"5092",-,-
177,"Pakistan",PAK,2024,Terrestrial,"Cattle","Adult dairy cattle","37577000","4425000",Animals,"","500","948000"
177,"Pakistan",PAK,2024,Terrestrial,"Cattle","Calves (<1 year) (cattle)","14283","3903000",Animals,"","100,5","180000"
177,"Pakistan",PAK,2024,Terrestrial,"Cattle",-,"57541000","10502000",Animals,"","272,8","1367000"
177,"Pakistan",PAK,2024,Terrestrial,"Swine",-,"","",Animals,"",-,-
177,"Pakistan",PAK,2024,Terrestrial,"Birds","Backyard poultry","95500000","81580000",Animals,"","2,2","135010000"
177,"Pakistan",PAK,2024,Terrestrial,"Birds","Broiler chickens","1873690000","1873690000",Animals,"","1,1","2098532800"
177,"Pakistan",PAK,2024,Terrestrial,"Birds","Ducks","320000","290000",Animals,"","1,5","440000"
177,"Pakistan",PAK,2024,Terrestrial,"Birds","Layer chickens","78410000","78410000",Animals,"","1,5","117615000"
177,"Pakistan",PAK,2024,Terrestrial,"Birds","Other birds","16610000","4150000",Animals,"","2,5","9340000"
177,"Pakistan",PAK,2024,Terrestrial,"Birds",-,"2064530000","2038120000",Animals,"","1,8","2360937800"
177,"Pakistan",PAK,2024,Terrestrial,"Sheep","Adult (sheep)","22031000","12032000",Animals,"","38","223000"
177,"Pakistan",PAK,2024,Terrestrial,"Sheep","Lambs (<6 months) (sheep)","10340000","3676000",Animals,"","18","33000"
177,"Pakistan",PAK,2024,Terrestrial,"Sheep",-,"32371000","15708000",Animals,"","31,3","256000"
177,"Pakistan",PAK,2024,Terrestrial,"Goats","Adult (goats)","61144000","32312000",Animals,"","32,5","461000"
177,"Pakistan",PAK,2024,Terrestrial,"Goats","Kids (<6 months) (goats)","25890000","15599000",Animals,"","14","100000"
177,"Pakistan",PAK,2024,Terrestrial,"Goats",-,"87034000","47911000",Animals,"","26,3","561000"
177,"Pakistan",PAK,2024,Terrestrial,"Sheep / goats (mixed herd)",-,"","",Animals,"",-,-
177,"Pakistan",PAK,2024,Terrestrial,"Buffaloes","Adult buffalo","32717000","4882000",Animals,"","432,5","1055000"
177,"Pakistan",PAK,2024,Terrestrial,"Buffaloes","Calves (<1 year) (buffaloes)","13594000","3971000",Animals,"","104","202000"
177,"Pakistan",PAK,2024,Terrestrial,"Buffaloes",-,"46311000","8853000",Animals,"","323","1257000"
177,"Pakistan",PAK,2024,Terrestrial,"Equidae","Donkeys","5937000","",Animals,"",-,-
177,"Pakistan",PAK,2024,Terrestrial,"Equidae","Horses","382000","",Animals,"",-,-
177,"Pakistan",PAK,2024,Terrestrial,"Equidae","Mules / Hinnies","213000","",Animals,"",-,-
177,"Pakistan",PAK,2024,Terrestrial,"Equidae",-,"6532000","",Animals,"",-,-
177,"Pakistan",PAK,2024,Terrestrial,"Camelidae",-,"1163000","69000",Animals,"","233,3","6000"
177,"Pakistan",PAK,2024,Terrestrial,"Rabbits / hares (mixed group)",-,"","",Animals,"",-,-
177,"Pakistan",PAK,2024,Terrestrial,"Cervidae",-,"","",Animals,"",-,-
177,"Pakistan",PAK,2024,Terrestrial,"Dogs",-,"","",Animals,"",-,-
177,"Pakistan",PAK,2024,Terrestrial,"Cats",-,"","",Animals,"",-,-
177,"Pakistan",PAK,2024,Terrestrial,"Bees",-,"","",Hives / Nests,"",-,-
444,"Panama",PAN,2024,Terrestrial,"Cattle","Adult beef cattle","165000","167646",Animals,"30187","500","36296"
444,"Panama",PAN,2024,Terrestrial,"Cattle","Adult dairy cattle","116000","",Animals,"4312","400",-
444,"Panama",PAN,2024,Terrestrial,"Cattle","Calves (<1 year) (cattle)","275000","",Animals,"","250",-
444,"Panama",PAN,2024,Terrestrial,"Cattle","Males and females, 1-2 years, beef cattle","175000","173460",Animals,"4704","420","37765"
444,"Panama",PAN,2024,Terrestrial,"Cattle","Males and females, 1-2 years, dairy cattle","86000","",Animals,"","325",-
444,"Panama",PAN,2024,Terrestrial,"Cattle",-,"817000","341106",Animals,"39203","379","74061"
444,"Panama",PAN,2024,Terrestrial,"Swine","Backyard pigs","38000","102600",Animals,"4678","110","11286"
444,"Panama",PAN,2024,Terrestrial,"Swine","Fatteners","250000","687029",Animals,"349","84","57710"
444,"Panama",PAN,2024,Terrestrial,"Swine","Piglets (pre-weaning)","95000","",Animals,"","17",-
444,"Panama",PAN,2024,Terrestrial,"Swine",-,"383000","789629",Animals,"5027","70","68996"
444,"Panama",PAN,2024,Terrestrial,"Birds","Backyard poultry","3547127","1034969",Animals,"120899","3","3100"
444,"Panama",PAN,2024,Terrestrial,"Birds","Broiler chickens","19836793","106921118",Animals,"257","2,3","218449"
444,"Panama",PAN,2024,Terrestrial,"Birds","Ducks","103214","",Animals,"675","3",-
444,"Panama",PAN,2024,Terrestrial,"Birds","Layer chickens","3962034","",Animals,"128","1,8",-
444,"Panama",PAN,2024,Terrestrial,"Birds","Other birds","45397","",Animals,"867",-,-
444,"Panama",PAN,2024,Terrestrial,"Birds","Turkeys","0","0",Animals,"0","0","0"
444,"Panama",PAN,2024,Terrestrial,"Birds",-,"27494565","107956087",Animals,"122826","2,5","221549"
444,"Panama",PAN,2024,Terrestrial,"Sheep","Adult (sheep)","18712","",Animals,"1330","40",-
444,"Panama",PAN,2024,Terrestrial,"Sheep",-,"18712","",Animals,"1330","40",-
444,"Panama",PAN,2024,Terrestrial,"Goats","Adult (goats)","8352","",Animals,"1020","70",-
444,"Panama",PAN,2024,Terrestrial,"Goats",-,"8352","",Animals,"1020","70",-
444,"Panama",PAN,2024,Terrestrial,"Sheep / goats (mixed herd)",-,"","",Animals,"",-,-
444,"Panama",PAN,2024,Terrestrial,"Buffaloes","Adult buffalo","7829","1225",Animals,"59","550","375"
444,"Panama",PAN,2024,Terrestrial,"Buffaloes","Calves (<1 year) (buffaloes)","2171","",Animals,"","250",-
444,"Panama",PAN,2024,Terrestrial,"Buffaloes",-,"10000","1225",Animals,"59","400","375"
444,"Panama",PAN,2024,Terrestrial,"Equidae","Donkeys","100","",Animals,"","300",-
444,"Panama",PAN,2024,Terrestrial,"Equidae","Horses","115000","",Animals,"40965","400",-
444,"Panama",PAN,2024,Terrestrial,"Equidae","Mules / Hinnies","2300","",Animals,"1363","400",-
444,"Panama",PAN,2024,Terrestrial,"Equidae",-,"117400","",Animals,"42328","366",-
444,"Panama",PAN,2024,Terrestrial,"Camelidae",-,"0","0",Animals,"0","0","0"
444,"Panama",PAN,2024,Terrestrial,"Rabbits / hares (mixed group)",-,"","",Animals,"",-,-
444,"Panama",PAN,2024,Terrestrial,"Cervidae",-,"0","0",Animals,"0","0","0"
444,"Panama",PAN,2024,Terrestrial,"Dogs",-,"","",Animals,"",-,-
444,"Panama",PAN,2024,Terrestrial,"Cats",-,"","",Animals,"",-,-
444,"Panama",PAN,2024,Terrestrial,"Bees",-,"15000","",Hives / Nests,"600",-,-
360,"Papua New Guinea",PNG,2024,Terrestrial,"Cattle","Adult dairy cattle","700","420",Animals,"","450","1,1"
360,"Papua New Guinea",PNG,2024,Terrestrial,"Cattle",-,"48700","",Animals,"",-,-
360,"Papua New Guinea",PNG,2024,Terrestrial,"Swine",-,"209208","731685",Animals,"6","55,3","40486,7"
360,"Papua New Guinea",PNG,2024,Terrestrial,"Birds",-,"39514000","16100000",Animals,"5","1,4","23345"
360,"Papua New Guinea",PNG,2024,Terrestrial,"Sheep",-,"9000","1080",Animals,"","22","23,7"
360,"Papua New Guinea",PNG,2024,Terrestrial,"Goats",-,"20500","4500",Animals,"5","18","81"
360,"Papua New Guinea",PNG,2024,Terrestrial,"Sheep / goats (mixed herd)",-,"","",Animals,"",-,-
360,"Papua New Guinea",PNG,2024,Terrestrial,"Buffaloes","Adult buffalo","50","",Animals,"","460",-
360,"Papua New Guinea",PNG,2024,Terrestrial,"Buffaloes",-,"50","",Animals,"","460",-
360,"Papua New Guinea",PNG,2024,Terrestrial,"Equidae",-,"1000","",Animals,"",-,-
360,"Papua New Guinea",PNG,2024,Terrestrial,"Camelidae",-,"","",Animals,"",-,-
360,"Papua New Guinea",PNG,2024,Terrestrial,"Rabbits / hares (mixed group)",-,"2500","",Animals,"",-,-
360,"Papua New Guinea",PNG,2024,Terrestrial,"Cervidae",-,"20000","",Animals,"",-,-
360,"Papua New Guinea",PNG,2024,Terrestrial,"Dogs",-,"","",Animals,"",-,-
360,"Papua New Guinea",PNG,2024,Terrestrial,"Cats",-,"","",Animals,"",-,-
360,"Papua New Guinea",PNG,2024,Terrestrial,"Bees",-,"3000","",Hives / Nests,"",-,-
230,"Philippines",PHL,2024,Terrestrial,"Cattle","Adult dairy cattle","33443","",Animals,"",-,-
230,"Philippines",PHL,2024,Terrestrial,"Cattle",-,"2578238","",Animals,"",-,"233330"
230,"Philippines",PHL,2024,Terrestrial,"Swine","Backyard pigs","6481953","",Animals,"",-,-
230,"Philippines",PHL,2024,Terrestrial,"Swine",-,"9096428","",Animals,"",-,"1703260"
230,"Philippines",PHL,2024,Terrestrial,"Birds","Broiler chickens","79426043","",Animals,"",-,-
230,"Philippines",PHL,2024,Terrestrial,"Birds","Ducks","14436422","",Animals,"",-,-
230,"Philippines",PHL,2024,Terrestrial,"Birds","Layer chickens","48638960","",Animals,"",-,-
230,"Philippines",PHL,2024,Terrestrial,"Birds","Other birds","93706367","",Animals,"",-,-
230,"Philippines",PHL,2024,Terrestrial,"Birds","Turkeys","255082","",Animals,"",-,-
230,"Philippines",PHL,2024,Terrestrial,"Birds",-,"236462874","",Animals,"",-,"2107210"
230,"Philippines",PHL,2024,Terrestrial,"Sheep",-,"54520","",Animals,"",-,-
230,"Philippines",PHL,2024,Terrestrial,"Goats",-,"3801101","",Animals,"",-,-
230,"Philippines",PHL,2024,Terrestrial,"Sheep / goats (mixed herd)",-,"","",Animals,"",-,-
230,"Philippines",PHL,2024,Terrestrial,"Buffaloes",-,"2670386","",Animals,"",-,"129750"
230,"Philippines",PHL,2024,Terrestrial,"Equidae","Horses","129412","",Animals,"",-,-
230,"Philippines",PHL,2024,Terrestrial,"Equidae",-,"","",Animals,"",-,-
230,"Philippines",PHL,2024,Terrestrial,"Camelidae",-,"","",Animals,"",-,-
230,"Philippines",PHL,2024,Terrestrial,"Rabbits / hares (mixed group)","Rabbits","182787","",Animals,"",-,-
230,"Philippines",PHL,2024,Terrestrial,"Rabbits / hares (mixed group)",-,"","",Animals,"",-,-
230,"Philippines",PHL,2024,Terrestrial,"Cervidae",-,"","",Animals,"",-,-
230,"Philippines",PHL,2024,Terrestrial,"Dogs",-,"28692388","",Animals,"",-,-
230,"Philippines",PHL,2024,Terrestrial,"Cats",-,"","",Animals,"",-,-
230,"Philippines",PHL,2024,Terrestrial,"Bees",-,"","",Hives / Nests,"",-,-
245,"Poland",POL,2024,Terrestrial,"Cattle","Adult beef cattle","315749","",Animals,"",-,-
245,"Poland",POL,2024,Terrestrial,"Cattle","Adult dairy cattle","1976004","",Animals,"",-,-
245,"Poland",POL,2024,Terrestrial,"Cattle","Calves (<1 year) (cattle)","1845100","60351",Animals,"",-,-
245,"Poland",POL,2024,Terrestrial,"Cattle","Males and females, 1-2 years, beef cattle","429425","",Animals,"",-,-
245,"Poland",POL,2024,Terrestrial,"Cattle","Males and females, 1-2 years, dairy cattle","980565","",Animals,"",-,-
245,"Poland",POL,2024,Terrestrial,"Cattle",-,"6173992","2108334",Animals,"",-,-
245,"Poland",POL,2024,Terrestrial,"Swine",-,"9127571","19982918",Animals,"",-,-
245,"Poland",POL,2024,Terrestrial,"Birds","Backyard poultry","5192","",Animals,"",-,-
245,"Poland",POL,2024,Terrestrial,"Birds","Broiler chickens","1796244863","1581115036",Animals,"",-,-
245,"Poland",POL,2024,Terrestrial,"Birds","Ducks","18754299","33471767",Animals,"",-,-
245,"Poland",POL,2024,Terrestrial,"Birds","Layer chickens","133106197","74964206",Animals,"",-,-
245,"Poland",POL,2024,Terrestrial,"Birds","Other birds","3705287","6040924",Animals,"",-,-
245,"Poland",POL,2024,Terrestrial,"Birds","Turkeys","67953708","39830937",Animals,"",-,-
245,"Poland",POL,2024,Terrestrial,"Birds",-,"2019769546","1735422870",Animals,"",-,-
245,"Poland",POL,2024,Terrestrial,"Sheep","Adult (sheep)","217653","",Animals,"",-,-
245,"Poland",POL,2024,Terrestrial,"Sheep","Lambs (<6 months) (sheep)","20600","",Animals,"",-,-
245,"Poland",POL,2024,Terrestrial,"Sheep",-,"271042","86703",Animals,"",-,-
245,"Poland",POL,2024,Terrestrial,"Goats","Adult (goats)","55149","",Animals,"",-,-
245,"Poland",POL,2024,Terrestrial,"Goats","Kids (<6 months) (goats)","2233","",Animals,"",-,-
245,"Poland",POL,2024,Terrestrial,"Goats",-,"64968","4042",Animals,"",-,-
245,"Poland",POL,2024,Terrestrial,"Sheep / goats (mixed herd)",-,"","90745",Animals,"",-,-
245,"Poland",POL,2024,Terrestrial,"Buffaloes","Adult buffalo","150","",Animals,"",-,-
245,"Poland",POL,2024,Terrestrial,"Buffaloes","Calves (<1 year) (buffaloes)","9","",Animals,"",-,-
245,"Poland",POL,2024,Terrestrial,"Buffaloes",-,"198","",Animals,"",-,-
245,"Poland",POL,2024,Terrestrial,"Equidae","Donkeys","1670","",Animals,"",-,-
245,"Poland",POL,2024,Terrestrial,"Equidae","Horses","253867","23708",Animals,"",-,-
245,"Poland",POL,2024,Terrestrial,"Equidae","Mules / Hinnies","127","",Animals,"",-,-
245,"Poland",POL,2024,Terrestrial,"Equidae",-,"255744","23708",Animals,"",-,-
245,"Poland",POL,2024,Terrestrial,"Camelidae","Alpacas","6241","",Animals,"",-,-
245,"Poland",POL,2024,Terrestrial,"Camelidae","Camels","161","",Animals,"",-,-
245,"Poland",POL,2024,Terrestrial,"Camelidae","Llamas","293","",Animals,"",-,-
245,"Poland",POL,2024,Terrestrial,"Camelidae",-,"6727","",Animals,"",-,-
245,"Poland",POL,2024,Terrestrial,"Rabbits / hares (mixed group)","Rabbits","","1452637",Animals,"",-,-
245,"Poland",POL,2024,Terrestrial,"Rabbits / hares (mixed group)",-,"","1452637",Animals,"",-,-
245,"Poland",POL,2024,Terrestrial,"Cervidae","Calves (<1 year) (Cervidae)","570","",Animals,"",-,-
245,"Poland",POL,2024,Terrestrial,"Cervidae","Cervidae: other","","105",Animals,"",-,-
245,"Poland",POL,2024,Terrestrial,"Cervidae","Cervidae: Red deer + Wapiti + Reindeer","","160",Animals,"",-,-
245,"Poland",POL,2024,Terrestrial,"Cervidae","Cervidae: Sika deer + Rusa deer + Fallow deer","","0",Animals,"",-,-
245,"Poland",POL,2024,Terrestrial,"Cervidae",-,"3122","265",Animals,"",-,-
245,"Poland",POL,2024,Terrestrial,"Dogs",-,"","",Animals,"",-,-
245,"Poland",POL,2024,Terrestrial,"Cats",-,"","",Animals,"",-,-
245,"Poland",POL,2024,Terrestrial,"Bees",-,"","",Hives / Nests,"",-,-
145,"Qatar",QAT,2024,Terrestrial,"Cattle",-,"39454","23120",Animals,"673","35508600","5,8"
145,"Qatar",QAT,2024,Terrestrial,"Swine",-,"0","0",Animals,"0","0","0"
145,"Qatar",QAT,2024,Terrestrial,"Birds","Broiler chickens","30995030","11352125",Animals,"5","109980120","29,6"
145,"Qatar",QAT,2024,Terrestrial,"Birds","Ducks","0","0",Animals,"0","0","0"
145,"Qatar",QAT,2024,Terrestrial,"Birds","Layer chickens","2236055","1500",Animals,"4","13416330","4,6"
145,"Qatar",QAT,2024,Terrestrial,"Birds","Turkeys","0","0",Animals,"0","0","0"
145,"Qatar",QAT,2024,Terrestrial,"Birds",-,"33687256","12542612",Animals,"9","168436280","50,6"
145,"Qatar",QAT,2024,Terrestrial,"Sheep",-,"814152","253342",Animals,"4180","81415000","9,2"
145,"Qatar",QAT,2024,Terrestrial,"Goats",-,"326465","28150",Animals,"3796","32646500","844500"
145,"Qatar",QAT,2024,Terrestrial,"Sheep / goats (mixed herd)",-,"250578","9578",Animals,"1578","25057800","325052"
145,"Qatar",QAT,2024,Terrestrial,"Buffaloes",-,"557","0",Animals,"7","473450","0"
145,"Qatar",QAT,2024,Terrestrial,"Equidae","Donkeys","46","0",Animals,"34","0","0"
145,"Qatar",QAT,2024,Terrestrial,"Equidae","Horses","5497","0",Animals,"814","0","0"
145,"Qatar",QAT,2024,Terrestrial,"Equidae","Mules / Hinnies","0","0",Animals,"0","0","0"
145,"Qatar",QAT,2024,Terrestrial,"Equidae",-,"5543","0",Animals,"848","0","0"
145,"Qatar",QAT,2024,Terrestrial,"Camelidae",-,"96451","7102",Animals,"2750","86805900","2,8"
145,"Qatar",QAT,2024,Terrestrial,"Rabbits / hares (mixed group)",-,"","",Animals,"",-,-
145,"Qatar",QAT,2024,Terrestrial,"Cervidae",-,"19985","100",Animals,"316","639520","2"
145,"Qatar",QAT,2024,Terrestrial,"Dogs",-,"30160","",Animals,"",-,-
145,"Qatar",QAT,2024,Terrestrial,"Cats",-,"32175","",Animals,"",-,-
145,"Qatar",QAT,2024,Terrestrial,"Bees",-,"4172","",Hives / Nests,"87",-,-
121,"Romania",ROU,2024,Terrestrial,"Cattle",-,"1902574","268907",Animals,"261494","400","123758,6"
121,"Romania",ROU,2024,Terrestrial,"Swine",-,"3082226","4123872",Animals,"371880","120","706004,3"
121,"Romania",ROU,2024,Terrestrial,"Birds",-,"59280029","",Animals,"927020",-,-
121,"Romania",ROU,2024,Terrestrial,"Sheep",-,"11195434","986353",Animals,"131539","40","14887,1"
121,"Romania",ROU,2024,Terrestrial,"Goats",-,"1458720","65498",Animals,"61057","30","1115,8"
121,"Romania",ROU,2024,Terrestrial,"Sheep / goats (mixed herd)",-,"","",Animals,"",-,-
121,"Romania",ROU,2024,Terrestrial,"Buffaloes",-,"29432","",Animals,"201",-,-
121,"Romania",ROU,2024,Terrestrial,"Equidae",-,"170800","10861",Animals,"129564","420","740,2"
121,"Romania",ROU,2024,Terrestrial,"Camelidae",-,"52","",Animals,"12",-,-
121,"Romania",ROU,2024,Terrestrial,"Rabbits / hares (mixed group)",-,"211943","",Animals,"25288",-,-
121,"Romania",ROU,2024,Terrestrial,"Cervidae",-,"3688","",Animals,"27",-,-
121,"Romania",ROU,2024,Terrestrial,"Dogs",-,"1949527","",Animals,"",-,-
121,"Romania",ROU,2024,Terrestrial,"Cats",-,"284415","",Animals,"",-,-
121,"Romania",ROU,2024,Terrestrial,"Bees",-,"1140591","",Hives / Nests,"30419",-,-
150,"Saint Vincent and the Grenadines",VCT,2024,Terrestrial,"Cattle",-,"4766","",Animals,"","300",-
150,"Saint Vincent and the Grenadines",VCT,2024,Terrestrial,"Swine",-,"4806","",Animals,"","150",-
150,"Saint Vincent and the Grenadines",VCT,2024,Terrestrial,"Birds","Broiler chickens","41563","",Animals,"",-,-
150,"Saint Vincent and the Grenadines",VCT,2024,Terrestrial,"Birds","Layer chickens","29176","",Animals,"",-,-
150,"Saint Vincent and the Grenadines",VCT,2024,Terrestrial,"Birds",-,"70739","",Animals,"",-,-
150,"Saint Vincent and the Grenadines",VCT,2024,Terrestrial,"Sheep",-,"5996","",Animals,"","75",-
150,"Saint Vincent and the Grenadines",VCT,2024,Terrestrial,"Goats",-,"8783","",Animals,"","75",-
150,"Saint Vincent and the Grenadines",VCT,2024,Terrestrial,"Sheep / goats (mixed herd)",-,"","",Animals,"",-,-
150,"Saint Vincent and the Grenadines",VCT,2024,Terrestrial,"Buffaloes",-,"","",Animals,"",-,-
150,"Saint Vincent and the Grenadines",VCT,2024,Terrestrial,"Equidae","Donkeys","265","",Animals,"",-,-
150,"Saint Vincent and the Grenadines",VCT,2024,Terrestrial,"Equidae","Horses","44","",Animals,"",-,-
150,"Saint Vincent and the Grenadines",VCT,2024,Terrestrial,"Equidae",-,"309","",Animals,"",-,-
150,"Saint Vincent and the Grenadines",VCT,2024,Terrestrial,"Camelidae",-,"","",Animals,"",-,-
150,"Saint Vincent and the Grenadines",VCT,2024,Terrestrial,"Rabbits / hares (mixed group)","Rabbits","1249","",Animals,"",-,-
150,"Saint Vincent and the Grenadines",VCT,2024,Terrestrial,"Rabbits / hares (mixed group)",-,"1249","",Animals,"","3",-
150,"Saint Vincent and the Grenadines",VCT,2024,Terrestrial,"Cervidae",-,"","",Animals,"",-,-
150,"Saint Vincent and the Grenadines",VCT,2024,Terrestrial,"Dogs",-,"","",Animals,"",-,-
150,"Saint Vincent and the Grenadines",VCT,2024,Terrestrial,"Cats",-,"","",Animals,"",-,-
150,"Saint Vincent and the Grenadines",VCT,2024,Terrestrial,"Bees",-,"","",Hives / Nests,"",-,-
146,"San Marino",SMR,2024,Terrestrial,"Cattle","Adult beef cattle","144","10",Animals,"18","550","5,5"
146,"San Marino",SMR,2024,Terrestrial,"Cattle","Adult dairy cattle","80","5",Animals,"3","480","2,5"
146,"San Marino",SMR,2024,Terrestrial,"Cattle","Calves (<1 year) (cattle)","180","16",Animals,"","170","2,8"
146,"San Marino",SMR,2024,Terrestrial,"Cattle","Males and females, 1-2 years, beef cattle","367","513",Animals,"","450","168,7"
146,"San Marino",SMR,2024,Terrestrial,"Cattle","Males and females, 1-2 years, dairy cattle","129","5",Animals,"","320","1,5"
146,"San Marino",SMR,2024,Terrestrial,"Cattle",-,"900","549",Animals,"21","394","181"
146,"San Marino",SMR,2024,Terrestrial,"Swine","Fatteners","56","56",Animals,"11","150","8,4"
146,"San Marino",SMR,2024,Terrestrial,"Swine",-,"82","82",Animals,"11","120","14"
146,"San Marino",SMR,2024,Terrestrial,"Birds","Backyard poultry","2200","",Animals,"120",-,-
146,"San Marino",SMR,2024,Terrestrial,"Birds",-,"2200","",Animals,"120",-,-
146,"San Marino",SMR,2024,Terrestrial,"Sheep","Adult (sheep)","40","6",Animals,"",-,-
146,"San Marino",SMR,2024,Terrestrial,"Sheep","Lambs (<6 months) (sheep)","40","48",Animals,"",-,-
146,"San Marino",SMR,2024,Terrestrial,"Sheep",-,"80","54",Animals,"5",-,-
146,"San Marino",SMR,2024,Terrestrial,"Goats","Adult (goats)","21","2",Animals,"",-,-
146,"San Marino",SMR,2024,Terrestrial,"Goats","Kids (<6 months) (goats)","9","6",Animals,"",-,-
146,"San Marino",SMR,2024,Terrestrial,"Goats",-,"30","8",Animals,"3",-,-
146,"San Marino",SMR,2024,Terrestrial,"Sheep / goats (mixed herd)",-,"20","",Animals,"4",-,-
146,"San Marino",SMR,2024,Terrestrial,"Buffaloes",-,"0","0",Animals,"0","0","0"
146,"San Marino",SMR,2024,Terrestrial,"Equidae","Donkeys","21","0",Animals,"2",-,"0"
146,"San Marino",SMR,2024,Terrestrial,"Equidae","Horses","90","0",Animals,"30",-,"0"
146,"San Marino",SMR,2024,Terrestrial,"Equidae",-,"111","0",Animals,"32",-,"0"
146,"San Marino",SMR,2024,Terrestrial,"Camelidae","Alpacas","0","0",Animals,"0",-,"0"
146,"San Marino",SMR,2024,Terrestrial,"Camelidae",-,"0","0",Animals,"0",-,"0"
146,"San Marino",SMR,2024,Terrestrial,"Rabbits / hares (mixed group)","Hares","0","",Animals,"0",-,-
146,"San Marino",SMR,2024,Terrestrial,"Rabbits / hares (mixed group)","Rabbits","250","",Animals,"24",-,-
146,"San Marino",SMR,2024,Terrestrial,"Rabbits / hares (mixed group)",-,"250","",Animals,"24",-,-
146,"San Marino",SMR,2024,Terrestrial,"Cervidae",-,"0","0",Animals,"0","0","0"
146,"San Marino",SMR,2024,Terrestrial,"Dogs",-,"5050","",Animals,"",-,-
146,"San Marino",SMR,2024,Terrestrial,"Cats",-,"","",Animals,"",-,-
146,"San Marino",SMR,2024,Terrestrial,"Bees",-,"1450","",Hives / Nests,"24",-,-
132,"Saudi Arabia",SAU,2024,Terrestrial,"Cattle","Adult beef cattle","170000","224226",Animals,"23","600","330"
132,"Saudi Arabia",SAU,2024,Terrestrial,"Cattle","Adult dairy cattle","91000","0",Animals,"17","1000","0"
132,"Saudi Arabia",SAU,2024,Terrestrial,"Cattle","Calves (<1 year) (cattle)","59976","0",Animals,"0",-,"0"
132,"Saudi Arabia",SAU,2024,Terrestrial,"Cattle","Males and females, 1-2 years, beef cattle","55000","0",Animals,"0","0","0"
132,"Saudi Arabia",SAU,2024,Terrestrial,"Cattle","Males and females, 1-2 years, dairy cattle","126000","0",Animals,"0","0","0"
132,"Saudi Arabia",SAU,2024,Terrestrial,"Cattle",-,"501976","224226",Animals,"40","1600","330"
132,"Saudi Arabia",SAU,2024,Terrestrial,"Swine","Adult (breeding) pigs","0","0",Animals,"0","0","0"
132,"Saudi Arabia",SAU,2024,Terrestrial,"Swine","Backyard pigs","0","0",Animals,"0","0","0"
132,"Saudi Arabia",SAU,2024,Terrestrial,"Swine","Fatteners","0","0",Animals,"0","0","0"
132,"Saudi Arabia",SAU,2024,Terrestrial,"Swine","Piglets (pre-weaning)","0","0",Animals,"0","0","0"
132,"Saudi Arabia",SAU,2024,Terrestrial,"Swine",-,"0","0",Animals,"0","0","0"
132,"Saudi Arabia",SAU,2024,Terrestrial,"Birds","Backyard poultry","2685317","0",Animals,"3920","6","0"
132,"Saudi Arabia",SAU,2024,Terrestrial,"Birds","Broiler chickens","1165355341","1165355341",Animals,"467","5","2100000"
132,"Saudi Arabia",SAU,2024,Terrestrial,"Birds","Ducks","0","0",Animals,"0","0","0"
132,"Saudi Arabia",SAU,2024,Terrestrial,"Birds","Layer chickens","6825151000","500000",Animals,"155","4","750000"
132,"Saudi Arabia",SAU,2024,Terrestrial,"Birds","Other birds","389770","0",Animals,"3116","4","0"
132,"Saudi Arabia",SAU,2024,Terrestrial,"Birds","Turkeys","0","0",Animals,"0","0","0"
132,"Saudi Arabia",SAU,2024,Terrestrial,"Birds",-,"7993581428","1165855341",Animals,"7658","5","2850000"
132,"Saudi Arabia",SAU,2024,Terrestrial,"Sheep","Adult (sheep)","20577359","5324707",Animals,"128827","90","425976"
132,"Saudi Arabia",SAU,2024,Terrestrial,"Sheep","Lambs (<6 months) (sheep)","2369515","0",Animals,"0","50","0"
132,"Saudi Arabia",SAU,2024,Terrestrial,"Sheep",-,"22946874","5324707",Animals,"128827","70","425976"
132,"Saudi Arabia",SAU,2024,Terrestrial,"Goats","Adult (goats)","7417684","1952607",Animals,"19924","76","172208"
132,"Saudi Arabia",SAU,2024,Terrestrial,"Goats","Kids (<6 months) (goats)","1303000","0",Animals,"0","40","0"
132,"Saudi Arabia",SAU,2024,Terrestrial,"Goats",-,"8720684","1952607",Animals,"19924","58","172208"
132,"Saudi Arabia",SAU,2024,Terrestrial,"Sheep / goats (mixed herd)",-,"27995043","7277314",Animals,"129793","80","598184"
132,"Saudi Arabia",SAU,2024,Terrestrial,"Buffaloes","Adult buffalo","0","0",Animals,"0","0","0"
132,"Saudi Arabia",SAU,2024,Terrestrial,"Buffaloes","Calves (<1 year) (buffaloes)","0","0",Animals,"0","0","0"
132,"Saudi Arabia",SAU,2024,Terrestrial,"Buffaloes",-,"0","0",Animals,"0","0","0"
132,"Saudi Arabia",SAU,2024,Terrestrial,"Equidae","Donkeys","1748","0",Animals,"0",-,"0"
132,"Saudi Arabia",SAU,2024,Terrestrial,"Equidae","Horses","36408","0",Animals,"3490",-,"0"
132,"Saudi Arabia",SAU,2024,Terrestrial,"Equidae","Mules / Hinnies","0","0",Animals,"0",-,"0"
132,"Saudi Arabia",SAU,2024,Terrestrial,"Equidae",-,"38156","0",Animals,"3490",-,"0"
132,"Saudi Arabia",SAU,2024,Terrestrial,"Camelidae","Alpacas","0","0",Animals,"0","0","0"
132,"Saudi Arabia",SAU,2024,Terrestrial,"Camelidae","Camels","2210197","398855",Animals,"43644","700","279198"
132,"Saudi Arabia",SAU,2024,Terrestrial,"Camelidae","Llamas","0","0",Animals,"0","0","0"
132,"Saudi Arabia",SAU,2024,Terrestrial,"Camelidae",-,"2210197","398855",Animals,"43644","700","279198"
132,"Saudi Arabia",SAU,2024,Terrestrial,"Rabbits / hares (mixed group)","Hares","0","0",Animals,"0","0","0"
132,"Saudi Arabia",SAU,2024,Terrestrial,"Rabbits / hares (mixed group)","Rabbits","80000","0",Animals,"365","0","0"
132,"Saudi Arabia",SAU,2024,Terrestrial,"Rabbits / hares (mixed group)",-,"80000","0",Animals,"365","0","0"
132,"Saudi Arabia",SAU,2024,Terrestrial,"Cervidae","Calves (<1 year) (Cervidae)","0","0",Animals,"0",-,"0"
132,"Saudi Arabia",SAU,2024,Terrestrial,"Cervidae","Cervidae: Musk Deer","0","0",Animals,"0",-,"0"
132,"Saudi Arabia",SAU,2024,Terrestrial,"Cervidae","Cervidae: other","78","0",Animals,"0",-,"0"
132,"Saudi Arabia",SAU,2024,Terrestrial,"Cervidae","Cervidae: Red deer + Wapiti + Reindeer","0","0",Animals,"0",-,"0"
132,"Saudi Arabia",SAU,2024,Terrestrial,"Cervidae","Cervidae: Sika deer + Rusa deer + Fallow deer","16","0",Animals,"0",-,"0"
132,"Saudi Arabia",SAU,2024,Terrestrial,"Cervidae",-,"94","0",Animals,"0",-,"0"
132,"Saudi Arabia",SAU,2024,Terrestrial,"Dogs",-,"615","",Animals,"",-,-
132,"Saudi Arabia",SAU,2024,Terrestrial,"Cats",-,"8279","",Animals,"",-,-
132,"Saudi Arabia",SAU,2024,Terrestrial,"Bees",-,"","",Hives / Nests,"500000",-,-
289,"Senegal",SEN,2024,Terrestrial,"Cattle",-,"4522768","150485",Animals,"738","172894","26018"
289,"Senegal",SEN,2024,Terrestrial,"Swine",-,"111362","3812",Animals,"","43651","166,4"
289,"Senegal",SEN,2024,Terrestrial,"Birds","Broiler chickens","9247857","",Animals,"",-,-
289,"Senegal",SEN,2024,Terrestrial,"Birds","Ducks","368204","",Animals,"",-,-
289,"Senegal",SEN,2024,Terrestrial,"Birds","Turkeys","176325","",Animals,"",-,-
289,"Senegal",SEN,2024,Terrestrial,"Birds",-,"11351615","",Animals,"",-,-
289,"Senegal",SEN,2024,Terrestrial,"Sheep",-,"9801688","505629",Animals,"","15,3","7769,6"
289,"Senegal",SEN,2024,Terrestrial,"Goats",-,"5964659","232787",Animals,"","12,2","2835,3"
289,"Senegal",SEN,2024,Terrestrial,"Sheep / goats (mixed herd)",-,"","",Animals,"",-,-
289,"Senegal",SEN,2024,Terrestrial,"Buffaloes",-,"","",Animals,"",-,-
289,"Senegal",SEN,2024,Terrestrial,"Equidae","Donkeys","946543","",Animals,"",-,-
289,"Senegal",SEN,2024,Terrestrial,"Equidae","Horses","665523","",Animals,"",-,-
289,"Senegal",SEN,2024,Terrestrial,"Equidae",-,"1612066","",Animals,"",-,-
289,"Senegal",SEN,2024,Terrestrial,"Camelidae",-,"1183","95",Animals,"","211,4","20,1"
289,"Senegal",SEN,2024,Terrestrial,"Rabbits / hares (mixed group)",-,"34630","",Animals,"",-,-
289,"Senegal",SEN,2024,Terrestrial,"Cervidae",-,"","",Animals,"",-,-
289,"Senegal",SEN,2024,Terrestrial,"Dogs",-,"108266","",Animals,"",-,-
289,"Senegal",SEN,2024,Terrestrial,"Cats",-,"","",Animals,"",-,-
289,"Senegal",SEN,2024,Terrestrial,"Bees",-,"55373","",Hives / Nests,"",-,-
160,"Seychelles",SYC,2024,Terrestrial,"Cattle","Adult beef cattle","950","83",Animals,"",-,"31,5"
160,"Seychelles",SYC,2024,Terrestrial,"Cattle","Adult dairy cattle","0","0",Animals,"",-,"0"
160,"Seychelles",SYC,2024,Terrestrial,"Cattle","Calves (<1 year) (cattle)","50","0",Animals,"",-,"0"
160,"Seychelles",SYC,2024,Terrestrial,"Cattle","Males and females, 1-2 years, beef cattle","158","0",Animals,"",-,"0"
160,"Seychelles",SYC,2024,Terrestrial,"Cattle","Males and females, 1-2 years, dairy cattle","0","0",Animals,"",-,"0"
160,"Seychelles",SYC,2024,Terrestrial,"Cattle",-,"1158","83",Animals,"",-,"31,5"
160,"Seychelles",SYC,2024,Terrestrial,"Swine","Adult (breeding) pigs","3500","",Animals,"","140",-
160,"Seychelles",SYC,2024,Terrestrial,"Swine","Backyard pigs","568","",Animals,"","0",-
160,"Seychelles",SYC,2024,Terrestrial,"Swine","Fatteners","6488","",Animals,"","85",-
160,"Seychelles",SYC,2024,Terrestrial,"Swine","Piglets (pre-weaning)","819","",Animals,"","4",-
160,"Seychelles",SYC,2024,Terrestrial,"Swine",-,"11375","",Animals,"","65",-
160,"Seychelles",SYC,2024,Terrestrial,"Birds","Broiler chickens","36869","435547",Animals,"",-,"747,9"
160,"Seychelles",SYC,2024,Terrestrial,"Birds","Ducks","758","",Animals,"",-,-
160,"Seychelles",SYC,2024,Terrestrial,"Birds","Layer chickens","141352","",Animals,"",-,-
160,"Seychelles",SYC,2024,Terrestrial,"Birds","Other birds","973","",Animals,"",-,-
160,"Seychelles",SYC,2024,Terrestrial,"Birds","Turkeys","354","",Animals,"",-,-
160,"Seychelles",SYC,2024,Terrestrial,"Birds",-,"180316","435547",Animals,"",-,"747,9"
160,"Seychelles",SYC,2024,Terrestrial,"Sheep","Adult (sheep)","26","",Animals,"0",-,-
160,"Seychelles",SYC,2024,Terrestrial,"Sheep","Lambs (<6 months) (sheep)","4","",Animals,"0",-,-
160,"Seychelles",SYC,2024,Terrestrial,"Sheep",-,"30","",Animals,"1",-,-
160,"Seychelles",SYC,2024,Terrestrial,"Goats","Adult (goats)","1051","41",Animals,"",-,"0,6"
160,"Seychelles",SYC,2024,Terrestrial,"Goats","Kids (<6 months) (goats)","122","0",Animals,"",-,"0"
160,"Seychelles",SYC,2024,Terrestrial,"Goats",-,"1173","41",Animals,"",-,"0,6"
160,"Seychelles",SYC,2024,Terrestrial,"Sheep / goats (mixed herd)",-,"0","0",Animals,"0","0","0"
160,"Seychelles",SYC,2024,Terrestrial,"Buffaloes","Adult buffalo","0","0",Animals,"0","0","0"
160,"Seychelles",SYC,2024,Terrestrial,"Buffaloes","Calves (<1 year) (buffaloes)","0","0",Animals,"0","0","0"
160,"Seychelles",SYC,2024,Terrestrial,"Buffaloes",-,"0","0",Animals,"0","0","0"
160,"Seychelles",SYC,2024,Terrestrial,"Equidae","Donkeys","0","",Animals,"0",-,-
160,"Seychelles",SYC,2024,Terrestrial,"Equidae","Horses","11","",Animals,"2",-,-
160,"Seychelles",SYC,2024,Terrestrial,"Equidae","Mules / Hinnies","0","",Animals,"0",-,-
160,"Seychelles",SYC,2024,Terrestrial,"Equidae",-,"11","",Animals,"2",-,-
160,"Seychelles",SYC,2024,Terrestrial,"Camelidae","Alpacas","0","0",Animals,"0","0","0"
160,"Seychelles",SYC,2024,Terrestrial,"Camelidae","Camels","0","0",Animals,"0","0","0"
160,"Seychelles",SYC,2024,Terrestrial,"Camelidae","Llamas","0","0",Animals,"0","0","0"
160,"Seychelles",SYC,2024,Terrestrial,"Camelidae",-,"0","0",Animals,"0","0","0"
160,"Seychelles",SYC,2024,Terrestrial,"Rabbits / hares (mixed group)","Hares","0","0",Animals,"0","0","0"
160,"Seychelles",SYC,2024,Terrestrial,"Rabbits / hares (mixed group)",-,"","",Animals,"",-,-
160,"Seychelles",SYC,2024,Terrestrial,"Cervidae","Calves (<1 year) (Cervidae)","0","0",Animals,"0","0","0"
160,"Seychelles",SYC,2024,Terrestrial,"Cervidae","Cervidae: Musk Deer","0","0",Animals,"0","0","0"
160,"Seychelles",SYC,2024,Terrestrial,"Cervidae","Cervidae: other","0","0",Animals,"0","0","0"
160,"Seychelles",SYC,2024,Terrestrial,"Cervidae","Cervidae: Red deer + Wapiti + Reindeer","0","0",Animals,"0","0","0"
160,"Seychelles",SYC,2024,Terrestrial,"Cervidae","Cervidae: Sika deer + Rusa deer + Fallow deer","0","0",Animals,"0","0","0"
160,"Seychelles",SYC,2024,Terrestrial,"Cervidae",-,"0","0",Animals,"0","0","0"
160,"Seychelles",SYC,2024,Terrestrial,"Dogs",-,"","",Animals,"",-,-
160,"Seychelles",SYC,2024,Terrestrial,"Cats",-,"","",Animals,"",-,-
160,"Seychelles",SYC,2024,Terrestrial,"Bees",-,"","",Hives / Nests,"",-,-
110,"Singapore",SGP,2024,Terrestrial,"Cattle","Adult dairy cattle","45","",Animals,"",-,-
110,"Singapore",SGP,2024,Terrestrial,"Cattle","Calves (<1 year) (cattle)","5","",Animals,"",-,-
110,"Singapore",SGP,2024,Terrestrial,"Cattle",-,"50","",Animals,"1",-,-
110,"Singapore",SGP,2024,Terrestrial,"Swine",-,"0","0",Animals,"0","0","0"
110,"Singapore",SGP,2024,Terrestrial,"Birds","Layer chickens","3121048","",Animals,"3",-,-
110,"Singapore",SGP,2024,Terrestrial,"Birds","Other birds","196916","",Animals,"5",-,-
110,"Singapore",SGP,2024,Terrestrial,"Birds",-,"3317964","",Animals,"8",-,-
110,"Singapore",SGP,2024,Terrestrial,"Sheep",-,"0","0",Animals,"0","0","0"
110,"Singapore",SGP,2024,Terrestrial,"Goats","Adult (goats)","855","",Animals,"",-,-
110,"Singapore",SGP,2024,Terrestrial,"Goats","Kids (<6 months) (goats)","136","",Animals,"",-,-
110,"Singapore",SGP,2024,Terrestrial,"Sheep / goats (mixed herd)",-,"0","0",Animals,"0","0","0"
110,"Singapore",SGP,2024,Terrestrial,"Buffaloes",-,"0","0",Animals,"0","0","0"
110,"Singapore",SGP,2024,Terrestrial,"Equidae","Horses","860","",Animals,"11",-,-
110,"Singapore",SGP,2024,Terrestrial,"Equidae",-,"860","",Animals,"11",-,-
110,"Singapore",SGP,2024,Terrestrial,"Camelidae",-,"0","0",Animals,"0","0","0"
110,"Singapore",SGP,2024,Terrestrial,"Rabbits / hares (mixed group)",-,"0","0",Animals,"0","0","0"
110,"Singapore",SGP,2024,Terrestrial,"Cervidae",-,"0","0",Animals,"0","0","0"
110,"Singapore",SGP,2024,Terrestrial,"Dogs",-,"97200","",Animals,"",-,-
110,"Singapore",SGP,2024,Terrestrial,"Cats",-,"107180","",Animals,"",-,-
110,"Singapore",SGP,2024,Terrestrial,"Bees",-,"0","",Hives / Nests,"0",-,-
328,"Slovakia",SVK,2024,Terrestrial,"Cattle","Adult beef cattle","77507","12016",Animals,"","550",-
328,"Slovakia",SVK,2024,Terrestrial,"Cattle","Adult dairy cattle","116848","13126",Animals,"","540",-
328,"Slovakia",SVK,2024,Terrestrial,"Cattle","Calves (<1 year) (cattle)","111508","1800",Animals,"","100","96"
328,"Slovakia",SVK,2024,Terrestrial,"Cattle","Males and females, 1-2 years, beef cattle","37403","",Animals,"",-,-
328,"Slovakia",SVK,2024,Terrestrial,"Cattle","Males and females, 1-2 years, dairy cattle","75939","",Animals,"",-,-
328,"Slovakia",SVK,2024,Terrestrial,"Cattle",-,"419205","28915",Animals,"13028","510","7539"
328,"Slovakia",SVK,2024,Terrestrial,"Swine","Adult (breeding) pigs","29503","13250",Animals,"","185","2723"
328,"Slovakia",SVK,2024,Terrestrial,"Swine","Fatteners","307977","498020",Animals,"","110","43348"
328,"Slovakia",SVK,2024,Terrestrial,"Swine",-,"430311","511270",Animals,"5218","120","57352"
328,"Slovakia",SVK,2024,Terrestrial,"Birds","Broiler chickens","5943687","",Animals,"",-,-
328,"Slovakia",SVK,2024,Terrestrial,"Birds","Ducks","17963","",Animals,"",-,-
328,"Slovakia",SVK,2024,Terrestrial,"Birds","Layer chickens","2792401","",Animals,"",-,-
328,"Slovakia",SVK,2024,Terrestrial,"Birds","Other birds","956167","",Animals,"",-,-
328,"Slovakia",SVK,2024,Terrestrial,"Birds","Turkeys","260903","",Animals,"",-,-
328,"Slovakia",SVK,2024,Terrestrial,"Birds",-,"9971121","45443865",Animals,"1724","4,7",-
328,"Slovakia",SVK,2024,Terrestrial,"Sheep","Adult (sheep)","239091","25772",Animals,"","50","644"
328,"Slovakia",SVK,2024,Terrestrial,"Sheep","Lambs (<6 months) (sheep)","44553","80237",Animals,"","15","602"
328,"Slovakia",SVK,2024,Terrestrial,"Sheep",-,"283644","106009",Animals,"9049","32","1246"
328,"Slovakia",SVK,2024,Terrestrial,"Goats",-,"17922","",Animals,"5489","40",-
328,"Slovakia",SVK,2024,Terrestrial,"Sheep / goats (mixed herd)",-,"","",Animals,"",-,-
328,"Slovakia",SVK,2024,Terrestrial,"Buffaloes","Adult buffalo","0","0",Animals,"0","0","0"
328,"Slovakia",SVK,2024,Terrestrial,"Buffaloes","Calves (<1 year) (buffaloes)","0","0",Animals,"0","0","0"
328,"Slovakia",SVK,2024,Terrestrial,"Buffaloes",-,"0","0",Animals,"0","0","0"
328,"Slovakia",SVK,2024,Terrestrial,"Equidae","Horses","17394","",Animals,"5673",-,-
328,"Slovakia",SVK,2024,Terrestrial,"Equidae",-,"17394","",Animals,"5673",-,-
328,"Slovakia",SVK,2024,Terrestrial,"Camelidae","Alpacas","0","0",Animals,"0","0","0"
328,"Slovakia",SVK,2024,Terrestrial,"Camelidae","Camels","0","0",Animals,"0","0","0"
328,"Slovakia",SVK,2024,Terrestrial,"Camelidae","Llamas","0","0",Animals,"0","0","0"
328,"Slovakia",SVK,2024,Terrestrial,"Camelidae",-,"0","0",Animals,"0","0","0"
328,"Slovakia",SVK,2024,Terrestrial,"Rabbits / hares (mixed group)",-,"","",Animals,"",-,-
328,"Slovakia",SVK,2024,Terrestrial,"Cervidae",-,"","",Animals,"",-,-
328,"Slovakia",SVK,2024,Terrestrial,"Dogs",-,"1479215","",Animals,"",-,-
328,"Slovakia",SVK,2024,Terrestrial,"Cats",-,"64205","",Animals,"",-,-
328,"Slovakia",SVK,2024,Terrestrial,"Bees",-,"336869","",Hives / Nests,"24450",-,-
143,"Slovenia",SVN,2024,Terrestrial,"Cattle",-,"452439","105411",Animals,"25614",-,-
143,"Slovenia",SVN,2024,Terrestrial,"Swine",-,"202545","203996",Animals,"16548",-,-
143,"Slovenia",SVN,2024,Terrestrial,"Birds",-,"6506981","43452578",Animals,"",-,-
143,"Slovenia",SVN,2024,Terrestrial,"Sheep",-,"90244","11200",Animals,"5427",-,-
143,"Slovenia",SVN,2024,Terrestrial,"Goats",-,"24095","600",Animals,"3626",-,-
143,"Slovenia",SVN,2024,Terrestrial,"Sheep / goats (mixed herd)",-,"28520","",Animals,"680",-,-
143,"Slovenia",SVN,2024,Terrestrial,"Buffaloes",-,"0","",Animals,"0",-,-
143,"Slovenia",SVN,2024,Terrestrial,"Equidae",-,"28311","788",Animals,"8877",-,-
143,"Slovenia",SVN,2024,Terrestrial,"Camelidae",-,"0","",Animals,"0",-,-
143,"Slovenia",SVN,2024,Terrestrial,"Rabbits / hares (mixed group)",-,"23721","21316",Animals,"2158",-,-
143,"Slovenia",SVN,2024,Terrestrial,"Cervidae",-,"8767","",Animals,"452",-,-
143,"Slovenia",SVN,2024,Terrestrial,"Dogs",-,"251208","",Animals,"",-,-
143,"Slovenia",SVN,2024,Terrestrial,"Cats",-,"","",Animals,"",-,-
143,"Slovenia",SVN,2024,Terrestrial,"Bees",-,"149876","",Hives / Nests,"15125",-,-
319,"Somalia",SOM,2024,Terrestrial,"Cattle",-,"5319533","",Animals,"",-,-
319,"Somalia",SOM,2024,Terrestrial,"Swine",-,"","",Animals,"",-,-
319,"Somalia",SOM,2024,Terrestrial,"Birds",-,"","",Animals,"",-,-
319,"Somalia",SOM,2024,Terrestrial,"Sheep",-,"","",Animals,"",-,-
319,"Somalia",SOM,2024,Terrestrial,"Goats",-,"","",Animals,"",-,-
319,"Somalia",SOM,2024,Terrestrial,"Sheep / goats (mixed herd)",-,"44684131","",Animals,"",-,-
319,"Somalia",SOM,2024,Terrestrial,"Buffaloes",-,"","",Animals,"",-,-
319,"Somalia",SOM,2024,Terrestrial,"Equidae",-,"","",Animals,"",-,-
319,"Somalia",SOM,2024,Terrestrial,"Camelidae",-,"9173988","",Animals,"",-,-
319,"Somalia",SOM,2024,Terrestrial,"Rabbits / hares (mixed group)",-,"","",Animals,"",-,-
319,"Somalia",SOM,2024,Terrestrial,"Cervidae",-,"","",Animals,"",-,-
319,"Somalia",SOM,2024,Terrestrial,"Dogs",-,"","",Animals,"",-,-
319,"Somalia",SOM,2024,Terrestrial,"Cats",-,"","",Animals,"",-,-
319,"Somalia",SOM,2024,Terrestrial,"Bees",-,"","",Hives / Nests,"",-,-
152,"South Africa",ZAF,2024,Terrestrial,"Cattle","Adult beef cattle","2310000","",Animals,"",-,-
152,"South Africa",ZAF,2024,Terrestrial,"Cattle","Adult dairy cattle","970000","",Animals,"",-,-
152,"South Africa",ZAF,2024,Terrestrial,"Cattle","Calves (<1 year) (cattle)","209000","",Animals,"",-,-
152,"South Africa",ZAF,2024,Terrestrial,"Cattle","Males and females, 1-2 years, beef cattle","710000","",Animals,"",-,-
152,"South Africa",ZAF,2024,Terrestrial,"Cattle","Males and females, 1-2 years, dairy cattle","300000","",Animals,"",-,-
152,"South Africa",ZAF,2024,Terrestrial,"Cattle",-,"12221000","3166000",Animals,"",-,"1055000"
152,"South Africa",ZAF,2024,Terrestrial,"Swine",-,"1321000","3944000",Animals,"",-,"346000"
152,"South Africa",ZAF,2024,Terrestrial,"Birds",-,"","",Animals,"",-,-
152,"South Africa",ZAF,2024,Terrestrial,"Sheep",-,"21435000","6487000",Animals,"",-,"159000"
152,"South Africa",ZAF,2024,Terrestrial,"Goats",-,"5121000","",Animals,"",-,-
152,"South Africa",ZAF,2024,Terrestrial,"Sheep / goats (mixed herd)",-,"","",Animals,"",-,-
152,"South Africa",ZAF,2024,Terrestrial,"Buffaloes",-,"","",Animals,"3180",-,-
152,"South Africa",ZAF,2024,Terrestrial,"Equidae",-,"18000","",Animals,"",-,-
152,"South Africa",ZAF,2024,Terrestrial,"Camelidae",-,"","",Animals,"",-,-
152,"South Africa",ZAF,2024,Terrestrial,"Rabbits / hares (mixed group)",-,"","",Animals,"",-,-
152,"South Africa",ZAF,2024,Terrestrial,"Cervidae",-,"","",Animals,"",-,-
152,"South Africa",ZAF,2024,Terrestrial,"Dogs",-,"","",Animals,"",-,-
152,"South Africa",ZAF,2024,Terrestrial,"Cats",-,"","",Animals,"",-,-
152,"South Africa",ZAF,2024,Terrestrial,"Bees",-,"","",Hives / Nests,"",-,-
266,"South Sudan (Rep. of)",SSD,2024,Terrestrial,"Cattle",-,"11700000","",Animals,"","250",-
266,"South Sudan (Rep. of)",SSD,2024,Terrestrial,"Swine",-,"","",Animals,"",-,-
266,"South Sudan (Rep. of)",SSD,2024,Terrestrial,"Birds",-,"600","",Animals,"",-,-
266,"South Sudan (Rep. of)",SSD,2024,Terrestrial,"Sheep",-,"","",Animals,"",-,-
266,"South Sudan (Rep. of)",SSD,2024,Terrestrial,"Goats",-,"","",Animals,"",-,-
266,"South Sudan (Rep. of)",SSD,2024,Terrestrial,"Sheep / goats (mixed herd)",-,"24500000","",Animals,"",-,-
266,"South Sudan (Rep. of)",SSD,2024,Terrestrial,"Buffaloes",-,"","",Animals,"",-,-
266,"South Sudan (Rep. of)",SSD,2024,Terrestrial,"Equidae",-,"","",Animals,"",-,-
266,"South Sudan (Rep. of)",SSD,2024,Terrestrial,"Camelidae",-,"","",Animals,"",-,-
266,"South Sudan (Rep. of)",SSD,2024,Terrestrial,"Rabbits / hares (mixed group)",-,"","",Animals,"",-,-
266,"South Sudan (Rep. of)",SSD,2024,Terrestrial,"Cervidae",-,"","",Animals,"",-,-
266,"South Sudan (Rep. of)",SSD,2024,Terrestrial,"Dogs",-,"","",Animals,"",-,-
266,"South Sudan (Rep. of)",SSD,2024,Terrestrial,"Cats",-,"","",Animals,"",-,-
266,"South Sudan (Rep. of)",SSD,2024,Terrestrial,"Bees",-,"","",Hives / Nests,"",-,-
137,"Spain",ESP,2024,Terrestrial,"Cattle","Adult beef cattle","2086716","",Animals,"70865",-,-
137,"Spain",ESP,2024,Terrestrial,"Cattle","Adult dairy cattle","705984","",Animals,"9100",-,-
137,"Spain",ESP,2024,Terrestrial,"Cattle","Calves (<1 year) (cattle)","2267499","",Animals,"78194",-,-
137,"Spain",ESP,2024,Terrestrial,"Cattle","Males and females, 1-2 years, beef cattle","284694","",Animals,"43494",-,-
137,"Spain",ESP,2024,Terrestrial,"Cattle","Males and females, 1-2 years, dairy cattle","179971","",Animals,"8069",-,-
137,"Spain",ESP,2024,Terrestrial,"Cattle",-,"5524864","",Animals,"209722",-,-
137,"Spain",ESP,2024,Terrestrial,"Swine","Fatteners","19896222","",Animals,"24273",-,-
137,"Spain",ESP,2024,Terrestrial,"Swine","Piglets (pre-weaning)","3222690","",Animals,"5754",-,-
137,"Spain",ESP,2024,Terrestrial,"Swine",-,"23118912","",Animals,"30027",-,-
137,"Spain",ESP,2024,Terrestrial,"Birds","Broiler chickens","173894481","",Animals,"3591",-,-
137,"Spain",ESP,2024,Terrestrial,"Birds","Ducks","425206","",Animals,"132",-,-
137,"Spain",ESP,2024,Terrestrial,"Birds","Layer chickens","50100366","",Animals,"1388",-,-
137,"Spain",ESP,2024,Terrestrial,"Birds","Turkeys","11416097","",Animals,"717",-,-
137,"Spain",ESP,2024,Terrestrial,"Birds",-,"235836150","",Animals,"5828",-,-
137,"Spain",ESP,2024,Terrestrial,"Sheep","Adult (sheep)","10609795","",Animals,"75459",-,-
137,"Spain",ESP,2024,Terrestrial,"Sheep",-,"10609795","",Animals,"75459",-,-
137,"Spain",ESP,2024,Terrestrial,"Goats","Adult (goats)","1839432","",Animals,"34223",-,-
137,"Spain",ESP,2024,Terrestrial,"Goats",-,"1839432","",Animals,"34223",-,-
137,"Spain",ESP,2024,Terrestrial,"Sheep / goats (mixed herd)",-,"","",Animals,"",-,-
137,"Spain",ESP,2024,Terrestrial,"Buffaloes",-,"","",Animals,"",-,-
137,"Spain",ESP,2024,Terrestrial,"Equidae",-,"1190310","",Animals,"143439",-,-
137,"Spain",ESP,2024,Terrestrial,"Camelidae",-,"466","",Animals,"53",-,-
137,"Spain",ESP,2024,Terrestrial,"Rabbits / hares (mixed group)",-,"4376127","",Animals,"1180",-,-
137,"Spain",ESP,2024,Terrestrial,"Cervidae",-,"17643","",Animals,"102",-,-
137,"Spain",ESP,2024,Terrestrial,"Dogs",-,"","",Animals,"",-,-
137,"Spain",ESP,2024,Terrestrial,"Cats",-,"","",Animals,"",-,-
137,"Spain",ESP,2024,Terrestrial,"Bees",-,"2863375","",Hives / Nests,"21710",-,-
406,"Sri Lanka",LKA,2024,Terrestrial,"Cattle",-,"1551034","",Animals,"221932",-,"29790"
406,"Sri Lanka",LKA,2024,Terrestrial,"Swine",-,"94986","",Animals,"5211",-,"8960"
406,"Sri Lanka",LKA,2024,Terrestrial,"Birds","Backyard poultry","2700000","",Animals,"222855",-,-
406,"Sri Lanka",LKA,2024,Terrestrial,"Birds","Broiler chickens","15420000","",Animals,"6039",-,-
406,"Sri Lanka",LKA,2024,Terrestrial,"Birds","Layer chickens","15400000","",Animals,"25978",-,-
406,"Sri Lanka",LKA,2024,Terrestrial,"Birds",-,"","",Animals,"",-,"258540"
406,"Sri Lanka",LKA,2024,Terrestrial,"Sheep",-,"","",Animals,"497",-,-
406,"Sri Lanka",LKA,2024,Terrestrial,"Goats",-,"742647","",Animals,"71246",-,"2660"
406,"Sri Lanka",LKA,2024,Terrestrial,"Sheep / goats (mixed herd)",-,"","",Animals,"",-,-
406,"Sri Lanka",LKA,2024,Terrestrial,"Buffaloes",-,"452317","",Animals,"21880",-,-
406,"Sri Lanka",LKA,2024,Terrestrial,"Equidae",-,"","",Animals,"",-,-
406,"Sri Lanka",LKA,2024,Terrestrial,"Camelidae",-,"","",Animals,"",-,-
406,"Sri Lanka",LKA,2024,Terrestrial,"Rabbits / hares (mixed group)",-,"","",Animals,"",-,-
406,"Sri Lanka",LKA,2024,Terrestrial,"Cervidae",-,"","",Animals,"",-,-
406,"Sri Lanka",LKA,2024,Terrestrial,"Dogs",-,"","",Animals,"",-,-
406,"Sri Lanka",LKA,2024,Terrestrial,"Cats",-,"","",Animals,"",-,-
406,"Sri Lanka",LKA,2024,Terrestrial,"Bees",-,"","",Hives / Nests,"",-,-
258,"Sudan",SDN,2024,Terrestrial,"Cattle",-,"","",Animals,"",-,-
258,"Sudan",SDN,2024,Terrestrial,"Swine",-,"","",Animals,"",-,-
258,"Sudan",SDN,2024,Terrestrial,"Birds",-,"","",Animals,"",-,-
258,"Sudan",SDN,2024,Terrestrial,"Sheep",-,"","",Animals,"",-,-
258,"Sudan",SDN,2024,Terrestrial,"Goats",-,"","",Animals,"",-,-
258,"Sudan",SDN,2024,Terrestrial,"Sheep / goats (mixed herd)",-,"","",Animals,"",-,-
258,"Sudan",SDN,2024,Terrestrial,"Buffaloes",-,"","",Animals,"",-,-
258,"Sudan",SDN,2024,Terrestrial,"Equidae",-,"","",Animals,"",-,-
258,"Sudan",SDN,2024,Terrestrial,"Camelidae",-,"","",Animals,"",-,-
258,"Sudan",SDN,2024,Terrestrial,"Rabbits / hares (mixed group)",-,"","",Animals,"",-,-
258,"Sudan",SDN,2024,Terrestrial,"Cervidae",-,"","",Animals,"",-,-
258,"Sudan",SDN,2024,Terrestrial,"Dogs",-,"","",Animals,"",-,-
258,"Sudan",SDN,2024,Terrestrial,"Cats",-,"","",Animals,"",-,-
258,"Sudan",SDN,2024,Terrestrial,"Bees",-,"","",Hives / Nests,"",-,-
144,"Sweden",SWE,2024,Terrestrial,"Cattle","Adult beef cattle","183549","",Animals,"",-,-
144,"Sweden",SWE,2024,Terrestrial,"Cattle","Adult dairy cattle","288870","",Animals,"",-,-
144,"Sweden",SWE,2024,Terrestrial,"Cattle","Calves (<1 year) (cattle)","437849","9950",Animals,"",-,"1620"
144,"Sweden",SWE,2024,Terrestrial,"Cattle",-,"1359701","424770",Animals,"30532",-,"139520"
144,"Sweden",SWE,2024,Terrestrial,"Swine","Adult (breeding) pigs","122327","",Animals,"1331",-,-
144,"Sweden",SWE,2024,Terrestrial,"Swine","Backyard pigs","4054","",Animals,"1462",-,-
144,"Sweden",SWE,2024,Terrestrial,"Swine","Fatteners","907563","2515050",Animals,"1870",-,"235830"
144,"Sweden",SWE,2024,Terrestrial,"Swine",-,"1332602","2515050",Animals,"4819",-,"245690"
144,"Sweden",SWE,2024,Terrestrial,"Birds","Backyard poultry","346530","",Animals,"20472",-,-
144,"Sweden",SWE,2024,Terrestrial,"Birds","Broiler chickens","12322507","111467060",Animals,"181",-,"181160"
144,"Sweden",SWE,2024,Terrestrial,"Birds","Ducks","31233","",Animals,"2312",-,-
144,"Sweden",SWE,2024,Terrestrial,"Birds","Layer chickens","10233688","2731040",Animals,"388",-,"3200"
144,"Sweden",SWE,2024,Terrestrial,"Birds","Turkeys","257003","477130",Animals,"415",-,"4260"
144,"Sweden",SWE,2024,Terrestrial,"Birds",-,"40238900","115030210",Animals,"25305",-,"189560"
144,"Sweden",SWE,2024,Terrestrial,"Sheep","Adult (sheep)","","33440",Animals,"",-,"950"
144,"Sweden",SWE,2024,Terrestrial,"Sheep","Lambs (<6 months) (sheep)","","167750",Animals,"",-,"3220"
144,"Sweden",SWE,2024,Terrestrial,"Sheep",-,"440762","201190",Animals,"21516",-,"4170"
144,"Sweden",SWE,2024,Terrestrial,"Goats",-,"25492","",Animals,"5347",-,-
144,"Sweden",SWE,2024,Terrestrial,"Sheep / goats (mixed herd)",-,"","",Animals,"",-,-
144,"Sweden",SWE,2024,Terrestrial,"Buffaloes",-,"254","",Animals,"",-,-
144,"Sweden",SWE,2024,Terrestrial,"Equidae","Donkeys","455","",Animals,"180",-,-
144,"Sweden",SWE,2024,Terrestrial,"Equidae","Horses","210059","1220",Animals,"31694",-,"350"
144,"Sweden",SWE,2024,Terrestrial,"Equidae","Mules / Hinnies","11","",Animals,"7",-,-
144,"Sweden",SWE,2024,Terrestrial,"Equidae",-,"210525","",Animals,"",-,-
144,"Sweden",SWE,2024,Terrestrial,"Camelidae","Alpacas","3171","",Animals,"297",-,-
144,"Sweden",SWE,2024,Terrestrial,"Camelidae","Camels","85","",Animals,"20",-,-
144,"Sweden",SWE,2024,Terrestrial,"Camelidae","Llamas","233","",Animals,"58",-,-
144,"Sweden",SWE,2024,Terrestrial,"Camelidae",-,"3489","",Animals,"",-,-
144,"Sweden",SWE,2024,Terrestrial,"Rabbits / hares (mixed group)","Rabbits","15194","",Animals,"936",-,-
144,"Sweden",SWE,2024,Terrestrial,"Rabbits / hares (mixed group)",-,"","",Animals,"",-,-
144,"Sweden",SWE,2024,Terrestrial,"Cervidae","Cervidae: other","100","",Animals,"3",-,-
144,"Sweden",SWE,2024,Terrestrial,"Cervidae","Cervidae: Red deer + Wapiti + Reindeer","63689","",Animals,"98",-,-
144,"Sweden",SWE,2024,Terrestrial,"Cervidae","Cervidae: Sika deer + Rusa deer + Fallow deer","16336","",Animals,"156",-,-
144,"Sweden",SWE,2024,Terrestrial,"Cervidae",-,"80125","",Animals,"",-,-
144,"Sweden",SWE,2024,Terrestrial,"Dogs",-,"1154000","",Animals,"",-,-
144,"Sweden",SWE,2024,Terrestrial,"Cats",-,"527561","",Animals,"",-,-
144,"Sweden",SWE,2024,Terrestrial,"Bees",-,"","",Hives / Nests,"",-,-
303,"Switzerland",CHE,2024,Terrestrial,"Cattle",-,"1533483","590775",Animals,"31430",-,-
303,"Switzerland",CHE,2024,Terrestrial,"Swine",-,"1274949","2361243",Animals,"4726",-,-
303,"Switzerland",CHE,2024,Terrestrial,"Birds","Broiler chickens","8915679","",Animals,"1572",-,"114306"
303,"Switzerland",CHE,2024,Terrestrial,"Birds","Ducks","16226","",Animals,"2280",-,-
303,"Switzerland",CHE,2024,Terrestrial,"Birds","Layer chickens","4574100","",Animals,"22730",-,-
303,"Switzerland",CHE,2024,Terrestrial,"Birds","Other birds","41705","",Animals,"3036",-,-
303,"Switzerland",CHE,2024,Terrestrial,"Birds","Turkeys","80950","",Animals,"504",-,"2145"
303,"Switzerland",CHE,2024,Terrestrial,"Birds",-,"13628660","",Animals,"30122",-,"116451"
303,"Switzerland",CHE,2024,Terrestrial,"Sheep",-,"374239","225537",Animals,"7894",-,-
303,"Switzerland",CHE,2024,Terrestrial,"Goats",-,"86796","39834",Animals,"7620",-,-
303,"Switzerland",CHE,2024,Terrestrial,"Sheep / goats (mixed herd)",-,"","",Animals,"",-,-
303,"Switzerland",CHE,2024,Terrestrial,"Buffaloes",-,"408","",Animals,"18",-,-
303,"Switzerland",CHE,2024,Terrestrial,"Equidae",-,"110712","1207",Animals,"19170",-,-
303,"Switzerland",CHE,2024,Terrestrial,"Camelidae",-,"9644","",Animals,"1380",-,-
303,"Switzerland",CHE,2024,Terrestrial,"Rabbits / hares (mixed group)","Rabbits","47076","",Animals,"3375",-,-
303,"Switzerland",CHE,2024,Terrestrial,"Rabbits / hares (mixed group)",-,"47076","",Animals,"3375",-,-
303,"Switzerland",CHE,2024,Terrestrial,"Cervidae",-,"14270","",Animals,"462",-,-
303,"Switzerland",CHE,2024,Terrestrial,"Dogs",-,"553794","",Animals,"",-,-
303,"Switzerland",CHE,2024,Terrestrial,"Cats",-,"773362","",Animals,"",-,-
303,"Switzerland",CHE,2024,Terrestrial,"Bees",-,"175000","",Hives / Nests,"17500",-,-
115,"Tanzania",TZA,2024,Terrestrial,"Cattle",-,"37913129","5106738",Animals,"2071550","260","612808,5"
115,"Tanzania",TZA,2024,Terrestrial,"Swine",-,"3901096","998436",Animals,"536986","80","55912,4"
115,"Tanzania",TZA,2024,Terrestrial,"Birds",-,"103080708","66221150",Animals,"4338883","2","132442,3"
115,"Tanzania",TZA,2024,Terrestrial,"Sheep",-,"9373407","1488947",Animals,"677273","30","28290"
115,"Tanzania",TZA,2024,Terrestrial,"Goats",-,"27586547","7073863",Animals,"1815219","30","134403,4"
115,"Tanzania",TZA,2024,Terrestrial,"Sheep / goats (mixed herd)",-,"","",Animals,"",-,-
115,"Tanzania",TZA,2024,Terrestrial,"Buffaloes",-,"","",Animals,"",-,-
115,"Tanzania",TZA,2024,Terrestrial,"Equidae","Donkeys","636997","",Animals,"",-,-
115,"Tanzania",TZA,2024,Terrestrial,"Equidae","Horses","183","",Animals,"",-,-
115,"Tanzania",TZA,2024,Terrestrial,"Equidae",-,"637180","",Animals,"",-,-
115,"Tanzania",TZA,2024,Terrestrial,"Camelidae",-,"","",Animals,"",-,-
115,"Tanzania",TZA,2024,Terrestrial,"Rabbits / hares (mixed group)",-,"932998","",Animals,"",-,-
115,"Tanzania",TZA,2024,Terrestrial,"Cervidae",-,"","",Animals,"",-,-
115,"Tanzania",TZA,2024,Terrestrial,"Dogs",-,"2776918","",Animals,"",-,-
115,"Tanzania",TZA,2024,Terrestrial,"Cats",-,"","",Animals,"",-,-
115,"Tanzania",TZA,2024,Terrestrial,"Bees",-,"","",Hives / Nests,"",-,-
242,"Thailand",THA,2024,Terrestrial,"Cattle","Adult beef cattle","8003946","156996",Animals,"1434535","400",-
242,"Thailand",THA,2024,Terrestrial,"Cattle","Adult dairy cattle","331331","2871",Animals,"15769","450",-
242,"Thailand",THA,2024,Terrestrial,"Cattle","Calves (<1 year) (cattle)","116324","",Animals,"",-,-
242,"Thailand",THA,2024,Terrestrial,"Cattle","Males and females, 1-2 years, beef cattle","1755810","",Animals,"",-,-
242,"Thailand",THA,2024,Terrestrial,"Cattle","Males and females, 1-2 years, dairy cattle","121360","",Animals,"",-,-
242,"Thailand",THA,2024,Terrestrial,"Cattle",-,"10710157","159867",Animals,"1450304","425","82356"
242,"Thailand",THA,2024,Terrestrial,"Swine","Adult (breeding) pigs","1583481","",Animals,"","120",-
242,"Thailand",THA,2024,Terrestrial,"Swine","Backyard pigs","367220","1",Animals,"47442",-,-
242,"Thailand",THA,2024,Terrestrial,"Swine","Fatteners","8193585","23247335",Animals,"","100",-
242,"Thailand",THA,2024,Terrestrial,"Swine","Piglets (pre-weaning)","2188394","182107",Animals,"",-,-
242,"Thailand",THA,2024,Terrestrial,"Swine",-,"12333680","23429443",Animals,"148881","110","1506973"
242,"Thailand",THA,2024,Terrestrial,"Birds","Backyard poultry","112842642","516510",Animals,"2751434","1,5",-
242,"Thailand",THA,2024,Terrestrial,"Birds","Broiler chickens","326128336","2052977726",Animals,"26006","2,6",-
242,"Thailand",THA,2024,Terrestrial,"Birds","Ducks","32955543","40887488",Animals,"400106","319",-
242,"Thailand",THA,2024,Terrestrial,"Birds","Layer chickens","70563180","38101110",Animals,"127477","2",-
242,"Thailand",THA,2024,Terrestrial,"Birds","Turkeys","130833","19368",Animals,"7876","4,5",-
242,"Thailand",THA,2024,Terrestrial,"Birds",-,"551479573","2132502202",Animals,"3312899","2,7","4920876"
242,"Thailand",THA,2024,Terrestrial,"Sheep","Adult (sheep)","111135","",Animals,"8658","30",-
242,"Thailand",THA,2024,Terrestrial,"Sheep","Lambs (<6 months) (sheep)","33311","",Animals,"",-,-
242,"Thailand",THA,2024,Terrestrial,"Sheep",-,"144446","",Animals,"8658","30",-
242,"Thailand",THA,2024,Terrestrial,"Goats","Adult (goats)","887095","",Animals,"88417","25",-
242,"Thailand",THA,2024,Terrestrial,"Goats","Kids (<6 months) (goats)","603892","",Animals,"",-,-
242,"Thailand",THA,2024,Terrestrial,"Goats",-,"1490987","2359",Animals,"88417","25","37"
242,"Thailand",THA,2024,Terrestrial,"Sheep / goats (mixed herd)",-,"","",Animals,"",-,-
242,"Thailand",THA,2024,Terrestrial,"Buffaloes","Adult buffalo","","5905",Animals,"","450",-
242,"Thailand",THA,2024,Terrestrial,"Buffaloes",-,"1815901","5905",Animals,"310290","450",-
242,"Thailand",THA,2024,Terrestrial,"Equidae","Donkeys","82","",Animals,"54",-,-
242,"Thailand",THA,2024,Terrestrial,"Equidae","Horses","17290","",Animals,"2545",-,-
242,"Thailand",THA,2024,Terrestrial,"Equidae","Mules / Hinnies","565","",Animals,"13",-,-
242,"Thailand",THA,2024,Terrestrial,"Equidae",-,"17937","",Animals,"2612",-,-
242,"Thailand",THA,2024,Terrestrial,"Camelidae","Camels","18","",Animals,"5",-,-
242,"Thailand",THA,2024,Terrestrial,"Camelidae",-,"","",Animals,"",-,-
242,"Thailand",THA,2024,Terrestrial,"Rabbits / hares (mixed group)","Rabbits","28033","",Animals,"1601",-,-
242,"Thailand",THA,2024,Terrestrial,"Rabbits / hares (mixed group)",-,"","",Animals,"",-,-
242,"Thailand",THA,2024,Terrestrial,"Cervidae","Cervidae: Sika deer + Rusa deer + Fallow deer","6635","",Animals,"359",-,-
242,"Thailand",THA,2024,Terrestrial,"Cervidae",-,"","",Animals,"",-,-
242,"Thailand",THA,2024,Terrestrial,"Dogs",-,"7539677","",Animals,"",-,-
242,"Thailand",THA,2024,Terrestrial,"Cats",-,"3968237","",Animals,"",-,-
242,"Thailand",THA,2024,Terrestrial,"Bees",-,"87776","",Hives / Nests,"1078",-,-
339,"Tunisia",TUN,2024,Terrestrial,"Cattle","Adult dairy cattle","379000","",Animals,"",-,-
339,"Tunisia",TUN,2024,Terrestrial,"Cattle",-,"461026","69375",Animals,"","244,3","16071,2"
339,"Tunisia",TUN,2024,Terrestrial,"Swine",-,"100","",Animals,"1",-,-
339,"Tunisia",TUN,2024,Terrestrial,"Birds","Backyard poultry","357000","",Animals,"",-,-
339,"Tunisia",TUN,2024,Terrestrial,"Birds","Broiler chickens","97005000","",Animals,"",-,-
339,"Tunisia",TUN,2024,Terrestrial,"Birds","Layer chickens","74000","",Animals,"",-,-
339,"Tunisia",TUN,2024,Terrestrial,"Birds","Other birds","757000","",Animals,"",-,-
339,"Tunisia",TUN,2024,Terrestrial,"Birds","Turkeys","10132000","",Animals,"",-,-
339,"Tunisia",TUN,2024,Terrestrial,"Birds",-,"108325000","",Animals,"",-,-
339,"Tunisia",TUN,2024,Terrestrial,"Sheep","Adult (sheep)","4575000","",Animals,"",-,-
339,"Tunisia",TUN,2024,Terrestrial,"Sheep",-,"6814165","314821",Animals,"",-,"7422,7"
339,"Tunisia",TUN,2024,Terrestrial,"Goats","Adult (goats)","937000","",Animals,"",-,-
339,"Tunisia",TUN,2024,Terrestrial,"Goats",-,"1386365","186337",Animals,"",-,"2627,6"
339,"Tunisia",TUN,2024,Terrestrial,"Sheep / goats (mixed herd)",-,"","",Animals,"",-,-
339,"Tunisia",TUN,2024,Terrestrial,"Buffaloes",-,"64","",Animals,"3",-,-
339,"Tunisia",TUN,2024,Terrestrial,"Equidae",-,"109000","10268",Animals,"",-,"604,8"
339,"Tunisia",TUN,2024,Terrestrial,"Camelidae",-,"30668","3225",Animals,"",-,"462,7"
339,"Tunisia",TUN,2024,Terrestrial,"Rabbits / hares (mixed group)",-,"34000","",Animals,"",-,-
339,"Tunisia",TUN,2024,Terrestrial,"Cervidae",-,"259","",Animals,"",-,-
339,"Tunisia",TUN,2024,Terrestrial,"Dogs",-,"523946","",Animals,"",-,-
339,"Tunisia",TUN,2024,Terrestrial,"Cats",-,"","",Animals,"",-,-
339,"Tunisia",TUN,2024,Terrestrial,"Bees",-,"299800","",Hives / Nests,"",-,-
252,"Türkiye (Rep. of)",TUR,2024,Terrestrial,"Cattle","Adult beef cattle","849729","",Animals,"",-,-
252,"Türkiye (Rep. of)",TUR,2024,Terrestrial,"Cattle","Adult dairy cattle","7522044","",Animals,"",-,-
252,"Türkiye (Rep. of)",TUR,2024,Terrestrial,"Cattle","Calves (<1 year) (cattle)","4094727","",Animals,"",-,-
252,"Türkiye (Rep. of)",TUR,2024,Terrestrial,"Cattle","Males and females, 1-2 years, beef cattle","2091894","",Animals,"",-,-
252,"Türkiye (Rep. of)",TUR,2024,Terrestrial,"Cattle","Males and females, 1-2 years, dairy cattle","2265814","",Animals,"",-,-
252,"Türkiye (Rep. of)",TUR,2024,Terrestrial,"Cattle",-,"16824208","5077812",Animals,"1083963",-,"2966084"
252,"Türkiye (Rep. of)",TUR,2024,Terrestrial,"Swine","Adult (breeding) pigs","488","",Animals,"",-,-
252,"Türkiye (Rep. of)",TUR,2024,Terrestrial,"Swine","Piglets (pre-weaning)","1236","",Animals,"",-,-
252,"Türkiye (Rep. of)",TUR,2024,Terrestrial,"Swine",-,"1724","703",Animals,"3",-,"62"
252,"Türkiye (Rep. of)",TUR,2024,Terrestrial,"Birds","Backyard poultry","10440369","",Animals,"",-,-
252,"Türkiye (Rep. of)",TUR,2024,Terrestrial,"Birds","Broiler chickens","270526611","1367772000",Animals,"",-,"5024262"
252,"Türkiye (Rep. of)",TUR,2024,Terrestrial,"Birds","Ducks","333161","",Animals,"",-,-
252,"Türkiye (Rep. of)",TUR,2024,Terrestrial,"Birds","Layer chickens","109100202","",Animals,"",-,-
252,"Türkiye (Rep. of)",TUR,2024,Terrestrial,"Birds","Turkeys","2826858","3508000",Animals,"",-,"89548"
252,"Türkiye (Rep. of)",TUR,2024,Terrestrial,"Birds",-,"393227201","1371280000",Animals,"11101",-,"5113810"
252,"Türkiye (Rep. of)",TUR,2024,Terrestrial,"Sheep","Adult (sheep)","41056055","",Animals,"",-,-
252,"Türkiye (Rep. of)",TUR,2024,Terrestrial,"Sheep","Lambs (<6 months) (sheep)","3024529","",Animals,"",-,-
252,"Türkiye (Rep. of)",TUR,2024,Terrestrial,"Sheep",-,"44080584","22573686",Animals,"",-,"1019078"
252,"Türkiye (Rep. of)",TUR,2024,Terrestrial,"Goats","Adult (goats)","10267259","",Animals,"",-,-
252,"Türkiye (Rep. of)",TUR,2024,Terrestrial,"Goats","Kids (<6 months) (goats)","554825","",Animals,"",-,-
252,"Türkiye (Rep. of)",TUR,2024,Terrestrial,"Goats",-,"10822084","5117030",Animals,"",-,"199064"
252,"Türkiye (Rep. of)",TUR,2024,Terrestrial,"Sheep / goats (mixed herd)",-,"","",Animals,"332132",-,-
252,"Türkiye (Rep. of)",TUR,2024,Terrestrial,"Buffaloes","Adult buffalo","128222","",Animals,"",-,-
252,"Türkiye (Rep. of)",TUR,2024,Terrestrial,"Buffaloes","Calves (<1 year) (buffaloes)","33829","",Animals,"",-,-
252,"Türkiye (Rep. of)",TUR,2024,Terrestrial,"Buffaloes",-,"162051","59965",Animals,"",-,"27562"
252,"Türkiye (Rep. of)",TUR,2024,Terrestrial,"Equidae","Donkeys","65003","",Animals,"",-,-
252,"Türkiye (Rep. of)",TUR,2024,Terrestrial,"Equidae","Horses","70360","",Animals,"",-,-
252,"Türkiye (Rep. of)",TUR,2024,Terrestrial,"Equidae","Mules / Hinnies","13856","",Animals,"",-,-
252,"Türkiye (Rep. of)",TUR,2024,Terrestrial,"Equidae",-,"149219","",Animals,"19781",-,-
252,"Türkiye (Rep. of)",TUR,2024,Terrestrial,"Camelidae","Camels","1137","",Animals,"",-,-
252,"Türkiye (Rep. of)",TUR,2024,Terrestrial,"Camelidae",-,"1137","",Animals,"",-,-
252,"Türkiye (Rep. of)",TUR,2024,Terrestrial,"Rabbits / hares (mixed group)",-,"","",Animals,"",-,-
252,"Türkiye (Rep. of)",TUR,2024,Terrestrial,"Cervidae",-,"","",Animals,"",-,-
252,"Türkiye (Rep. of)",TUR,2024,Terrestrial,"Dogs",-,"","",Animals,"",-,-
252,"Türkiye (Rep. of)",TUR,2024,Terrestrial,"Cats",-,"","",Animals,"",-,-
252,"Türkiye (Rep. of)",TUR,2024,Terrestrial,"Bees",-,"8961975","",Hives / Nests,"97984",-,-
255,"Uganda",UGA,2024,Terrestrial,"Cattle","Adult beef cattle","330000","",Animals,"",-,-
255,"Uganda",UGA,2024,Terrestrial,"Cattle","Adult dairy cattle","2970000","",Animals,"",-,-
255,"Uganda",UGA,2024,Terrestrial,"Cattle",-,"14500000","",Animals,"",-,-
255,"Uganda",UGA,2024,Terrestrial,"Swine",-,"7100000","",Animals,"",-,-
255,"Uganda",UGA,2024,Terrestrial,"Birds","Backyard poultry","44977903","",Animals,"",-,-
255,"Uganda",UGA,2024,Terrestrial,"Birds","Broiler chickens","5061958","",Animals,"",-,-
255,"Uganda",UGA,2024,Terrestrial,"Birds","Ducks","3300000","",Animals,"",-,-
255,"Uganda",UGA,2024,Terrestrial,"Birds","Layer chickens","6400000","",Animals,"",-,-
255,"Uganda",UGA,2024,Terrestrial,"Birds","Other birds","1049000","",Animals,"",-,-
255,"Uganda",UGA,2024,Terrestrial,"Birds","Turkeys","737000","",Animals,"",-,-
255,"Uganda",UGA,2024,Terrestrial,"Birds",-,"62900000","",Animals,"",-,-
255,"Uganda",UGA,2024,Terrestrial,"Sheep","Adult (sheep)","3363691","",Animals,"",-,-
255,"Uganda",UGA,2024,Terrestrial,"Sheep","Lambs (<6 months) (sheep)","1036309","",Animals,"",-,-
255,"Uganda",UGA,2024,Terrestrial,"Sheep",-,"4400000","",Animals,"",-,-
255,"Uganda",UGA,2024,Terrestrial,"Goats","Adult (goats)","12878788","",Animals,"",-,-
255,"Uganda",UGA,2024,Terrestrial,"Goats","Kids (<6 months) (goats)","4521212","",Animals,"",-,-
255,"Uganda",UGA,2024,Terrestrial,"Goats",-,"17400000","",Animals,"",-,-
255,"Uganda",UGA,2024,Terrestrial,"Sheep / goats (mixed herd)",-,"","",Animals,"",-,-
255,"Uganda",UGA,2024,Terrestrial,"Buffaloes",-,"","",Animals,"",-,-
255,"Uganda",UGA,2024,Terrestrial,"Equidae","Donkeys","630000","",Animals,"",-,-
255,"Uganda",UGA,2024,Terrestrial,"Equidae",-,"630000","",Animals,"",-,-
255,"Uganda",UGA,2024,Terrestrial,"Camelidae","Camels","12000","",Animals,"",-,-
255,"Uganda",UGA,2024,Terrestrial,"Camelidae",-,"12000","",Animals,"",-,-
255,"Uganda",UGA,2024,Terrestrial,"Rabbits / hares (mixed group)",-,"","",Animals,"",-,-
255,"Uganda",UGA,2024,Terrestrial,"Cervidae",-,"","",Animals,"",-,-
255,"Uganda",UGA,2024,Terrestrial,"Dogs",-,"2100000","",Animals,"",-,-
255,"Uganda",UGA,2024,Terrestrial,"Cats",-,"734400","",Animals,"",-,-
255,"Uganda",UGA,2024,Terrestrial,"Bees",-,"2553894","",Hives / Nests,"",-,-
442,"Ukraine",UKR,2024,Terrestrial,"Cattle",-,"1598800","",Animals,"",-,-
442,"Ukraine",UKR,2024,Terrestrial,"Swine",-,"4702600","",Animals,"",-,-
442,"Ukraine",UKR,2024,Terrestrial,"Birds",-,"229059400","",Animals,"",-,-
442,"Ukraine",UKR,2024,Terrestrial,"Sheep",-,"","",Animals,"",-,-
442,"Ukraine",UKR,2024,Terrestrial,"Goats",-,"","",Animals,"",-,-
442,"Ukraine",UKR,2024,Terrestrial,"Sheep / goats (mixed herd)",-,"557400","",Animals,"",-,-
442,"Ukraine",UKR,2024,Terrestrial,"Buffaloes",-,"","",Animals,"",-,-
442,"Ukraine",UKR,2024,Terrestrial,"Equidae",-,"77300","",Animals,"",-,-
442,"Ukraine",UKR,2024,Terrestrial,"Camelidae",-,"","",Animals,"",-,-
442,"Ukraine",UKR,2024,Terrestrial,"Rabbits / hares (mixed group)",-,"5500","",Animals,"",-,-
442,"Ukraine",UKR,2024,Terrestrial,"Cervidae",-,"","",Animals,"",-,-
442,"Ukraine",UKR,2024,Terrestrial,"Dogs",-,"2546500","",Animals,"",-,-
442,"Ukraine",UKR,2024,Terrestrial,"Cats",-,"1877000","",Animals,"",-,-
442,"Ukraine",UKR,2024,Terrestrial,"Bees",-,"","",Hives / Nests,"",-,-
241,"United Arab Emirates",ARE,2024,Terrestrial,"Cattle",-,"110698","",Animals,"19",-,-
241,"United Arab Emirates",ARE,2024,Terrestrial,"Swine",-,"","",Animals,"",-,-
241,"United Arab Emirates",ARE,2024,Terrestrial,"Birds",-,"49257221","",Animals,"42",-,-
241,"United Arab Emirates",ARE,2024,Terrestrial,"Sheep",-,"2072026","",Animals,"",-,-
241,"United Arab Emirates",ARE,2024,Terrestrial,"Goats",-,"223919","",Animals,"",-,-
241,"United Arab Emirates",ARE,2024,Terrestrial,"Sheep / goats (mixed herd)",-,"","",Animals,"",-,-
241,"United Arab Emirates",ARE,2024,Terrestrial,"Buffaloes",-,"0","0",Animals,"0","0","0"
241,"United Arab Emirates",ARE,2024,Terrestrial,"Equidae",-,"25700","0",Animals,"524",-,"0"
241,"United Arab Emirates",ARE,2024,Terrestrial,"Camelidae",-,"569527","",Animals,"",-,-
241,"United Arab Emirates",ARE,2024,Terrestrial,"Rabbits / hares (mixed group)",-,"","",Animals,"",-,-
241,"United Arab Emirates",ARE,2024,Terrestrial,"Cervidae",-,"","",Animals,"",-,-
241,"United Arab Emirates",ARE,2024,Terrestrial,"Dogs",-,"","",Animals,"",-,-
241,"United Arab Emirates",ARE,2024,Terrestrial,"Cats",-,"","",Animals,"",-,-
241,"United Arab Emirates",ARE,2024,Terrestrial,"Bees",-,"","",Hives / Nests,"",-,-
123,"United Kingdom",GBR,2024,Terrestrial,"Cattle","Adult beef cattle","2046368","",Animals,"",-,-
123,"United Kingdom",GBR,2024,Terrestrial,"Cattle","Adult dairy cattle","2069400","",Animals,"",-,-
123,"United Kingdom",GBR,2024,Terrestrial,"Cattle","Calves (<1 year) (cattle)","2826026","",Animals,"",-,-
123,"United Kingdom",GBR,2024,Terrestrial,"Cattle","Males and females, 1-2 years, beef cattle","1933428","",Animals,"",-,-
123,"United Kingdom",GBR,2024,Terrestrial,"Cattle","Males and females, 1-2 years, dairy cattle","567216","",Animals,"",-,-
123,"United Kingdom",GBR,2024,Terrestrial,"Cattle",-,"9442438","",Animals,"77505",-,-
123,"United Kingdom",GBR,2024,Terrestrial,"Swine","Adult (breeding) pigs","413154","",Animals,"",-,-
123,"United Kingdom",GBR,2024,Terrestrial,"Swine","Backyard pigs","165","",Animals,"",-,-
123,"United Kingdom",GBR,2024,Terrestrial,"Swine","Fatteners","3642311","",Animals,"",-,-
123,"United Kingdom",GBR,2024,Terrestrial,"Swine","Piglets (pre-weaning)","570104","",Animals,"",-,-
123,"United Kingdom",GBR,2024,Terrestrial,"Swine",-,"4717249","",Animals,"8723",-,-
123,"United Kingdom",GBR,2024,Terrestrial,"Birds","Backyard poultry","6300","",Animals,"",-,-
123,"United Kingdom",GBR,2024,Terrestrial,"Birds","Broiler chickens","112374225","",Animals,"",-,-
123,"United Kingdom",GBR,2024,Terrestrial,"Birds","Ducks","1874485","",Animals,"",-,-
123,"United Kingdom",GBR,2024,Terrestrial,"Birds","Layer chickens","37273418","",Animals,"",-,-
123,"United Kingdom",GBR,2024,Terrestrial,"Birds","Other birds","21305330","",Animals,"",-,-
123,"United Kingdom",GBR,2024,Terrestrial,"Birds","Turkeys","3193143","",Animals,"",-,-
123,"United Kingdom",GBR,2024,Terrestrial,"Birds",-,"176093934","",Animals,"23986",-,-
123,"United Kingdom",GBR,2024,Terrestrial,"Sheep","Adult (sheep)","15846535","",Animals,"",-,-
123,"United Kingdom",GBR,2024,Terrestrial,"Sheep","Lambs (<6 months) (sheep)","15282982","",Animals,"",-,-
123,"United Kingdom",GBR,2024,Terrestrial,"Sheep",-,"31132659","",Animals,"65341",-,-
123,"United Kingdom",GBR,2024,Terrestrial,"Goats","Adult (goats)","109986","",Animals,"",-,-
123,"United Kingdom",GBR,2024,Terrestrial,"Goats","Kids (<6 months) (goats)","1028","",Animals,"",-,-
123,"United Kingdom",GBR,2024,Terrestrial,"Goats",-,"111014","",Animals,"5377",-,-
123,"United Kingdom",GBR,2024,Terrestrial,"Sheep / goats (mixed herd)",-,"","",Animals,"",-,-
123,"United Kingdom",GBR,2024,Terrestrial,"Buffaloes",-,"","",Animals,"",-,-
123,"United Kingdom",GBR,2024,Terrestrial,"Equidae",-,"","",Animals,"",-,-
123,"United Kingdom",GBR,2024,Terrestrial,"Camelidae",-,"","",Animals,"",-,-
123,"United Kingdom",GBR,2024,Terrestrial,"Rabbits / hares (mixed group)",-,"","",Animals,"",-,-
123,"United Kingdom",GBR,2024,Terrestrial,"Cervidae",-,"38892","",Animals,"366",-,-
123,"United Kingdom",GBR,2024,Terrestrial,"Dogs",-,"","",Animals,"",-,-
123,"United Kingdom",GBR,2024,Terrestrial,"Cats",-,"","",Animals,"",-,-
123,"United Kingdom",GBR,2024,Terrestrial,"Bees",-,"","",Hives / Nests,"",-,-
129,"United States of America",USA,2024,Terrestrial,"Cattle",-,"86662200","",Animals,"732123",-,-
129,"United States of America",USA,2024,Terrestrial,"Swine",-,"75845400","",Animals,"60809",-,-
129,"United States of America",USA,2024,Terrestrial,"Birds","Broiler chickens","1737674957","",Animals,"42991",-,-
129,"United States of America",USA,2024,Terrestrial,"Birds","Layer chickens","388509039","",Animals,"240530",-,-
129,"United States of America",USA,2024,Terrestrial,"Birds","Turkeys","97312583","",Animals,"23431",-,-
129,"United States of America",USA,2024,Terrestrial,"Birds",-,"2223496579","",Animals,"306952",-,-
129,"United States of America",USA,2024,Terrestrial,"Sheep",-,"5050000","",Animals,"88853",-,-
129,"United States of America",USA,2024,Terrestrial,"Goats",-,"2507000","",Animals,"118703",-,-
129,"United States of America",USA,2024,Terrestrial,"Sheep / goats (mixed herd)",-,"","",Animals,"",-,-
129,"United States of America",USA,2024,Terrestrial,"Buffaloes",-,"","",Animals,"",-,-
129,"United States of America",USA,2024,Terrestrial,"Equidae",-,"2669057","",Animals,"471536",-,-
129,"United States of America",USA,2024,Terrestrial,"Camelidae",-,"129243","",Animals,"14872",-,-
129,"United States of America",USA,2024,Terrestrial,"Rabbits / hares (mixed group)",-,"199126","",Animals,"6400",-,-
129,"United States of America",USA,2024,Terrestrial,"Cervidae",-,"323275","",Animals,"4145",-,-
129,"United States of America",USA,2024,Terrestrial,"Dogs",-,"89700000","",Animals,"",-,-
129,"United States of America",USA,2024,Terrestrial,"Cats",-,"73800000","",Animals,"",-,-
129,"United States of America",USA,2024,Terrestrial,"Bees",-,"3800015","",Hives / Nests,"73496",-,-
112,"Uruguay",URY,2024,Terrestrial,"Cattle","Adult beef cattle","1918734","",Animals,"",-,-
112,"Uruguay",URY,2024,Terrestrial,"Cattle","Adult dairy cattle","385170","",Animals,"",-,-
112,"Uruguay",URY,2024,Terrestrial,"Cattle","Calves (<1 year) (cattle)","2766858","",Animals,"",-,-
112,"Uruguay",URY,2024,Terrestrial,"Cattle","Males and females, 1-2 years, beef cattle","2365541","",Animals,"",-,-
112,"Uruguay",URY,2024,Terrestrial,"Cattle","Males and females, 1-2 years, dairy cattle","120540","",Animals,"",-,-
112,"Uruguay",URY,2024,Terrestrial,"Cattle",-,"12005078","2256500",Animals,"42944",-,"1127716"
112,"Uruguay",URY,2024,Terrestrial,"Swine","Adult (breeding) pigs","24227","",Animals,"",-,-
112,"Uruguay",URY,2024,Terrestrial,"Swine","Fatteners","45790","",Animals,"",-,-
112,"Uruguay",URY,2024,Terrestrial,"Swine","Piglets (pre-weaning)","38066","",Animals,"",-,-
112,"Uruguay",URY,2024,Terrestrial,"Swine",-,"108083","140012",Animals,"2983",-,"12821"
112,"Uruguay",URY,2024,Terrestrial,"Birds","Broiler chickens","","33331016",Animals,"212",-,-
112,"Uruguay",URY,2024,Terrestrial,"Birds","Layer chickens","","1310180",Animals,"171",-,-
112,"Uruguay",URY,2024,Terrestrial,"Birds",-,"","34646785",Animals,"383",-,"108676"
112,"Uruguay",URY,2024,Terrestrial,"Sheep","Adult (sheep)","5120123","",Animals,"",-,-
112,"Uruguay",URY,2024,Terrestrial,"Sheep","Lambs (<6 months) (sheep)","247484","",Animals,"",-,-
112,"Uruguay",URY,2024,Terrestrial,"Sheep",-,"5367607","964133",Animals,"21236",-,"39459"
112,"Uruguay",URY,2024,Terrestrial,"Goats","Adult (goats)","7876","",Animals,"",-,-
112,"Uruguay",URY,2024,Terrestrial,"Goats","Kids (<6 months) (goats)","1767","",Animals,"",-,-
112,"Uruguay",URY,2024,Terrestrial,"Goats",-,"9643","",Animals,"446",-,-
112,"Uruguay",URY,2024,Terrestrial,"Sheep / goats (mixed herd)",-,"0","0",Animals,"0","0","0"
112,"Uruguay",URY,2024,Terrestrial,"Buffaloes",-,"","0",Animals,"0",-,"0"
112,"Uruguay",URY,2024,Terrestrial,"Equidae","Horses","392365","",Animals,"",-,-
112,"Uruguay",URY,2024,Terrestrial,"Equidae",-,"392365","43646",Animals,"29166",-,"16745"
112,"Uruguay",URY,2024,Terrestrial,"Camelidae",-,"","",Animals,"",-,-
112,"Uruguay",URY,2024,Terrestrial,"Rabbits / hares (mixed group)",-,"","",Animals,"",-,-
112,"Uruguay",URY,2024,Terrestrial,"Cervidae",-,"","",Animals,"",-,-
112,"Uruguay",URY,2024,Terrestrial,"Dogs",-,"1448224","",Animals,"",-,-
112,"Uruguay",URY,2024,Terrestrial,"Cats",-,"691844","",Animals,"",-,-
112,"Uruguay",URY,2024,Terrestrial,"Bees",-,"555187","",Hives / Nests,"2160",-,-
179,"Venezuela",VEN,2024,Terrestrial,"Cattle",-,"15134891","",Animals,"72492",-,-
179,"Venezuela",VEN,2024,Terrestrial,"Swine",-,"4087273","",Animals,"27718",-,-
179,"Venezuela",VEN,2024,Terrestrial,"Birds","Broiler chickens","178924404","",Animals,"",-,-
179,"Venezuela",VEN,2024,Terrestrial,"Birds","Layer chickens","10889924","",Animals,"",-,-
179,"Venezuela",VEN,2024,Terrestrial,"Birds",-,"189814328","",Animals,"12654",-,-
179,"Venezuela",VEN,2024,Terrestrial,"Sheep",-,"2584753","",Animals,"",-,-
179,"Venezuela",VEN,2024,Terrestrial,"Goats",-,"5448446","",Animals,"",-,-
179,"Venezuela",VEN,2024,Terrestrial,"Sheep / goats (mixed herd)",-,"","",Animals,"",-,-
179,"Venezuela",VEN,2024,Terrestrial,"Buffaloes",-,"","",Animals,"",-,-
179,"Venezuela",VEN,2024,Terrestrial,"Equidae",-,"559183","",Animals,"",-,-
179,"Venezuela",VEN,2024,Terrestrial,"Camelidae",-,"","",Animals,"",-,-
179,"Venezuela",VEN,2024,Terrestrial,"Rabbits / hares (mixed group)",-,"","",Animals,"",-,-
179,"Venezuela",VEN,2024,Terrestrial,"Cervidae",-,"","",Animals,"",-,-
179,"Venezuela",VEN,2024,Terrestrial,"Dogs",-,"","",Animals,"",-,-
179,"Venezuela",VEN,2024,Terrestrial,"Cats",-,"","",Animals,"",-,-
179,"Venezuela",VEN,2024,Terrestrial,"Bees",-,"","",Hives / Nests,"",-,-
175,"Afghanistan",AFG,2023,Terrestrial,"Cattle","Adult beef cattle","0","",Animals,"",-,-
175,"Afghanistan",AFG,2023,Terrestrial,"Cattle","Adult dairy cattle","3500000","",Animals,"",-,-
175,"Afghanistan",AFG,2023,Terrestrial,"Cattle","Calves (<1 year) (cattle)","350000","",Animals,"",-,-
175,"Afghanistan",AFG,2023,Terrestrial,"Cattle","Males and females, 1-2 years, beef cattle","0","",Animals,"",-,-
175,"Afghanistan",AFG,2023,Terrestrial,"Cattle","Males and females, 1-2 years, dairy cattle","1127000","",Animals,"",-,-
175,"Afghanistan",AFG,2023,Terrestrial,"Cattle",-,"4977000","",Animals,"",-,-
175,"Afghanistan",AFG,2023,Terrestrial,"Swine",-,"","",Animals,"",-,-
175,"Afghanistan",AFG,2023,Terrestrial,"Birds","Backyard poultry","3088948","1234567",Animals,"","4","49380"
175,"Afghanistan",AFG,2023,Terrestrial,"Birds","Broiler chickens","8676985","2345698",Animals,"","3,2","75060"
175,"Afghanistan",AFG,2023,Terrestrial,"Birds","Ducks","359060","5678",Animals,"","4","22,6"
175,"Afghanistan",AFG,2023,Terrestrial,"Birds","Layer chickens","3088947","1562342",Animals,"","2,4","3748"
175,"Afghanistan",AFG,2023,Terrestrial,"Birds","Other birds","0","0",Animals,"","0","0"
175,"Afghanistan",AFG,2023,Terrestrial,"Birds","Turkeys","359060","67345",Animals,"","12","808"
175,"Afghanistan",AFG,2023,Terrestrial,"Birds",-,"15573000","",Animals,"","3,2",-
175,"Afghanistan",AFG,2023,Terrestrial,"Sheep","Adult (sheep)","11234567","",Animals,"","60",-
175,"Afghanistan",AFG,2023,Terrestrial,"Sheep","Lambs (<6 months) (sheep)","2631433","",Animals,"","27",-
175,"Afghanistan",AFG,2023,Terrestrial,"Goats","Adult (goats)","5534678","",Animals,"","48",-
175,"Afghanistan",AFG,2023,Terrestrial,"Goats","Kids (<6 months) (goats)","2063322","",Animals,"","22",-
175,"Afghanistan",AFG,2023,Terrestrial,"Goats",-,"7598000","",Animals,"","48",-
175,"Afghanistan",AFG,2023,Terrestrial,"Sheep / goats (mixed herd)",-,"","",Animals,"",-,-
175,"Afghanistan",AFG,2023,Terrestrial,"Buffaloes",-,"","",Animals,"",-,-
175,"Afghanistan",AFG,2023,Terrestrial,"Equidae","Donkeys","1317000","",Animals,"",-,-
175,"Afghanistan",AFG,2023,Terrestrial,"Equidae","Horses","175000","",Animals,"",-,-
175,"Afghanistan",AFG,2023,Terrestrial,"Equidae","Mules / Hinnies","0","",Animals,"",-,-
175,"Afghanistan",AFG,2023,Terrestrial,"Equidae",-,"1492000","",Animals,"",-,-
175,"Afghanistan",AFG,2023,Terrestrial,"Camelidae",-,"1723000","",Animals,"",-,-
175,"Afghanistan",AFG,2023,Terrestrial,"Rabbits / hares (mixed group)",-,"","",Animals,"",-,-
175,"Afghanistan",AFG,2023,Terrestrial,"Cervidae",-,"","",Animals,"",-,-
175,"Afghanistan",AFG,2023,Terrestrial,"Dogs",-,"","",Animals,"",-,-
175,"Afghanistan",AFG,2023,Terrestrial,"Cats",-,"","",Animals,"",-,-
175,"Afghanistan",AFG,2023,Terrestrial,"Bees",-,"","",Hives / Nests,"",-,-
325,"Angola",AGO,2023,Terrestrial,"Cattle",-,"","",Animals,"",-,-
325,"Angola",AGO,2023,Terrestrial,"Swine",-,"","",Animals,"",-,-
325,"Angola",AGO,2023,Terrestrial,"Birds",-,"","",Animals,"",-,-
325,"Angola",AGO,2023,Terrestrial,"Sheep",-,"","",Animals,"",-,-
325,"Angola",AGO,2023,Terrestrial,"Goats",-,"","",Animals,"",-,-
325,"Angola",AGO,2023,Terrestrial,"Sheep / goats (mixed herd)",-,"","",Animals,"",-,-
325,"Angola",AGO,2023,Terrestrial,"Buffaloes",-,"","",Animals,"",-,-
325,"Angola",AGO,2023,Terrestrial,"Equidae",-,"","",Animals,"",-,-
325,"Angola",AGO,2023,Terrestrial,"Camelidae",-,"","",Animals,"",-,-
325,"Angola",AGO,2023,Terrestrial,"Rabbits / hares (mixed group)",-,"","",Animals,"",-,-
325,"Angola",AGO,2023,Terrestrial,"Cervidae",-,"","",Animals,"",-,-
325,"Angola",AGO,2023,Terrestrial,"Dogs",-,"","",Animals,"",-,-
325,"Angola",AGO,2023,Terrestrial,"Cats",-,"","",Animals,"",-,-
325,"Angola",AGO,2023,Terrestrial,"Bees",-,"","",Hives / Nests,"",-,-
93,"Argentina",ARG,2023,Terrestrial,"Cattle",-,"54242595","15283837",Animals,"186437",-,-
93,"Argentina",ARG,2023,Terrestrial,"Swine",-,"5887401","8119920",Animals,"76737",-,-
93,"Argentina",ARG,2023,Terrestrial,"Birds",-,"7877154378","784813050",Animals,"49975",-,-
93,"Argentina",ARG,2023,Terrestrial,"Sheep",-,"12609460","988404",Animals,"91828",-,-
93,"Argentina",ARG,2023,Terrestrial,"Goats",-,"4127245","99391",Animals,"46242",-,-
93,"Argentina",ARG,2023,Terrestrial,"Sheep / goats (mixed herd)",-,"","",Animals,"",-,-
93,"Argentina",ARG,2023,Terrestrial,"Buffaloes",-,"185289","19655",Animals,"1434",-,-
93,"Argentina",ARG,2023,Terrestrial,"Equidae",-,"2615804","89652",Animals,"212413",-,-
93,"Argentina",ARG,2023,Terrestrial,"Camelidae",-,"277332","34",Animals,"2020",-,-
93,"Argentina",ARG,2023,Terrestrial,"Rabbits / hares (mixed group)",-,"207399","6313",Animals,"1918",-,-
93,"Argentina",ARG,2023,Terrestrial,"Cervidae",-,"46832","578",Animals,"485",-,-
93,"Argentina",ARG,2023,Terrestrial,"Dogs",-,"","",Animals,"",-,-
93,"Argentina",ARG,2023,Terrestrial,"Cats",-,"","",Animals,"",-,-
93,"Argentina",ARG,2023,Terrestrial,"Bees",-,"3449452","",Hives / Nests,"44459",-,-
53,"Armenia",ARM,2023,Terrestrial,"Cattle",-,"501900","",Animals,"",-,-
53,"Armenia",ARM,2023,Terrestrial,"Swine",-,"180800","",Animals,"",-,-
53,"Armenia",ARM,2023,Terrestrial,"Birds",-,"","",Animals,"",-,-
53,"Armenia",ARM,2023,Terrestrial,"Sheep",-,"","",Animals,"",-,-
53,"Armenia",ARM,2023,Terrestrial,"Goats",-,"","",Animals,"",-,-
53,"Armenia",ARM,2023,Terrestrial,"Sheep / goats (mixed herd)",-,"701000","",Animals,"",-,-
53,"Armenia",ARM,2023,Terrestrial,"Buffaloes",-,"","",Animals,"",-,-
53,"Armenia",ARM,2023,Terrestrial,"Equidae",-,"13200","",Animals,"",-,-
53,"Armenia",ARM,2023,Terrestrial,"Camelidae",-,"","",Animals,"",-,-
53,"Armenia",ARM,2023,Terrestrial,"Rabbits / hares (mixed group)",-,"","",Animals,"",-,-
53,"Armenia",ARM,2023,Terrestrial,"Cervidae",-,"","",Animals,"",-,-
53,"Armenia",ARM,2023,Terrestrial,"Dogs",-,"","",Animals,"",-,-
53,"Armenia",ARM,2023,Terrestrial,"Cats",-,"","",Animals,"",-,-
53,"Armenia",ARM,2023,Terrestrial,"Bees",-,"","",Hives / Nests,"",-,-
225,"Australia",AUS,2023,Terrestrial,"Cattle","Adult beef cattle","27815000","7015000",Animals,"","296,4","2208000"
225,"Australia",AUS,2023,Terrestrial,"Cattle","Adult dairy cattle","2100000","",Animals,"",-,-
225,"Australia",AUS,2023,Terrestrial,"Cattle","Calves (<1 year) (cattle)","","367000",Animals,"",-,"12640"
225,"Australia",AUS,2023,Terrestrial,"Cattle",-,"29915000","8080000",Animals,"53359","296,4","2397000"
225,"Australia",AUS,2023,Terrestrial,"Swine",-,"2500000","5810900",Animals,"","80,4","468000"
225,"Australia",AUS,2023,Terrestrial,"Birds","Broiler chickens","","",Animals,"",-,"1412800"
225,"Australia",AUS,2023,Terrestrial,"Birds",-,"","724667400",Animals,"",-,"1495000"
225,"Australia",AUS,2023,Terrestrial,"Sheep","Adult (sheep)","","10399000",Animals,"",-,"263000"
225,"Australia",AUS,2023,Terrestrial,"Sheep","Lambs (<6 months) (sheep)","","27146000",Animals,"",-,"653000"
225,"Australia",AUS,2023,Terrestrial,"Sheep",-,"70500000","37545000",Animals,"20147","24,4","916000"
225,"Australia",AUS,2023,Terrestrial,"Goats",-,"","",Animals,"",-,"46600"
225,"Australia",AUS,2023,Terrestrial,"Sheep / goats (mixed herd)",-,"","",Animals,"",-,-
225,"Australia",AUS,2023,Terrestrial,"Buffaloes",-,"","",Animals,"",-,-
225,"Australia",AUS,2023,Terrestrial,"Equidae",-,"","",Animals,"",-,-
225,"Australia",AUS,2023,Terrestrial,"Camelidae",-,"","",Animals,"",-,-
225,"Australia",AUS,2023,Terrestrial,"Rabbits / hares (mixed group)",-,"","",Animals,"",-,-
225,"Australia",AUS,2023,Terrestrial,"Cervidae",-,"","",Animals,"",-,-
225,"Australia",AUS,2023,Terrestrial,"Dogs",-,"","",Animals,"",-,-
225,"Australia",AUS,2023,Terrestrial,"Cats",-,"","",Animals,"",-,-
225,"Australia",AUS,2023,Terrestrial,"Bees",-,"","",Hives / Nests,"",-,-
450,"Austria",AUT,2023,Terrestrial,"Cattle","Adult beef cattle","214808","",Animals,"",-,-
450,"Austria",AUT,2023,Terrestrial,"Cattle","Adult dairy cattle","619174","",Animals,"",-,-
450,"Austria",AUT,2023,Terrestrial,"Cattle","Calves (<1 year) (cattle)","581842","",Animals,"",-,-
450,"Austria",AUT,2023,Terrestrial,"Cattle","Males and females, 1-2 years, dairy cattle","431310","",Animals,"",-,-
450,"Austria",AUT,2023,Terrestrial,"Cattle",-,"1847134","620486",Animals,"52694",-,"204581"
450,"Austria",AUT,2023,Terrestrial,"Swine","Adult (breeding) pigs","617697","",Animals,"",-,-
450,"Austria",AUT,2023,Terrestrial,"Swine","Fatteners","1014896","",Animals,"",-,-
450,"Austria",AUT,2023,Terrestrial,"Swine","Piglets (pre-weaning)","669886","",Animals,"",-,-
450,"Austria",AUT,2023,Terrestrial,"Swine",-,"2647270","4635868",Animals,"24165",-,"452255"
450,"Austria",AUT,2023,Terrestrial,"Birds","Broiler chickens","11860108","",Animals,"",-,-
450,"Austria",AUT,2023,Terrestrial,"Birds","Layer chickens","8378151","",Animals,"",-,-
450,"Austria",AUT,2023,Terrestrial,"Birds","Turkeys","896498","",Animals,"",-,-
450,"Austria",AUT,2023,Terrestrial,"Birds",-,"25157160","101392914",Animals,"79742",-,"150473"
450,"Austria",AUT,2023,Terrestrial,"Sheep","Adult (sheep)","293610","",Animals,"",-,-
450,"Austria",AUT,2023,Terrestrial,"Sheep","Lambs (<6 months) (sheep)","162257","",Animals,"",-,-
450,"Austria",AUT,2023,Terrestrial,"Sheep",-,"455867","332125",Animals,"17810",-,"6803"
450,"Austria",AUT,2023,Terrestrial,"Goats","Adult (goats)","92860","",Animals,"",-,-
450,"Austria",AUT,2023,Terrestrial,"Goats","Kids (<6 months) (goats)","29691","",Animals,"",-,-
450,"Austria",AUT,2023,Terrestrial,"Goats",-,"122551","80223",Animals,"10911",-,"791"
450,"Austria",AUT,2023,Terrestrial,"Sheep / goats (mixed herd)",-,"120773","",Animals,"3361",-,-
450,"Austria",AUT,2023,Terrestrial,"Buffaloes",-,"606","",Animals,"42",-,-
450,"Austria",AUT,2023,Terrestrial,"Equidae",-,"109390","486",Animals,"19877",-,"102"
450,"Austria",AUT,2023,Terrestrial,"Camelidae",-,"11349","",Animals,"1447",-,-
450,"Austria",AUT,2023,Terrestrial,"Rabbits / hares (mixed group)",-,"37303","",Animals,"4803",-,-
450,"Austria",AUT,2023,Terrestrial,"Cervidae",-,"51553","",Animals,"2134",-,-
450,"Austria",AUT,2023,Terrestrial,"Dogs",-,"617114","",Animals,"",-,-
450,"Austria",AUT,2023,Terrestrial,"Cats",-,"","",Animals,"",-,-
450,"Austria",AUT,2023,Terrestrial,"Bees",-,"35246","",Hives / Nests,"52104",-,-
40,"Azerbaijan",AZE,2023,Terrestrial,"Cattle","Adult beef cattle","165527","",Animals,"",-,-
40,"Azerbaijan",AZE,2023,Terrestrial,"Cattle","Adult dairy cattle","1395212","",Animals,"",-,-
40,"Azerbaijan",AZE,2023,Terrestrial,"Cattle","Calves (<1 year) (cattle)","600765","",Animals,"",-,-
40,"Azerbaijan",AZE,2023,Terrestrial,"Cattle","Males and females, 1-2 years, beef cattle","158786","",Animals,"",-,-
40,"Azerbaijan",AZE,2023,Terrestrial,"Cattle","Males and females, 1-2 years, dairy cattle","187429","",Animals,"",-,-
40,"Azerbaijan",AZE,2023,Terrestrial,"Cattle",-,"2507719","1366481",Animals,"537721","199","152787,1"
40,"Azerbaijan",AZE,2023,Terrestrial,"Swine","Adult (breeding) pigs","3905","",Animals,"",-,-
40,"Azerbaijan",AZE,2023,Terrestrial,"Swine",-,"4828","9493",Animals,"901","74","491,9"
40,"Azerbaijan",AZE,2023,Terrestrial,"Birds","Layer chickens","14122000","",Animals,"",-,-
40,"Azerbaijan",AZE,2023,Terrestrial,"Birds",-,"28698256","116520000",Animals,"811177","1,6","137500,7"
40,"Azerbaijan",AZE,2023,Terrestrial,"Sheep","Adult (sheep)","3874888","",Animals,"",-,-
40,"Azerbaijan",AZE,2023,Terrestrial,"Sheep",-,"6640708","",Animals,"284776",-,-
40,"Azerbaijan",AZE,2023,Terrestrial,"Goats","Adult (goats)","248806","",Animals,"",-,-
40,"Azerbaijan",AZE,2023,Terrestrial,"Goats",-,"419905","",Animals,"51322",-,-
40,"Azerbaijan",AZE,2023,Terrestrial,"Sheep / goats (mixed herd)",-,"","6092000",Animals,"","30,2","88946,4"
40,"Azerbaijan",AZE,2023,Terrestrial,"Buffaloes","Adult buffalo","63855","",Animals,"",-,-
40,"Azerbaijan",AZE,2023,Terrestrial,"Buffaloes","Calves (<1 year) (buffaloes)","28766","",Animals,"",-,-
40,"Azerbaijan",AZE,2023,Terrestrial,"Buffaloes",-,"108093","",Animals,"10754",-,-
40,"Azerbaijan",AZE,2023,Terrestrial,"Equidae","Donkeys","14924","",Animals,"",-,-
40,"Azerbaijan",AZE,2023,Terrestrial,"Equidae","Horses","53076","",Animals,"",-,-
40,"Azerbaijan",AZE,2023,Terrestrial,"Equidae","Mules / Hinnies","38","",Animals,"",-,-
40,"Azerbaijan",AZE,2023,Terrestrial,"Equidae",-,"68038","",Animals,"33670",-,-
40,"Azerbaijan",AZE,2023,Terrestrial,"Camelidae","Alpacas","75","",Animals,"2",-,-
40,"Azerbaijan",AZE,2023,Terrestrial,"Camelidae","Camels","361","",Animals,"4",-,-
40,"Azerbaijan",AZE,2023,Terrestrial,"Camelidae","Llamas","17","",Animals,"1",-,-
40,"Azerbaijan",AZE,2023,Terrestrial,"Camelidae",-,"453","",Animals,"7",-,-
40,"Azerbaijan",AZE,2023,Terrestrial,"Rabbits / hares (mixed group)","Hares","13689","",Animals,"",-,-
40,"Azerbaijan",AZE,2023,Terrestrial,"Rabbits / hares (mixed group)","Rabbits","836","",Animals,"",-,-
40,"Azerbaijan",AZE,2023,Terrestrial,"Rabbits / hares (mixed group)",-,"14525","",Animals,"",-,-
40,"Azerbaijan",AZE,2023,Terrestrial,"Cervidae",-,"1198","",Animals,"",-,-
40,"Azerbaijan",AZE,2023,Terrestrial,"Dogs",-,"218150","",Animals,"",-,-
40,"Azerbaijan",AZE,2023,Terrestrial,"Cats",-,"250048","",Animals,"",-,-
40,"Azerbaijan",AZE,2023,Terrestrial,"Bees",-,"597336","",Hives / Nests,"10866",-,-
261,"Bahrain",BHR,2023,Terrestrial,"Cattle",-,"6213","259",Animals,"266",-,-
261,"Bahrain",BHR,2023,Terrestrial,"Swine",-,"","",Animals,"",-,-
261,"Bahrain",BHR,2023,Terrestrial,"Birds",-,"","",Animals,"",-,-
261,"Bahrain",BHR,2023,Terrestrial,"Sheep",-,"","",Animals,"",-,-
261,"Bahrain",BHR,2023,Terrestrial,"Goats",-,"","",Animals,"",-,-
261,"Bahrain",BHR,2023,Terrestrial,"Sheep / goats (mixed herd)",-,"37068","37683",Animals,"413",-,-
261,"Bahrain",BHR,2023,Terrestrial,"Buffaloes",-,"12","",Animals,"1",-,-
261,"Bahrain",BHR,2023,Terrestrial,"Equidae",-,"5525","",Animals,"357",-,-
261,"Bahrain",BHR,2023,Terrestrial,"Camelidae",-,"3138","",Animals,"66",-,-
261,"Bahrain",BHR,2023,Terrestrial,"Rabbits / hares (mixed group)",-,"","",Animals,"",-,-
261,"Bahrain",BHR,2023,Terrestrial,"Cervidae",-,"3115","",Animals,"14",-,-
261,"Bahrain",BHR,2023,Terrestrial,"Dogs",-,"","",Animals,"",-,-
261,"Bahrain",BHR,2023,Terrestrial,"Cats",-,"","",Animals,"",-,-
261,"Bahrain",BHR,2023,Terrestrial,"Bees",-,"","",Hives / Nests,"",-,-
61,"Bangladesh",BGD,2023,Terrestrial,"Cattle",-,"24856000","13399072",Animals,"",-,"4384737"
61,"Bangladesh",BGD,2023,Terrestrial,"Swine",-,"","",Animals,"",-,-
61,"Bangladesh",BGD,2023,Terrestrial,"Birds",-,"385705000","",Animals,"",-,"4022784"
61,"Bangladesh",BGD,2023,Terrestrial,"Sheep",-,"3827000","1163189",Animals,"",-,"98614"
61,"Bangladesh",BGD,2023,Terrestrial,"Goats",-,"26945000","11493614",Animals,"",-,"808374"
61,"Bangladesh",BGD,2023,Terrestrial,"Sheep / goats (mixed herd)",-,"","",Animals,"",-,-
61,"Bangladesh",BGD,2023,Terrestrial,"Buffaloes",-,"1516000","583951",Animals,"",-,"287061"
61,"Bangladesh",BGD,2023,Terrestrial,"Equidae",-,"","",Animals,"",-,-
61,"Bangladesh",BGD,2023,Terrestrial,"Camelidae",-,"","",Animals,"",-,-
61,"Bangladesh",BGD,2023,Terrestrial,"Rabbits / hares (mixed group)",-,"","",Animals,"",-,-
61,"Bangladesh",BGD,2023,Terrestrial,"Cervidae",-,"","",Animals,"",-,-
61,"Bangladesh",BGD,2023,Terrestrial,"Dogs",-,"","",Animals,"",-,-
61,"Bangladesh",BGD,2023,Terrestrial,"Cats",-,"","",Animals,"",-,-
61,"Bangladesh",BGD,2023,Terrestrial,"Bees",-,"","",Hives / Nests,"",-,-
163,"Barbados",BRB,2023,Terrestrial,"Cattle",-,"5000","",Animals,"",-,-
163,"Barbados",BRB,2023,Terrestrial,"Swine",-,"5000","",Animals,"",-,-
163,"Barbados",BRB,2023,Terrestrial,"Birds",-,"8000000","",Animals,"",-,-
163,"Barbados",BRB,2023,Terrestrial,"Sheep",-,"20000","",Animals,"",-,-
163,"Barbados",BRB,2023,Terrestrial,"Goats",-,"2000","",Animals,"",-,-
163,"Barbados",BRB,2023,Terrestrial,"Sheep / goats (mixed herd)",-,"","",Animals,"",-,-
163,"Barbados",BRB,2023,Terrestrial,"Buffaloes",-,"0","0",Animals,"0","0","0"
163,"Barbados",BRB,2023,Terrestrial,"Equidae",-,"1000","0",Animals,"",-,"0"
163,"Barbados",BRB,2023,Terrestrial,"Camelidae",-,"0","0",Animals,"0","0","0"
163,"Barbados",BRB,2023,Terrestrial,"Rabbits / hares (mixed group)","Rabbits","1700","",Animals,"",-,-
163,"Barbados",BRB,2023,Terrestrial,"Rabbits / hares (mixed group)",-,"1700","",Animals,"",-,-
163,"Barbados",BRB,2023,Terrestrial,"Cervidae",-,"10","0",Animals,"1",-,"0"
163,"Barbados",BRB,2023,Terrestrial,"Dogs",-,"","",Animals,"",-,-
163,"Barbados",BRB,2023,Terrestrial,"Cats",-,"","",Animals,"",-,-
163,"Barbados",BRB,2023,Terrestrial,"Bees",-,"525","",Hives / Nests,"75",-,-
79,"Belgium",BEL,2023,Terrestrial,"Cattle",-,"2269502","",Animals,"",-,-
79,"Belgium",BEL,2023,Terrestrial,"Swine",-,"5606859","",Animals,"",-,-
79,"Belgium",BEL,2023,Terrestrial,"Birds",-,"91212769","",Animals,"",-,-
79,"Belgium",BEL,2023,Terrestrial,"Sheep",-,"223693","",Animals,"",-,-
79,"Belgium",BEL,2023,Terrestrial,"Goats",-,"121503","",Animals,"",-,-
79,"Belgium",BEL,2023,Terrestrial,"Sheep / goats (mixed herd)",-,"","",Animals,"",-,-
79,"Belgium",BEL,2023,Terrestrial,"Buffaloes",-,"","",Animals,"",-,-
79,"Belgium",BEL,2023,Terrestrial,"Equidae","Donkeys","18477","",Animals,"",-,-
79,"Belgium",BEL,2023,Terrestrial,"Equidae","Horses","328614","",Animals,"",-,-
79,"Belgium",BEL,2023,Terrestrial,"Equidae","Mules / Hinnies","13","",Animals,"",-,-
79,"Belgium",BEL,2023,Terrestrial,"Equidae",-,"347104","",Animals,"",-,-
79,"Belgium",BEL,2023,Terrestrial,"Camelidae",-,"828","",Animals,"",-,-
79,"Belgium",BEL,2023,Terrestrial,"Rabbits / hares (mixed group)",-,"","",Animals,"",-,-
79,"Belgium",BEL,2023,Terrestrial,"Cervidae",-,"9729","",Animals,"",-,-
79,"Belgium",BEL,2023,Terrestrial,"Dogs",-,"2029000","",Animals,"",-,-
79,"Belgium",BEL,2023,Terrestrial,"Cats",-,"2536000","",Animals,"",-,-
79,"Belgium",BEL,2023,Terrestrial,"Bees",-,"74534","",Hives / Nests,"",-,-
351,"Belize",BLZ,2023,Terrestrial,"Cattle","Adult beef cattle","185737","",Animals,"",-,-
351,"Belize",BLZ,2023,Terrestrial,"Cattle","Adult dairy cattle","4746","",Animals,"",-,-
351,"Belize",BLZ,2023,Terrestrial,"Cattle",-,"190483","9266",Animals,"6663",-,-
351,"Belize",BLZ,2023,Terrestrial,"Swine",-,"16310","42180",Animals,"428",-,"4017,8"
351,"Belize",BLZ,2023,Terrestrial,"Birds","Broiler chickens","14657336","",Animals,"",-,-
351,"Belize",BLZ,2023,Terrestrial,"Birds","Turkeys","48615","",Animals,"",-,-
351,"Belize",BLZ,2023,Terrestrial,"Birds",-,"","12483782",Animals,"",-,"22088,7"
351,"Belize",BLZ,2023,Terrestrial,"Sheep",-,"17323","",Animals,"",-,-
351,"Belize",BLZ,2023,Terrestrial,"Goats",-,"","",Animals,"",-,-
351,"Belize",BLZ,2023,Terrestrial,"Sheep / goats (mixed herd)",-,"","",Animals,"",-,-
351,"Belize",BLZ,2023,Terrestrial,"Buffaloes",-,"","",Animals,"",-,-
351,"Belize",BLZ,2023,Terrestrial,"Equidae",-,"","",Animals,"",-,-
351,"Belize",BLZ,2023,Terrestrial,"Camelidae",-,"","",Animals,"",-,-
351,"Belize",BLZ,2023,Terrestrial,"Rabbits / hares (mixed group)",-,"","",Animals,"",-,-
351,"Belize",BLZ,2023,Terrestrial,"Cervidae",-,"","",Animals,"",-,-
351,"Belize",BLZ,2023,Terrestrial,"Dogs",-,"","",Animals,"",-,-
351,"Belize",BLZ,2023,Terrestrial,"Cats",-,"","",Animals,"",-,-
351,"Belize",BLZ,2023,Terrestrial,"Bees",-,"3264","",Hives / Nests,"262",-,-
96,"Bolivia",BOL,2023,Terrestrial,"Cattle",-,"9314727","",Animals,"82840",-,-
96,"Bolivia",BOL,2023,Terrestrial,"Swine",-,"3148871","",Animals,"20043",-,-
96,"Bolivia",BOL,2023,Terrestrial,"Birds",-,"83059853","",Animals,"3094",-,-
96,"Bolivia",BOL,2023,Terrestrial,"Sheep",-,"4100679","",Animals,"22092",-,-
96,"Bolivia",BOL,2023,Terrestrial,"Goats",-,"1188521","",Animals,"6940",-,-
96,"Bolivia",BOL,2023,Terrestrial,"Sheep / goats (mixed herd)",-,"","",Animals,"",-,-
96,"Bolivia",BOL,2023,Terrestrial,"Buffaloes",-,"40569","",Animals,"397",-,-
96,"Bolivia",BOL,2023,Terrestrial,"Equidae",-,"153296","",Animals,"18190",-,-
96,"Bolivia",BOL,2023,Terrestrial,"Camelidae",-,"2548144","",Animals,"7425",-,-
96,"Bolivia",BOL,2023,Terrestrial,"Rabbits / hares (mixed group)",-,"","",Animals,"",-,-
96,"Bolivia",BOL,2023,Terrestrial,"Cervidae",-,"","",Animals,"",-,-
96,"Bolivia",BOL,2023,Terrestrial,"Dogs",-,"","",Animals,"",-,-
96,"Bolivia",BOL,2023,Terrestrial,"Cats",-,"","",Animals,"",-,-
96,"Bolivia",BOL,2023,Terrestrial,"Bees",-,"43677","",Hives / Nests,"4418",-,-
43,"Bosnia and Herzegovina",BIH,2023,Terrestrial,"Cattle",-,"330000","40044",Animals,"",-,-
43,"Bosnia and Herzegovina",BIH,2023,Terrestrial,"Swine",-,"401000","",Animals,"",-,"93236"
43,"Bosnia and Herzegovina",BIH,2023,Terrestrial,"Birds","Layer chickens","4003000","",Animals,"",-,-
43,"Bosnia and Herzegovina",BIH,2023,Terrestrial,"Birds",-,"13675000","",Animals,"",-,-
43,"Bosnia and Herzegovina",BIH,2023,Terrestrial,"Sheep",-,"1004000","",Animals,"",-,-
43,"Bosnia and Herzegovina",BIH,2023,Terrestrial,"Goats",-,"51000","",Animals,"",-,-
43,"Bosnia and Herzegovina",BIH,2023,Terrestrial,"Sheep / goats (mixed herd)",-,"","",Animals,"",-,-
43,"Bosnia and Herzegovina",BIH,2023,Terrestrial,"Buffaloes",-,"0","0",Animals,"0","0","0"
43,"Bosnia and Herzegovina",BIH,2023,Terrestrial,"Equidae",-,"3000","",Animals,"",-,-
43,"Bosnia and Herzegovina",BIH,2023,Terrestrial,"Camelidae",-,"0","0",Animals,"0","0","0"
43,"Bosnia and Herzegovina",BIH,2023,Terrestrial,"Rabbits / hares (mixed group)",-,"","",Animals,"",-,-
43,"Bosnia and Herzegovina",BIH,2023,Terrestrial,"Cervidae",-,"","",Animals,"",-,-
43,"Bosnia and Herzegovina",BIH,2023,Terrestrial,"Dogs",-,"186218","",Animals,"",-,-
43,"Bosnia and Herzegovina",BIH,2023,Terrestrial,"Cats",-,"17559","",Animals,"",-,-
43,"Bosnia and Herzegovina",BIH,2023,Terrestrial,"Bees",-,"313000","",Hives / Nests,"",-,-
72,"Botswana",BWA,2023,Terrestrial,"Cattle","Adult beef cattle","1400000","248338",Animals,"87","400","49668"
72,"Botswana",BWA,2023,Terrestrial,"Cattle","Adult dairy cattle","","0",Animals,"0","400","0"
72,"Botswana",BWA,2023,Terrestrial,"Cattle","Males and females, 1-2 years, beef cattle","","",Animals,"0",-,-
72,"Botswana",BWA,2023,Terrestrial,"Cattle","Males and females, 1-2 years, dairy cattle","","0",Animals,"0","150","0"
72,"Botswana",BWA,2023,Terrestrial,"Cattle",-,"1900000","248338",Animals,"87","400","49668"
72,"Botswana",BWA,2023,Terrestrial,"Swine","Adult (breeding) pigs","","",Animals,"","350",-
72,"Botswana",BWA,2023,Terrestrial,"Swine","Fatteners","","",Animals,"","150",-
72,"Botswana",BWA,2023,Terrestrial,"Swine","Piglets (pre-weaning)","","0",Animals,"0","20","0"
72,"Botswana",BWA,2023,Terrestrial,"Swine",-,"4398","",Animals,"","350",-
72,"Botswana",BWA,2023,Terrestrial,"Birds","Backyard poultry","0","0",Animals,"0","0","0"
72,"Botswana",BWA,2023,Terrestrial,"Birds","Broiler chickens","32522614","248338",Animals,"8","1,7","397338"
72,"Botswana",BWA,2023,Terrestrial,"Birds","Ducks","0","0",Animals,"0","0","0"
72,"Botswana",BWA,2023,Terrestrial,"Birds","Layer chickens","652000","0",Animals,"0","1,6","0"
72,"Botswana",BWA,2023,Terrestrial,"Birds","Other birds","0","0",Animals,"0","0","0"
72,"Botswana",BWA,2023,Terrestrial,"Birds","Turkeys","0","0",Animals,"0","0","0"
72,"Botswana",BWA,2023,Terrestrial,"Birds",-,"33174614","248338",Animals,"8","2","397338"
72,"Botswana",BWA,2023,Terrestrial,"Sheep","Adult (sheep)","145460","5336",Animals,"29","50","133"
72,"Botswana",BWA,2023,Terrestrial,"Sheep",-,"242432","5336",Animals,"29","50","133"
72,"Botswana",BWA,2023,Terrestrial,"Goats","Adult (goats)","700000","10759",Animals,"29","50","269"
72,"Botswana",BWA,2023,Terrestrial,"Goats",-,"1200000","10759",Animals,"29","50","269"
72,"Botswana",BWA,2023,Terrestrial,"Sheep / goats (mixed herd)",-,"","",Animals,"",-,-
72,"Botswana",BWA,2023,Terrestrial,"Buffaloes",-,"29300","",Animals,"","400",-
72,"Botswana",BWA,2023,Terrestrial,"Equidae",-,"","",Animals,"",-,-
72,"Botswana",BWA,2023,Terrestrial,"Camelidae",-,"","",Animals,"",-,-
72,"Botswana",BWA,2023,Terrestrial,"Rabbits / hares (mixed group)",-,"","",Animals,"",-,-
72,"Botswana",BWA,2023,Terrestrial,"Cervidae",-,"","",Animals,"",-,-
72,"Botswana",BWA,2023,Terrestrial,"Dogs",-,"202000","",Animals,"",-,-
72,"Botswana",BWA,2023,Terrestrial,"Cats",-,"","",Animals,"",-,-
72,"Botswana",BWA,2023,Terrestrial,"Bees",-,"1558","",Hives / Nests,"678",-,-
77,"Brazil",BRA,2023,Terrestrial,"Cattle",-,"241539315","31672549",Animals,"2726189",-,-
77,"Brazil",BRA,2023,Terrestrial,"Swine","Backyard pigs","9230549","",Animals,"758682",-,-
77,"Brazil",BRA,2023,Terrestrial,"Swine",-,"42457217","51112400",Animals,"779126",-,-
77,"Brazil",BRA,2023,Terrestrial,"Birds","Broiler chickens","2106399385","",Animals,"61380",-,-
77,"Brazil",BRA,2023,Terrestrial,"Birds","Layer chickens","732390893","",Animals,"8224",-,-
77,"Brazil",BRA,2023,Terrestrial,"Birds",-,"3015142649","5799230417",Animals,"335702",-,-
77,"Brazil",BRA,2023,Terrestrial,"Sheep",-,"26316540","",Animals,"609689",-,-
77,"Brazil",BRA,2023,Terrestrial,"Goats",-,"13674101","",Animals,"361451",-,-
77,"Brazil",BRA,2023,Terrestrial,"Sheep / goats (mixed herd)",-,"","",Animals,"",-,-
77,"Brazil",BRA,2023,Terrestrial,"Buffaloes",-,"1669924","",Animals,"19771",-,-
77,"Brazil",BRA,2023,Terrestrial,"Equidae","Donkeys","307510","",Animals,"",-,-
77,"Brazil",BRA,2023,Terrestrial,"Equidae","Horses","4758248","",Animals,"",-,-
77,"Brazil",BRA,2023,Terrestrial,"Equidae","Mules / Hinnies","820694","",Animals,"",-,-
77,"Brazil",BRA,2023,Terrestrial,"Equidae",-,"5886452","57485",Animals,"1352749",-,-
77,"Brazil",BRA,2023,Terrestrial,"Camelidae",-,"","",Animals,"",-,-
77,"Brazil",BRA,2023,Terrestrial,"Rabbits / hares (mixed group)",-,"","",Animals,"",-,-
77,"Brazil",BRA,2023,Terrestrial,"Cervidae",-,"","",Animals,"",-,-
77,"Brazil",BRA,2023,Terrestrial,"Dogs",-,"20454747","",Animals,"",-,-
77,"Brazil",BRA,2023,Terrestrial,"Cats",-,"5113687","",Animals,"",-,-
77,"Brazil",BRA,2023,Terrestrial,"Bees",-,"3013050","",Hives / Nests,"66401",-,-
215,"Cambodia",KHM,2023,Terrestrial,"Cattle","Adult beef cattle","3020258","",Animals,"",-,-
215,"Cambodia",KHM,2023,Terrestrial,"Cattle","Males and females, 1-2 years, beef cattle","34838","",Animals,"91",-,-
215,"Cambodia",KHM,2023,Terrestrial,"Cattle",-,"","",Animals,"",-,-
215,"Cambodia",KHM,2023,Terrestrial,"Swine","Adult (breeding) pigs","458444","",Animals,"94",-,-
215,"Cambodia",KHM,2023,Terrestrial,"Swine","Backyard pigs","1239350","",Animals,"",-,-
215,"Cambodia",KHM,2023,Terrestrial,"Swine","Fatteners","1886209","",Animals,"520",-,-
215,"Cambodia",KHM,2023,Terrestrial,"Swine",-,"","",Animals,"",-,-
215,"Cambodia",KHM,2023,Terrestrial,"Birds","Backyard poultry","23960093","",Animals,"",-,-
215,"Cambodia",KHM,2023,Terrestrial,"Birds","Broiler chickens","22947000","",Animals,"611",-,-
215,"Cambodia",KHM,2023,Terrestrial,"Birds","Ducks","7366723","",Animals,"",-,-
215,"Cambodia",KHM,2023,Terrestrial,"Birds","Layer chickens","556107","",Animals,"38",-,-
215,"Cambodia",KHM,2023,Terrestrial,"Birds",-,"","",Animals,"",-,-
215,"Cambodia",KHM,2023,Terrestrial,"Sheep","Adult (sheep)","4298","",Animals,"",-,-
215,"Cambodia",KHM,2023,Terrestrial,"Sheep",-,"","",Animals,"",-,-
215,"Cambodia",KHM,2023,Terrestrial,"Goats","Adult (goats)","51634","",Animals,"",-,-
215,"Cambodia",KHM,2023,Terrestrial,"Goats",-,"","",Animals,"",-,-
215,"Cambodia",KHM,2023,Terrestrial,"Sheep / goats (mixed herd)",-,"","",Animals,"",-,-
215,"Cambodia",KHM,2023,Terrestrial,"Buffaloes","Adult buffalo","431317","",Animals,"",-,-
215,"Cambodia",KHM,2023,Terrestrial,"Buffaloes",-,"","",Animals,"",-,-
215,"Cambodia",KHM,2023,Terrestrial,"Equidae","Horses","2782","",Animals,"",-,-
215,"Cambodia",KHM,2023,Terrestrial,"Equidae",-,"","",Animals,"",-,-
215,"Cambodia",KHM,2023,Terrestrial,"Camelidae",-,"","",Animals,"",-,-
215,"Cambodia",KHM,2023,Terrestrial,"Rabbits / hares (mixed group)","Rabbits","2342","",Animals,"",-,-
215,"Cambodia",KHM,2023,Terrestrial,"Rabbits / hares (mixed group)",-,"","",Animals,"",-,-
215,"Cambodia",KHM,2023,Terrestrial,"Cervidae",-,"","",Animals,"",-,-
215,"Cambodia",KHM,2023,Terrestrial,"Dogs",-,"1336017","",Animals,"",-,-
215,"Cambodia",KHM,2023,Terrestrial,"Cats",-,"615662","",Animals,"",-,-
215,"Cambodia",KHM,2023,Terrestrial,"Bees",-,"1200","",Hives / Nests,"7",-,-
20,"Canada",CAN,2023,Terrestrial,"Cattle","Adult beef cattle","3769700","",Animals,"",-,-
20,"Canada",CAN,2023,Terrestrial,"Cattle","Adult dairy cattle","973000","",Animals,"",-,-
20,"Canada",CAN,2023,Terrestrial,"Cattle","Calves (<1 year) (cattle)","3880400","",Animals,"",-,-
20,"Canada",CAN,2023,Terrestrial,"Cattle","Males and females, 1-2 years, beef cattle","3021800","",Animals,"",-,-
20,"Canada",CAN,2023,Terrestrial,"Cattle","Males and females, 1-2 years, dairy cattle","465100","",Animals,"",-,-
20,"Canada",CAN,2023,Terrestrial,"Cattle",-,"12110000","3145491",Animals,"72115","671","1326150"
20,"Canada",CAN,2023,Terrestrial,"Swine","Adult (breeding) pigs","1243700","",Animals,"",-,-
20,"Canada",CAN,2023,Terrestrial,"Swine",-,"29914900","21761208",Animals,"7170","135","2288460"
20,"Canada",CAN,2023,Terrestrial,"Birds","Backyard poultry","","",Animals,"18434",-,-
20,"Canada",CAN,2023,Terrestrial,"Birds","Broiler chickens","803070000","781378022",Animals,"3165",-,-
20,"Canada",CAN,2023,Terrestrial,"Birds","Ducks","","5959451",Animals,"114",-,-
20,"Canada",CAN,2023,Terrestrial,"Birds","Layer chickens","44351563","24722539",Animals,"1272",-,-
20,"Canada",CAN,2023,Terrestrial,"Birds","Other birds","","24688",Animals,"",-,-
20,"Canada",CAN,2023,Terrestrial,"Birds","Turkeys","20515000","20481521",Animals,"562",-,-
20,"Canada",CAN,2023,Terrestrial,"Birds",-,"","832566221",Animals,"23547",-,-
20,"Canada",CAN,2023,Terrestrial,"Sheep","Adult (sheep)","533400","",Animals,"",-,-
20,"Canada",CAN,2023,Terrestrial,"Sheep","Lambs (<6 months) (sheep)","514900","",Animals,"",-,-
20,"Canada",CAN,2023,Terrestrial,"Sheep",-,"1048300","607000",Animals,"8487",-,"17520"
20,"Canada",CAN,2023,Terrestrial,"Goats",-,"253278","99503",Animals,"4801",-,-
20,"Canada",CAN,2023,Terrestrial,"Sheep / goats (mixed herd)",-,"","",Animals,"",-,-
20,"Canada",CAN,2023,Terrestrial,"Buffaloes",-,"150000","",Animals,"1000",-,-
20,"Canada",CAN,2023,Terrestrial,"Equidae",-,"510000","",Animals,"",-,-
20,"Canada",CAN,2023,Terrestrial,"Camelidae",-,"12600","",Animals,"1500",-,-
20,"Canada",CAN,2023,Terrestrial,"Rabbits / hares (mixed group)",-,"155000","",Animals,"1500",-,-
20,"Canada",CAN,2023,Terrestrial,"Cervidae",-,"30000","",Animals,"500",-,-
20,"Canada",CAN,2023,Terrestrial,"Dogs",-,"7900000","",Animals,"",-,-
20,"Canada",CAN,2023,Terrestrial,"Cats",-,"8500000","",Animals,"",-,-
20,"Canada",CAN,2023,Terrestrial,"Bees",-,"795000","",Hives / Nests,"15000",-,-
262,"China (People's Rep. of)",CHN,2023,Terrestrial,"Cattle","Adult beef cattle","92754794","",Animals,"",-,-
262,"China (People's Rep. of)",CHN,2023,Terrestrial,"Cattle","Adult dairy cattle","12330307","",Animals,"",-,-
262,"China (People's Rep. of)",CHN,2023,Terrestrial,"Cattle",-,"105085102","",Animals,"",-,-
262,"China (People's Rep. of)",CHN,2023,Terrestrial,"Swine",-,"434222700","380286206",Animals,"",-,-
262,"China (People's Rep. of)",CHN,2023,Terrestrial,"Birds",-,"6784216309","",Animals,"",-,-
262,"China (People's Rep. of)",CHN,2023,Terrestrial,"Sheep",-,"192983737","",Animals,"",-,-
262,"China (People's Rep. of)",CHN,2023,Terrestrial,"Goats",-,"129342029","",Animals,"",-,-
262,"China (People's Rep. of)",CHN,2023,Terrestrial,"Sheep / goats (mixed herd)",-,"","",Animals,"",-,-
262,"China (People's Rep. of)",CHN,2023,Terrestrial,"Buffaloes",-,"","",Animals,"",-,-
262,"China (People's Rep. of)",CHN,2023,Terrestrial,"Equidae","Donkeys","1460017","",Animals,"",-,-
262,"China (People's Rep. of)",CHN,2023,Terrestrial,"Equidae","Horses","3590624","",Animals,"",-,-
262,"China (People's Rep. of)",CHN,2023,Terrestrial,"Equidae","Mules / Hinnies","438123","",Animals,"",-,-
262,"China (People's Rep. of)",CHN,2023,Terrestrial,"Equidae",-,"","",Animals,"",-,-
262,"China (People's Rep. of)",CHN,2023,Terrestrial,"Camelidae","Camels","579725","",Animals,"",-,-
262,"China (People's Rep. of)",CHN,2023,Terrestrial,"Camelidae",-,"","",Animals,"",-,-
262,"China (People's Rep. of)",CHN,2023,Terrestrial,"Rabbits / hares (mixed group)",-,"99204059","",Animals,"",-,-
262,"China (People's Rep. of)",CHN,2023,Terrestrial,"Cervidae",-,"","",Animals,"",-,-
262,"China (People's Rep. of)",CHN,2023,Terrestrial,"Dogs",-,"","",Animals,"",-,-
262,"China (People's Rep. of)",CHN,2023,Terrestrial,"Cats",-,"","",Animals,"",-,-
262,"China (People's Rep. of)",CHN,2023,Terrestrial,"Bees",-,"","",Hives / Nests,"",-,-
32,"Chinese Taipei",TWN,2023,Terrestrial,"Cattle",-,"156021","41540",Animals,"1540","550","8311,7"
32,"Chinese Taipei",TWN,2023,Terrestrial,"Swine","Adult (breeding) pigs","1960404","",Animals,"",-,-
32,"Chinese Taipei",TWN,2023,Terrestrial,"Swine","Fatteners","2630853","",Animals,"",-,-
32,"Chinese Taipei",TWN,2023,Terrestrial,"Swine","Piglets (pre-weaning)","727946","",Animals,"",-,-
32,"Chinese Taipei",TWN,2023,Terrestrial,"Swine",-,"5319203","7484199",Animals,"5804","126,9","783663"
32,"Chinese Taipei",TWN,2023,Terrestrial,"Birds","Broiler chickens","55255813","358186883",Animals,"3810","2,3","631845,7"
32,"Chinese Taipei",TWN,2023,Terrestrial,"Birds","Ducks","7454208","33881541",Animals,"2666","3","77231,8"
32,"Chinese Taipei",TWN,2023,Terrestrial,"Birds","Layer chickens","45712879","15565479",Animals,"2204","1,5","15876,8"
32,"Chinese Taipei",TWN,2023,Terrestrial,"Birds","Other birds","968344","3894118",Animals,"690","5,4","15805,9"
32,"Chinese Taipei",TWN,2023,Terrestrial,"Birds","Turkeys","70982","108488",Animals,"70","18","1718,5"
32,"Chinese Taipei",TWN,2023,Terrestrial,"Birds",-,"","",Animals,"",-,-
32,"Chinese Taipei",TWN,2023,Terrestrial,"Sheep",-,"","",Animals,"",-,-
32,"Chinese Taipei",TWN,2023,Terrestrial,"Goats",-,"115974","41345",Animals,"1510","63,8","1160,1"
32,"Chinese Taipei",TWN,2023,Terrestrial,"Sheep / goats (mixed herd)",-,"","",Animals,"",-,-
32,"Chinese Taipei",TWN,2023,Terrestrial,"Buffaloes",-,"","",Animals,"",-,-
32,"Chinese Taipei",TWN,2023,Terrestrial,"Equidae","Horses","1393","",Animals,"118",-,-
32,"Chinese Taipei",TWN,2023,Terrestrial,"Equidae",-,"","",Animals,"",-,-
32,"Chinese Taipei",TWN,2023,Terrestrial,"Camelidae",-,"","",Animals,"",-,-
32,"Chinese Taipei",TWN,2023,Terrestrial,"Rabbits / hares (mixed group)","Rabbits","3578","",Animals,"21",-,-
32,"Chinese Taipei",TWN,2023,Terrestrial,"Rabbits / hares (mixed group)",-,"","",Animals,"",-,-
32,"Chinese Taipei",TWN,2023,Terrestrial,"Cervidae","Cervidae: other","11504","",Animals,"420",-,-
32,"Chinese Taipei",TWN,2023,Terrestrial,"Cervidae","Cervidae: Sika deer + Rusa deer + Fallow deer","1835","",Animals,"103",-,-
32,"Chinese Taipei",TWN,2023,Terrestrial,"Cervidae",-,"13339","1081",Animals,"",-,-
32,"Chinese Taipei",TWN,2023,Terrestrial,"Dogs",-,"1480637","",Animals,"",-,-
32,"Chinese Taipei",TWN,2023,Terrestrial,"Cats",-,"1311449","",Animals,"",-,-
32,"Chinese Taipei",TWN,2023,Terrestrial,"Bees",-,"161557","",Hives / Nests,"1131",-,-
68,"Colombia",COL,2023,Terrestrial,"Cattle","Adult beef cattle","","3132429",Animals,"",-,"699362"
68,"Colombia",COL,2023,Terrestrial,"Cattle","Calves (<1 year) (cattle)","6496310","",Animals,"",-,-
68,"Colombia",COL,2023,Terrestrial,"Cattle",-,"29642539","3132429",Animals,"620807",-,"699362"
68,"Colombia",COL,2023,Terrestrial,"Swine","Backyard pigs","1011131","",Animals,"150300",-,-
68,"Colombia",COL,2023,Terrestrial,"Swine",-,"10669335","5759635",Animals,"192673",-,"550546"
68,"Colombia",COL,2023,Terrestrial,"Birds","Backyard poultry","9208891","",Animals,"467803",-,-
68,"Colombia",COL,2023,Terrestrial,"Birds",-,"215217692","1135706250",Animals,"473961",-,"1817130"
68,"Colombia",COL,2023,Terrestrial,"Sheep",-,"1819247","12565",Animals,"",-,"201"
68,"Colombia",COL,2023,Terrestrial,"Goats",-,"1155721","7384",Animals,"",-,"125"
68,"Colombia",COL,2023,Terrestrial,"Sheep / goats (mixed herd)",-,"","",Animals,"",-,-
68,"Colombia",COL,2023,Terrestrial,"Buffaloes","Adult buffalo","375238","51485",Animals,"",-,"13961"
68,"Colombia",COL,2023,Terrestrial,"Buffaloes","Calves (<1 year) (buffaloes)","109903","",Animals,"",-,-
68,"Colombia",COL,2023,Terrestrial,"Buffaloes",-,"485141","51485",Animals,"6033",-,"13961"
68,"Colombia",COL,2023,Terrestrial,"Equidae",-,"1575512","43594",Animals,"",-,"5311"
68,"Colombia",COL,2023,Terrestrial,"Camelidae",-,"","",Animals,"",-,-
68,"Colombia",COL,2023,Terrestrial,"Rabbits / hares (mixed group)",-,"","",Animals,"",-,-
68,"Colombia",COL,2023,Terrestrial,"Cervidae",-,"","",Animals,"",-,-
68,"Colombia",COL,2023,Terrestrial,"Dogs",-,"","",Animals,"",-,-
68,"Colombia",COL,2023,Terrestrial,"Cats",-,"","",Animals,"",-,-
68,"Colombia",COL,2023,Terrestrial,"Bees",-,"","",Hives / Nests,"",-,-
63,"Cook Islands",COK,2023,Terrestrial,"Cattle","Adult beef cattle","","21",Animals,"",-,-
63,"Cook Islands",COK,2023,Terrestrial,"Cattle",-,"188","21",Animals,"",-,-
63,"Cook Islands",COK,2023,Terrestrial,"Swine","Adult (breeding) pigs","3289","761",Animals,"","60","46"
63,"Cook Islands",COK,2023,Terrestrial,"Swine","Backyard pigs","2584","2681",Animals,"","35","94"
63,"Cook Islands",COK,2023,Terrestrial,"Swine","Fatteners","1204","932",Animals,"","25","23"
63,"Cook Islands",COK,2023,Terrestrial,"Swine","Piglets (pre-weaning)","2983","80",Animals,"","10","1"
63,"Cook Islands",COK,2023,Terrestrial,"Swine",-,"10060","4454",Animals,"",-,-
63,"Cook Islands",COK,2023,Terrestrial,"Birds","Turkeys","0","0",Animals,"0","0","0"
63,"Cook Islands",COK,2023,Terrestrial,"Birds",-,"","",Animals,"",-,-
63,"Cook Islands",COK,2023,Terrestrial,"Sheep",-,"0","0",Animals,"0","0","0"
63,"Cook Islands",COK,2023,Terrestrial,"Goats","Adult (goats)","","203",Animals,"",-,-
63,"Cook Islands",COK,2023,Terrestrial,"Goats","Kids (<6 months) (goats)","","13",Animals,"",-,-
63,"Cook Islands",COK,2023,Terrestrial,"Goats",-,"2347","216",Animals,"",-,-
63,"Cook Islands",COK,2023,Terrestrial,"Sheep / goats (mixed herd)",-,"0","0",Animals,"0","0","0"
63,"Cook Islands",COK,2023,Terrestrial,"Buffaloes",-,"0","0",Animals,"0","0","0"
63,"Cook Islands",COK,2023,Terrestrial,"Equidae","Horses","1","0",Animals,"1","450","0"
63,"Cook Islands",COK,2023,Terrestrial,"Equidae",-,"1","0",Animals,"1","450","0"
63,"Cook Islands",COK,2023,Terrestrial,"Camelidae",-,"0","0",Animals,"0","0","0"
63,"Cook Islands",COK,2023,Terrestrial,"Rabbits / hares (mixed group)",-,"0","0",Animals,"0","0","0"
63,"Cook Islands",COK,2023,Terrestrial,"Cervidae",-,"0","0",Animals,"0","0","0"
63,"Cook Islands",COK,2023,Terrestrial,"Dogs",-,"4952","",Animals,"",-,-
63,"Cook Islands",COK,2023,Terrestrial,"Cats",-,"10200","",Animals,"",-,-
63,"Cook Islands",COK,2023,Terrestrial,"Bees",-,"","",Hives / Nests,"",-,-
95,"Costa Rica",CRI,2023,Terrestrial,"Cattle","Adult beef cattle","589621","",Animals,"15187","510",-
95,"Costa Rica",CRI,2023,Terrestrial,"Cattle","Adult dairy cattle","124532","",Animals,"1460","340",-
95,"Costa Rica",CRI,2023,Terrestrial,"Cattle","Calves (<1 year) (cattle)","348088","",Animals,"14275","270",-
95,"Costa Rica",CRI,2023,Terrestrial,"Cattle","Males and females, 1-2 years, beef cattle","450876","",Animals,"5023","280",-
95,"Costa Rica",CRI,2023,Terrestrial,"Cattle","Males and females, 1-2 years, dairy cattle","37251","",Animals,"170","260",-
95,"Costa Rica",CRI,2023,Terrestrial,"Cattle",-,"1550368","377307",Animals,"39562",-,-
95,"Costa Rica",CRI,2023,Terrestrial,"Swine","Adult (breeding) pigs","58283","",Animals,"1483","240,8",-
95,"Costa Rica",CRI,2023,Terrestrial,"Swine","Backyard pigs","39330","",Animals,"12462","80",-
95,"Costa Rica",CRI,2023,Terrestrial,"Swine","Fatteners","400239","",Animals,"1494","96,3",-
95,"Costa Rica",CRI,2023,Terrestrial,"Swine","Piglets (pre-weaning)","75912","",Animals,"780","5,5",-
95,"Costa Rica",CRI,2023,Terrestrial,"Swine",-,"573764","916624",Animals,"16219","110","77638"
95,"Costa Rica",CRI,2023,Terrestrial,"Birds","Backyard poultry","829958","",Animals,"35911",-,-
95,"Costa Rica",CRI,2023,Terrestrial,"Birds","Broiler chickens","15834006","",Animals,"267","2,4",-
95,"Costa Rica",CRI,2023,Terrestrial,"Birds","Ducks","549","",Animals,"1",-,-
95,"Costa Rica",CRI,2023,Terrestrial,"Birds","Layer chickens","6043202","",Animals,"491","2",-
95,"Costa Rica",CRI,2023,Terrestrial,"Birds","Other birds","1786127","",Animals,"80",-,-
95,"Costa Rica",CRI,2023,Terrestrial,"Birds","Turkeys","500","",Animals,"2",-,-
95,"Costa Rica",CRI,2023,Terrestrial,"Birds",-,"24494342","87160832",Animals,"36752","2,3","150352"
95,"Costa Rica",CRI,2023,Terrestrial,"Sheep",-,"9165","",Animals,"530",-,-
95,"Costa Rica",CRI,2023,Terrestrial,"Goats",-,"2228","",Animals,"572",-,-
95,"Costa Rica",CRI,2023,Terrestrial,"Sheep / goats (mixed herd)",-,"","",Animals,"",-,-
95,"Costa Rica",CRI,2023,Terrestrial,"Buffaloes",-,"6236","",Animals,"119",-,-
95,"Costa Rica",CRI,2023,Terrestrial,"Equidae","Donkeys","1357","",Animals,"",-,-
95,"Costa Rica",CRI,2023,Terrestrial,"Equidae","Horses","66956","",Animals,"",-,-
95,"Costa Rica",CRI,2023,Terrestrial,"Equidae","Mules / Hinnies","2714","",Animals,"",-,-
95,"Costa Rica",CRI,2023,Terrestrial,"Equidae",-,"75401","",Animals,"20003",-,-
95,"Costa Rica",CRI,2023,Terrestrial,"Camelidae",-,"","",Animals,"",-,-
95,"Costa Rica",CRI,2023,Terrestrial,"Rabbits / hares (mixed group)",-,"","",Animals,"",-,-
95,"Costa Rica",CRI,2023,Terrestrial,"Cervidae",-,"","",Animals,"",-,-
95,"Costa Rica",CRI,2023,Terrestrial,"Dogs",-,"2222032","",Animals,"",-,-
95,"Costa Rica",CRI,2023,Terrestrial,"Cats",-,"","",Animals,"",-,-
95,"Costa Rica",CRI,2023,Terrestrial,"Bees",-,"41257","",Hives / Nests,"1394",-,-
19,"Croatia",HRV,2023,Terrestrial,"Cattle",-,"422635","",Animals,"16211",-,-
19,"Croatia",HRV,2023,Terrestrial,"Swine",-,"1006590","",Animals,"40382",-,-
19,"Croatia",HRV,2023,Terrestrial,"Birds",-,"","",Animals,"",-,-
19,"Croatia",HRV,2023,Terrestrial,"Sheep",-,"601029","",Animals,"17917",-,-
19,"Croatia",HRV,2023,Terrestrial,"Goats",-,"74314","",Animals,"4461",-,-
19,"Croatia",HRV,2023,Terrestrial,"Sheep / goats (mixed herd)",-,"","",Animals,"",-,-
19,"Croatia",HRV,2023,Terrestrial,"Buffaloes",-,"","",Animals,"",-,-
19,"Croatia",HRV,2023,Terrestrial,"Equidae",-,"33035","",Animals,"5612",-,-
19,"Croatia",HRV,2023,Terrestrial,"Camelidae",-,"","",Animals,"",-,-
19,"Croatia",HRV,2023,Terrestrial,"Rabbits / hares (mixed group)",-,"","",Animals,"",-,-
19,"Croatia",HRV,2023,Terrestrial,"Cervidae",-,"","",Animals,"",-,-
19,"Croatia",HRV,2023,Terrestrial,"Dogs",-,"490551","",Animals,"",-,-
19,"Croatia",HRV,2023,Terrestrial,"Cats",-,"10970","",Animals,"",-,-
19,"Croatia",HRV,2023,Terrestrial,"Bees",-,"461734","",Hives / Nests,"9266",-,-
415,"Curaçao",CUW,2023,Terrestrial,"Cattle",-,"","8",Animals,"",-,-
415,"Curaçao",CUW,2023,Terrestrial,"Swine",-,"","1911",Animals,"",-,-
415,"Curaçao",CUW,2023,Terrestrial,"Birds",-,"","",Animals,"",-,-
415,"Curaçao",CUW,2023,Terrestrial,"Sheep",-,"","578",Animals,"",-,-
415,"Curaçao",CUW,2023,Terrestrial,"Goats",-,"","422",Animals,"",-,-
415,"Curaçao",CUW,2023,Terrestrial,"Sheep / goats (mixed herd)",-,"","",Animals,"",-,-
415,"Curaçao",CUW,2023,Terrestrial,"Buffaloes",-,"","",Animals,"",-,-
415,"Curaçao",CUW,2023,Terrestrial,"Equidae",-,"","0",Animals,"",-,-
415,"Curaçao",CUW,2023,Terrestrial,"Camelidae",-,"","",Animals,"",-,-
415,"Curaçao",CUW,2023,Terrestrial,"Rabbits / hares (mixed group)",-,"","",Animals,"",-,-
415,"Curaçao",CUW,2023,Terrestrial,"Cervidae",-,"","",Animals,"",-,-
415,"Curaçao",CUW,2023,Terrestrial,"Dogs",-,"","",Animals,"",-,-
415,"Curaçao",CUW,2023,Terrestrial,"Cats",-,"","",Animals,"",-,-
415,"Curaçao",CUW,2023,Terrestrial,"Bees",-,"","",Hives / Nests,"",-,-
21,"Cyprus",CYP,2023,Terrestrial,"Cattle","Adult beef cattle","112","13",Animals,"",-,-
21,"Cyprus",CYP,2023,Terrestrial,"Cattle","Calves (<1 year) (cattle)","24308","3875",Animals,"",-,-
21,"Cyprus",CYP,2023,Terrestrial,"Cattle","Males and females, 1-2 years, beef cattle","196","370",Animals,"",-,-
21,"Cyprus",CYP,2023,Terrestrial,"Cattle","Males and females, 1-2 years, dairy cattle","14766","4994",Animals,"",-,-
21,"Cyprus",CYP,2023,Terrestrial,"Cattle",-,"83359","18940",Animals,"376",-,"92688,4"
21,"Cyprus",CYP,2023,Terrestrial,"Swine","Adult (breeding) pigs","24561","8705",Animals,"",-,"2437,4"
21,"Cyprus",CYP,2023,Terrestrial,"Swine","Fatteners","216304","504900",Animals,"",-,"60588"
21,"Cyprus",CYP,2023,Terrestrial,"Swine","Piglets (pre-weaning)","48085","2785",Animals,"",-,"44,4"
21,"Cyprus",CYP,2023,Terrestrial,"Swine",-,"288950","516390",Animals,"52",-,"630699,6"
21,"Cyprus",CYP,2023,Terrestrial,"Birds","Broiler chickens","13409901","12064129",Animals,"81",-,-
21,"Cyprus",CYP,2023,Terrestrial,"Birds","Ducks","0","0",Animals,"0","0","0"
21,"Cyprus",CYP,2023,Terrestrial,"Birds","Layer chickens","494415","126445",Animals,"38",-,-
21,"Cyprus",CYP,2023,Terrestrial,"Birds","Other birds","90108","59472",Animals,"13",-,-
21,"Cyprus",CYP,2023,Terrestrial,"Birds","Turkeys","17834","17834",Animals,"5",-,-
21,"Cyprus",CYP,2023,Terrestrial,"Birds",-,"14012258","12267880",Animals,"137",-,-
21,"Cyprus",CYP,2023,Terrestrial,"Sheep","Adult (sheep)","124196","6661",Animals,"",-,-
21,"Cyprus",CYP,2023,Terrestrial,"Sheep","Lambs (<6 months) (sheep)","2143","37683",Animals,"",-,-
21,"Cyprus",CYP,2023,Terrestrial,"Sheep",-,"126339","44344",Animals,"718",-,-
21,"Cyprus",CYP,2023,Terrestrial,"Goats","Adult (goats)","74590","4450",Animals,"",-,-
21,"Cyprus",CYP,2023,Terrestrial,"Goats","Kids (<6 months) (goats)","1056","17700",Animals,"",-,-
21,"Cyprus",CYP,2023,Terrestrial,"Goats",-,"75646","22150",Animals,"813",-,-
21,"Cyprus",CYP,2023,Terrestrial,"Sheep / goats (mixed herd)",-,"250732","209442",Animals,"939",-,-
21,"Cyprus",CYP,2023,Terrestrial,"Buffaloes",-,"0","0",Animals,"0","0","0"
21,"Cyprus",CYP,2023,Terrestrial,"Equidae","Donkeys","1365","0",Animals,"450",-,"0"
21,"Cyprus",CYP,2023,Terrestrial,"Equidae","Horses","3389","0",Animals,"386",-,"0"
21,"Cyprus",CYP,2023,Terrestrial,"Equidae",-,"4754","0",Animals,"836",-,"0"
21,"Cyprus",CYP,2023,Terrestrial,"Camelidae","Alpacas","1","",Animals,"",-,-
21,"Cyprus",CYP,2023,Terrestrial,"Camelidae","Camels","63","",Animals,"",-,-
21,"Cyprus",CYP,2023,Terrestrial,"Camelidae","Llamas","10","",Animals,"",-,-
21,"Cyprus",CYP,2023,Terrestrial,"Camelidae",-,"74","0",Animals,"6",-,"0"
21,"Cyprus",CYP,2023,Terrestrial,"Rabbits / hares (mixed group)",-,"","53873",Animals,"31",-,-
21,"Cyprus",CYP,2023,Terrestrial,"Cervidae",-,"528","",Animals,"29",-,-
21,"Cyprus",CYP,2023,Terrestrial,"Dogs",-,"172894","",Animals,"",-,-
21,"Cyprus",CYP,2023,Terrestrial,"Cats",-,"","",Animals,"",-,-
21,"Cyprus",CYP,2023,Terrestrial,"Bees",-,"56259","",Hives / Nests,"681",-,-
28,"Czech Republic",CZE,2023,Terrestrial,"Cattle","Calves (<1 year) (cattle)","423625","7040",Animals,"",-,-
28,"Czech Republic",CZE,2023,Terrestrial,"Cattle",-,"1407664","236632",Animals,"39954",-,-
28,"Czech Republic",CZE,2023,Terrestrial,"Swine","Adult (breeding) pigs","1807182","2190348",Animals,"21535",-,-
28,"Czech Republic",CZE,2023,Terrestrial,"Swine",-,"1807182","2190348",Animals,"21535",-,-
28,"Czech Republic",CZE,2023,Terrestrial,"Birds","Broiler chickens","","112163348",Animals,"",-,-
28,"Czech Republic",CZE,2023,Terrestrial,"Birds","Ducks","","3554757",Animals,"",-,-
28,"Czech Republic",CZE,2023,Terrestrial,"Birds","Other birds","","2362052",Animals,"",-,-
28,"Czech Republic",CZE,2023,Terrestrial,"Birds","Turkeys","","172496",Animals,"",-,-
28,"Czech Republic",CZE,2023,Terrestrial,"Birds",-,"","118252653",Animals,"",-,-
28,"Czech Republic",CZE,2023,Terrestrial,"Sheep","Adult (sheep)","237714","1912",Animals,"",-,-
28,"Czech Republic",CZE,2023,Terrestrial,"Sheep","Lambs (<6 months) (sheep)","7977","6370",Animals,"",-,-
28,"Czech Republic",CZE,2023,Terrestrial,"Sheep",-,"245691","8282",Animals,"35989",-,-
28,"Czech Republic",CZE,2023,Terrestrial,"Goats","Adult (goats)","46365","155",Animals,"",-,-
28,"Czech Republic",CZE,2023,Terrestrial,"Goats","Kids (<6 months) (goats)","1208","1022",Animals,"",-,-
28,"Czech Republic",CZE,2023,Terrestrial,"Goats",-,"47573","1177",Animals,"",-,-
28,"Czech Republic",CZE,2023,Terrestrial,"Sheep / goats (mixed herd)",-,"","",Animals,"",-,-
28,"Czech Republic",CZE,2023,Terrestrial,"Buffaloes",-,"","",Animals,"",-,-
28,"Czech Republic",CZE,2023,Terrestrial,"Equidae",-,"","",Animals,"",-,-
28,"Czech Republic",CZE,2023,Terrestrial,"Camelidae",-,"","",Animals,"",-,-
28,"Czech Republic",CZE,2023,Terrestrial,"Rabbits / hares (mixed group)","Rabbits","","562150",Animals,"",-,-
28,"Czech Republic",CZE,2023,Terrestrial,"Rabbits / hares (mixed group)",-,"","",Animals,"",-,-
28,"Czech Republic",CZE,2023,Terrestrial,"Cervidae","Cervidae: Musk Deer","","123",Animals,"",-,-
28,"Czech Republic",CZE,2023,Terrestrial,"Cervidae","Cervidae: Sika deer + Rusa deer + Fallow deer","","369",Animals,"",-,-
28,"Czech Republic",CZE,2023,Terrestrial,"Cervidae",-,"","",Animals,"",-,-
28,"Czech Republic",CZE,2023,Terrestrial,"Dogs",-,"","",Animals,"",-,-
28,"Czech Republic",CZE,2023,Terrestrial,"Cats",-,"","",Animals,"",-,-
28,"Czech Republic",CZE,2023,Terrestrial,"Bees",-,"","",Hives / Nests,"",-,-
80,"Denmark",DNK,2023,Terrestrial,"Cattle",-,"1425805","",Animals,"13751",-,-
80,"Denmark",DNK,2023,Terrestrial,"Swine",-,"12432407","",Animals,"6422",-,-
80,"Denmark",DNK,2023,Terrestrial,"Birds",-,"29179554","",Animals,"1006",-,-
80,"Denmark",DNK,2023,Terrestrial,"Sheep",-,"129437","",Animals,"5542",-,-
80,"Denmark",DNK,2023,Terrestrial,"Goats",-,"17699","",Animals,"2967",-,-
80,"Denmark",DNK,2023,Terrestrial,"Sheep / goats (mixed herd)",-,"","",Animals,"",-,-
80,"Denmark",DNK,2023,Terrestrial,"Buffaloes",-,"","",Animals,"",-,-
80,"Denmark",DNK,2023,Terrestrial,"Equidae",-,"23474","",Animals,"17862",-,-
80,"Denmark",DNK,2023,Terrestrial,"Camelidae",-,"","",Animals,"",-,-
80,"Denmark",DNK,2023,Terrestrial,"Rabbits / hares (mixed group)",-,"","",Animals,"",-,-
80,"Denmark",DNK,2023,Terrestrial,"Cervidae",-,"11837","",Animals,"431",-,-
80,"Denmark",DNK,2023,Terrestrial,"Dogs",-,"850000","",Animals,"",-,-
80,"Denmark",DNK,2023,Terrestrial,"Cats",-,"650000","",Animals,"",-,-
80,"Denmark",DNK,2023,Terrestrial,"Bees",-,"110386","",Hives / Nests,"14285",-,-
205,"Djibouti",DJI,2023,Terrestrial,"Cattle",-,"40000","22878",Animals,"","760","17387280"
205,"Djibouti",DJI,2023,Terrestrial,"Swine",-,"0","0",Animals,"0","0","0"
205,"Djibouti",DJI,2023,Terrestrial,"Birds",-,"","",Animals,"",-,-
205,"Djibouti",DJI,2023,Terrestrial,"Sheep",-,"","",Animals,"",-,-
205,"Djibouti",DJI,2023,Terrestrial,"Goats",-,"","",Animals,"",-,-
205,"Djibouti",DJI,2023,Terrestrial,"Sheep / goats (mixed herd)",-,"1000000","103011",Animals,"","50","1287636"
205,"Djibouti",DJI,2023,Terrestrial,"Buffaloes",-,"","",Animals,"",-,-
205,"Djibouti",DJI,2023,Terrestrial,"Equidae",-,"6500","0",Animals,"",-,"0"
205,"Djibouti",DJI,2023,Terrestrial,"Camelidae",-,"50000","4374",Animals,"",-,-
205,"Djibouti",DJI,2023,Terrestrial,"Rabbits / hares (mixed group)",-,"","0",Animals,"0",-,"0"
205,"Djibouti",DJI,2023,Terrestrial,"Cervidae",-,"","0",Animals,"0",-,"0"
205,"Djibouti",DJI,2023,Terrestrial,"Dogs",-,"","",Animals,"",-,-
205,"Djibouti",DJI,2023,Terrestrial,"Cats",-,"","",Animals,"",-,-
205,"Djibouti",DJI,2023,Terrestrial,"Bees",-,"","",Hives / Nests,"",-,-
7,"Ecuador",ECU,2023,Terrestrial,"Cattle","Adult beef cattle","","665529",Animals,"",-,-
7,"Ecuador",ECU,2023,Terrestrial,"Cattle","Adult dairy cattle","1686810","",Animals,"91159",-,-
7,"Ecuador",ECU,2023,Terrestrial,"Cattle","Calves (<1 year) (cattle)","815503","",Animals,"91158",-,-
7,"Ecuador",ECU,2023,Terrestrial,"Cattle","Males and females, 1-2 years, dairy cattle","1695695","",Animals,"91159",-,-
7,"Ecuador",ECU,2023,Terrestrial,"Cattle",-,"4198008","665529",Animals,"273476",-,-
7,"Ecuador",ECU,2023,Terrestrial,"Swine","Backyard pigs","1595202","",Animals,"85681",-,-
7,"Ecuador",ECU,2023,Terrestrial,"Swine","Fatteners","1592228","1206499",Animals,"65",-,-
7,"Ecuador",ECU,2023,Terrestrial,"Swine",-,"3187430","1206499",Animals,"85746",-,-
7,"Ecuador",ECU,2023,Terrestrial,"Birds","Broiler chickens","39785300","124619252",Animals,"499",-,-
7,"Ecuador",ECU,2023,Terrestrial,"Birds","Layer chickens","23783793","",Animals,"394",-,-
7,"Ecuador",ECU,2023,Terrestrial,"Birds","Other birds","372660","",Animals,"16",-,-
7,"Ecuador",ECU,2023,Terrestrial,"Birds","Turkeys","290700","376939",Animals,"14",-,-
7,"Ecuador",ECU,2023,Terrestrial,"Birds",-,"64232453","124996191",Animals,"923",-,-
7,"Ecuador",ECU,2023,Terrestrial,"Sheep","Adult (sheep)","44261","48514",Animals,"1620",-,-
7,"Ecuador",ECU,2023,Terrestrial,"Sheep",-,"44261","48514",Animals,"1620",-,-
7,"Ecuador",ECU,2023,Terrestrial,"Goats","Adult (goats)","9088","6016",Animals,"752",-,-
7,"Ecuador",ECU,2023,Terrestrial,"Goats",-,"9088","6016",Animals,"752",-,-
7,"Ecuador",ECU,2023,Terrestrial,"Sheep / goats (mixed herd)",-,"","",Animals,"",-,-
7,"Ecuador",ECU,2023,Terrestrial,"Buffaloes","Adult buffalo","6231","",Animals,"58",-,-
7,"Ecuador",ECU,2023,Terrestrial,"Buffaloes",-,"6231","",Animals,"58",-,-
7,"Ecuador",ECU,2023,Terrestrial,"Equidae","Horses","9303","102",Animals,"3575",-,-
7,"Ecuador",ECU,2023,Terrestrial,"Equidae",-,"9303","102",Animals,"3575",-,-
7,"Ecuador",ECU,2023,Terrestrial,"Camelidae","Alpacas","612","",Animals,"117",-,-
7,"Ecuador",ECU,2023,Terrestrial,"Camelidae","Llamas","596","242",Animals,"85",-,-
7,"Ecuador",ECU,2023,Terrestrial,"Camelidae",-,"1208","242",Animals,"202",-,-
7,"Ecuador",ECU,2023,Terrestrial,"Rabbits / hares (mixed group)",-,"","",Animals,"",-,-
7,"Ecuador",ECU,2023,Terrestrial,"Cervidae","Cervidae: other","224","",Animals,"29",-,-
7,"Ecuador",ECU,2023,Terrestrial,"Cervidae","Cervidae: Red deer + Wapiti + Reindeer","8","",Animals,"4",-,-
7,"Ecuador",ECU,2023,Terrestrial,"Cervidae",-,"232","",Animals,"33",-,-
7,"Ecuador",ECU,2023,Terrestrial,"Dogs",-,"2398655","",Animals,"",-,-
7,"Ecuador",ECU,2023,Terrestrial,"Cats",-,"239866","",Animals,"",-,-
7,"Ecuador",ECU,2023,Terrestrial,"Bees",-,"25333","",Hives / Nests,"2000",-,-
201,"Egypt",EGY,2023,Terrestrial,"Cattle","Males and females, 1-2 years, beef cattle","","714906",Animals,"",-,"295286,6"
201,"Egypt",EGY,2023,Terrestrial,"Cattle",-,"2812223","767950",Animals,"",-,"321809,2"
201,"Egypt",EGY,2023,Terrestrial,"Swine",-,"","29400",Animals,"",-,"1470"
201,"Egypt",EGY,2023,Terrestrial,"Birds","Other birds","","4300332",Animals,"",-,"10113,6"
201,"Egypt",EGY,2023,Terrestrial,"Birds","Turkeys","","362559",Animals,"",-,"5800,8"
201,"Egypt",EGY,2023,Terrestrial,"Birds",-,"","98579401",Animals,"",-,"203747,4"
201,"Egypt",EGY,2023,Terrestrial,"Sheep",-,"","384384",Animals,"",-,"19219,2"
201,"Egypt",EGY,2023,Terrestrial,"Goats",-,"","13240",Animals,"",-,"529,6"
201,"Egypt",EGY,2023,Terrestrial,"Sheep / goats (mixed herd)",-,"3068840","",Animals,"",-,-
201,"Egypt",EGY,2023,Terrestrial,"Buffaloes","Calves (<1 year) (buffaloes)","","183296",Animals,"",-,"73318,4"
201,"Egypt",EGY,2023,Terrestrial,"Buffaloes",-,"1427615","274590",Animals,"",-,"118966,4"
201,"Egypt",EGY,2023,Terrestrial,"Equidae",-,"523197","0",Animals,"",-,"0"
201,"Egypt",EGY,2023,Terrestrial,"Camelidae",-,"2390001","64870",Animals,"",-,"32435"
201,"Egypt",EGY,2023,Terrestrial,"Rabbits / hares (mixed group)",-,"","74800",Animals,"",-,"149,6"
201,"Egypt",EGY,2023,Terrestrial,"Cervidae",-,"0","0",Animals,"0","0","0"
201,"Egypt",EGY,2023,Terrestrial,"Dogs",-,"","",Animals,"",-,-
201,"Egypt",EGY,2023,Terrestrial,"Cats",-,"","",Animals,"",-,-
201,"Egypt",EGY,2023,Terrestrial,"Bees",-,"","",Hives / Nests,"",-,-
74,"Estonia",EST,2023,Terrestrial,"Cattle",-,"251809","30305",Animals,"2952",-,"7645"
74,"Estonia",EST,2023,Terrestrial,"Swine",-,"269001","485818",Animals,"106",-,"39446,4"
74,"Estonia",EST,2023,Terrestrial,"Birds","Broiler chickens","1431424","13703682",Animals,"100",-,"22700,2"
74,"Estonia",EST,2023,Terrestrial,"Birds","Ducks","1744","",Animals,"246",-,-
74,"Estonia",EST,2023,Terrestrial,"Birds","Layer chickens","731453","135",Animals,"1798",-,"0,4"
74,"Estonia",EST,2023,Terrestrial,"Birds","Turkeys","709","685",Animals,"112",-,"5,5"
74,"Estonia",EST,2023,Terrestrial,"Birds",-,"2232629","13782536",Animals,"2733",-,"22720,5"
74,"Estonia",EST,2023,Terrestrial,"Sheep",-,"58568","7692",Animals,"1709",-,"158,3"
74,"Estonia",EST,2023,Terrestrial,"Goats",-,"3666","122",Animals,"456",-,"1,6"
74,"Estonia",EST,2023,Terrestrial,"Sheep / goats (mixed herd)",-,"","",Animals,"206",-,-
74,"Estonia",EST,2023,Terrestrial,"Buffaloes",-,"","",Animals,"",-,-
74,"Estonia",EST,2023,Terrestrial,"Equidae","Donkeys","31","",Animals,"15",-,-
74,"Estonia",EST,2023,Terrestrial,"Equidae","Horses","14065","2",Animals,"1108",-,"0,6"
74,"Estonia",EST,2023,Terrestrial,"Equidae","Mules / Hinnies","7","",Animals,"1",-,-
74,"Estonia",EST,2023,Terrestrial,"Equidae",-,"14105","2",Animals,"1124",-,"0,6"
74,"Estonia",EST,2023,Terrestrial,"Camelidae","Alpacas","264","",Animals,"25",-,-
74,"Estonia",EST,2023,Terrestrial,"Camelidae","Camels","1","",Animals,"1",-,-
74,"Estonia",EST,2023,Terrestrial,"Camelidae","Llamas","29","",Animals,"8",-,-
74,"Estonia",EST,2023,Terrestrial,"Camelidae",-,"294","",Animals,"34",-,-
74,"Estonia",EST,2023,Terrestrial,"Rabbits / hares (mixed group)",-,"2264","",Animals,"147",-,-
74,"Estonia",EST,2023,Terrestrial,"Cervidae",-,"525","4816",Animals,"3",-,"360,5"
74,"Estonia",EST,2023,Terrestrial,"Dogs",-,"","",Animals,"",-,-
74,"Estonia",EST,2023,Terrestrial,"Cats",-,"","",Animals,"",-,-
74,"Estonia",EST,2023,Terrestrial,"Bees",-,"50476","",Hives / Nests,"4925",-,-
44,"Eswatini",SWZ,2023,Terrestrial,"Cattle","Adult beef cattle","399200","",Animals,"",-,-
44,"Eswatini",SWZ,2023,Terrestrial,"Cattle","Adult dairy cattle","3944","",Animals,"",-,-
44,"Eswatini",SWZ,2023,Terrestrial,"Cattle","Calves (<1 year) (cattle)","82866","",Animals,"",-,-
44,"Eswatini",SWZ,2023,Terrestrial,"Cattle","Males and females, 1-2 years, beef cattle","76375","",Animals,"",-,-
44,"Eswatini",SWZ,2023,Terrestrial,"Cattle","Males and females, 1-2 years, dairy cattle","1346","",Animals,"",-,-
44,"Eswatini",SWZ,2023,Terrestrial,"Cattle",-,"563731","",Animals,"50971",-,-
44,"Eswatini",SWZ,2023,Terrestrial,"Swine",-,"59209","",Animals,"8844",-,-
44,"Eswatini",SWZ,2023,Terrestrial,"Birds","Backyard poultry","923357","",Animals,"51125",-,-
44,"Eswatini",SWZ,2023,Terrestrial,"Birds","Broiler chickens","476795","",Animals,"1288",-,-
44,"Eswatini",SWZ,2023,Terrestrial,"Birds","Layer chickens","435498","",Animals,"180",-,-
44,"Eswatini",SWZ,2023,Terrestrial,"Birds",-,"1835650","",Animals,"52593",-,-
44,"Eswatini",SWZ,2023,Terrestrial,"Sheep","Adult (sheep)","13828","",Animals,"",-,-
44,"Eswatini",SWZ,2023,Terrestrial,"Sheep","Lambs (<6 months) (sheep)","4804","",Animals,"",-,-
44,"Eswatini",SWZ,2023,Terrestrial,"Sheep",-,"18632","",Animals,"1145",-,-
44,"Eswatini",SWZ,2023,Terrestrial,"Goats","Adult (goats)","343560","",Animals,"",-,-
44,"Eswatini",SWZ,2023,Terrestrial,"Goats","Kids (<6 months) (goats)","145804","",Animals,"",-,-
44,"Eswatini",SWZ,2023,Terrestrial,"Goats",-,"489364","",Animals,"37005",-,-
44,"Eswatini",SWZ,2023,Terrestrial,"Sheep / goats (mixed herd)",-,"0","",Animals,"0",-,-
44,"Eswatini",SWZ,2023,Terrestrial,"Buffaloes","Adult buffalo","33","",Animals,"1",-,-
44,"Eswatini",SWZ,2023,Terrestrial,"Buffaloes","Calves (<1 year) (buffaloes)","0","",Animals,"0",-,-
44,"Eswatini",SWZ,2023,Terrestrial,"Buffaloes",-,"33","",Animals,"1",-,-
44,"Eswatini",SWZ,2023,Terrestrial,"Equidae","Donkeys","9244","",Animals,"2156",-,-
44,"Eswatini",SWZ,2023,Terrestrial,"Equidae","Horses","840","",Animals,"237",-,-
44,"Eswatini",SWZ,2023,Terrestrial,"Equidae","Mules / Hinnies","7","",Animals,"1",-,-
44,"Eswatini",SWZ,2023,Terrestrial,"Equidae",-,"10091","",Animals,"2394",-,-
44,"Eswatini",SWZ,2023,Terrestrial,"Camelidae","Alpacas","5","",Animals,"1",-,-
44,"Eswatini",SWZ,2023,Terrestrial,"Camelidae","Camels","0","",Animals,"0",-,-
44,"Eswatini",SWZ,2023,Terrestrial,"Camelidae","Llamas","0","",Animals,"0",-,-
44,"Eswatini",SWZ,2023,Terrestrial,"Camelidae",-,"5","",Animals,"1",-,-
44,"Eswatini",SWZ,2023,Terrestrial,"Rabbits / hares (mixed group)",-,"","",Animals,"",-,-
44,"Eswatini",SWZ,2023,Terrestrial,"Cervidae",-,"","",Animals,"",-,-
44,"Eswatini",SWZ,2023,Terrestrial,"Dogs",-,"93386","",Animals,"",-,-
44,"Eswatini",SWZ,2023,Terrestrial,"Cats",-,"","",Animals,"",-,-
44,"Eswatini",SWZ,2023,Terrestrial,"Bees",-,"1904","",Hives / Nests,"327",-,-
70,"Faeroe Islands",FRO,2023,Terrestrial,"Cattle","Adult beef cattle","332","",Animals,"",-,-
70,"Faeroe Islands",FRO,2023,Terrestrial,"Cattle","Adult dairy cattle","741","",Animals,"15","650",-
70,"Faeroe Islands",FRO,2023,Terrestrial,"Cattle",-,"2050","334",Animals,"28",-,"103"
70,"Faeroe Islands",FRO,2023,Terrestrial,"Swine",-,"0","0",Animals,"0",-,"0"
70,"Faeroe Islands",FRO,2023,Terrestrial,"Birds",-,"","",Animals,"",-,-
70,"Faeroe Islands",FRO,2023,Terrestrial,"Sheep","Adult (sheep)","90000","18000",Animals,"","50","495"
70,"Faeroe Islands",FRO,2023,Terrestrial,"Sheep","Lambs (<6 months) (sheep)","70000","56000",Animals,"","36","840"
70,"Faeroe Islands",FRO,2023,Terrestrial,"Sheep",-,"160000","74000",Animals,"",-,"1335"
70,"Faeroe Islands",FRO,2023,Terrestrial,"Goats",-,"","",Animals,"",-,-
70,"Faeroe Islands",FRO,2023,Terrestrial,"Sheep / goats (mixed herd)",-,"","",Animals,"",-,-
70,"Faeroe Islands",FRO,2023,Terrestrial,"Buffaloes",-,"0","0",Animals,"0",-,"0"
70,"Faeroe Islands",FRO,2023,Terrestrial,"Equidae","Donkeys","0","",Animals,"",-,-
70,"Faeroe Islands",FRO,2023,Terrestrial,"Equidae","Horses","509","",Animals,"",-,-
70,"Faeroe Islands",FRO,2023,Terrestrial,"Equidae","Mules / Hinnies","0","",Animals,"",-,-
70,"Faeroe Islands",FRO,2023,Terrestrial,"Equidae",-,"509","",Animals,"",-,-
70,"Faeroe Islands",FRO,2023,Terrestrial,"Camelidae","Alpacas","0","0",Animals,"0",-,"0"
70,"Faeroe Islands",FRO,2023,Terrestrial,"Camelidae","Camels","0","0",Animals,"0",-,"0"
70,"Faeroe Islands",FRO,2023,Terrestrial,"Camelidae","Llamas","1","0",Animals,"1",-,"0"
70,"Faeroe Islands",FRO,2023,Terrestrial,"Camelidae",-,"1","0",Animals,"1",-,"0"
70,"Faeroe Islands",FRO,2023,Terrestrial,"Rabbits / hares (mixed group)","Hares","0","0",Animals,"0",-,"0"
70,"Faeroe Islands",FRO,2023,Terrestrial,"Rabbits / hares (mixed group)",-,"","",Animals,"",-,-
70,"Faeroe Islands",FRO,2023,Terrestrial,"Cervidae",-,"0","0",Animals,"0",-,"0"
70,"Faeroe Islands",FRO,2023,Terrestrial,"Dogs",-,"","",Animals,"",-,-
70,"Faeroe Islands",FRO,2023,Terrestrial,"Cats",-,"","",Animals,"",-,-
70,"Faeroe Islands",FRO,2023,Terrestrial,"Bees",-,"0","",Hives / Nests,"0",-,-
156,"Falkland Islands",FLK,2023,Terrestrial,"Cattle",-,"2836","776",Animals,"59",-,-
156,"Falkland Islands",FLK,2023,Terrestrial,"Swine",-,"50","68",Animals,"9",-,-
156,"Falkland Islands",FLK,2023,Terrestrial,"Birds",-,"3000","",Animals,"1",-,-
156,"Falkland Islands",FLK,2023,Terrestrial,"Sheep",-,"421112","72493",Animals,"77",-,-
156,"Falkland Islands",FLK,2023,Terrestrial,"Goats",-,"34","",Animals,"2",-,-
156,"Falkland Islands",FLK,2023,Terrestrial,"Sheep / goats (mixed herd)",-,"","",Animals,"",-,-
156,"Falkland Islands",FLK,2023,Terrestrial,"Buffaloes",-,"0","",Animals,"0",-,-
156,"Falkland Islands",FLK,2023,Terrestrial,"Equidae",-,"394","0",Animals,"34",-,"0"
156,"Falkland Islands",FLK,2023,Terrestrial,"Camelidae",-,"375","0",Animals,"1",-,"0"
156,"Falkland Islands",FLK,2023,Terrestrial,"Rabbits / hares (mixed group)",-,"","",Animals,"",-,-
156,"Falkland Islands",FLK,2023,Terrestrial,"Cervidae",-,"150","",Animals,"2",-,-
156,"Falkland Islands",FLK,2023,Terrestrial,"Dogs",-,"620","",Animals,"",-,-
156,"Falkland Islands",FLK,2023,Terrestrial,"Cats",-,"","",Animals,"",-,-
156,"Falkland Islands",FLK,2023,Terrestrial,"Bees",-,"0","",Hives / Nests,"0",-,-
49,"Finland",FIN,2023,Terrestrial,"Cattle","Adult beef cattle","76953","",Animals,"","680",-
49,"Finland",FIN,2023,Terrestrial,"Cattle","Adult dairy cattle","251323","",Animals,"","595",-
49,"Finland",FIN,2023,Terrestrial,"Cattle","Calves (<1 year) (cattle)","278826","",Animals,"","314",-
49,"Finland",FIN,2023,Terrestrial,"Cattle",-,"813444","262251",Animals,"8011","603","85389"
49,"Finland",FIN,2023,Terrestrial,"Swine","Adult (breeding) pigs","86152","35587",Animals,"","240","5630"
49,"Finland",FIN,2023,Terrestrial,"Swine","Fatteners","451630","1692259",Animals,"","120","153151"
49,"Finland",FIN,2023,Terrestrial,"Swine","Piglets (pre-weaning)","451239","",Animals,"",-,-
49,"Finland",FIN,2023,Terrestrial,"Swine",-,"989021","1727846",Animals,"744","118","158781"
49,"Finland",FIN,2023,Terrestrial,"Birds","Broiler chickens","9314836","78752256",Animals,"151","2,4","134770"
49,"Finland",FIN,2023,Terrestrial,"Birds","Layer chickens","3998846","",Animals,"248","2,4",-
49,"Finland",FIN,2023,Terrestrial,"Birds","Turkeys","265646","881864",Animals,"32","13,2","8805"
49,"Finland",FIN,2023,Terrestrial,"Birds",-,"14191601","79634120",Animals,"445","2,6","143575"
49,"Finland",FIN,2023,Terrestrial,"Sheep",-,"122926","54301",Animals,"4170","75","1116"
49,"Finland",FIN,2023,Terrestrial,"Goats",-,"9238","1023",Animals,"1180","65","16"
49,"Finland",FIN,2023,Terrestrial,"Sheep / goats (mixed herd)",-,"0","0",Animals,"0","0","0"
49,"Finland",FIN,2023,Terrestrial,"Buffaloes",-,"158","",Animals,"8",-,-
49,"Finland",FIN,2023,Terrestrial,"Equidae",-,"71500","671",Animals,"16000","400","191"
49,"Finland",FIN,2023,Terrestrial,"Camelidae",-,"","",Animals,"178",-,-
49,"Finland",FIN,2023,Terrestrial,"Rabbits / hares (mixed group)",-,"","",Animals,"",-,-
49,"Finland",FIN,2023,Terrestrial,"Cervidae",-,"175403","61242",Animals,"4322",-,-
49,"Finland",FIN,2023,Terrestrial,"Dogs",-,"800000","",Animals,"",-,-
49,"Finland",FIN,2023,Terrestrial,"Cats",-,"","",Animals,"",-,-
49,"Finland",FIN,2023,Terrestrial,"Bees",-,"69400","",Hives / Nests,"9543",-,-
39,"France",FRA,2023,Terrestrial,"Cattle","Adult beef cattle","5267178","1196460",Animals,"","727","495157"
39,"France",FRA,2023,Terrestrial,"Cattle","Adult dairy cattle","3671003","735051",Animals,"","587","233951"
39,"France",FRA,2023,Terrestrial,"Cattle","Calves (<1 year) (cattle)","4766055","1029555",Animals,"","262","148275"
39,"France",FRA,2023,Terrestrial,"Cattle","Males and females, 1-2 years, beef cattle","1908920","814211",Animals,"",-,"336023"
39,"France",FRA,2023,Terrestrial,"Cattle","Males and females, 1-2 years, dairy cattle","1079283","9076",Animals,"",-,"2211"
39,"France",FRA,2023,Terrestrial,"Cattle",-,"16692439","3944600",Animals,"143000","580","1259081"
39,"France",FRA,2023,Terrestrial,"Swine","Fatteners","4859231","21437127",Animals,"","121","2007428"
39,"France",FRA,2023,Terrestrial,"Swine","Piglets (pre-weaning)","1788024","327166",Animals,"","24","6202"
39,"France",FRA,2023,Terrestrial,"Swine",-,"11868442","22083444",Animals,"22600","121","2067795"
39,"France",FRA,2023,Terrestrial,"Birds","Broiler chickens","132961000","701492000",Animals,"8500","2,2","1045349"
39,"France",FRA,2023,Terrestrial,"Birds","Ducks","18903000","39116000",Animals,"",-,"139008"
39,"France",FRA,2023,Terrestrial,"Birds","Layer chickens","62151000","40089000",Animals,"2550",-,"56458"
39,"France",FRA,2023,Terrestrial,"Birds","Other birds","10773000","37425000",Animals,"",-,"32234"
39,"France",FRA,2023,Terrestrial,"Birds","Turkeys","13719000","30674000",Animals,"","11,6","241280"
39,"France",FRA,2023,Terrestrial,"Birds",-,"","",Animals,"",-,-
39,"France",FRA,2023,Terrestrial,"Sheep","Adult (sheep)","5295725","1015990",Animals,"",-,"26370"
39,"France",FRA,2023,Terrestrial,"Sheep","Lambs (<6 months) (sheep)","","4461914",Animals,"","40","83350"
39,"France",FRA,2023,Terrestrial,"Sheep",-,"6608126","5477904",Animals,"32300","75","109720"
39,"France",FRA,2023,Terrestrial,"Goats","Adult (goats)","1205625","210909",Animals,"",-,"5005"
39,"France",FRA,2023,Terrestrial,"Goats","Kids (<6 months) (goats)","","731475",Animals,"","17","5647"
39,"France",FRA,2023,Terrestrial,"Goats",-,"1312524","942384",Animals,"11200","50","10652"
39,"France",FRA,2023,Terrestrial,"Sheep / goats (mixed herd)",-,"","",Animals,"",-,-
39,"France",FRA,2023,Terrestrial,"Buffaloes",-,"","140",Animals,"",-,"37"
39,"France",FRA,2023,Terrestrial,"Equidae","Donkeys","21077","",Animals,"",-,-
39,"France",FRA,2023,Terrestrial,"Equidae","Horses","300643","",Animals,"",-,-
39,"France",FRA,2023,Terrestrial,"Equidae",-,"321720","",Animals,"",-,-
39,"France",FRA,2023,Terrestrial,"Camelidae",-,"7967","",Animals,"1860",-,-
39,"France",FRA,2023,Terrestrial,"Rabbits / hares (mixed group)","Rabbits","370000","15133000",Animals,"","2,5","21919"
39,"France",FRA,2023,Terrestrial,"Rabbits / hares (mixed group)",-,"","",Animals,"",-,-
39,"France",FRA,2023,Terrestrial,"Cervidae",-,"","1548",Animals,"",-,"65"
39,"France",FRA,2023,Terrestrial,"Dogs",-,"9712324","",Animals,"",-,-
39,"France",FRA,2023,Terrestrial,"Cats",-,"8201903","",Animals,"",-,-
39,"France",FRA,2023,Terrestrial,"Bees",-,"1792420","",Hives / Nests,"63415",-,-
265,"Gabon",GAB,2023,Terrestrial,"Cattle","Adult dairy cattle","0","0",Animals,"0","0","0"
265,"Gabon",GAB,2023,Terrestrial,"Cattle","Males and females, 1-2 years, dairy cattle","0","0",Animals,"0","0","0"
265,"Gabon",GAB,2023,Terrestrial,"Cattle",-,"8201","7536",Animals,"8","350","875"
265,"Gabon",GAB,2023,Terrestrial,"Swine",-,"","119095",Animals,"",-,"3586"
265,"Gabon",GAB,2023,Terrestrial,"Birds","Broiler chickens","","5154000",Animals,"",-,"4193"
265,"Gabon",GAB,2023,Terrestrial,"Birds","Layer chickens","681000","",Animals,"",-,-
265,"Gabon",GAB,2023,Terrestrial,"Birds",-,"681000","5154000",Animals,"",-,"4193"
265,"Gabon",GAB,2023,Terrestrial,"Sheep",-,"","68790",Animals,"",-,"859"
265,"Gabon",GAB,2023,Terrestrial,"Goats",-,"","34004",Animals,"",-,"347"
265,"Gabon",GAB,2023,Terrestrial,"Sheep / goats (mixed herd)",-,"","",Animals,"",-,-
265,"Gabon",GAB,2023,Terrestrial,"Buffaloes",-,"","",Animals,"",-,-
265,"Gabon",GAB,2023,Terrestrial,"Equidae",-,"","",Animals,"",-,-
265,"Gabon",GAB,2023,Terrestrial,"Camelidae","Alpacas","0","0",Animals,"0","0","0"
265,"Gabon",GAB,2023,Terrestrial,"Camelidae","Camels","0","0",Animals,"0","0","0"
265,"Gabon",GAB,2023,Terrestrial,"Camelidae","Llamas","0","0",Animals,"0","0","0"
265,"Gabon",GAB,2023,Terrestrial,"Camelidae",-,"0","0",Animals,"0","0","0"
265,"Gabon",GAB,2023,Terrestrial,"Rabbits / hares (mixed group)",-,"","1745000",Animals,"",-,"2094"
265,"Gabon",GAB,2023,Terrestrial,"Cervidae",-,"","",Animals,"",-,-
265,"Gabon",GAB,2023,Terrestrial,"Dogs",-,"45000","",Animals,"",-,-
265,"Gabon",GAB,2023,Terrestrial,"Cats",-,"","",Animals,"",-,-
265,"Gabon",GAB,2023,Terrestrial,"Bees",-,"","",Hives / Nests,"",-,-
275,"Gambia",GMB,2023,Terrestrial,"Cattle",-,"279573","12345",Animals,"","300","3703,5"
275,"Gambia",GMB,2023,Terrestrial,"Swine",-,"15102","",Animals,"","60",-
275,"Gambia",GMB,2023,Terrestrial,"Birds",-,"1016815","",Animals,"","1,5",-
275,"Gambia",GMB,2023,Terrestrial,"Sheep",-,"180296","12581",Animals,"","30","377"
275,"Gambia",GMB,2023,Terrestrial,"Goats",-,"420568","23898",Animals,"","20","478"
275,"Gambia",GMB,2023,Terrestrial,"Sheep / goats (mixed herd)",-,"","",Animals,"",-,-
275,"Gambia",GMB,2023,Terrestrial,"Buffaloes",-,"0","",Animals,"",-,-
275,"Gambia",GMB,2023,Terrestrial,"Equidae",-,"24292","",Animals,"",-,-
275,"Gambia",GMB,2023,Terrestrial,"Camelidae",-,"","",Animals,"",-,-
275,"Gambia",GMB,2023,Terrestrial,"Rabbits / hares (mixed group)",-,"526","",Animals,"",-,-
275,"Gambia",GMB,2023,Terrestrial,"Cervidae",-,"","",Animals,"",-,-
275,"Gambia",GMB,2023,Terrestrial,"Dogs",-,"","",Animals,"",-,-
275,"Gambia",GMB,2023,Terrestrial,"Cats",-,"","",Animals,"",-,-
275,"Gambia",GMB,2023,Terrestrial,"Bees",-,"","",Hives / Nests,"",-,-
100,"Germany",DEU,2023,Terrestrial,"Cattle",-,"10850800","",Animals,"100730",-,-
100,"Germany",DEU,2023,Terrestrial,"Swine",-,"22379500","",Animals,"27600",-,-
100,"Germany",DEU,2023,Terrestrial,"Birds","Broiler chickens","88091700","",Animals,"",-,-
100,"Germany",DEU,2023,Terrestrial,"Birds","Ducks","1593100","",Animals,"",-,-
100,"Germany",DEU,2023,Terrestrial,"Birds","Layer chickens","68209200","",Animals,"",-,-
100,"Germany",DEU,2023,Terrestrial,"Birds","Other birds","414900","",Animals,"",-,-
100,"Germany",DEU,2023,Terrestrial,"Birds","Turkeys","8999000","",Animals,"",-,-
100,"Germany",DEU,2023,Terrestrial,"Birds",-,"167307900","",Animals,"47400",-,-
100,"Germany",DEU,2023,Terrestrial,"Sheep",-,"1822400","",Animals,"20190",-,-
100,"Germany",DEU,2023,Terrestrial,"Goats",-,"162600","",Animals,"10360",-,-
100,"Germany",DEU,2023,Terrestrial,"Sheep / goats (mixed herd)",-,"","",Animals,"",-,-
100,"Germany",DEU,2023,Terrestrial,"Buffaloes",-,"","",Animals,"",-,-
100,"Germany",DEU,2023,Terrestrial,"Equidae",-,"486500","",Animals,"41200",-,-
100,"Germany",DEU,2023,Terrestrial,"Camelidae",-,"","",Animals,"",-,-
100,"Germany",DEU,2023,Terrestrial,"Rabbits / hares (mixed group)",-,"","",Animals,"",-,-
100,"Germany",DEU,2023,Terrestrial,"Cervidae",-,"","",Animals,"",-,-
100,"Germany",DEU,2023,Terrestrial,"Dogs",-,"","",Animals,"",-,-
100,"Germany",DEU,2023,Terrestrial,"Cats",-,"","",Animals,"",-,-
100,"Germany",DEU,2023,Terrestrial,"Bees",-,"1000000","",Hives / Nests,"143000",-,-
217,"Ghana",GHA,2023,Terrestrial,"Cattle",-,"822029","",Animals,"",-,-
217,"Ghana",GHA,2023,Terrestrial,"Swine",-,"898641","",Animals,"",-,-
217,"Ghana",GHA,2023,Terrestrial,"Birds",-,"23184112","",Animals,"",-,-
217,"Ghana",GHA,2023,Terrestrial,"Sheep",-,"2781761","",Animals,"",-,-
217,"Ghana",GHA,2023,Terrestrial,"Goats",-,"2509635","",Animals,"",-,-
217,"Ghana",GHA,2023,Terrestrial,"Sheep / goats (mixed herd)",-,"","",Animals,"",-,-
217,"Ghana",GHA,2023,Terrestrial,"Buffaloes",-,"","",Animals,"",-,-
217,"Ghana",GHA,2023,Terrestrial,"Equidae",-,"352","",Animals,"",-,-
217,"Ghana",GHA,2023,Terrestrial,"Camelidae",-,"","",Animals,"",-,-
217,"Ghana",GHA,2023,Terrestrial,"Rabbits / hares (mixed group)",-,"","",Animals,"",-,-
217,"Ghana",GHA,2023,Terrestrial,"Cervidae",-,"","",Animals,"",-,-
217,"Ghana",GHA,2023,Terrestrial,"Dogs",-,"","",Animals,"",-,-
217,"Ghana",GHA,2023,Terrestrial,"Cats",-,"","",Animals,"",-,-
217,"Ghana",GHA,2023,Terrestrial,"Bees",-,"","",Hives / Nests,"",-,-
52,"Greece",GRC,2023,Terrestrial,"Cattle",-,"963723","142269",Animals,"17563",-,"37758"
52,"Greece",GRC,2023,Terrestrial,"Swine",-,"808191","1055359",Animals,"1875",-,-
52,"Greece",GRC,2023,Terrestrial,"Birds",-,"39433767","147332879",Animals,"2290",-,"280537"
52,"Greece",GRC,2023,Terrestrial,"Sheep",-,"3233639","",Animals,"19421",-,-
52,"Greece",GRC,2023,Terrestrial,"Goats","Adult (goats)","","",Animals,"5964",-,-
52,"Greece",GRC,2023,Terrestrial,"Goats",-,"1160317","",Animals,"5964",-,-
52,"Greece",GRC,2023,Terrestrial,"Sheep / goats (mixed herd)",-,"12517100","",Animals,"57065",-,-
52,"Greece",GRC,2023,Terrestrial,"Buffaloes",-,"8253","795",Animals,"102",-,"170"
52,"Greece",GRC,2023,Terrestrial,"Equidae",-,"11815","0",Animals,"2512",-,"0"
52,"Greece",GRC,2023,Terrestrial,"Camelidae",-,"21","",Animals,"2",-,-
52,"Greece",GRC,2023,Terrestrial,"Rabbits / hares (mixed group)",-,"42476","",Animals,"30",-,-
52,"Greece",GRC,2023,Terrestrial,"Cervidae",-,"594","",Animals,"7",-,-
52,"Greece",GRC,2023,Terrestrial,"Dogs",-,"1023908","",Animals,"",-,-
52,"Greece",GRC,2023,Terrestrial,"Cats",-,"255833","",Animals,"",-,-
52,"Greece",GRC,2023,Terrestrial,"Bees",-,"2317202","",Hives / Nests,"23198",-,-
89,"Greenland",GRL,2023,Terrestrial,"Cattle",-,"83","89",Animals,"6",-,"9,1"
89,"Greenland",GRL,2023,Terrestrial,"Swine",-,"0","0",Animals,"0",-,"0"
89,"Greenland",GRL,2023,Terrestrial,"Birds","Backyard poultry","260","",Animals,"20",-,-
89,"Greenland",GRL,2023,Terrestrial,"Birds",-,"260","",Animals,"20",-,-
89,"Greenland",GRL,2023,Terrestrial,"Sheep","Adult (sheep)","","1769",Animals,"","65",-
89,"Greenland",GRL,2023,Terrestrial,"Sheep","Lambs (<6 months) (sheep)","","18599",Animals,"",-,-
89,"Greenland",GRL,2023,Terrestrial,"Sheep",-,"17268","20368",Animals,"39",-,"286,6"
89,"Greenland",GRL,2023,Terrestrial,"Goats",-,"0","0",Animals,"0",-,"0"
89,"Greenland",GRL,2023,Terrestrial,"Sheep / goats (mixed herd)",-,"0","0",Animals,"0",-,"0"
89,"Greenland",GRL,2023,Terrestrial,"Buffaloes",-,"0","0",Animals,"0",-,"0"
89,"Greenland",GRL,2023,Terrestrial,"Equidae",-,"150","",Animals,"26",-,-
89,"Greenland",GRL,2023,Terrestrial,"Camelidae",-,"0","0",Animals,"0",-,"0"
89,"Greenland",GRL,2023,Terrestrial,"Rabbits / hares (mixed group)",-,"0","0",Animals,"0",-,"0"
89,"Greenland",GRL,2023,Terrestrial,"Cervidae","Cervidae: Red deer + Wapiti + Reindeer","1700","106",Animals,"2",-,"2,6"
89,"Greenland",GRL,2023,Terrestrial,"Cervidae",-,"1700","106",Animals,"2",-,"2,6"
89,"Greenland",GRL,2023,Terrestrial,"Dogs",-,"12000","",Animals,"",-,-
89,"Greenland",GRL,2023,Terrestrial,"Cats",-,"300","",Animals,"",-,-
89,"Greenland",GRL,2023,Terrestrial,"Bees",-,"","",Hives / Nests,"",-,-
340,"Guatemala",GTM,2023,Terrestrial,"Cattle",-,"2500000","",Animals,"","450",-
340,"Guatemala",GTM,2023,Terrestrial,"Swine",-,"1500000","",Animals,"865","100",-
340,"Guatemala",GTM,2023,Terrestrial,"Birds",-,"83200000","",Animals,"820","2,5",-
340,"Guatemala",GTM,2023,Terrestrial,"Sheep",-,"150000","",Animals,"","50",-
340,"Guatemala",GTM,2023,Terrestrial,"Goats",-,"440000","",Animals,"","28",-
340,"Guatemala",GTM,2023,Terrestrial,"Sheep / goats (mixed herd)",-,"","",Animals,"",-,-
340,"Guatemala",GTM,2023,Terrestrial,"Buffaloes",-,"2000","",Animals,"","800",-
340,"Guatemala",GTM,2023,Terrestrial,"Equidae",-,"220700","",Animals,"","500",-
340,"Guatemala",GTM,2023,Terrestrial,"Camelidae",-,"27","",Animals,"","65",-
340,"Guatemala",GTM,2023,Terrestrial,"Rabbits / hares (mixed group)",-,"","",Animals,"","2,5",-
340,"Guatemala",GTM,2023,Terrestrial,"Cervidae",-,"","",Animals,"",-,-
340,"Guatemala",GTM,2023,Terrestrial,"Dogs",-,"2500000","",Animals,"",-,-
340,"Guatemala",GTM,2023,Terrestrial,"Cats",-,"","",Animals,"",-,-
340,"Guatemala",GTM,2023,Terrestrial,"Bees",-,"234000","",Hives / Nests,"4000",-,-
264,"Guinea-Bissau",GNB,2023,Terrestrial,"Cattle",-,"1748853","8615",Animals,"","90","865"
264,"Guinea-Bissau",GNB,2023,Terrestrial,"Swine",-,"595142","",Animals,"",-,-
264,"Guinea-Bissau",GNB,2023,Terrestrial,"Birds",-,"2565724","",Animals,"",-,-
264,"Guinea-Bissau",GNB,2023,Terrestrial,"Sheep",-,"350296","1473",Animals,"","30","22"
264,"Guinea-Bissau",GNB,2023,Terrestrial,"Goats",-,"981798","6930",Animals,"","20","78,6"
264,"Guinea-Bissau",GNB,2023,Terrestrial,"Sheep / goats (mixed herd)",-,"","",Animals,"",-,-
264,"Guinea-Bissau",GNB,2023,Terrestrial,"Buffaloes",-,"","",Animals,"",-,-
264,"Guinea-Bissau",GNB,2023,Terrestrial,"Equidae",-,"5007","",Animals,"",-,-
264,"Guinea-Bissau",GNB,2023,Terrestrial,"Camelidae",-,"","",Animals,"",-,-
264,"Guinea-Bissau",GNB,2023,Terrestrial,"Rabbits / hares (mixed group)",-,"","",Animals,"",-,-
264,"Guinea-Bissau",GNB,2023,Terrestrial,"Cervidae",-,"","",Animals,"",-,-
264,"Guinea-Bissau",GNB,2023,Terrestrial,"Dogs",-,"","",Animals,"",-,-
264,"Guinea-Bissau",GNB,2023,Terrestrial,"Cats",-,"","",Animals,"",-,-
264,"Guinea-Bissau",GNB,2023,Terrestrial,"Bees",-,"","",Hives / Nests,"",-,-
196,"Guyana",GUY,2023,Terrestrial,"Cattle","Adult beef cattle","184516","",Animals,"4433","400",-
196,"Guyana",GUY,2023,Terrestrial,"Cattle","Males and females, 1-2 years, beef cattle","46251","",Animals,"","280",-
196,"Guyana",GUY,2023,Terrestrial,"Cattle",-,"","",Animals,"",-,-
196,"Guyana",GUY,2023,Terrestrial,"Swine","Adult (breeding) pigs","74942","",Animals,"",-,-
196,"Guyana",GUY,2023,Terrestrial,"Swine",-,"","",Animals,"",-,-
196,"Guyana",GUY,2023,Terrestrial,"Birds","Backyard poultry","89000","",Animals,"",-,-
196,"Guyana",GUY,2023,Terrestrial,"Birds","Broiler chickens","48000000","",Animals,"",-,-
196,"Guyana",GUY,2023,Terrestrial,"Birds","Ducks","2000000","",Animals,"",-,-
196,"Guyana",GUY,2023,Terrestrial,"Birds","Layer chickens","6000000","",Animals,"",-,-
196,"Guyana",GUY,2023,Terrestrial,"Birds",-,"","",Animals,"",-,-
196,"Guyana",GUY,2023,Terrestrial,"Sheep","Adult (sheep)","131748","",Animals,"",-,-
196,"Guyana",GUY,2023,Terrestrial,"Sheep",-,"","",Animals,"",-,-
196,"Guyana",GUY,2023,Terrestrial,"Goats","Adult (goats)","78961","",Animals,"",-,-
196,"Guyana",GUY,2023,Terrestrial,"Goats",-,"","",Animals,"",-,-
196,"Guyana",GUY,2023,Terrestrial,"Sheep / goats (mixed herd)",-,"","",Animals,"",-,-
196,"Guyana",GUY,2023,Terrestrial,"Buffaloes",-,"","",Animals,"",-,-
196,"Guyana",GUY,2023,Terrestrial,"Equidae","Horses","6041","",Animals,"",-,-
196,"Guyana",GUY,2023,Terrestrial,"Equidae",-,"","",Animals,"",-,-
196,"Guyana",GUY,2023,Terrestrial,"Camelidae",-,"","",Animals,"",-,-
196,"Guyana",GUY,2023,Terrestrial,"Rabbits / hares (mixed group)",-,"","",Animals,"",-,-
196,"Guyana",GUY,2023,Terrestrial,"Cervidae",-,"","",Animals,"",-,-
196,"Guyana",GUY,2023,Terrestrial,"Dogs",-,"4000","",Animals,"",-,-
196,"Guyana",GUY,2023,Terrestrial,"Cats",-,"2300","",Animals,"",-,-
196,"Guyana",GUY,2023,Terrestrial,"Bees",-,"","",Hives / Nests,"112",-,-
75,"Hong Kong",HKG,2023,Terrestrial,"Cattle","Adult dairy cattle","29","",Animals,"",-,-
75,"Hong Kong",HKG,2023,Terrestrial,"Cattle","Calves (<1 year) (cattle)","25","",Animals,"",-,-
75,"Hong Kong",HKG,2023,Terrestrial,"Cattle",-,"54","",Animals,"2",-,-
75,"Hong Kong",HKG,2023,Terrestrial,"Swine",-,"47990","",Animals,"43",-,-
75,"Hong Kong",HKG,2023,Terrestrial,"Birds","Broiler chickens","1016513","",Animals,"",-,-
75,"Hong Kong",HKG,2023,Terrestrial,"Birds","Layer chickens","29841","",Animals,"",-,-
75,"Hong Kong",HKG,2023,Terrestrial,"Birds",-,"1046354","",Animals,"29",-,-
75,"Hong Kong",HKG,2023,Terrestrial,"Sheep",-,"","",Animals,"",-,-
75,"Hong Kong",HKG,2023,Terrestrial,"Goats",-,"","",Animals,"",-,-
75,"Hong Kong",HKG,2023,Terrestrial,"Sheep / goats (mixed herd)",-,"","",Animals,"",-,-
75,"Hong Kong",HKG,2023,Terrestrial,"Buffaloes",-,"","",Animals,"",-,-
75,"Hong Kong",HKG,2023,Terrestrial,"Equidae","Horses","1534","",Animals,"",-,-
75,"Hong Kong",HKG,2023,Terrestrial,"Equidae",-,"1534","",Animals,"11",-,-
75,"Hong Kong",HKG,2023,Terrestrial,"Camelidae",-,"","",Animals,"",-,-
75,"Hong Kong",HKG,2023,Terrestrial,"Rabbits / hares (mixed group)",-,"","",Animals,"",-,-
75,"Hong Kong",HKG,2023,Terrestrial,"Cervidae",-,"","",Animals,"",-,-
75,"Hong Kong",HKG,2023,Terrestrial,"Dogs",-,"221100","",Animals,"",-,-
75,"Hong Kong",HKG,2023,Terrestrial,"Cats",-,"184100","",Animals,"",-,-
75,"Hong Kong",HKG,2023,Terrestrial,"Bees",-,"","",Hives / Nests,"",-,-
26,"Hungary",HUN,2023,Terrestrial,"Cattle","Adult beef cattle","172517","642",Animals,"9232",-,"436,5"
26,"Hungary",HUN,2023,Terrestrial,"Cattle","Adult dairy cattle","203909","48750",Animals,"4734",-,"26325"
26,"Hungary",HUN,2023,Terrestrial,"Cattle","Calves (<1 year) (cattle)","137503","7957",Animals,"",-,"2486,5"
26,"Hungary",HUN,2023,Terrestrial,"Cattle","Males and females, 1-2 years, beef cattle","115211","12965",Animals,"",-,"8816,2"
26,"Hungary",HUN,2023,Terrestrial,"Cattle","Males and females, 1-2 years, dairy cattle","171040","25923",Animals,"4665",-,"13998,4"
26,"Hungary",HUN,2023,Terrestrial,"Cattle",-,"800180","96237",Animals,"20903",-,"52062,7"
26,"Hungary",HUN,2023,Terrestrial,"Swine","Adult (breeding) pigs","195855","75259",Animals,"",-,"16616"
26,"Hungary",HUN,2023,Terrestrial,"Swine","Backyard pigs","","",Animals,"7261",-,-
26,"Hungary",HUN,2023,Terrestrial,"Swine","Fatteners","1461964","4550683",Animals,"",-,"409562"
26,"Hungary",HUN,2023,Terrestrial,"Swine","Piglets (pre-weaning)","843092","",Animals,"",-,-
26,"Hungary",HUN,2023,Terrestrial,"Swine",-,"2500911","4625942",Animals,"12676",-,"426178"
26,"Hungary",HUN,2023,Terrestrial,"Birds","Backyard poultry","2185744","274693",Animals,"118692",-,"687"
26,"Hungary",HUN,2023,Terrestrial,"Birds","Broiler chickens","36000000","145654096",Animals,"588",-,"1777290"
26,"Hungary",HUN,2023,Terrestrial,"Birds","Ducks","8767999","24908135",Animals,"549",-,"384050"
26,"Hungary",HUN,2023,Terrestrial,"Birds","Layer chickens","9000000","2745686",Animals,"373",-,"499921"
26,"Hungary",HUN,2023,Terrestrial,"Birds","Other birds","12785099","3551481",Animals,"729",-,"2159"
26,"Hungary",HUN,2023,Terrestrial,"Birds","Turkeys","4452639","4967342",Animals,"247",-,"101989"
26,"Hungary",HUN,2023,Terrestrial,"Birds",-,"73191481","182101433",Animals,"121178",-,"2785532"
26,"Hungary",HUN,2023,Terrestrial,"Sheep","Adult (sheep)","","10605",Animals,"8145",-,"1060,5"
26,"Hungary",HUN,2023,Terrestrial,"Sheep","Lambs (<6 months) (sheep)","","42090",Animals,"",-,"2104,5"
26,"Hungary",HUN,2023,Terrestrial,"Sheep",-,"779200","52695",Animals,"8145",-,"3165"
26,"Hungary",HUN,2023,Terrestrial,"Goats","Adult (goats)","","132",Animals,"1003",-,"13,2"
26,"Hungary",HUN,2023,Terrestrial,"Goats","Kids (<6 months) (goats)","","0",Animals,"",-,"0"
26,"Hungary",HUN,2023,Terrestrial,"Goats",-,"24030","132",Animals,"1003",-,"13,2"
26,"Hungary",HUN,2023,Terrestrial,"Sheep / goats (mixed herd)",-,"","",Animals,"",-,-
26,"Hungary",HUN,2023,Terrestrial,"Buffaloes","Adult buffalo","6844","238",Animals,"190",-,"161,8"
26,"Hungary",HUN,2023,Terrestrial,"Buffaloes","Calves (<1 year) (buffaloes)","2214","0",Animals,"",-,"0"
26,"Hungary",HUN,2023,Terrestrial,"Buffaloes",-,"9058","238",Animals,"190",-,"161,8"
26,"Hungary",HUN,2023,Terrestrial,"Equidae","Donkeys","2842","5",Animals,"330",-,"1,4"
26,"Hungary",HUN,2023,Terrestrial,"Equidae","Horses","30517","100",Animals,"4020",-,"54,5"
26,"Hungary",HUN,2023,Terrestrial,"Equidae","Mules / Hinnies","8","0",Animals,"8",-,"0"
26,"Hungary",HUN,2023,Terrestrial,"Equidae",-,"33404","105",Animals,"4358",-,"55,9"
26,"Hungary",HUN,2023,Terrestrial,"Camelidae",-,"","",Animals,"",-,-
26,"Hungary",HUN,2023,Terrestrial,"Rabbits / hares (mixed group)","Hares","","",Animals,"",-,"3,1"
26,"Hungary",HUN,2023,Terrestrial,"Rabbits / hares (mixed group)","Rabbits","4000000","3285356",Animals,"",-,"8400,3"
26,"Hungary",HUN,2023,Terrestrial,"Rabbits / hares (mixed group)",-,"","",Animals,"",-,"8403,4"
26,"Hungary",HUN,2023,Terrestrial,"Cervidae","Cervidae: other","379104","71833",Animals,"",-,"2328"
26,"Hungary",HUN,2023,Terrestrial,"Cervidae","Cervidae: Red deer + Wapiti + Reindeer","122400","40674",Animals,"",-,"9637,7"
26,"Hungary",HUN,2023,Terrestrial,"Cervidae","Cervidae: Sika deer + Rusa deer + Fallow deer","42344","10605",Animals,"",-,"388"
26,"Hungary",HUN,2023,Terrestrial,"Cervidae",-,"543848","123112",Animals,"",-,"12353,7"
26,"Hungary",HUN,2023,Terrestrial,"Dogs",-,"1017695","",Animals,"",-,-
26,"Hungary",HUN,2023,Terrestrial,"Cats",-,"2380000","",Animals,"",-,-
26,"Hungary",HUN,2023,Terrestrial,"Bees",-,"1179341","",Hives / Nests,"20423",-,-
41,"Iceland",ISL,2023,Terrestrial,"Cattle","Adult beef cattle","4000","",Animals,"",-,-
41,"Iceland",ISL,2023,Terrestrial,"Cattle","Adult dairy cattle","30500","",Animals,"",-,-
41,"Iceland",ISL,2023,Terrestrial,"Cattle","Calves (<1 year) (cattle)","22000","",Animals,"",-,-
41,"Iceland",ISL,2023,Terrestrial,"Cattle","Males and females, 1-2 years, beef cattle","3000","",Animals,"",-,-
41,"Iceland",ISL,2023,Terrestrial,"Cattle","Males and females, 1-2 years, dairy cattle","18500","",Animals,"",-,-
41,"Iceland",ISL,2023,Terrestrial,"Cattle",-,"78000","23000",Animals,"683",-,"4900"
41,"Iceland",ISL,2023,Terrestrial,"Swine","Adult (breeding) pigs","2400","",Animals,"",-,-
41,"Iceland",ISL,2023,Terrestrial,"Swine","Fatteners","24000","",Animals,"",-,-
41,"Iceland",ISL,2023,Terrestrial,"Swine","Piglets (pre-weaning)","9000","",Animals,"",-,-
41,"Iceland",ISL,2023,Terrestrial,"Swine",-,"35400","73500",Animals,"18",-,"6214"
41,"Iceland",ISL,2023,Terrestrial,"Birds","Broiler chickens","683800","5723100",Animals,"25",-,"9200"
41,"Iceland",ISL,2023,Terrestrial,"Birds","Layer chickens","341400","0",Animals,"16",-,"0"
41,"Iceland",ISL,2023,Terrestrial,"Birds","Turkeys","12800","56800",Animals,"4",-,"385"
41,"Iceland",ISL,2023,Terrestrial,"Birds",-,"1038000","5780000",Animals,"45",-,"9700"
41,"Iceland",ISL,2023,Terrestrial,"Sheep","Adult (sheep)","290000","",Animals,"",-,-
41,"Iceland",ISL,2023,Terrestrial,"Sheep","Lambs (<6 months) (sheep)","70000","",Animals,"",-,-
41,"Iceland",ISL,2023,Terrestrial,"Sheep",-,"360000","464000",Animals,"1830",-,"8400"
41,"Iceland",ISL,2023,Terrestrial,"Goats",-,"1835","550",Animals,"117",-,"6"
41,"Iceland",ISL,2023,Terrestrial,"Sheep / goats (mixed herd)",-,"","",Animals,"",-,-
41,"Iceland",ISL,2023,Terrestrial,"Buffaloes",-,"0","0",Animals,"0","0","0"
41,"Iceland",ISL,2023,Terrestrial,"Equidae","Donkeys","0","0",Animals,"0",-,"0"
41,"Iceland",ISL,2023,Terrestrial,"Equidae","Horses","60000","8100",Animals,"1500",-,"900"
41,"Iceland",ISL,2023,Terrestrial,"Equidae","Mules / Hinnies","0","0",Animals,"0",-,"0"
41,"Iceland",ISL,2023,Terrestrial,"Equidae",-,"60000","8100",Animals,"1500",-,"900"
41,"Iceland",ISL,2023,Terrestrial,"Camelidae",-,"0","0",Animals,"0","0","0"
41,"Iceland",ISL,2023,Terrestrial,"Rabbits / hares (mixed group)","Hares","0","",Animals,"",-,-
41,"Iceland",ISL,2023,Terrestrial,"Rabbits / hares (mixed group)","Rabbits","450","",Animals,"",-,-
41,"Iceland",ISL,2023,Terrestrial,"Rabbits / hares (mixed group)",-,"450","0",Animals,"0",-,"0"
41,"Iceland",ISL,2023,Terrestrial,"Cervidae","Cervidae: Red deer + Wapiti + Reindeer","30000","",Animals,"",-,-
41,"Iceland",ISL,2023,Terrestrial,"Cervidae",-,"30000","",Animals,"",-,-
41,"Iceland",ISL,2023,Terrestrial,"Dogs",-,"40000","",Animals,"",-,-
41,"Iceland",ISL,2023,Terrestrial,"Cats",-,"40000","",Animals,"",-,-
41,"Iceland",ISL,2023,Terrestrial,"Bees",-,"","",Hives / Nests,"",-,-
86,"Indonesia",IDN,2023,Terrestrial,"Cattle",-,"18110000","2330000",Animals,"4778158","462,1","499,7"
86,"Indonesia",IDN,2023,Terrestrial,"Swine",-,"6749000","2318252",Animals,"1161360","104,4","154351,7"
86,"Indonesia",IDN,2023,Terrestrial,"Birds",-,"3873420000","",Animals,"",-,-
86,"Indonesia",IDN,2023,Terrestrial,"Sheep",-,"14063000","3683219",Animals,"","25","34991"
86,"Indonesia",IDN,2023,Terrestrial,"Goats",-,"18561000","4206965",Animals,"","30","42070"
86,"Indonesia",IDN,2023,Terrestrial,"Sheep / goats (mixed herd)",-,"","",Animals,"",-,-
86,"Indonesia",IDN,2023,Terrestrial,"Buffaloes",-,"1088000","105836",Animals,"","343","13759"
86,"Indonesia",IDN,2023,Terrestrial,"Equidae",-,"367302","11093",Animals,"","230,5","1053,8"
86,"Indonesia",IDN,2023,Terrestrial,"Camelidae",-,"","",Animals,"",-,-
86,"Indonesia",IDN,2023,Terrestrial,"Rabbits / hares (mixed group)",-,"1224818","",Animals,"",-,-
86,"Indonesia",IDN,2023,Terrestrial,"Cervidae",-,"","",Animals,"",-,-
86,"Indonesia",IDN,2023,Terrestrial,"Dogs",-,"","",Animals,"",-,-
86,"Indonesia",IDN,2023,Terrestrial,"Cats",-,"","",Animals,"",-,-
86,"Indonesia",IDN,2023,Terrestrial,"Bees",-,"","",Hives / Nests,"",-,-
47,"Iran",IRN,2023,Terrestrial,"Cattle","Adult beef cattle","200000","38982",Animals,"","1300","24948"
47,"Iran",IRN,2023,Terrestrial,"Cattle","Adult dairy cattle","2300000","267312",Animals,"","800","105802"
47,"Iran",IRN,2023,Terrestrial,"Cattle","Calves (<1 year) (cattle)","1800000","172638",Animals,"","120","46612"
47,"Iran",IRN,2023,Terrestrial,"Cattle","Males and females, 1-2 years, beef cattle","450000","584745",Animals,"","400","306756"
47,"Iran",IRN,2023,Terrestrial,"Cattle","Males and females, 1-2 years, dairy cattle","450000","50121",Animals,"","300","17542"
47,"Iran",IRN,2023,Terrestrial,"Cattle",-,"5200000","1113798",Animals,"","584","501660"
47,"Iran",IRN,2023,Terrestrial,"Swine",-,"0","0",Animals,"0","0","0"
47,"Iran",IRN,2023,Terrestrial,"Birds","Backyard poultry","38056135","",Animals,"51992","6",-
47,"Iran",IRN,2023,Terrestrial,"Birds","Broiler chickens","1282008786","1091566311",Animals,"16180","6","4115178"
47,"Iran",IRN,2023,Terrestrial,"Birds","Ducks","42000","",Animals,"3","8",-
47,"Iran",IRN,2023,Terrestrial,"Birds","Layer chickens","77936280","50974991",Animals,"1481","8","185258"
47,"Iran",IRN,2023,Terrestrial,"Birds","Other birds","366085","6831907",Animals,"122","6","44852"
47,"Iran",IRN,2023,Terrestrial,"Birds","Turkeys","3545400","",Animals,"281","34",-
47,"Iran",IRN,2023,Terrestrial,"Birds",-,"1401954686","1149373209",Animals,"70059","11,2","4345288"
47,"Iran",IRN,2023,Terrestrial,"Sheep","Adult (sheep)","45725000","7315768",Animals,"","90","336672"
47,"Iran",IRN,2023,Terrestrial,"Sheep","Lambs (<6 months) (sheep)","9875000","1291018",Animals,"","16","20656"
47,"Iran",IRN,2023,Terrestrial,"Sheep",-,"55600000","8606786",Animals,"","53","357328"
47,"Iran",IRN,2023,Terrestrial,"Goats","Adult (goats)","16102000","1757277",Animals,"","50","59954"
47,"Iran",IRN,2023,Terrestrial,"Goats","Kids (<6 months) (goats)","3750000","310107",Animals,"","10","3720"
47,"Iran",IRN,2023,Terrestrial,"Goats",-,"19852000","2067384",Animals,"","30","63674"
47,"Iran",IRN,2023,Terrestrial,"Sheep / goats (mixed herd)",-,"","",Animals,"",-,-
47,"Iran",IRN,2023,Terrestrial,"Buffaloes","Adult buffalo","77100","21809",Animals,"","1100","9256"
47,"Iran",IRN,2023,Terrestrial,"Buffaloes","Calves (<1 year) (buffaloes)","16900","2423",Animals,"","200","484"
47,"Iran",IRN,2023,Terrestrial,"Buffaloes",-,"94000","24232",Animals,"","650","9740"
47,"Iran",IRN,2023,Terrestrial,"Equidae","Horses","70000","",Animals,"",-,-
47,"Iran",IRN,2023,Terrestrial,"Equidae",-,"70000","",Animals,"",-,-
47,"Iran",IRN,2023,Terrestrial,"Camelidae","Alpacas","0","0",Animals,"",-,"0"
47,"Iran",IRN,2023,Terrestrial,"Camelidae","Camels","159000","30626",Animals,"",-,"12036"
47,"Iran",IRN,2023,Terrestrial,"Camelidae","Llamas","0","0",Animals,"",-,"0"
47,"Iran",IRN,2023,Terrestrial,"Camelidae",-,"159000","30626",Animals,"",-,"12036"
47,"Iran",IRN,2023,Terrestrial,"Rabbits / hares (mixed group)",-,"0","0",Animals,"0","0","0"
47,"Iran",IRN,2023,Terrestrial,"Cervidae",-,"0","0",Animals,"0","0","0"
47,"Iran",IRN,2023,Terrestrial,"Dogs",-,"770000","",Animals,"",-,-
47,"Iran",IRN,2023,Terrestrial,"Cats",-,"","",Animals,"",-,-
47,"Iran",IRN,2023,Terrestrial,"Bees",-,"11206000","",Hives / Nests,"96327",-,-
45,"Iraq",IRQ,2023,Terrestrial,"Cattle","Adult beef cattle","","",Animals,"","1000",-
45,"Iraq",IRQ,2023,Terrestrial,"Cattle","Adult dairy cattle","","",Animals,"","900",-
45,"Iraq",IRQ,2023,Terrestrial,"Cattle","Calves (<1 year) (cattle)","","",Animals,"","500",-
45,"Iraq",IRQ,2023,Terrestrial,"Cattle","Males and females, 1-2 years, beef cattle","","",Animals,"","700",-
45,"Iraq",IRQ,2023,Terrestrial,"Cattle","Males and females, 1-2 years, dairy cattle","","",Animals,"","500",-
45,"Iraq",IRQ,2023,Terrestrial,"Cattle",-,"2351754","",Animals,"",-,-
45,"Iraq",IRQ,2023,Terrestrial,"Swine",-,"","",Animals,"",-,-
45,"Iraq",IRQ,2023,Terrestrial,"Birds",-,"","",Animals,"",-,-
45,"Iraq",IRQ,2023,Terrestrial,"Sheep",-,"10327488","",Animals,"",-,-
45,"Iraq",IRQ,2023,Terrestrial,"Goats",-,"2883678","",Animals,"",-,-
45,"Iraq",IRQ,2023,Terrestrial,"Sheep / goats (mixed herd)",-,"","",Animals,"",-,-
45,"Iraq",IRQ,2023,Terrestrial,"Buffaloes",-,"234220","",Animals,"",-,-
45,"Iraq",IRQ,2023,Terrestrial,"Equidae",-,"8572","",Animals,"",-,-
45,"Iraq",IRQ,2023,Terrestrial,"Camelidae",-,"213386","",Animals,"",-,-
45,"Iraq",IRQ,2023,Terrestrial,"Rabbits / hares (mixed group)",-,"","",Animals,"",-,-
45,"Iraq",IRQ,2023,Terrestrial,"Cervidae",-,"","",Animals,"",-,-
45,"Iraq",IRQ,2023,Terrestrial,"Dogs",-,"","",Animals,"",-,-
45,"Iraq",IRQ,2023,Terrestrial,"Cats",-,"","",Animals,"",-,-
45,"Iraq",IRQ,2023,Terrestrial,"Bees",-,"","",Hives / Nests,"",-,-
25,"Ireland",IRL,2023,Terrestrial,"Cattle","Adult beef cattle","1098565","890366",Animals,"",-,-
25,"Ireland",IRL,2023,Terrestrial,"Cattle","Adult dairy cattle","1588263","463321",Animals,"",-,-
25,"Ireland",IRL,2023,Terrestrial,"Cattle","Calves (<1 year) (cattle)","1965034","39051",Animals,"",-,-
25,"Ireland",IRL,2023,Terrestrial,"Cattle","Males and females, 1-2 years, beef cattle","1169188","385112",Animals,"",-,-
25,"Ireland",IRL,2023,Terrestrial,"Cattle","Males and females, 1-2 years, dairy cattle","589907","91591",Animals,"",-,-
25,"Ireland",IRL,2023,Terrestrial,"Cattle",-,"6410957","1869441",Animals,"96475",-,"599515"
25,"Ireland",IRL,2023,Terrestrial,"Swine","Adult (breeding) pigs","126800","84644",Animals,"",-,-
25,"Ireland",IRL,2023,Terrestrial,"Swine","Fatteners","","3145958",Animals,"",-,-
25,"Ireland",IRL,2023,Terrestrial,"Swine",-,"1407600","3230602",Animals,"2986",-,"300344"
25,"Ireland",IRL,2023,Terrestrial,"Birds","Broiler chickens","17794528","100500439",Animals,"342",-,"140701"
25,"Ireland",IRL,2023,Terrestrial,"Birds","Ducks","409960","3758585",Animals,"40",-,"7517"
25,"Ireland",IRL,2023,Terrestrial,"Birds","Layer chickens","3815296","6116097",Animals,"267",-,"6728"
25,"Ireland",IRL,2023,Terrestrial,"Birds","Other birds","20750","",Animals,"12",-,-
25,"Ireland",IRL,2023,Terrestrial,"Birds","Turkeys","2937243","1662849",Animals,"144",-,"16628"
25,"Ireland",IRL,2023,Terrestrial,"Birds",-,"24977777","112037970",Animals,"805",-,"171574"
25,"Ireland",IRL,2023,Terrestrial,"Sheep",-,"3722784","3168560",Animals,"49009",-,"69719,2"
25,"Ireland",IRL,2023,Terrestrial,"Goats",-,"7303","",Animals,"1483",-,-
25,"Ireland",IRL,2023,Terrestrial,"Sheep / goats (mixed herd)",-,"","",Animals,"",-,-
25,"Ireland",IRL,2023,Terrestrial,"Buffaloes",-,"","",Animals,"",-,-
25,"Ireland",IRL,2023,Terrestrial,"Equidae",-,"98500","1987",Animals,"",-,"540,7"
25,"Ireland",IRL,2023,Terrestrial,"Camelidae",-,"","",Animals,"",-,-
25,"Ireland",IRL,2023,Terrestrial,"Rabbits / hares (mixed group)",-,"","",Animals,"",-,-
25,"Ireland",IRL,2023,Terrestrial,"Cervidae",-,"","",Animals,"",-,-
25,"Ireland",IRL,2023,Terrestrial,"Dogs",-,"","",Animals,"",-,-
25,"Ireland",IRL,2023,Terrestrial,"Cats",-,"","",Animals,"",-,-
25,"Ireland",IRL,2023,Terrestrial,"Bees",-,"27403","",Hives / Nests,"4329",-,-
94,"Israel",ISR,2023,Terrestrial,"Cattle","Adult beef cattle","71500","",Animals,"500",-,-
94,"Israel",ISR,2023,Terrestrial,"Cattle","Adult dairy cattle","120000","",Animals,"686",-,-
94,"Israel",ISR,2023,Terrestrial,"Cattle","Calves (<1 year) (cattle)","360000","",Animals,"",-,-
94,"Israel",ISR,2023,Terrestrial,"Cattle","Males and females, 1-2 years, beef cattle","85000","",Animals,"",-,-
94,"Israel",ISR,2023,Terrestrial,"Cattle","Males and females, 1-2 years, dairy cattle","48000","",Animals,"",-,-
94,"Israel",ISR,2023,Terrestrial,"Cattle",-,"684500","173246",Animals,"1200",-,-
94,"Israel",ISR,2023,Terrestrial,"Swine","Adult (breeding) pigs","15000","",Animals,"24",-,-
94,"Israel",ISR,2023,Terrestrial,"Swine","Backyard pigs","0","",Animals,"",-,-
94,"Israel",ISR,2023,Terrestrial,"Swine","Fatteners","150000","",Animals,"",-,-
94,"Israel",ISR,2023,Terrestrial,"Swine","Piglets (pre-weaning)","50000","",Animals,"",-,-
94,"Israel",ISR,2023,Terrestrial,"Swine",-,"215000","133004",Animals,"24",-,-
94,"Israel",ISR,2023,Terrestrial,"Birds","Broiler chickens","44200000","215813701",Animals,"700","525178683",-
94,"Israel",ISR,2023,Terrestrial,"Birds","Ducks","120500","",Animals,"2",-,-
94,"Israel",ISR,2023,Terrestrial,"Birds","Layer chickens","11500000","",Animals,"1500",-,-
94,"Israel",ISR,2023,Terrestrial,"Birds","Other birds","","",Animals,"493",-,-
94,"Israel",ISR,2023,Terrestrial,"Birds","Turkeys","3348649","6735410",Animals,"185","86901605",-
94,"Israel",ISR,2023,Terrestrial,"Birds",-,"60000000","222550000",Animals,"3000","612000000",-
94,"Israel",ISR,2023,Terrestrial,"Sheep","Adult (sheep)","300000","",Animals,"2700",-,-
94,"Israel",ISR,2023,Terrestrial,"Sheep","Lambs (<6 months) (sheep)","500000","",Animals,"",-,-
94,"Israel",ISR,2023,Terrestrial,"Sheep",-,"800000","",Animals,"2700",-,-
94,"Israel",ISR,2023,Terrestrial,"Goats","Adult (goats)","50000","",Animals,"1600",-,-
94,"Israel",ISR,2023,Terrestrial,"Goats","Kids (<6 months) (goats)","70000","",Animals,"",-,-
94,"Israel",ISR,2023,Terrestrial,"Goats",-,"120000","",Animals,"1600",-,-
94,"Israel",ISR,2023,Terrestrial,"Sheep / goats (mixed herd)",-,"","323324",Animals,"1000",-,-
94,"Israel",ISR,2023,Terrestrial,"Buffaloes","Adult buffalo","300","",Animals,"",-,-
94,"Israel",ISR,2023,Terrestrial,"Buffaloes","Calves (<1 year) (buffaloes)","150","",Animals,"",-,-
94,"Israel",ISR,2023,Terrestrial,"Buffaloes",-,"450","",Animals,"1",-,-
94,"Israel",ISR,2023,Terrestrial,"Equidae","Donkeys","1000","0",Animals,"",-,"0"
94,"Israel",ISR,2023,Terrestrial,"Equidae","Horses","30000","0",Animals,"1500",-,"0"
94,"Israel",ISR,2023,Terrestrial,"Equidae",-,"31000","0",Animals,"1500",-,"0"
94,"Israel",ISR,2023,Terrestrial,"Camelidae","Alpacas","50","0",Animals,"1",-,"0"
94,"Israel",ISR,2023,Terrestrial,"Camelidae","Camels","4000","0",Animals,"",-,"0"
94,"Israel",ISR,2023,Terrestrial,"Camelidae",-,"4050","0",Animals,"",-,"0"
94,"Israel",ISR,2023,Terrestrial,"Rabbits / hares (mixed group)",-,"0","0",Animals,"0","0","0"
94,"Israel",ISR,2023,Terrestrial,"Cervidae",-,"0","0",Animals,"0","0","0"
94,"Israel",ISR,2023,Terrestrial,"Dogs",-,"604874","",Animals,"",-,-
94,"Israel",ISR,2023,Terrestrial,"Cats",-,"1000000","",Animals,"",-,-
94,"Israel",ISR,2023,Terrestrial,"Bees",-,"90000","",Hives / Nests,"450",-,-
54,"Italy",ITA,2023,Terrestrial,"Cattle","Calves (<1 year) (cattle)","1782674","637149",Animals,"",-,-
54,"Italy",ITA,2023,Terrestrial,"Cattle",-,"5428105","2512744",Animals,"118973",-,-
54,"Italy",ITA,2023,Terrestrial,"Swine","Adult (breeding) pigs","","154607",Animals,"",-,-
54,"Italy",ITA,2023,Terrestrial,"Swine","Fatteners","","9289153",Animals,"",-,-
54,"Italy",ITA,2023,Terrestrial,"Swine","Piglets (pre-weaning)","","296343",Animals,"",-,-
54,"Italy",ITA,2023,Terrestrial,"Swine",-,"8168335","9740103",Animals,"94949",-,-
54,"Italy",ITA,2023,Terrestrial,"Birds","Broiler chickens","72953703","544470201",Animals,"",-,-
54,"Italy",ITA,2023,Terrestrial,"Birds","Ducks","168774","1152728",Animals,"",-,-
54,"Italy",ITA,2023,Terrestrial,"Birds","Layer chickens","60643232","15746542",Animals,"",-,-
54,"Italy",ITA,2023,Terrestrial,"Birds","Other birds","3759541","17519017",Animals,"",-,-
54,"Italy",ITA,2023,Terrestrial,"Birds","Turkeys","9510106","23828975",Animals,"",-,-
54,"Italy",ITA,2023,Terrestrial,"Birds",-,"147035356","602717463",Animals,"28996",-,-
54,"Italy",ITA,2023,Terrestrial,"Sheep","Adult (sheep)","5370775","338491",Animals,"",-,-
54,"Italy",ITA,2023,Terrestrial,"Sheep",-,"5674823","338491",Animals,"",-,-
54,"Italy",ITA,2023,Terrestrial,"Goats","Adult (goats)","891945","38956",Animals,"",-,-
54,"Italy",ITA,2023,Terrestrial,"Goats",-,"964614","38956",Animals,"",-,-
54,"Italy",ITA,2023,Terrestrial,"Sheep / goats (mixed herd)",-,"","",Animals,"",-,-
54,"Italy",ITA,2023,Terrestrial,"Buffaloes","Adult buffalo","368602","34378",Animals,"",-,-
54,"Italy",ITA,2023,Terrestrial,"Buffaloes","Calves (<1 year) (buffaloes)","67562","63768",Animals,"",-,-
54,"Italy",ITA,2023,Terrestrial,"Buffaloes",-,"436164","98146",Animals,"2256",-,-
54,"Italy",ITA,2023,Terrestrial,"Equidae","Donkeys","80818","2192",Animals,"",-,-
54,"Italy",ITA,2023,Terrestrial,"Equidae","Horses","388569","11503",Animals,"",-,-
54,"Italy",ITA,2023,Terrestrial,"Equidae","Mules / Hinnies","5264","106",Animals,"",-,-
54,"Italy",ITA,2023,Terrestrial,"Equidae",-,"474759","13826",Animals,"151763",-,-
54,"Italy",ITA,2023,Terrestrial,"Camelidae",-,"","",Animals,"1006",-,-
54,"Italy",ITA,2023,Terrestrial,"Rabbits / hares (mixed group)","Hares","25594","",Animals,"",-,-
54,"Italy",ITA,2023,Terrestrial,"Rabbits / hares (mixed group)","Rabbits","11598024","14507537",Animals,"",-,-
54,"Italy",ITA,2023,Terrestrial,"Rabbits / hares (mixed group)",-,"11623618","14507537",Animals,"4115",-,-
54,"Italy",ITA,2023,Terrestrial,"Cervidae",-,"","8",Animals,"619",-,-
54,"Italy",ITA,2023,Terrestrial,"Dogs",-,"","",Animals,"",-,-
54,"Italy",ITA,2023,Terrestrial,"Cats",-,"","",Animals,"",-,-
54,"Italy",ITA,2023,Terrestrial,"Bees",-,"1844187","",Hives / Nests,"75075",-,-
38,"Japan",JPN,2023,Terrestrial,"Cattle","Adult dairy cattle","631100","",Animals,"",-,-
38,"Japan",JPN,2023,Terrestrial,"Cattle","Calves (<1 year) (cattle)","","6068",Animals,"",-,"565,8"
38,"Japan",JPN,2023,Terrestrial,"Cattle","Males and females, 1-2 years, dairy cattle","475900","",Animals,"",-,-
38,"Japan",JPN,2023,Terrestrial,"Cattle",-,"4043000","1104523",Animals,"51200",-,"501585,2"
38,"Japan",JPN,2023,Terrestrial,"Swine","Adult (breeding) pigs","818600","",Animals,"264",-,-
38,"Japan",JPN,2023,Terrestrial,"Swine","Fatteners","7512000","16406981",Animals,"2972",-,"1293835,3"
38,"Japan",JPN,2023,Terrestrial,"Swine",-,"8956000","16406981",Animals,"3370",-,"1293835,3"
38,"Japan",JPN,2023,Terrestrial,"Birds","Broiler chickens","141463000","746833000",Animals,"2100",-,"2252709"
38,"Japan",JPN,2023,Terrestrial,"Birds","Ducks","313444","",Animals,"897",-,-
38,"Japan",JPN,2023,Terrestrial,"Birds","Layer chickens","172265000","74916000",Animals,"1760",-,"131546"
38,"Japan",JPN,2023,Terrestrial,"Birds","Other birds","4508278","",Animals,"1150",-,-
38,"Japan",JPN,2023,Terrestrial,"Birds","Turkeys","2510","",Animals,"112",-,-
38,"Japan",JPN,2023,Terrestrial,"Birds",-,"318552232","821749000",Animals,"6019",-,"2384255"
38,"Japan",JPN,2023,Terrestrial,"Sheep",-,"24631","",Animals,"999",-,-
38,"Japan",JPN,2023,Terrestrial,"Goats",-,"22398","",Animals,"4942",-,-
38,"Japan",JPN,2023,Terrestrial,"Sheep / goats (mixed herd)",-,"","",Animals,"",-,-
38,"Japan",JPN,2023,Terrestrial,"Buffaloes",-,"153","",Animals,"16",-,-
38,"Japan",JPN,2023,Terrestrial,"Equidae","Horses","74287","10098",Animals,"4135",-,"4406,4"
38,"Japan",JPN,2023,Terrestrial,"Equidae",-,"74287","10098",Animals,"4135",-,"4406,4"
38,"Japan",JPN,2023,Terrestrial,"Camelidae",-,"","",Animals,"",-,-
38,"Japan",JPN,2023,Terrestrial,"Rabbits / hares (mixed group)",-,"","",Animals,"",-,-
38,"Japan",JPN,2023,Terrestrial,"Cervidae",-,"","",Animals,"",-,-
38,"Japan",JPN,2023,Terrestrial,"Dogs",-,"6064960","",Animals,"",-,-
38,"Japan",JPN,2023,Terrestrial,"Cats",-,"","",Animals,"",-,-
38,"Japan",JPN,2023,Terrestrial,"Bees",-,"","",Hives / Nests,"",-,-
295,"Jordan",JOR,2023,Terrestrial,"Cattle","Adult dairy cattle","63000","",Animals,"",-,-
295,"Jordan",JOR,2023,Terrestrial,"Cattle",-,"63000","22239",Animals,"477",-,-
295,"Jordan",JOR,2023,Terrestrial,"Swine",-,"0","0",Animals,"0","0","0"
295,"Jordan",JOR,2023,Terrestrial,"Birds",-,"290000000","163322531",Animals,"1706",-,-
295,"Jordan",JOR,2023,Terrestrial,"Sheep",-,"3338963","246839",Animals,"",-,-
295,"Jordan",JOR,2023,Terrestrial,"Goats",-,"668569","",Animals,"",-,-
295,"Jordan",JOR,2023,Terrestrial,"Sheep / goats (mixed herd)",-,"","",Animals,"",-,-
295,"Jordan",JOR,2023,Terrestrial,"Buffaloes",-,"0","0",Animals,"0","0","0"
295,"Jordan",JOR,2023,Terrestrial,"Equidae",-,"4500","0",Animals,"","0","0"
295,"Jordan",JOR,2023,Terrestrial,"Camelidae",-,"13000","",Animals,"",-,-
295,"Jordan",JOR,2023,Terrestrial,"Rabbits / hares (mixed group)",-,"","",Animals,"",-,-
295,"Jordan",JOR,2023,Terrestrial,"Cervidae",-,"","",Animals,"",-,-
295,"Jordan",JOR,2023,Terrestrial,"Dogs",-,"","",Animals,"",-,-
295,"Jordan",JOR,2023,Terrestrial,"Cats",-,"","",Animals,"",-,-
295,"Jordan",JOR,2023,Terrestrial,"Bees",-,"","",Hives / Nests,"304",-,-
69,"Kazakhstan",KAZ,2023,Terrestrial,"Cattle",-,"8354776","",Animals,"","400",-
69,"Kazakhstan",KAZ,2023,Terrestrial,"Swine",-,"590530","",Animals,"","60",-
69,"Kazakhstan",KAZ,2023,Terrestrial,"Birds",-,"56542498","",Animals,"",-,-
69,"Kazakhstan",KAZ,2023,Terrestrial,"Sheep",-,"20516464","",Animals,"","45",-
69,"Kazakhstan",KAZ,2023,Terrestrial,"Goats",-,"1853602","",Animals,"","25",-
69,"Kazakhstan",KAZ,2023,Terrestrial,"Sheep / goats (mixed herd)",-,"22370066","",Animals,"","40",-
69,"Kazakhstan",KAZ,2023,Terrestrial,"Buffaloes",-,"","",Animals,"",-,-
69,"Kazakhstan",KAZ,2023,Terrestrial,"Equidae",-,"4167841","",Animals,"","450",-
69,"Kazakhstan",KAZ,2023,Terrestrial,"Camelidae",-,"285276","",Animals,"","700",-
69,"Kazakhstan",KAZ,2023,Terrestrial,"Rabbits / hares (mixed group)",-,"","",Animals,"",-,-
69,"Kazakhstan",KAZ,2023,Terrestrial,"Cervidae",-,"","",Animals,"",-,-
69,"Kazakhstan",KAZ,2023,Terrestrial,"Dogs",-,"","",Animals,"",-,-
69,"Kazakhstan",KAZ,2023,Terrestrial,"Cats",-,"","",Animals,"",-,-
69,"Kazakhstan",KAZ,2023,Terrestrial,"Bees",-,"","",Hives / Nests,"",-,-
277,"Kenya",KEN,2023,Terrestrial,"Cattle","Adult beef cattle","16337790","",Animals,"",-,-
277,"Kenya",KEN,2023,Terrestrial,"Cattle","Adult dairy cattle","5544218","",Animals,"",-,-
277,"Kenya",KEN,2023,Terrestrial,"Cattle",-,"21882008","",Animals,"2613086",-,-
277,"Kenya",KEN,2023,Terrestrial,"Swine",-,"840160","",Animals,"44429",-,-
277,"Kenya",KEN,2023,Terrestrial,"Birds","Backyard poultry","55140403","",Animals,"",-,-
277,"Kenya",KEN,2023,Terrestrial,"Birds","Broiler chickens","5507660","",Animals,"",-,-
277,"Kenya",KEN,2023,Terrestrial,"Birds","Ducks","527713","",Animals,"",-,-
277,"Kenya",KEN,2023,Terrestrial,"Birds","Layer chickens","6395708","",Animals,"",-,-
277,"Kenya",KEN,2023,Terrestrial,"Birds","Other birds","1131787","",Animals,"",-,-
277,"Kenya",KEN,2023,Terrestrial,"Birds","Turkeys","236471","",Animals,"",-,-
277,"Kenya",KEN,2023,Terrestrial,"Birds",-,"68939742","",Animals,"2873399",-,-
277,"Kenya",KEN,2023,Terrestrial,"Sheep",-,"23208541","",Animals,"896814",-,-
277,"Kenya",KEN,2023,Terrestrial,"Goats",-,"34989347","",Animals,"5720821",-,-
277,"Kenya",KEN,2023,Terrestrial,"Sheep / goats (mixed herd)",-,"","",Animals,"",-,-
277,"Kenya",KEN,2023,Terrestrial,"Buffaloes",-,"","",Animals,"",-,-
277,"Kenya",KEN,2023,Terrestrial,"Equidae","Donkeys","1724584","",Animals,"",-,-
277,"Kenya",KEN,2023,Terrestrial,"Equidae",-,"1724584","",Animals,"",-,-
277,"Kenya",KEN,2023,Terrestrial,"Camelidae","Camels","4284497","",Animals,"",-,-
277,"Kenya",KEN,2023,Terrestrial,"Camelidae",-,"4284497","",Animals,"16785",-,-
277,"Kenya",KEN,2023,Terrestrial,"Rabbits / hares (mixed group)","Rabbits","780885","",Animals,"",-,-
277,"Kenya",KEN,2023,Terrestrial,"Rabbits / hares (mixed group)",-,"780885","",Animals,"",-,-
277,"Kenya",KEN,2023,Terrestrial,"Cervidae",-,"","",Animals,"",-,-
277,"Kenya",KEN,2023,Terrestrial,"Dogs",-,"","",Animals,"",-,-
277,"Kenya",KEN,2023,Terrestrial,"Cats",-,"","",Animals,"",-,-
277,"Kenya",KEN,2023,Terrestrial,"Bees",-,"","",Hives / Nests,"1676583",-,-
237,"Korea (Rep. of)",KOR,2023,Terrestrial,"Cattle","Adult beef cattle","3577305","1009350",Animals,"87145","753","292553"
237,"Korea (Rep. of)",KOR,2023,Terrestrial,"Cattle","Adult dairy cattle","385765","51219",Animals,"5553","648","10566"
237,"Korea (Rep. of)",KOR,2023,Terrestrial,"Cattle","Calves (<1 year) (cattle)","960159","",Animals,"",-,-
237,"Korea (Rep. of)",KOR,2023,Terrestrial,"Cattle","Males and females, 1-2 years, beef cattle","1069006","",Animals,"",-,-
237,"Korea (Rep. of)",KOR,2023,Terrestrial,"Cattle","Males and females, 1-2 years, dairy cattle","70292","",Animals,"",-,-
237,"Korea (Rep. of)",KOR,2023,Terrestrial,"Cattle",-,"6062527","1060569",Animals,"92698",-,"303119"
237,"Korea (Rep. of)",KOR,2023,Terrestrial,"Swine","Adult (breeding) pigs","907457","",Animals,"",-,-
237,"Korea (Rep. of)",KOR,2023,Terrestrial,"Swine","Fatteners","3191463","",Animals,"","116",-
237,"Korea (Rep. of)",KOR,2023,Terrestrial,"Swine","Piglets (pre-weaning)","3488819","",Animals,"",-,-
237,"Korea (Rep. of)",KOR,2023,Terrestrial,"Swine",-,"11089026","18767479",Animals,"5634",-,"1118580"
237,"Korea (Rep. of)",KOR,2023,Terrestrial,"Birds","Broiler chickens","94115386","974054094",Animals,"1546","2",-
237,"Korea (Rep. of)",KOR,2023,Terrestrial,"Birds","Ducks","6538393","52811069",Animals,"370","4",-
237,"Korea (Rep. of)",KOR,2023,Terrestrial,"Birds","Layer chickens","77202310","37435983",Animals,"944",-,-
237,"Korea (Rep. of)",KOR,2023,Terrestrial,"Birds","Other birds","16030548","",Animals,"1929",-,-
237,"Korea (Rep. of)",KOR,2023,Terrestrial,"Birds","Turkeys","1852","",Animals,"418",-,-
237,"Korea (Rep. of)",KOR,2023,Terrestrial,"Birds",-,"","",Animals,"",-,-
237,"Korea (Rep. of)",KOR,2023,Terrestrial,"Sheep","Adult (sheep)","1584","",Animals,"",-,-
237,"Korea (Rep. of)",KOR,2023,Terrestrial,"Sheep","Lambs (<6 months) (sheep)","340","",Animals,"",-,-
237,"Korea (Rep. of)",KOR,2023,Terrestrial,"Sheep",-,"1924","117928",Animals,"61","50",-
237,"Korea (Rep. of)",KOR,2023,Terrestrial,"Goats","Adult (goats)","281508","",Animals,"",-,-
237,"Korea (Rep. of)",KOR,2023,Terrestrial,"Goats","Kids (<6 months) (goats)","141922","",Animals,"",-,-
237,"Korea (Rep. of)",KOR,2023,Terrestrial,"Goats",-,"423430","",Animals,"10263",-,-
237,"Korea (Rep. of)",KOR,2023,Terrestrial,"Sheep / goats (mixed herd)",-,"","",Animals,"",-,-
237,"Korea (Rep. of)",KOR,2023,Terrestrial,"Buffaloes",-,"","",Animals,"",-,-
237,"Korea (Rep. of)",KOR,2023,Terrestrial,"Equidae","Donkeys","578","",Animals,"",-,-
237,"Korea (Rep. of)",KOR,2023,Terrestrial,"Equidae","Horses","27289","1331",Animals,"2179","417",-
237,"Korea (Rep. of)",KOR,2023,Terrestrial,"Equidae","Mules / Hinnies","8","",Animals,"",-,-
237,"Korea (Rep. of)",KOR,2023,Terrestrial,"Equidae",-,"","",Animals,"",-,-
237,"Korea (Rep. of)",KOR,2023,Terrestrial,"Camelidae",-,"","",Animals,"",-,-
237,"Korea (Rep. of)",KOR,2023,Terrestrial,"Rabbits / hares (mixed group)","Rabbits","34328","8896",Animals,"1197","3",-
237,"Korea (Rep. of)",KOR,2023,Terrestrial,"Rabbits / hares (mixed group)",-,"","",Animals,"",-,-
237,"Korea (Rep. of)",KOR,2023,Terrestrial,"Cervidae","Calves (<1 year) (Cervidae)","2920","",Animals,"",-,-
237,"Korea (Rep. of)",KOR,2023,Terrestrial,"Cervidae","Cervidae: other","461","",Animals,"",-,-
237,"Korea (Rep. of)",KOR,2023,Terrestrial,"Cervidae","Cervidae: Red deer + Wapiti + Reindeer","12204","",Animals,"",-,-
237,"Korea (Rep. of)",KOR,2023,Terrestrial,"Cervidae","Cervidae: Sika deer + Rusa deer + Fallow deer","6763","",Animals,"",-,-
237,"Korea (Rep. of)",KOR,2023,Terrestrial,"Cervidae",-,"22348","",Animals,"936",-,-
237,"Korea (Rep. of)",KOR,2023,Terrestrial,"Dogs",-,"3244234","",Animals,"",-,-
237,"Korea (Rep. of)",KOR,2023,Terrestrial,"Cats",-,"41982","",Animals,"",-,-
237,"Korea (Rep. of)",KOR,2023,Terrestrial,"Bees",-,"2576936","",Hives / Nests,"26686",-,-
29,"Kuwait",KWT,2023,Terrestrial,"Cattle","Adult beef cattle","","",Animals,"58",-,-
29,"Kuwait",KWT,2023,Terrestrial,"Cattle","Adult dairy cattle","10549","",Animals,"45",-,-
29,"Kuwait",KWT,2023,Terrestrial,"Cattle",-,"22976","",Animals,"",-,-
29,"Kuwait",KWT,2023,Terrestrial,"Swine",-,"0","0",Animals,"0","0","0"
29,"Kuwait",KWT,2023,Terrestrial,"Birds","Broiler chickens","57041708","",Animals,"16",-,-
29,"Kuwait",KWT,2023,Terrestrial,"Birds","Ducks","825","",Animals,"",-,-
29,"Kuwait",KWT,2023,Terrestrial,"Birds","Layer chickens","3447560","",Animals,"13",-,-
29,"Kuwait",KWT,2023,Terrestrial,"Birds","Other birds","507580","",Animals,"",-,-
29,"Kuwait",KWT,2023,Terrestrial,"Birds","Turkeys","12","",Animals,"1",-,-
29,"Kuwait",KWT,2023,Terrestrial,"Birds",-,"60997685","",Animals,"",-,-
29,"Kuwait",KWT,2023,Terrestrial,"Sheep",-,"45","",Animals,"4",-,-
29,"Kuwait",KWT,2023,Terrestrial,"Goats",-,"1160","",Animals,"",-,-
29,"Kuwait",KWT,2023,Terrestrial,"Sheep / goats (mixed herd)",-,"1861519","",Animals,"5842",-,-
29,"Kuwait",KWT,2023,Terrestrial,"Buffaloes",-,"","",Animals,"",-,-
29,"Kuwait",KWT,2023,Terrestrial,"Equidae","Horses","2042","0",Animals,"105",-,"0"
29,"Kuwait",KWT,2023,Terrestrial,"Equidae",-,"2042","0",Animals,"105",-,"0"
29,"Kuwait",KWT,2023,Terrestrial,"Camelidae","Alpacas","16","0",Animals,"",-,"0"
29,"Kuwait",KWT,2023,Terrestrial,"Camelidae","Camels","149772","",Animals,"644",-,-
29,"Kuwait",KWT,2023,Terrestrial,"Camelidae","Llamas","11","0",Animals,"",-,"0"
29,"Kuwait",KWT,2023,Terrestrial,"Camelidae",-,"149799","",Animals,"",-,-
29,"Kuwait",KWT,2023,Terrestrial,"Rabbits / hares (mixed group)",-,"605","",Animals,"",-,-
29,"Kuwait",KWT,2023,Terrestrial,"Cervidae","Cervidae: other","81","0",Animals,"3",-,"0"
29,"Kuwait",KWT,2023,Terrestrial,"Cervidae","Cervidae: Red deer + Wapiti + Reindeer","9","0",Animals,"1",-,"0"
29,"Kuwait",KWT,2023,Terrestrial,"Cervidae","Cervidae: Sika deer + Rusa deer + Fallow deer","73","0",Animals,"2",-,"0"
29,"Kuwait",KWT,2023,Terrestrial,"Cervidae",-,"264","",Animals,"",-,-
29,"Kuwait",KWT,2023,Terrestrial,"Dogs",-,"669","",Animals,"",-,-
29,"Kuwait",KWT,2023,Terrestrial,"Cats",-,"144","",Animals,"",-,-
29,"Kuwait",KWT,2023,Terrestrial,"Bees",-,"64694","",Hives / Nests,"",-,-
98,"Latvia",LVA,2023,Terrestrial,"Cattle","Adult beef cattle","84319","14019",Animals,"",-,"4168,6"
98,"Latvia",LVA,2023,Terrestrial,"Cattle","Adult dairy cattle","121645","30283",Animals,"",-,"7976,7"
98,"Latvia",LVA,2023,Terrestrial,"Cattle","Calves (<1 year) (cattle)","100796","11618",Animals,"",-,"780,2"
98,"Latvia",LVA,2023,Terrestrial,"Cattle","Males and females, 1-2 years, beef cattle","19996","6455",Animals,"",-,"1410"
98,"Latvia",LVA,2023,Terrestrial,"Cattle","Males and females, 1-2 years, dairy cattle","41214","10181",Animals,"",-,"2080,6"
98,"Latvia",LVA,2023,Terrestrial,"Cattle",-,"367970","72556",Animals,"13263","480,6","16416,2"
98,"Latvia",LVA,2023,Terrestrial,"Swine","Adult (breeding) pigs","21597","",Animals,"",-,-
98,"Latvia",LVA,2023,Terrestrial,"Swine","Backyard pigs","4058","",Animals,"",-,-
98,"Latvia",LVA,2023,Terrestrial,"Swine","Fatteners","126911","",Animals,"",-,-
98,"Latvia",LVA,2023,Terrestrial,"Swine","Piglets (pre-weaning)","143130","",Animals,"",-,-
98,"Latvia",LVA,2023,Terrestrial,"Swine",-,"295696","386871",Animals,"2813",-,"31725,1"
98,"Latvia",LVA,2023,Terrestrial,"Birds","Broiler chickens","2461123","",Animals,"",-,-
98,"Latvia",LVA,2023,Terrestrial,"Birds","Ducks","7432","",Animals,"",-,-
98,"Latvia",LVA,2023,Terrestrial,"Birds","Layer chickens","3429674","",Animals,"",-,-
98,"Latvia",LVA,2023,Terrestrial,"Birds","Other birds","103127","",Animals,"",-,-
98,"Latvia",LVA,2023,Terrestrial,"Birds","Turkeys","4546","",Animals,"",-,-
98,"Latvia",LVA,2023,Terrestrial,"Birds",-,"6005902","20816330",Animals,"4947",-,-
98,"Latvia",LVA,2023,Terrestrial,"Sheep","Adult (sheep)","73344","19458",Animals,"",-,"356,9"
98,"Latvia",LVA,2023,Terrestrial,"Sheep","Lambs (<6 months) (sheep)","4925","6768",Animals,"",-,"106,7"
98,"Latvia",LVA,2023,Terrestrial,"Sheep",-,"78269","26226",Animals,"2282",-,"463,6"
98,"Latvia",LVA,2023,Terrestrial,"Goats","Adult (goats)","10014","430",Animals,"",-,"6,3"
98,"Latvia",LVA,2023,Terrestrial,"Goats","Kids (<6 months) (goats)","398","118",Animals,"",-,"0,9"
98,"Latvia",LVA,2023,Terrestrial,"Goats",-,"10412","548",Animals,"1424",-,"7,2"
98,"Latvia",LVA,2023,Terrestrial,"Sheep / goats (mixed herd)",-,"","",Animals,"",-,-
98,"Latvia",LVA,2023,Terrestrial,"Buffaloes",-,"0","0",Animals,"0","0","0"
98,"Latvia",LVA,2023,Terrestrial,"Equidae","Donkeys","86","",Animals,"",-,-
98,"Latvia",LVA,2023,Terrestrial,"Equidae","Horses","8990","52",Animals,"2869","420,4","12,8"
98,"Latvia",LVA,2023,Terrestrial,"Equidae","Mules / Hinnies","1","",Animals,"",-,-
98,"Latvia",LVA,2023,Terrestrial,"Equidae",-,"9077","52",Animals,"2873","420,4","12,8"
98,"Latvia",LVA,2023,Terrestrial,"Camelidae","Alpacas","329","",Animals,"",-,-
98,"Latvia",LVA,2023,Terrestrial,"Camelidae","Camels","32","",Animals,"",-,-
98,"Latvia",LVA,2023,Terrestrial,"Camelidae","Llamas","131","",Animals,"",-,-
98,"Latvia",LVA,2023,Terrestrial,"Camelidae",-,"492","0",Animals,"43","0","0"
98,"Latvia",LVA,2023,Terrestrial,"Rabbits / hares (mixed group)","Hares","0","0",Animals,"0","0","0"
98,"Latvia",LVA,2023,Terrestrial,"Rabbits / hares (mixed group)","Rabbits","18436","87932",Animals,"837",-,-
98,"Latvia",LVA,2023,Terrestrial,"Rabbits / hares (mixed group)",-,"","",Animals,"",-,-
98,"Latvia",LVA,2023,Terrestrial,"Cervidae",-,"18449","389",Animals,"145",-,-
98,"Latvia",LVA,2023,Terrestrial,"Dogs",-,"248119","",Animals,"",-,-
98,"Latvia",LVA,2023,Terrestrial,"Cats",-,"22880","",Animals,"",-,-
98,"Latvia",LVA,2023,Terrestrial,"Bees",-,"95644","",Hives / Nests,"2681",-,-
164,"Lesotho",LSO,2023,Terrestrial,"Cattle",-,"594664","",Animals,"","350",-
164,"Lesotho",LSO,2023,Terrestrial,"Swine",-,"28018","",Animals,"","70",-
164,"Lesotho",LSO,2023,Terrestrial,"Birds","Backyard poultry","3095","",Animals,"",-,-
164,"Lesotho",LSO,2023,Terrestrial,"Birds","Broiler chickens","137165","",Animals,"",-,-
164,"Lesotho",LSO,2023,Terrestrial,"Birds","Layer chickens","325815","",Animals,"",-,-
164,"Lesotho",LSO,2023,Terrestrial,"Birds","Other birds","282457","",Animals,"",-,-
164,"Lesotho",LSO,2023,Terrestrial,"Birds",-,"751531","",Animals,"","2,3",-
164,"Lesotho",LSO,2023,Terrestrial,"Sheep",-,"1397997","",Animals,"","60",-
164,"Lesotho",LSO,2023,Terrestrial,"Goats",-,"279573","",Animals,"","50",-
164,"Lesotho",LSO,2023,Terrestrial,"Sheep / goats (mixed herd)",-,"","",Animals,"",-,-
164,"Lesotho",LSO,2023,Terrestrial,"Buffaloes",-,"","",Animals,"",-,-
164,"Lesotho",LSO,2023,Terrestrial,"Equidae","Donkeys","141167","",Animals,"",-,-
164,"Lesotho",LSO,2023,Terrestrial,"Equidae","Horses","56331","",Animals,"",-,-
164,"Lesotho",LSO,2023,Terrestrial,"Equidae","Mules / Hinnies","0","",Animals,"",-,-
164,"Lesotho",LSO,2023,Terrestrial,"Equidae",-,"197498","",Animals,"",-,-
164,"Lesotho",LSO,2023,Terrestrial,"Camelidae",-,"","",Animals,"",-,-
164,"Lesotho",LSO,2023,Terrestrial,"Rabbits / hares (mixed group)",-,"","",Animals,"",-,-
164,"Lesotho",LSO,2023,Terrestrial,"Cervidae",-,"","",Animals,"",-,-
164,"Lesotho",LSO,2023,Terrestrial,"Dogs",-,"60000","",Animals,"",-,-
164,"Lesotho",LSO,2023,Terrestrial,"Cats",-,"25000","",Animals,"",-,-
164,"Lesotho",LSO,2023,Terrestrial,"Bees",-,"423","",Hives / Nests,"152",-,-
206,"Liberia",LBR,2023,Terrestrial,"Cattle",-,"12803","",Animals,"",-,-
206,"Liberia",LBR,2023,Terrestrial,"Swine",-,"144425","",Animals,"",-,-
206,"Liberia",LBR,2023,Terrestrial,"Birds","Ducks","23292","",Animals,"",-,-
206,"Liberia",LBR,2023,Terrestrial,"Birds",-,"1996060","",Animals,"",-,-
206,"Liberia",LBR,2023,Terrestrial,"Sheep",-,"46624","",Animals,"",-,-
206,"Liberia",LBR,2023,Terrestrial,"Goats",-,"76155","",Animals,"",-,-
206,"Liberia",LBR,2023,Terrestrial,"Sheep / goats (mixed herd)",-,"20913","",Animals,"",-,-
206,"Liberia",LBR,2023,Terrestrial,"Buffaloes",-,"","",Animals,"",-,-
206,"Liberia",LBR,2023,Terrestrial,"Equidae",-,"","",Animals,"",-,-
206,"Liberia",LBR,2023,Terrestrial,"Camelidae",-,"","",Animals,"",-,-
206,"Liberia",LBR,2023,Terrestrial,"Rabbits / hares (mixed group)",-,"1656","",Animals,"",-,-
206,"Liberia",LBR,2023,Terrestrial,"Cervidae",-,"","",Animals,"",-,-
206,"Liberia",LBR,2023,Terrestrial,"Dogs",-,"600000","",Animals,"",-,-
206,"Liberia",LBR,2023,Terrestrial,"Cats",-,"300000","",Animals,"",-,-
206,"Liberia",LBR,2023,Terrestrial,"Bees",-,"","",Hives / Nests,"",-,-
4,"Liechtenstein",LIE,2023,Terrestrial,"Cattle","Calves (<1 year) (cattle)","","44",Animals,"",-,-
4,"Liechtenstein",LIE,2023,Terrestrial,"Cattle",-,"6348","44",Animals,"85",-,-
4,"Liechtenstein",LIE,2023,Terrestrial,"Swine",-,"1487","170",Animals,"8",-,-
4,"Liechtenstein",LIE,2023,Terrestrial,"Birds","Layer chickens","20437","",Animals,"128",-,-
4,"Liechtenstein",LIE,2023,Terrestrial,"Birds","Other birds","226","",Animals,"26",-,-
4,"Liechtenstein",LIE,2023,Terrestrial,"Birds",-,"20663","",Animals,"154",-,-
4,"Liechtenstein",LIE,2023,Terrestrial,"Sheep",-,"4457","213",Animals,"32",-,-
4,"Liechtenstein",LIE,2023,Terrestrial,"Goats",-,"495","122",Animals,"33",-,-
4,"Liechtenstein",LIE,2023,Terrestrial,"Sheep / goats (mixed herd)",-,"","",Animals,"",-,-
4,"Liechtenstein",LIE,2023,Terrestrial,"Buffaloes",-,"0","0",Animals,"0","0","0"
4,"Liechtenstein",LIE,2023,Terrestrial,"Equidae",-,"467","",Animals,"79",-,-
4,"Liechtenstein",LIE,2023,Terrestrial,"Camelidae",-,"38","7",Animals,"4",-,-
4,"Liechtenstein",LIE,2023,Terrestrial,"Rabbits / hares (mixed group)",-,"289","",Animals,"42",-,-
4,"Liechtenstein",LIE,2023,Terrestrial,"Cervidae",-,"16","0",Animals,"2",-,-
4,"Liechtenstein",LIE,2023,Terrestrial,"Dogs",-,"2672","",Animals,"",-,-
4,"Liechtenstein",LIE,2023,Terrestrial,"Cats",-,"","",Animals,"",-,-
4,"Liechtenstein",LIE,2023,Terrestrial,"Bees",-,"1112","",Hives / Nests,"146",-,-
55,"Lithuania",LTU,2023,Terrestrial,"Cattle",-,"627712","155426",Animals,"25591",-,-
55,"Lithuania",LTU,2023,Terrestrial,"Swine",-,"477596","779343",Animals,"4493",-,-
55,"Lithuania",LTU,2023,Terrestrial,"Birds","Broiler chickens","","45618021",Animals,"",-,-
55,"Lithuania",LTU,2023,Terrestrial,"Birds","Ducks","","3222",Animals,"",-,-
55,"Lithuania",LTU,2023,Terrestrial,"Birds","Turkeys","","359124",Animals,"",-,-
55,"Lithuania",LTU,2023,Terrestrial,"Birds",-,"12058171","45980367",Animals,"4222",-,-
55,"Lithuania",LTU,2023,Terrestrial,"Sheep",-,"128819","11391",Animals,"8248",-,-
55,"Lithuania",LTU,2023,Terrestrial,"Goats",-,"14988","27",Animals,"3496",-,-
55,"Lithuania",LTU,2023,Terrestrial,"Sheep / goats (mixed herd)",-,"","",Animals,"",-,-
55,"Lithuania",LTU,2023,Terrestrial,"Buffaloes",-,"","",Animals,"",-,-
55,"Lithuania",LTU,2023,Terrestrial,"Equidae","Donkeys","165","",Animals,"81",-,-
55,"Lithuania",LTU,2023,Terrestrial,"Equidae","Horses","16289","",Animals,"5245",-,-
55,"Lithuania",LTU,2023,Terrestrial,"Equidae",-,"16454","381",Animals,"5326",-,-
55,"Lithuania",LTU,2023,Terrestrial,"Camelidae","Alpacas","476","",Animals,"49",-,-
55,"Lithuania",LTU,2023,Terrestrial,"Camelidae","Camels","18","",Animals,"7",-,-
55,"Lithuania",LTU,2023,Terrestrial,"Camelidae","Llamas","67","",Animals,"20",-,-
55,"Lithuania",LTU,2023,Terrestrial,"Camelidae",-,"561","",Animals,"76",-,-
55,"Lithuania",LTU,2023,Terrestrial,"Rabbits / hares (mixed group)","Rabbits","55938","13158",Animals,"1017",-,-
55,"Lithuania",LTU,2023,Terrestrial,"Rabbits / hares (mixed group)",-,"55938","13158",Animals,"1017",-,-
55,"Lithuania",LTU,2023,Terrestrial,"Cervidae","Cervidae: Red deer + Wapiti + Reindeer","","1205",Animals,"",-,-
55,"Lithuania",LTU,2023,Terrestrial,"Cervidae",-,"28022","1205",Animals,"657",-,-
55,"Lithuania",LTU,2023,Terrestrial,"Dogs",-,"280486","",Animals,"",-,-
55,"Lithuania",LTU,2023,Terrestrial,"Cats",-,"143216","",Animals,"",-,-
55,"Lithuania",LTU,2023,Terrestrial,"Bees",-,"169860","",Hives / Nests,"8385",-,-
227,"Luxembourg",LUX,2023,Terrestrial,"Cattle","Adult beef cattle","3218","",Animals,"",-,-
227,"Luxembourg",LUX,2023,Terrestrial,"Cattle","Adult dairy cattle","95066","",Animals,"",-,-
227,"Luxembourg",LUX,2023,Terrestrial,"Cattle","Calves (<1 year) (cattle)","46876","",Animals,"",-,-
227,"Luxembourg",LUX,2023,Terrestrial,"Cattle","Males and females, 1-2 years, beef cattle","6297","",Animals,"",-,-
227,"Luxembourg",LUX,2023,Terrestrial,"Cattle","Males and females, 1-2 years, dairy cattle","34200","",Animals,"",-,-
227,"Luxembourg",LUX,2023,Terrestrial,"Cattle",-,"185657","",Animals,"1134",-,-
227,"Luxembourg",LUX,2023,Terrestrial,"Swine","Adult (breeding) pigs","3072","",Animals,"",-,-
227,"Luxembourg",LUX,2023,Terrestrial,"Swine","Backyard pigs","4","",Animals,"",-,-
227,"Luxembourg",LUX,2023,Terrestrial,"Swine","Fatteners","59057","",Animals,"",-,-
227,"Luxembourg",LUX,2023,Terrestrial,"Swine","Piglets (pre-weaning)","5326","",Animals,"",-,-
227,"Luxembourg",LUX,2023,Terrestrial,"Swine",-,"67459","",Animals,"68",-,-
227,"Luxembourg",LUX,2023,Terrestrial,"Birds","Broiler chickens","51119","",Animals,"29",-,-
227,"Luxembourg",LUX,2023,Terrestrial,"Birds","Ducks","191","",Animals,"",-,-
227,"Luxembourg",LUX,2023,Terrestrial,"Birds","Layer chickens","131553","",Animals,"342",-,-
227,"Luxembourg",LUX,2023,Terrestrial,"Birds","Other birds","375","",Animals,"",-,-
227,"Luxembourg",LUX,2023,Terrestrial,"Birds","Turkeys","188","",Animals,"",-,-
227,"Luxembourg",LUX,2023,Terrestrial,"Birds",-,"183426","",Animals,"",-,-
227,"Luxembourg",LUX,2023,Terrestrial,"Sheep",-,"9014","",Animals,"253",-,-
227,"Luxembourg",LUX,2023,Terrestrial,"Goats",-,"4253","",Animals,"144",-,-
227,"Luxembourg",LUX,2023,Terrestrial,"Sheep / goats (mixed herd)",-,"","",Animals,"",-,-
227,"Luxembourg",LUX,2023,Terrestrial,"Buffaloes",-,"","",Animals,"",-,-
227,"Luxembourg",LUX,2023,Terrestrial,"Equidae","Donkeys","282","",Animals,"100",-,-
227,"Luxembourg",LUX,2023,Terrestrial,"Equidae","Horses","4181","",Animals,"",-,-
227,"Luxembourg",LUX,2023,Terrestrial,"Equidae",-,"4463","",Animals,"465",-,-
227,"Luxembourg",LUX,2023,Terrestrial,"Camelidae",-,"","",Animals,"",-,-
227,"Luxembourg",LUX,2023,Terrestrial,"Rabbits / hares (mixed group)","Rabbits","1940","",Animals,"68",-,-
227,"Luxembourg",LUX,2023,Terrestrial,"Rabbits / hares (mixed group)",-,"1940","",Animals,"68",-,-
227,"Luxembourg",LUX,2023,Terrestrial,"Cervidae",-,"10","",Animals,"2",-,-
227,"Luxembourg",LUX,2023,Terrestrial,"Dogs",-,"","",Animals,"",-,-
227,"Luxembourg",LUX,2023,Terrestrial,"Cats",-,"","",Animals,"",-,-
227,"Luxembourg",LUX,2023,Terrestrial,"Bees",-,"","",Hives / Nests,"1259",-,-
167,"Malawi",MWI,2023,Terrestrial,"Cattle",-,"2187583","",Animals,"","229",-
167,"Malawi",MWI,2023,Terrestrial,"Swine",-,"11507091","",Animals,"",-,-
167,"Malawi",MWI,2023,Terrestrial,"Birds","Ducks","5003171","",Animals,"",-,-
167,"Malawi",MWI,2023,Terrestrial,"Birds","Layer chickens","11773235","",Animals,"",-,-
167,"Malawi",MWI,2023,Terrestrial,"Birds","Other birds","25955671","",Animals,"",-,-
167,"Malawi",MWI,2023,Terrestrial,"Birds","Turkeys","527770","",Animals,"",-,-
167,"Malawi",MWI,2023,Terrestrial,"Birds",-,"211129976","",Animals,"",-,-
167,"Malawi",MWI,2023,Terrestrial,"Sheep",-,"","",Animals,"",-,-
167,"Malawi",MWI,2023,Terrestrial,"Goats",-,"","",Animals,"",-,-
167,"Malawi",MWI,2023,Terrestrial,"Sheep / goats (mixed herd)",-,"13422367","",Animals,"",-,-
167,"Malawi",MWI,2023,Terrestrial,"Buffaloes",-,"0","",Animals,"",-,-
167,"Malawi",MWI,2023,Terrestrial,"Equidae","Donkeys","17045","",Animals,"",-,-
167,"Malawi",MWI,2023,Terrestrial,"Equidae","Horses","14","",Animals,"",-,-
167,"Malawi",MWI,2023,Terrestrial,"Equidae",-,"17059","",Animals,"",-,-
167,"Malawi",MWI,2023,Terrestrial,"Camelidae",-,"8","",Animals,"",-,-
167,"Malawi",MWI,2023,Terrestrial,"Rabbits / hares (mixed group)",-,"3978376","",Animals,"",-,-
167,"Malawi",MWI,2023,Terrestrial,"Cervidae",-,"0","",Animals,"",-,-
167,"Malawi",MWI,2023,Terrestrial,"Dogs",-,"798927","",Animals,"",-,-
167,"Malawi",MWI,2023,Terrestrial,"Cats",-,"261565","",Animals,"",-,-
167,"Malawi",MWI,2023,Terrestrial,"Bees",-,"","",Hives / Nests,"",-,-
162,"Malaysia",MYS,2023,Terrestrial,"Cattle",-,"726206","117082",Animals,"24831",-,-
162,"Malaysia",MYS,2023,Terrestrial,"Swine",-,"1240224","1332086",Animals,"395",-,-
162,"Malaysia",MYS,2023,Terrestrial,"Birds","Ducks","9324234","",Animals,"779",-,-
162,"Malaysia",MYS,2023,Terrestrial,"Birds",-,"325509664","",Animals,"5018",-,-
162,"Malaysia",MYS,2023,Terrestrial,"Sheep",-,"141029","7321",Animals,"3473",-,-
162,"Malaysia",MYS,2023,Terrestrial,"Goats",-,"338260","28473",Animals,"13131",-,-
162,"Malaysia",MYS,2023,Terrestrial,"Sheep / goats (mixed herd)",-,"","",Animals,"",-,-
162,"Malaysia",MYS,2023,Terrestrial,"Buffaloes",-,"72565","6684",Animals,"3074",-,-
162,"Malaysia",MYS,2023,Terrestrial,"Equidae",-,"4326","",Animals,"130",-,-
162,"Malaysia",MYS,2023,Terrestrial,"Camelidae",-,"","",Animals,"",-,-
162,"Malaysia",MYS,2023,Terrestrial,"Rabbits / hares (mixed group)",-,"54866","",Animals,"",-,-
162,"Malaysia",MYS,2023,Terrestrial,"Cervidae",-,"16268","",Animals,"400",-,-
162,"Malaysia",MYS,2023,Terrestrial,"Dogs",-,"","",Animals,"",-,-
162,"Malaysia",MYS,2023,Terrestrial,"Cats",-,"","",Animals,"",-,-
162,"Malaysia",MYS,2023,Terrestrial,"Bees",-,"40025","",Hives / Nests,"1300",-,-
103,"Maldives",MDV,2023,Terrestrial,"Cattle",-,"0","0",Animals,"0","0","0"
103,"Maldives",MDV,2023,Terrestrial,"Swine",-,"0","0",Animals,"0","0","0"
103,"Maldives",MDV,2023,Terrestrial,"Birds",-,"","",Animals,"",-,-
103,"Maldives",MDV,2023,Terrestrial,"Sheep",-,"0","0",Animals,"0","0","0"
103,"Maldives",MDV,2023,Terrestrial,"Goats",-,"4000","",Animals,"",-,-
103,"Maldives",MDV,2023,Terrestrial,"Sheep / goats (mixed herd)",-,"0","0",Animals,"0","0","0"
103,"Maldives",MDV,2023,Terrestrial,"Buffaloes",-,"0","0",Animals,"0","0","0"
103,"Maldives",MDV,2023,Terrestrial,"Equidae",-,"11","",Animals,"",-,-
103,"Maldives",MDV,2023,Terrestrial,"Camelidae",-,"0","0",Animals,"0","0","0"
103,"Maldives",MDV,2023,Terrestrial,"Rabbits / hares (mixed group)",-,"","",Animals,"",-,-
103,"Maldives",MDV,2023,Terrestrial,"Cervidae",-,"0","0",Animals,"0","0","0"
103,"Maldives",MDV,2023,Terrestrial,"Dogs",-,"22","",Animals,"",-,-
103,"Maldives",MDV,2023,Terrestrial,"Cats",-,"","",Animals,"",-,-
103,"Maldives",MDV,2023,Terrestrial,"Bees",-,"","",Hives / Nests,"",-,-
67,"Mali",MLI,2023,Terrestrial,"Cattle","Adult beef cattle","2100362","",Animals,"",-,"24093186"
67,"Mali",MLI,2023,Terrestrial,"Cattle","Adult dairy cattle","2100362","",Animals,"",-,"10446558"
67,"Mali",MLI,2023,Terrestrial,"Cattle","Calves (<1 year) (cattle)","1838072","",Animals,"",-,"49440"
67,"Mali",MLI,2023,Terrestrial,"Cattle","Males and females, 1-2 years, beef cattle","2672250","",Animals,"",-,"574530"
67,"Mali",MLI,2023,Terrestrial,"Cattle","Males and females, 1-2 years, dairy cattle","1500234","",Animals,"",-,"989006"
67,"Mali",MLI,2023,Terrestrial,"Cattle",-,"13234158","308887",Animals,"","265","36152720"
67,"Mali",MLI,2023,Terrestrial,"Swine","Backyard pigs","89322","867",Animals,"",-,"48552"
67,"Mali",MLI,2023,Terrestrial,"Swine",-,"89322","867",Animals,"","70","48552"
67,"Mali",MLI,2023,Terrestrial,"Birds","Backyard poultry","49230469","29363126",Animals,"",-,"52854626"
67,"Mali",MLI,2023,Terrestrial,"Birds","Broiler chickens","7880000","7880000",Animals,"","2,3","133960000"
67,"Mali",MLI,2023,Terrestrial,"Birds","Ducks","","24476",Animals,"",-,"110142"
67,"Mali",MLI,2023,Terrestrial,"Birds","Layer chickens","3200000","640000",Animals,"","3,5","768000"
67,"Mali",MLI,2023,Terrestrial,"Birds","Other birds","","598943",Animals,"",-,"1664000"
67,"Mali",MLI,2023,Terrestrial,"Birds","Turkeys","","3153",Animals,"",-,"23962"
67,"Mali",MLI,2023,Terrestrial,"Birds",-,"60310469","109429698",Animals,"","2,9","189380730"
67,"Mali",MLI,2023,Terrestrial,"Sheep","Adult (sheep)","16433403","258057",Animals,"",-,"3818100"
67,"Mali",MLI,2023,Terrestrial,"Sheep","Lambs (<6 months) (sheep)","5773898","2607",Animals,"",-,"15640"
67,"Mali",MLI,2023,Terrestrial,"Sheep",-,"22207301","260664",Animals,"","55","3833740"
67,"Mali",MLI,2023,Terrestrial,"Goats","Adult (goats)","25448741","457114",Animals,"",-,"5485366"
67,"Mali",MLI,2023,Terrestrial,"Goats","Kids (<6 months) (goats)","5212393","80667",Animals,"",-,"1508577"
67,"Mali",MLI,2023,Terrestrial,"Goats",-,"30661134","537781",Animals,"","45","6993943"
67,"Mali",MLI,2023,Terrestrial,"Sheep / goats (mixed herd)",-,"","",Animals,"",-,-
67,"Mali",MLI,2023,Terrestrial,"Buffaloes",-,"0","0",Animals,"0","0","0"
67,"Mali",MLI,2023,Terrestrial,"Equidae","Donkeys","1214379","",Animals,"","195",-
67,"Mali",MLI,2023,Terrestrial,"Equidae","Horses","619942","",Animals,"","405",-
67,"Mali",MLI,2023,Terrestrial,"Equidae",-,"1834321","",Animals,"","300",-
67,"Mali",MLI,2023,Terrestrial,"Camelidae","Camels","1317057","30212",Animals,"",-,"539582"
67,"Mali",MLI,2023,Terrestrial,"Camelidae",-,"1317057","30212",Animals,"","480","539582"
67,"Mali",MLI,2023,Terrestrial,"Rabbits / hares (mixed group)",-,"","",Animals,"",-,-
67,"Mali",MLI,2023,Terrestrial,"Cervidae",-,"0","0",Animals,"0","0","0"
67,"Mali",MLI,2023,Terrestrial,"Dogs",-,"","",Animals,"",-,-
67,"Mali",MLI,2023,Terrestrial,"Cats",-,"","",Animals,"",-,-
67,"Mali",MLI,2023,Terrestrial,"Bees",-,"","",Hives / Nests,"",-,-
180,"Malta",MLT,2023,Terrestrial,"Cattle","Adult beef cattle","317","",Animals,"",-,-
180,"Malta",MLT,2023,Terrestrial,"Cattle","Adult dairy cattle","6418","",Animals,"",-,-
180,"Malta",MLT,2023,Terrestrial,"Cattle","Calves (<1 year) (cattle)","4344","",Animals,"",-,-
180,"Malta",MLT,2023,Terrestrial,"Cattle","Males and females, 1-2 years, beef cattle","619","",Animals,"",-,-
180,"Malta",MLT,2023,Terrestrial,"Cattle","Males and females, 1-2 years, dairy cattle","2618","",Animals,"",-,-
180,"Malta",MLT,2023,Terrestrial,"Cattle",-,"14316","3920",Animals,"291",-,"1053"
180,"Malta",MLT,2023,Terrestrial,"Swine","Adult (breeding) pigs","2613","",Animals,"",-,-
180,"Malta",MLT,2023,Terrestrial,"Swine","Backyard pigs","68","",Animals,"56",-,-
180,"Malta",MLT,2023,Terrestrial,"Swine","Fatteners","33979","",Animals,"90",-,-
180,"Malta",MLT,2023,Terrestrial,"Swine",-,"36660","54041",Animals,"146",-,"4719"
180,"Malta",MLT,2023,Terrestrial,"Birds","Broiler chickens","3259890","2835764",Animals,"52",-,-
180,"Malta",MLT,2023,Terrestrial,"Birds","Layer chickens","508086","",Animals,"24",-,-
180,"Malta",MLT,2023,Terrestrial,"Birds",-,"3767976","2835764",Animals,"76",-,-
180,"Malta",MLT,2023,Terrestrial,"Sheep","Adult (sheep)","11363","5375",Animals,"",-,"59"
180,"Malta",MLT,2023,Terrestrial,"Sheep","Lambs (<6 months) (sheep)","2724","1507",Animals,"",-,"17"
180,"Malta",MLT,2023,Terrestrial,"Sheep",-,"14087","6882",Animals,"1308",-,"76"
180,"Malta",MLT,2023,Terrestrial,"Goats","Adult (goats)","5292","1171",Animals,"",-,"21"
180,"Malta",MLT,2023,Terrestrial,"Goats","Kids (<6 months) (goats)","1289","409",Animals,"",-,"3,8"
180,"Malta",MLT,2023,Terrestrial,"Goats",-,"6581","1580",Animals,"867",-,"24,8"
180,"Malta",MLT,2023,Terrestrial,"Sheep / goats (mixed herd)",-,"","",Animals,"",-,-
180,"Malta",MLT,2023,Terrestrial,"Buffaloes",-,"","0",Animals,"",-,"0"
180,"Malta",MLT,2023,Terrestrial,"Equidae","Donkeys","340","",Animals,"",-,-
180,"Malta",MLT,2023,Terrestrial,"Equidae","Horses","6733","",Animals,"",-,-
180,"Malta",MLT,2023,Terrestrial,"Equidae","Mules / Hinnies","19","",Animals,"",-,-
180,"Malta",MLT,2023,Terrestrial,"Equidae",-,"7092","0",Animals,"",-,"0"
180,"Malta",MLT,2023,Terrestrial,"Camelidae",-,"","0",Animals,"",-,"0"
180,"Malta",MLT,2023,Terrestrial,"Rabbits / hares (mixed group)",-,"","42456",Animals,"77",-,-
180,"Malta",MLT,2023,Terrestrial,"Cervidae",-,"150","24",Animals,"1",-,-
180,"Malta",MLT,2023,Terrestrial,"Dogs",-,"98742","",Animals,"",-,-
180,"Malta",MLT,2023,Terrestrial,"Cats",-,"21268","",Animals,"",-,-
180,"Malta",MLT,2023,Terrestrial,"Bees",-,"6031","",Hives / Nests,"301",-,-
88,"Mauritius",MUS,2023,Terrestrial,"Cattle","Adult beef cattle","1237","",Animals,"",-,-
88,"Mauritius",MUS,2023,Terrestrial,"Cattle","Adult dairy cattle","1945","",Animals,"",-,-
88,"Mauritius",MUS,2023,Terrestrial,"Cattle",-,"3182","",Animals,"",-,"2049"
88,"Mauritius",MUS,2023,Terrestrial,"Swine",-,"22000","",Animals,"",-,-
88,"Mauritius",MUS,2023,Terrestrial,"Birds","Broiler chickens","6000000","",Animals,"",-,-
88,"Mauritius",MUS,2023,Terrestrial,"Birds",-,"6000000","",Animals,"",-,-
88,"Mauritius",MUS,2023,Terrestrial,"Sheep",-,"1847","",Animals,"",-,-
88,"Mauritius",MUS,2023,Terrestrial,"Goats",-,"5671","",Animals,"",-,-
88,"Mauritius",MUS,2023,Terrestrial,"Sheep / goats (mixed herd)",-,"","",Animals,"",-,-
88,"Mauritius",MUS,2023,Terrestrial,"Buffaloes",-,"0","0",Animals,"0","0","0"
88,"Mauritius",MUS,2023,Terrestrial,"Equidae",-,"","",Animals,"",-,-
88,"Mauritius",MUS,2023,Terrestrial,"Camelidae",-,"7","0",Animals,"0","0","0"
88,"Mauritius",MUS,2023,Terrestrial,"Rabbits / hares (mixed group)",-,"","",Animals,"",-,-
88,"Mauritius",MUS,2023,Terrestrial,"Cervidae",-,"70000","",Animals,"",-,-
88,"Mauritius",MUS,2023,Terrestrial,"Dogs",-,"","",Animals,"",-,-
88,"Mauritius",MUS,2023,Terrestrial,"Cats",-,"","",Animals,"",-,-
88,"Mauritius",MUS,2023,Terrestrial,"Bees",-,"3500","",Hives / Nests,"625",-,-
13,"Mexico",MEX,2023,Terrestrial,"Cattle","Adult beef cattle","33906058","8803625",Animals,"",-,"2214928"
13,"Mexico",MEX,2023,Terrestrial,"Cattle","Adult dairy cattle","2713534","",Animals,"",-,"13332738"
13,"Mexico",MEX,2023,Terrestrial,"Cattle",-,"366193592","8803625",Animals,"36766",-,"15547666"
13,"Mexico",MEX,2023,Terrestrial,"Swine",-,"19532854","21330408",Animals,"",-,"1768525"
13,"Mexico",MEX,2023,Terrestrial,"Birds","Broiler chickens","404341611","2117492148",Animals,"",-,"3888208"
13,"Mexico",MEX,2023,Terrestrial,"Birds","Ducks","896036","",Animals,"",-,-
13,"Mexico",MEX,2023,Terrestrial,"Birds","Layer chickens","216730243","",Animals,"",-,"3171783"
13,"Mexico",MEX,2023,Terrestrial,"Birds","Turkeys","3817060","3249712",Animals,"",-,"18755"
13,"Mexico",MEX,2023,Terrestrial,"Birds",-,"694493689","2120741860",Animals,"",-,"7078746"
13,"Mexico",MEX,2023,Terrestrial,"Sheep",-,"8836730","3318262",Animals,"",-,"68451"
13,"Mexico",MEX,2023,Terrestrial,"Goats",-,"8840467","2362761",Animals,"",-,"41034"
13,"Mexico",MEX,2023,Terrestrial,"Sheep / goats (mixed herd)",-,"","",Animals,"",-,-
13,"Mexico",MEX,2023,Terrestrial,"Buffaloes",-,"40000","",Animals,"",-,-
13,"Mexico",MEX,2023,Terrestrial,"Equidae","Donkeys","287039","",Animals,"",-,-
13,"Mexico",MEX,2023,Terrestrial,"Equidae","Horses","1119206","",Animals,"",-,-
13,"Mexico",MEX,2023,Terrestrial,"Equidae","Mules / Hinnies","125854","",Animals,"",-,-
13,"Mexico",MEX,2023,Terrestrial,"Equidae",-,"1532099","",Animals,"",-,-
13,"Mexico",MEX,2023,Terrestrial,"Camelidae",-,"","",Animals,"",-,-
13,"Mexico",MEX,2023,Terrestrial,"Rabbits / hares (mixed group)","Rabbits","315336","",Animals,"",-,-
13,"Mexico",MEX,2023,Terrestrial,"Rabbits / hares (mixed group)",-,"315336","",Animals,"",-,-
13,"Mexico",MEX,2023,Terrestrial,"Cervidae",-,"","",Animals,"",-,-
13,"Mexico",MEX,2023,Terrestrial,"Dogs",-,"43200000","",Animals,"",-,-
13,"Mexico",MEX,2023,Terrestrial,"Cats",-,"16200000","",Animals,"",-,-
13,"Mexico",MEX,2023,Terrestrial,"Bees",-,"2201329","",Hives / Nests,"",-,-
59,"Moldova",MDA,2023,Terrestrial,"Cattle","Adult dairy cattle","186822","",Animals,"96209",-,-
59,"Moldova",MDA,2023,Terrestrial,"Cattle","Calves (<1 year) (cattle)","9233","",Animals,"2760",-,-
59,"Moldova",MDA,2023,Terrestrial,"Cattle","Males and females, 1-2 years, dairy cattle","17046","",Animals,"6484",-,-
59,"Moldova",MDA,2023,Terrestrial,"Cattle",-,"213101","23467",Animals,"105453",-,-
59,"Moldova",MDA,2023,Terrestrial,"Swine","Backyard pigs","125504","",Animals,"24518",-,-
59,"Moldova",MDA,2023,Terrestrial,"Swine","Fatteners","405471","",Animals,"24880",-,-
59,"Moldova",MDA,2023,Terrestrial,"Swine",-,"530975","432190",Animals,"49398",-,-
59,"Moldova",MDA,2023,Terrestrial,"Birds","Backyard poultry","4902174","",Animals,"",-,-
59,"Moldova",MDA,2023,Terrestrial,"Birds","Broiler chickens","16369412","16369412",Animals,"40","3","24554"
59,"Moldova",MDA,2023,Terrestrial,"Birds","Ducks","513432","",Animals,"",-,-
59,"Moldova",MDA,2023,Terrestrial,"Birds","Layer chickens","955000","",Animals,"13","3",-
59,"Moldova",MDA,2023,Terrestrial,"Birds","Turkeys","167187","",Animals,"",-,-
59,"Moldova",MDA,2023,Terrestrial,"Birds",-,"22907205","16369412",Animals,"53","3","24554"
59,"Moldova",MDA,2023,Terrestrial,"Sheep","Adult (sheep)","770631","",Animals,"45816",-,-
59,"Moldova",MDA,2023,Terrestrial,"Sheep","Lambs (<6 months) (sheep)","2367","",Animals,"150",-,-
59,"Moldova",MDA,2023,Terrestrial,"Sheep",-,"772998","43184",Animals,"45966",-,-
59,"Moldova",MDA,2023,Terrestrial,"Goats","Adult (goats)","290524","",Animals,"40800",-,-
59,"Moldova",MDA,2023,Terrestrial,"Goats","Kids (<6 months) (goats)","410","",Animals,"72",-,-
59,"Moldova",MDA,2023,Terrestrial,"Goats",-,"290934","18409",Animals,"40872",-,-
59,"Moldova",MDA,2023,Terrestrial,"Sheep / goats (mixed herd)",-,"","",Animals,"",-,-
59,"Moldova",MDA,2023,Terrestrial,"Buffaloes","Adult buffalo","116","",Animals,"",-,-
59,"Moldova",MDA,2023,Terrestrial,"Buffaloes","Calves (<1 year) (buffaloes)","85","",Animals,"",-,-
59,"Moldova",MDA,2023,Terrestrial,"Buffaloes",-,"201","106",Animals,"2",-,-
59,"Moldova",MDA,2023,Terrestrial,"Equidae","Donkeys","1851","",Animals,"1373",-,-
59,"Moldova",MDA,2023,Terrestrial,"Equidae","Horses","35288","",Animals,"28529",-,-
59,"Moldova",MDA,2023,Terrestrial,"Equidae",-,"37139","241",Animals,"29902",-,-
59,"Moldova",MDA,2023,Terrestrial,"Camelidae",-,"","",Animals,"",-,-
59,"Moldova",MDA,2023,Terrestrial,"Rabbits / hares (mixed group)",-,"175920","98747",Animals,"21",-,-
59,"Moldova",MDA,2023,Terrestrial,"Cervidae",-,"","",Animals,"",-,-
59,"Moldova",MDA,2023,Terrestrial,"Dogs",-,"496811","",Animals,"",-,-
59,"Moldova",MDA,2023,Terrestrial,"Cats",-,"236445","",Animals,"",-,-
59,"Moldova",MDA,2023,Terrestrial,"Bees",-,"","",Hives / Nests,"3272",-,-
8,"Mongolia",MNG,2023,Terrestrial,"Cattle","Adult dairy cattle","2193600","",Animals,"",-,-
8,"Mongolia",MNG,2023,Terrestrial,"Cattle","Calves (<1 year) (cattle)","1474500","",Animals,"",-,-
8,"Mongolia",MNG,2023,Terrestrial,"Cattle",-,"5350800","1221200",Animals,"",-,-
8,"Mongolia",MNG,2023,Terrestrial,"Swine",-,"25638","",Animals,"",-,-
8,"Mongolia",MNG,2023,Terrestrial,"Birds",-,"1799910","",Animals,"",-,-
8,"Mongolia",MNG,2023,Terrestrial,"Sheep","Adult (sheep)","9455400","",Animals,"",-,-
8,"Mongolia",MNG,2023,Terrestrial,"Sheep","Lambs (<6 months) (sheep)","19954000","",Animals,"",-,-
8,"Mongolia",MNG,2023,Terrestrial,"Sheep",-,"29409400","10619600",Animals,"",-,-
8,"Mongolia",MNG,2023,Terrestrial,"Goats","Adult (goats)","1825400","",Animals,"",-,-
8,"Mongolia",MNG,2023,Terrestrial,"Goats","Kids (<6 months) (goats)","6367800","",Animals,"",-,-
8,"Mongolia",MNG,2023,Terrestrial,"Goats",-,"24618200","7265600",Animals,"",-,-
8,"Mongolia",MNG,2023,Terrestrial,"Sheep / goats (mixed herd)",-,"54027600","17885200",Animals,"",-,-
8,"Mongolia",MNG,2023,Terrestrial,"Buffaloes",-,"0","0",Animals,"0","0","0"
8,"Mongolia",MNG,2023,Terrestrial,"Equidae","Donkeys","40","",Animals,"",-,-
8,"Mongolia",MNG,2023,Terrestrial,"Equidae","Horses","4829700","",Animals,"",-,-
8,"Mongolia",MNG,2023,Terrestrial,"Equidae",-,"4829740","671700",Animals,"",-,-
8,"Mongolia",MNG,2023,Terrestrial,"Camelidae","Camels","473900","",Animals,"",-,-
8,"Mongolia",MNG,2023,Terrestrial,"Camelidae",-,"473900","63100",Animals,"",-,-
8,"Mongolia",MNG,2023,Terrestrial,"Rabbits / hares (mixed group)",-,"590","",Animals,"",-,-
8,"Mongolia",MNG,2023,Terrestrial,"Cervidae",-,"2950","",Animals,"",-,-
8,"Mongolia",MNG,2023,Terrestrial,"Dogs",-,"","",Animals,"",-,-
8,"Mongolia",MNG,2023,Terrestrial,"Cats",-,"","",Animals,"",-,-
8,"Mongolia",MNG,2023,Terrestrial,"Bees",-,"14700","",Hives / Nests,"",-,-
27,"Morocco",MAR,2023,Terrestrial,"Cattle","Adult beef cattle","421074","",Animals,"",-,-
27,"Morocco",MAR,2023,Terrestrial,"Cattle","Adult dairy cattle","1036709","",Animals,"",-,-
27,"Morocco",MAR,2023,Terrestrial,"Cattle","Calves (<1 year) (cattle)","925998","",Animals,"",-,-
27,"Morocco",MAR,2023,Terrestrial,"Cattle","Males and females, 1-2 years, beef cattle","304258","",Animals,"",-,-
27,"Morocco",MAR,2023,Terrestrial,"Cattle","Males and females, 1-2 years, dairy cattle","195820","",Animals,"",-,-
27,"Morocco",MAR,2023,Terrestrial,"Cattle",-,"2883859","",Animals,"",-,-
27,"Morocco",MAR,2023,Terrestrial,"Swine",-,"","",Animals,"",-,-
27,"Morocco",MAR,2023,Terrestrial,"Birds","Broiler chickens","480000000","",Animals,"",-,-
27,"Morocco",MAR,2023,Terrestrial,"Birds","Layer chickens","15900000","",Animals,"",-,-
27,"Morocco",MAR,2023,Terrestrial,"Birds","Turkeys","14600000","",Animals,"",-,-
27,"Morocco",MAR,2023,Terrestrial,"Birds",-,"510500000","",Animals,"",-,-
27,"Morocco",MAR,2023,Terrestrial,"Sheep","Adult (sheep)","14775010","",Animals,"",-,-
27,"Morocco",MAR,2023,Terrestrial,"Sheep","Lambs (<6 months) (sheep)","5882230","",Animals,"",-,-
27,"Morocco",MAR,2023,Terrestrial,"Sheep",-,"20657240","",Animals,"",-,-
27,"Morocco",MAR,2023,Terrestrial,"Goats","Adult (goats)","4227461","",Animals,"",-,-
27,"Morocco",MAR,2023,Terrestrial,"Goats","Kids (<6 months) (goats)","1407930","",Animals,"",-,-
27,"Morocco",MAR,2023,Terrestrial,"Goats",-,"5635391","",Animals,"",-,-
27,"Morocco",MAR,2023,Terrestrial,"Sheep / goats (mixed herd)",-,"","",Animals,"",-,-
27,"Morocco",MAR,2023,Terrestrial,"Buffaloes",-,"","",Animals,"",-,-
27,"Morocco",MAR,2023,Terrestrial,"Equidae","Donkeys","896100","",Animals,"",-,-
27,"Morocco",MAR,2023,Terrestrial,"Equidae","Horses","173100","",Animals,"",-,-
27,"Morocco",MAR,2023,Terrestrial,"Equidae","Mules / Hinnies","382510","",Animals,"",-,-
27,"Morocco",MAR,2023,Terrestrial,"Equidae",-,"1451710","",Animals,"",-,-
27,"Morocco",MAR,2023,Terrestrial,"Camelidae","Camels","252574","",Animals,"",-,-
27,"Morocco",MAR,2023,Terrestrial,"Camelidae",-,"252574","",Animals,"",-,-
27,"Morocco",MAR,2023,Terrestrial,"Rabbits / hares (mixed group)",-,"","",Animals,"",-,-
27,"Morocco",MAR,2023,Terrestrial,"Cervidae",-,"","",Animals,"",-,-
27,"Morocco",MAR,2023,Terrestrial,"Dogs",-,"","",Animals,"",-,-
27,"Morocco",MAR,2023,Terrestrial,"Cats",-,"","",Animals,"",-,-
27,"Morocco",MAR,2023,Terrestrial,"Bees",-,"910000","",Hives / Nests,"",-,-
71,"Mozambique",MOZ,2023,Terrestrial,"Cattle","Adult beef cattle","1285926","",Animals,"",-,-
71,"Mozambique",MOZ,2023,Terrestrial,"Cattle","Adult dairy cattle","4715","",Animals,"",-,-
71,"Mozambique",MOZ,2023,Terrestrial,"Cattle","Males and females, 1-2 years, beef cattle","1110892","",Animals,"",-,-
71,"Mozambique",MOZ,2023,Terrestrial,"Cattle","Males and females, 1-2 years, dairy cattle","4752","",Animals,"",-,-
71,"Mozambique",MOZ,2023,Terrestrial,"Cattle",-,"2406285","143782",Animals,"","284","21136"
71,"Mozambique",MOZ,2023,Terrestrial,"Swine",-,"1405234","87689",Animals,"","60","3946"
71,"Mozambique",MOZ,2023,Terrestrial,"Birds","Backyard poultry","28226030","",Animals,"",-,-
71,"Mozambique",MOZ,2023,Terrestrial,"Birds","Broiler chickens","188696466","141465741",Animals,"","1,5","152,7"
71,"Mozambique",MOZ,2023,Terrestrial,"Birds","Ducks","2208690","",Animals,"",-,-
71,"Mozambique",MOZ,2023,Terrestrial,"Birds","Layer chickens","1792565","",Animals,"",-,-
71,"Mozambique",MOZ,2023,Terrestrial,"Birds","Other birds","523786","",Animals,"",-,-
71,"Mozambique",MOZ,2023,Terrestrial,"Birds","Turkeys","150433","",Animals,"",-,-
71,"Mozambique",MOZ,2023,Terrestrial,"Birds",-,"221597970","",Animals,"",-,-
71,"Mozambique",MOZ,2023,Terrestrial,"Sheep",-,"1127853","68471",Animals,"","40","582"
71,"Mozambique",MOZ,2023,Terrestrial,"Goats",-,"4614998","267440",Animals,"","25","3343"
71,"Mozambique",MOZ,2023,Terrestrial,"Sheep / goats (mixed herd)",-,"","",Animals,"",-,-
71,"Mozambique",MOZ,2023,Terrestrial,"Buffaloes",-,"49","",Animals,"",-,-
71,"Mozambique",MOZ,2023,Terrestrial,"Equidae","Donkeys","48572","",Animals,"",-,-
71,"Mozambique",MOZ,2023,Terrestrial,"Equidae","Horses","530","",Animals,"",-,-
71,"Mozambique",MOZ,2023,Terrestrial,"Equidae","Mules / Hinnies","0","",Animals,"",-,-
71,"Mozambique",MOZ,2023,Terrestrial,"Equidae",-,"49102","",Animals,"",-,-
71,"Mozambique",MOZ,2023,Terrestrial,"Camelidae","Camels","7","",Animals,"",-,-
71,"Mozambique",MOZ,2023,Terrestrial,"Camelidae",-,"7","",Animals,"",-,-
71,"Mozambique",MOZ,2023,Terrestrial,"Rabbits / hares (mixed group)","Rabbits","124958","",Animals,"",-,-
71,"Mozambique",MOZ,2023,Terrestrial,"Rabbits / hares (mixed group)",-,"124958","",Animals,"",-,-
71,"Mozambique",MOZ,2023,Terrestrial,"Cervidae",-,"0","0",Animals,"0","0","0"
71,"Mozambique",MOZ,2023,Terrestrial,"Dogs",-,"1202000","",Animals,"",-,-
71,"Mozambique",MOZ,2023,Terrestrial,"Cats",-,"","",Animals,"",-,-
71,"Mozambique",MOZ,2023,Terrestrial,"Bees",-,"","",Hives / Nests,"7502",-,-
192,"Myanmar",MMR,2023,Terrestrial,"Cattle","Adult beef cattle","7464","",Animals,"",-,-
192,"Myanmar",MMR,2023,Terrestrial,"Cattle","Adult dairy cattle","72244","",Animals,"",-,-
192,"Myanmar",MMR,2023,Terrestrial,"Cattle","Calves (<1 year) (cattle)","1217787","",Animals,"",-,-
192,"Myanmar",MMR,2023,Terrestrial,"Cattle","Males and females, 1-2 years, beef cattle","1292","",Animals,"",-,-
192,"Myanmar",MMR,2023,Terrestrial,"Cattle","Males and females, 1-2 years, dairy cattle","17396","",Animals,"",-,-
192,"Myanmar",MMR,2023,Terrestrial,"Cattle",-,"8849118","",Animals,"239977",-,-
192,"Myanmar",MMR,2023,Terrestrial,"Swine","Adult (breeding) pigs","1436323","",Animals,"",-,-
192,"Myanmar",MMR,2023,Terrestrial,"Swine","Fatteners","1454882","",Animals,"",-,-
192,"Myanmar",MMR,2023,Terrestrial,"Swine","Piglets (pre-weaning)","887220","",Animals,"",-,-
192,"Myanmar",MMR,2023,Terrestrial,"Swine",-,"4471962","",Animals,"150696",-,-
192,"Myanmar",MMR,2023,Terrestrial,"Birds","Backyard poultry","41399641","",Animals,"400872",-,-
192,"Myanmar",MMR,2023,Terrestrial,"Birds","Broiler chickens","20530595","",Animals,"679",-,-
192,"Myanmar",MMR,2023,Terrestrial,"Birds","Ducks","3936091","",Animals,"28861",-,-
192,"Myanmar",MMR,2023,Terrestrial,"Birds","Layer chickens","18931573","",Animals,"1395",-,-
192,"Myanmar",MMR,2023,Terrestrial,"Birds","Other birds","2187668","",Animals,"12576",-,-
192,"Myanmar",MMR,2023,Terrestrial,"Birds","Turkeys","58217","",Animals,"580",-,-
192,"Myanmar",MMR,2023,Terrestrial,"Birds",-,"87689156","",Animals,"444963",-,-
192,"Myanmar",MMR,2023,Terrestrial,"Sheep","Adult (sheep)","100630","",Animals,"",-,-
192,"Myanmar",MMR,2023,Terrestrial,"Sheep","Lambs (<6 months) (sheep)","48281","",Animals,"",-,-
192,"Myanmar",MMR,2023,Terrestrial,"Sheep",-,"258941","",Animals,"717",-,-
192,"Myanmar",MMR,2023,Terrestrial,"Goats","Adult (goats)","1183533","",Animals,"",-,-
192,"Myanmar",MMR,2023,Terrestrial,"Goats","Kids (<6 months) (goats)","538379","",Animals,"",-,-
192,"Myanmar",MMR,2023,Terrestrial,"Goats",-,"2305205","",Animals,"21516",-,-
192,"Myanmar",MMR,2023,Terrestrial,"Sheep / goats (mixed herd)",-,"","",Animals,"",-,-
192,"Myanmar",MMR,2023,Terrestrial,"Buffaloes","Adult buffalo","413508","",Animals,"",-,-
192,"Myanmar",MMR,2023,Terrestrial,"Buffaloes","Calves (<1 year) (buffaloes)","103328","",Animals,"",-,-
192,"Myanmar",MMR,2023,Terrestrial,"Buffaloes",-,"874674","",Animals,"26548",-,-
192,"Myanmar",MMR,2023,Terrestrial,"Equidae",-,"26143","",Animals,"2826",-,-
192,"Myanmar",MMR,2023,Terrestrial,"Camelidae",-,"","",Animals,"",-,-
192,"Myanmar",MMR,2023,Terrestrial,"Rabbits / hares (mixed group)",-,"","",Animals,"",-,-
192,"Myanmar",MMR,2023,Terrestrial,"Cervidae",-,"","",Animals,"",-,-
192,"Myanmar",MMR,2023,Terrestrial,"Dogs",-,"2182273","",Animals,"",-,-
192,"Myanmar",MMR,2023,Terrestrial,"Cats",-,"","",Animals,"",-,-
192,"Myanmar",MMR,2023,Terrestrial,"Bees",-,"200813","",Hives / Nests,"818",-,-
57,"Namibia",NAM,2023,Terrestrial,"Cattle",-,"3022495","151527",Animals,"8771",-,"2021"
57,"Namibia",NAM,2023,Terrestrial,"Swine",-,"95920","",Animals,"505",-,-
57,"Namibia",NAM,2023,Terrestrial,"Birds",-,"6173957","",Animals,"701",-,-
57,"Namibia",NAM,2023,Terrestrial,"Sheep",-,"2138373","75968",Animals,"11560",-,"60,2"
57,"Namibia",NAM,2023,Terrestrial,"Goats",-,"1980019","",Animals,"4483",-,-
57,"Namibia",NAM,2023,Terrestrial,"Sheep / goats (mixed herd)",-,"1133651","",Animals,"2348",-,-
57,"Namibia",NAM,2023,Terrestrial,"Buffaloes",-,"0","0",Animals,"0","0","0"
57,"Namibia",NAM,2023,Terrestrial,"Equidae",-,"38037","0",Animals,"2706","0","0"
57,"Namibia",NAM,2023,Terrestrial,"Camelidae",-,"51","0",Animals,"10",-,"0"
57,"Namibia",NAM,2023,Terrestrial,"Rabbits / hares (mixed group)",-,"","",Animals,"",-,-
57,"Namibia",NAM,2023,Terrestrial,"Cervidae",-,"0","0",Animals,"0","0","0"
57,"Namibia",NAM,2023,Terrestrial,"Dogs",-,"146091","",Animals,"",-,-
57,"Namibia",NAM,2023,Terrestrial,"Cats",-,"37321","",Animals,"",-,-
57,"Namibia",NAM,2023,Terrestrial,"Bees",-,"","",Hives / Nests,"",-,-
204,"Nepal",NPL,2023,Terrestrial,"Cattle","Adult dairy cattle","3763858","",Animals,"",-,-
204,"Nepal",NPL,2023,Terrestrial,"Cattle","Calves (<1 year) (cattle)","810277","",Animals,"",-,-
204,"Nepal",NPL,2023,Terrestrial,"Cattle","Males and females, 1-2 years, dairy cattle","229389","",Animals,"",-,-
204,"Nepal",NPL,2023,Terrestrial,"Cattle",-,"4803524","",Animals,"",-,-
204,"Nepal",NPL,2023,Terrestrial,"Swine",-,"1357507","216887",Animals,"","150","32533"
204,"Nepal",NPL,2023,Terrestrial,"Birds","Backyard poultry","28874562","",Animals,"",-,-
204,"Nepal",NPL,2023,Terrestrial,"Birds","Broiler chickens","23285937","",Animals,"",-,-
204,"Nepal",NPL,2023,Terrestrial,"Birds","Ducks","1325999","",Animals,"",-,-
204,"Nepal",NPL,2023,Terrestrial,"Birds","Layer chickens","12725053","",Animals,"",-,-
204,"Nepal",NPL,2023,Terrestrial,"Birds","Other birds","197636","",Animals,"",-,-
204,"Nepal",NPL,2023,Terrestrial,"Birds","Turkeys","122062","",Animals,"",-,-
204,"Nepal",NPL,2023,Terrestrial,"Birds",-,"66531249","",Animals,"",-,-
204,"Nepal",NPL,2023,Terrestrial,"Sheep",-,"501849","",Animals,"",-,-
204,"Nepal",NPL,2023,Terrestrial,"Goats",-,"14541244","",Animals,"",-,-
204,"Nepal",NPL,2023,Terrestrial,"Sheep / goats (mixed herd)",-,"","",Animals,"",-,-
204,"Nepal",NPL,2023,Terrestrial,"Buffaloes",-,"3081062","",Animals,"",-,-
204,"Nepal",NPL,2023,Terrestrial,"Equidae",-,"17332","",Animals,"",-,-
204,"Nepal",NPL,2023,Terrestrial,"Camelidae",-,"","",Animals,"",-,-
204,"Nepal",NPL,2023,Terrestrial,"Rabbits / hares (mixed group)",-,"44531","",Animals,"",-,-
204,"Nepal",NPL,2023,Terrestrial,"Cervidae",-,"","",Animals,"",-,-
204,"Nepal",NPL,2023,Terrestrial,"Dogs",-,"2700000","",Animals,"",-,-
204,"Nepal",NPL,2023,Terrestrial,"Cats",-,"","",Animals,"",-,-
204,"Nepal",NPL,2023,Terrestrial,"Bees",-,"1000000","",Hives / Nests,"",-,-
82,"Netherlands",NLD,2023,Terrestrial,"Cattle","Adult beef cattle","51990","",Animals,"",-,-
82,"Netherlands",NLD,2023,Terrestrial,"Cattle","Adult dairy cattle","1584350","555609",Animals,"30134",-,-
82,"Netherlands",NLD,2023,Terrestrial,"Cattle","Calves (<1 year) (cattle)","1522620","1499024",Animals,"",-,-
82,"Netherlands",NLD,2023,Terrestrial,"Cattle","Males and females, 1-2 years, beef cattle","81770","",Animals,"",-,-
82,"Netherlands",NLD,2023,Terrestrial,"Cattle","Males and females, 1-2 years, dairy cattle","423950","",Animals,"",-,-
82,"Netherlands",NLD,2023,Terrestrial,"Cattle",-,"3664680","2054633",Animals,"30134",-,-
82,"Netherlands",NLD,2023,Terrestrial,"Swine","Adult (breeding) pigs","959300","",Animals,"",-,-
82,"Netherlands",NLD,2023,Terrestrial,"Swine","Fatteners","4932960","",Animals,"",-,-
82,"Netherlands",NLD,2023,Terrestrial,"Swine","Piglets (pre-weaning)","4933750","",Animals,"",-,-
82,"Netherlands",NLD,2023,Terrestrial,"Swine",-,"10826010","14798225",Animals,"11290",-,-
82,"Netherlands",NLD,2023,Terrestrial,"Birds","Broiler chickens","34349000","487431519",Animals,"479",-,-
82,"Netherlands",NLD,2023,Terrestrial,"Birds","Ducks","546000","5772394",Animals,"50",-,-
82,"Netherlands",NLD,2023,Terrestrial,"Birds","Layer chickens","40319000","18136181",Animals,"561",-,-
82,"Netherlands",NLD,2023,Terrestrial,"Birds","Other birds","9390000","2442",Animals,"388",-,-
82,"Netherlands",NLD,2023,Terrestrial,"Birds","Turkeys","337000","",Animals,"30",-,-
82,"Netherlands",NLD,2023,Terrestrial,"Birds",-,"97532800","511342536",Animals,"1508",-,-
82,"Netherlands",NLD,2023,Terrestrial,"Sheep",-,"990237","582029",Animals,"30303",-,-
82,"Netherlands",NLD,2023,Terrestrial,"Goats",-,"630317","194271",Animals,"15587",-,-
82,"Netherlands",NLD,2023,Terrestrial,"Sheep / goats (mixed herd)",-,"","",Animals,"",-,-
82,"Netherlands",NLD,2023,Terrestrial,"Buffaloes",-,"","",Animals,"",-,-
82,"Netherlands",NLD,2023,Terrestrial,"Equidae",-,"450000","2487",Animals,"37945",-,-
82,"Netherlands",NLD,2023,Terrestrial,"Camelidae",-,"","",Animals,"",-,-
82,"Netherlands",NLD,2023,Terrestrial,"Rabbits / hares (mixed group)",-,"266000","",Animals,"",-,-
82,"Netherlands",NLD,2023,Terrestrial,"Cervidae",-,"","1355",Animals,"",-,-
82,"Netherlands",NLD,2023,Terrestrial,"Dogs",-,"1700000","",Animals,"",-,-
82,"Netherlands",NLD,2023,Terrestrial,"Cats",-,"2900000","",Animals,"",-,-
82,"Netherlands",NLD,2023,Terrestrial,"Bees",-,"90078","",Hives / Nests,"7000",-,-
157,"New Caledonia",NCL,2023,Terrestrial,"Cattle",-,"84614","",Animals,"1199",-,-
157,"New Caledonia",NCL,2023,Terrestrial,"Swine",-,"30010","",Animals,"2048",-,-
157,"New Caledonia",NCL,2023,Terrestrial,"Birds","Broiler chickens","96420","",Animals,"159",-,-
157,"New Caledonia",NCL,2023,Terrestrial,"Birds","Layer chickens","151434","",Animals,"153",-,-
157,"New Caledonia",NCL,2023,Terrestrial,"Birds",-,"381475","",Animals,"1434",-,-
157,"New Caledonia",NCL,2023,Terrestrial,"Sheep",-,"3654","",Animals,"49",-,-
157,"New Caledonia",NCL,2023,Terrestrial,"Goats",-,"3165","",Animals,"233",-,-
157,"New Caledonia",NCL,2023,Terrestrial,"Sheep / goats (mixed herd)",-,"","",Animals,"",-,-
157,"New Caledonia",NCL,2023,Terrestrial,"Buffaloes",-,"0","0",Animals,"0","0","0"
157,"New Caledonia",NCL,2023,Terrestrial,"Equidae",-,"5584","",Animals,"765",-,-
157,"New Caledonia",NCL,2023,Terrestrial,"Camelidae",-,"0","0",Animals,"0","0","0"
157,"New Caledonia",NCL,2023,Terrestrial,"Rabbits / hares (mixed group)","Hares","0","0",Animals,"0","0","0"
157,"New Caledonia",NCL,2023,Terrestrial,"Rabbits / hares (mixed group)",-,"6049","",Animals,"104",-,-
157,"New Caledonia",NCL,2023,Terrestrial,"Cervidae",-,"9515","",Animals,"62",-,-
157,"New Caledonia",NCL,2023,Terrestrial,"Dogs",-,"","",Animals,"",-,-
157,"New Caledonia",NCL,2023,Terrestrial,"Cats",-,"","",Animals,"",-,-
157,"New Caledonia",NCL,2023,Terrestrial,"Bees",-,"11375","",Hives / Nests,"1233",-,-
23,"New Zealand",NZL,2023,Terrestrial,"Cattle",-,"13976000","4711000",Animals,"79300","318","748000"
23,"New Zealand",NZL,2023,Terrestrial,"Swine",-,"282000","607000",Animals,"4600","97","44000"
23,"New Zealand",NZL,2023,Terrestrial,"Birds",-,"24950000","123944000",Animals,"400","2,3","228000"
23,"New Zealand",NZL,2023,Terrestrial,"Sheep",-,"24359000","21538000",Animals,"10100","46","442000"
23,"New Zealand",NZL,2023,Terrestrial,"Goats",-,"175000","89000",Animals,"5400","25","900"
23,"New Zealand",NZL,2023,Terrestrial,"Sheep / goats (mixed herd)",-,"0","0",Animals,"0","0","0"
23,"New Zealand",NZL,2023,Terrestrial,"Buffaloes",-,"700","",Animals,"15",-,-
23,"New Zealand",NZL,2023,Terrestrial,"Equidae",-,"99000","0",Animals,"18500","0","0"
23,"New Zealand",NZL,2023,Terrestrial,"Camelidae",-,"14000","",Animals,"1100",-,-
23,"New Zealand",NZL,2023,Terrestrial,"Rabbits / hares (mixed group)",-,"0","0",Animals,"0","0","0"
23,"New Zealand",NZL,2023,Terrestrial,"Cervidae",-,"1034000","295000",Animals,"1900","107","17000"
23,"New Zealand",NZL,2023,Terrestrial,"Dogs",-,"850000","",Animals,"",-,-
23,"New Zealand",NZL,2023,Terrestrial,"Cats",-,"1200000","",Animals,"",-,-
23,"New Zealand",NZL,2023,Terrestrial,"Bees",-,"609000","",Hives / Nests,"57100",-,-
56,"Nicaragua",NIC,2023,Terrestrial,"Cattle",-,"7291244","",Animals,"136687",-,-
56,"Nicaragua",NIC,2023,Terrestrial,"Swine",-,"418485","",Animals,"116392",-,-
56,"Nicaragua",NIC,2023,Terrestrial,"Birds","Broiler chickens","3046987","",Animals,"47",-,-
56,"Nicaragua",NIC,2023,Terrestrial,"Birds","Layer chickens","2110925","",Animals,"115",-,-
56,"Nicaragua",NIC,2023,Terrestrial,"Birds","Other birds","88570","",Animals,"",-,-
56,"Nicaragua",NIC,2023,Terrestrial,"Birds","Turkeys","58804","",Animals,"",-,-
56,"Nicaragua",NIC,2023,Terrestrial,"Birds",-,"5305286","",Animals,"162",-,-
56,"Nicaragua",NIC,2023,Terrestrial,"Sheep",-,"","",Animals,"",-,-
56,"Nicaragua",NIC,2023,Terrestrial,"Goats",-,"","",Animals,"",-,-
56,"Nicaragua",NIC,2023,Terrestrial,"Sheep / goats (mixed herd)",-,"","",Animals,"",-,-
56,"Nicaragua",NIC,2023,Terrestrial,"Buffaloes",-,"","",Animals,"",-,-
56,"Nicaragua",NIC,2023,Terrestrial,"Equidae",-,"","",Animals,"",-,-
56,"Nicaragua",NIC,2023,Terrestrial,"Camelidae",-,"","",Animals,"",-,-
56,"Nicaragua",NIC,2023,Terrestrial,"Rabbits / hares (mixed group)",-,"","",Animals,"",-,-
56,"Nicaragua",NIC,2023,Terrestrial,"Cervidae",-,"","",Animals,"",-,-
56,"Nicaragua",NIC,2023,Terrestrial,"Dogs",-,"","",Animals,"",-,-
56,"Nicaragua",NIC,2023,Terrestrial,"Cats",-,"","",Animals,"",-,-
56,"Nicaragua",NIC,2023,Terrestrial,"Bees",-,"54800","",Hives / Nests,"2020",-,-
273,"Niger",NER,2023,Terrestrial,"Cattle",-,"19221730","",Animals,"",-,-
273,"Niger",NER,2023,Terrestrial,"Swine",-,"","",Animals,"",-,-
273,"Niger",NER,2023,Terrestrial,"Birds",-,"","",Animals,"",-,-
273,"Niger",NER,2023,Terrestrial,"Sheep",-,"15139185","",Animals,"",-,-
273,"Niger",NER,2023,Terrestrial,"Goats",-,"21183945","",Animals,"",-,-
273,"Niger",NER,2023,Terrestrial,"Sheep / goats (mixed herd)",-,"36323130","",Animals,"",-,-
273,"Niger",NER,2023,Terrestrial,"Buffaloes",-,"","",Animals,"",-,-
273,"Niger",NER,2023,Terrestrial,"Equidae","Donkeys","2069244","",Animals,"",-,-
273,"Niger",NER,2023,Terrestrial,"Equidae","Horses","266104","",Animals,"",-,-
273,"Niger",NER,2023,Terrestrial,"Equidae",-,"2335348","",Animals,"",-,-
273,"Niger",NER,2023,Terrestrial,"Camelidae",-,"1932236","",Animals,"",-,-
273,"Niger",NER,2023,Terrestrial,"Rabbits / hares (mixed group)",-,"","",Animals,"",-,-
273,"Niger",NER,2023,Terrestrial,"Cervidae",-,"","",Animals,"",-,-
273,"Niger",NER,2023,Terrestrial,"Dogs",-,"","",Animals,"",-,-
273,"Niger",NER,2023,Terrestrial,"Cats",-,"","",Animals,"",-,-
273,"Niger",NER,2023,Terrestrial,"Bees",-,"","",Hives / Nests,"",-,-
102,"Nigeria",NGA,2023,Terrestrial,"Cattle",-,"29143684","",Animals,"",-,-
102,"Nigeria",NGA,2023,Terrestrial,"Swine",-,"9498679","",Animals,"",-,-
102,"Nigeria",NGA,2023,Terrestrial,"Birds",-,"804113087","",Animals,"",-,-
102,"Nigeria",NGA,2023,Terrestrial,"Sheep",-,"53399708","",Animals,"",-,-
102,"Nigeria",NGA,2023,Terrestrial,"Goats",-,"93637033","",Animals,"",-,-
102,"Nigeria",NGA,2023,Terrestrial,"Sheep / goats (mixed herd)",-,"","",Animals,"",-,-
102,"Nigeria",NGA,2023,Terrestrial,"Buffaloes",-,"","",Animals,"",-,-
102,"Nigeria",NGA,2023,Terrestrial,"Equidae",-,"1472439","",Animals,"",-,-
102,"Nigeria",NGA,2023,Terrestrial,"Camelidae",-,"381427","",Animals,"",-,-
102,"Nigeria",NGA,2023,Terrestrial,"Rabbits / hares (mixed group)",-,"5890997","",Animals,"",-,-
102,"Nigeria",NGA,2023,Terrestrial,"Cervidae",-,"","",Animals,"",-,-
102,"Nigeria",NGA,2023,Terrestrial,"Dogs",-,"","",Animals,"",-,-
102,"Nigeria",NGA,2023,Terrestrial,"Cats",-,"","",Animals,"",-,-
102,"Nigeria",NGA,2023,Terrestrial,"Bees",-,"","",Hives / Nests,"",-,-
42,"North Macedonia",MKD,2023,Terrestrial,"Cattle",-,"130645","",Animals,"12658",-,-
42,"North Macedonia",MKD,2023,Terrestrial,"Swine",-,"130052","",Animals,"3903",-,-
42,"North Macedonia",MKD,2023,Terrestrial,"Birds",-,"1066223","",Animals,"56",-,-
42,"North Macedonia",MKD,2023,Terrestrial,"Sheep",-,"477744","",Animals,"",-,-
42,"North Macedonia",MKD,2023,Terrestrial,"Goats",-,"42687","",Animals,"",-,-
42,"North Macedonia",MKD,2023,Terrestrial,"Sheep / goats (mixed herd)",-,"520431","",Animals,"4356",-,-
42,"North Macedonia",MKD,2023,Terrestrial,"Buffaloes",-,"","",Animals,"",-,-
42,"North Macedonia",MKD,2023,Terrestrial,"Equidae","Donkeys","2548","",Animals,"",-,-
42,"North Macedonia",MKD,2023,Terrestrial,"Equidae","Horses","8664","",Animals,"",-,-
42,"North Macedonia",MKD,2023,Terrestrial,"Equidae","Mules / Hinnies","1085","",Animals,"",-,-
42,"North Macedonia",MKD,2023,Terrestrial,"Equidae",-,"12297","",Animals,"7965",-,-
42,"North Macedonia",MKD,2023,Terrestrial,"Camelidae",-,"","",Animals,"",-,-
42,"North Macedonia",MKD,2023,Terrestrial,"Rabbits / hares (mixed group)",-,"","",Animals,"",-,-
42,"North Macedonia",MKD,2023,Terrestrial,"Cervidae",-,"4065","",Animals,"",-,-
42,"North Macedonia",MKD,2023,Terrestrial,"Dogs",-,"119733","",Animals,"",-,-
42,"North Macedonia",MKD,2023,Terrestrial,"Cats",-,"7930","",Animals,"",-,-
42,"North Macedonia",MKD,2023,Terrestrial,"Bees",-,"306415","",Hives / Nests,"6918",-,-
46,"Norway",NOR,2023,Terrestrial,"Cattle","Adult beef cattle","109471","",Animals,"",-,-
46,"Norway",NOR,2023,Terrestrial,"Cattle","Adult dairy cattle","203327","110698",Animals,"6723",-,"31345"
46,"Norway",NOR,2023,Terrestrial,"Cattle","Calves (<1 year) (cattle)","","15933",Animals,"",-,"1845"
46,"Norway",NOR,2023,Terrestrial,"Cattle","Males and females, 1-2 years, dairy cattle","","192238",Animals,"",-,"57369"
46,"Norway",NOR,2023,Terrestrial,"Cattle",-,"885982","318869",Animals,"12697",-,"90559"
46,"Norway",NOR,2023,Terrestrial,"Swine","Adult (breeding) pigs","71306","82718",Animals,"789",-,-
46,"Norway",NOR,2023,Terrestrial,"Swine","Fatteners","","1454254",Animals,"1481",-,-
46,"Norway",NOR,2023,Terrestrial,"Swine",-,"","1536972",Animals,"",-,"131163"
46,"Norway",NOR,2023,Terrestrial,"Birds","Backyard poultry","","",Animals,"9190",-,-
46,"Norway",NOR,2023,Terrestrial,"Birds","Broiler chickens","76378839","72028454",Animals,"653",-,-
46,"Norway",NOR,2023,Terrestrial,"Birds","Ducks","","371992",Animals,"11",-,-
46,"Norway",NOR,2023,Terrestrial,"Birds","Layer chickens","4640164","",Animals,"693",-,-
46,"Norway",NOR,2023,Terrestrial,"Birds","Other birds","","",Animals,"2",-,-
46,"Norway",NOR,2023,Terrestrial,"Birds","Turkeys","1004339","914851",Animals,"70",-,-
46,"Norway",NOR,2023,Terrestrial,"Birds",-,"82023342","73559608",Animals,"10619",-,"117148"
46,"Norway",NOR,2023,Terrestrial,"Sheep","Adult (sheep)","915344","163066",Animals,"13255",-,-
46,"Norway",NOR,2023,Terrestrial,"Sheep","Lambs (<6 months) (sheep)","","947757",Animals,"",-,-
46,"Norway",NOR,2023,Terrestrial,"Sheep",-,"","1112585",Animals,"13255",-,"22370"
46,"Norway",NOR,2023,Terrestrial,"Goats","Adult (goats)","71753","9261",Animals,"",-,-
46,"Norway",NOR,2023,Terrestrial,"Goats","Kids (<6 months) (goats)","","17708",Animals,"",-,-
46,"Norway",NOR,2023,Terrestrial,"Goats",-,"71753","27823",Animals,"1608",-,"345"
46,"Norway",NOR,2023,Terrestrial,"Sheep / goats (mixed herd)",-,"","",Animals,"",-,-
46,"Norway",NOR,2023,Terrestrial,"Buffaloes",-,"0","0",Animals,"0","0","0"
46,"Norway",NOR,2023,Terrestrial,"Equidae","Donkeys","","",Animals,"143",-,-
46,"Norway",NOR,2023,Terrestrial,"Equidae","Horses","125000","38",Animals,"50000",-,"11"
46,"Norway",NOR,2023,Terrestrial,"Equidae",-,"125000","38",Animals,"50143",-,"11"
46,"Norway",NOR,2023,Terrestrial,"Camelidae","Alpacas","4000","",Animals,"287",-,-
46,"Norway",NOR,2023,Terrestrial,"Camelidae","Camels","","",Animals,"6",-,-
46,"Norway",NOR,2023,Terrestrial,"Camelidae","Llamas","","",Animals,"337",-,-
46,"Norway",NOR,2023,Terrestrial,"Camelidae",-,"4000","",Animals,"630",-,-
46,"Norway",NOR,2023,Terrestrial,"Rabbits / hares (mixed group)","Hares","","",Animals,"3",-,-
46,"Norway",NOR,2023,Terrestrial,"Rabbits / hares (mixed group)","Rabbits","","",Animals,"481",-,-
46,"Norway",NOR,2023,Terrestrial,"Rabbits / hares (mixed group)",-,"","",Animals,"484",-,-
46,"Norway",NOR,2023,Terrestrial,"Cervidae","Cervidae: Red deer + Wapiti + Reindeer","205000","",Animals,"823",-,-
46,"Norway",NOR,2023,Terrestrial,"Cervidae",-,"205000","",Animals,"823",-,-
46,"Norway",NOR,2023,Terrestrial,"Dogs",-,"585000","",Animals,"",-,-
46,"Norway",NOR,2023,Terrestrial,"Cats",-,"620000","",Animals,"",-,-
46,"Norway",NOR,2023,Terrestrial,"Bees",-,"60000","",Hives / Nests,"4795",-,-
188,"Pakistan",PAK,2023,Terrestrial,"Cattle","Adult dairy cattle","36212000","4264000",Animals,"","500","913000"
188,"Pakistan",PAK,2023,Terrestrial,"Cattle","Calves (<1 year) (cattle)","13764000","3761000",Animals,"","100,5","173000"
188,"Pakistan",PAK,2023,Terrestrial,"Swine",-,"","",Animals,"",-,-
188,"Pakistan",PAK,2023,Terrestrial,"Birds","Backyard poultry","94040000","80332808",Animals,"","2,2","177535506"
188,"Pakistan",PAK,2023,Terrestrial,"Birds","Broiler chickens","1703360000","1703360000",Animals,"","1,1","1907763200"
188,"Pakistan",PAK,2023,Terrestrial,"Birds","Ducks","340000","307700",Animals,"","1,5","461550"
188,"Pakistan",PAK,2023,Terrestrial,"Birds","Layer chickens","73280000","73280000",Animals,"","1,5","82073600"
188,"Pakistan",PAK,2023,Terrestrial,"Birds","Other birds","15810000","3952500",Animals,"","2,5","9881250"
188,"Pakistan",PAK,2023,Terrestrial,"Birds",-,"1886830000","1861233008",Animals,"","1,8","2177715106"
188,"Pakistan",PAK,2023,Terrestrial,"Sheep","Adult (sheep)","22128000","11891000",Animals,"","38","221000"
188,"Pakistan",PAK,2023,Terrestrial,"Sheep","Lambs (<6 months) (sheep)","10219000","3633000",Animals,"","18","32000"
188,"Pakistan",PAK,2023,Terrestrial,"Sheep",-,"32347000","15524000",Animals,"","31,3","253000"
188,"Pakistan",PAK,2023,Terrestrial,"Goats","Adult (goats)","59531000","31459000",Animals,"","32,5","448000"
188,"Pakistan",PAK,2023,Terrestrial,"Goats","Kids (<6 months) (goats)","25207000","15188000",Animals,"","14","98000"
188,"Pakistan",PAK,2023,Terrestrial,"Goats",-,"84738000","46647000",Animals,"","26,3","546000"
188,"Pakistan",PAK,2023,Terrestrial,"Sheep / goats (mixed herd)",-,"","",Animals,"",-,-
188,"Pakistan",PAK,2023,Terrestrial,"Buffaloes","Adult buffalo","31773000","4741000",Animals,"","432,5","1024000"
188,"Pakistan",PAK,2023,Terrestrial,"Buffaloes","Calves (<1 year) (buffaloes)","13201000","3856000",Animals,"","104","196000"
188,"Pakistan",PAK,2023,Terrestrial,"Buffaloes",-,"44974000","8597000",Animals,"","323","1220000"
188,"Pakistan",PAK,2023,Terrestrial,"Equidae","Donkeys","5830000","",Animals,"",-,-
188,"Pakistan",PAK,2023,Terrestrial,"Equidae","Horses","379000","",Animals,"",-,-
188,"Pakistan",PAK,2023,Terrestrial,"Equidae","Mules / Hinnies","210000","",Animals,"",-,-
188,"Pakistan",PAK,2023,Terrestrial,"Equidae",-,"6419000","",Animals,"",-,-
188,"Pakistan",PAK,2023,Terrestrial,"Camelidae",-,"1148000","68000",Animals,"","233,3","6000"
188,"Pakistan",PAK,2023,Terrestrial,"Rabbits / hares (mixed group)",-,"","",Animals,"",-,-
188,"Pakistan",PAK,2023,Terrestrial,"Cervidae",-,"","",Animals,"",-,-
188,"Pakistan",PAK,2023,Terrestrial,"Dogs",-,"","",Animals,"",-,-
188,"Pakistan",PAK,2023,Terrestrial,"Cats",-,"","",Animals,"",-,-
188,"Pakistan",PAK,2023,Terrestrial,"Bees",-,"","",Hives / Nests,"",-,-
87,"Panama",PAN,2023,Terrestrial,"Cattle","Adult beef cattle","165000","167646",Animals,"30187","500","36296"
87,"Panama",PAN,2023,Terrestrial,"Cattle","Adult dairy cattle","116000","",Animals,"4312","400",-
87,"Panama",PAN,2023,Terrestrial,"Cattle","Calves (<1 year) (cattle)","275000","0",Animals,"","250","0"
87,"Panama",PAN,2023,Terrestrial,"Cattle","Males and females, 1-2 years, beef cattle","175000","173460",Animals,"4704","420","37765"
87,"Panama",PAN,2023,Terrestrial,"Cattle","Males and females, 1-2 years, dairy cattle","86000","",Animals,"","325",-
87,"Panama",PAN,2023,Terrestrial,"Cattle",-,"817000","341106",Animals,"39203","379","74061"
87,"Panama",PAN,2023,Terrestrial,"Swine","Backyard pigs","38000","102600",Animals,"4678","110","11286"
87,"Panama",PAN,2023,Terrestrial,"Swine","Fatteners","250000","687029",Animals,"349","84","57710"
87,"Panama",PAN,2023,Terrestrial,"Swine","Piglets (pre-weaning)","95000","0",Animals,"","17","0"
87,"Panama",PAN,2023,Terrestrial,"Swine",-,"383000","789629",Animals,"5027","70","68996"
87,"Panama",PAN,2023,Terrestrial,"Birds","Backyard poultry","3547127","1034969",Animals,"120899","3","3100"
87,"Panama",PAN,2023,Terrestrial,"Birds","Broiler chickens","19836793","106921118",Animals,"257","2,3","218449"
87,"Panama",PAN,2023,Terrestrial,"Birds","Ducks","103214","",Animals,"675","3",-
87,"Panama",PAN,2023,Terrestrial,"Birds","Layer chickens","3962034","",Animals,"128","1,8",-
87,"Panama",PAN,2023,Terrestrial,"Birds","Other birds","45397","",Animals,"867",-,-
87,"Panama",PAN,2023,Terrestrial,"Birds","Turkeys","0","0",Animals,"0","0","0"
87,"Panama",PAN,2023,Terrestrial,"Birds",-,"27494565","107956087",Animals,"122826","2,5","221549"
87,"Panama",PAN,2023,Terrestrial,"Sheep","Adult (sheep)","18712","",Animals,"1330","40",-
87,"Panama",PAN,2023,Terrestrial,"Sheep",-,"18712","",Animals,"1330","40",-
87,"Panama",PAN,2023,Terrestrial,"Goats","Adult (goats)","8352","",Animals,"1020","70",-
87,"Panama",PAN,2023,Terrestrial,"Goats",-,"8352","",Animals,"1020","70",-
87,"Panama",PAN,2023,Terrestrial,"Sheep / goats (mixed herd)",-,"","",Animals,"",-,-
87,"Panama",PAN,2023,Terrestrial,"Buffaloes","Adult buffalo","7829","1225",Animals,"59","550","375"
87,"Panama",PAN,2023,Terrestrial,"Buffaloes","Calves (<1 year) (buffaloes)","2171","0",Animals,"0","250","0"
87,"Panama",PAN,2023,Terrestrial,"Buffaloes",-,"10000","1225",Animals,"59","400","375"
87,"Panama",PAN,2023,Terrestrial,"Equidae","Donkeys","100","0",Animals,"","300","0"
87,"Panama",PAN,2023,Terrestrial,"Equidae","Horses","115000","0",Animals,"40965","400","0"
87,"Panama",PAN,2023,Terrestrial,"Equidae","Mules / Hinnies","2300","0",Animals,"1363","400","0"
87,"Panama",PAN,2023,Terrestrial,"Equidae",-,"117400","0",Animals,"42328","366","0"
87,"Panama",PAN,2023,Terrestrial,"Camelidae",-,"0","0",Animals,"0","0","0"
87,"Panama",PAN,2023,Terrestrial,"Rabbits / hares (mixed group)",-,"","",Animals,"",-,-
87,"Panama",PAN,2023,Terrestrial,"Cervidae",-,"0","0",Animals,"0","0","0"
87,"Panama",PAN,2023,Terrestrial,"Dogs",-,"","",Animals,"",-,-
87,"Panama",PAN,2023,Terrestrial,"Cats",-,"","",Animals,"",-,-
87,"Panama",PAN,2023,Terrestrial,"Bees",-,"15000","",Hives / Nests,"600",-,-
408,"Papua New Guinea",PNG,2023,Terrestrial,"Cattle","Adult dairy cattle","650","390",Animals,"","450","1053"
408,"Papua New Guinea",PNG,2023,Terrestrial,"Cattle",-,"52650","",Animals,"",-,-
408,"Papua New Guinea",PNG,2023,Terrestrial,"Swine",-,"2029307","731152",Animals,"6","55,2","40423,3"
408,"Papua New Guinea",PNG,2023,Terrestrial,"Birds",-,"39300000","15900000",Animals,"","1,4","23055"
408,"Papua New Guinea",PNG,2023,Terrestrial,"Sheep",-,"10500","1260",Animals,"","22","27,7"
408,"Papua New Guinea",PNG,2023,Terrestrial,"Goats",-,"19000","3420",Animals,"","18","61,5"
408,"Papua New Guinea",PNG,2023,Terrestrial,"Sheep / goats (mixed herd)",-,"","",Animals,"",-,-
408,"Papua New Guinea",PNG,2023,Terrestrial,"Buffaloes",-,"50","",Animals,"","460",-
408,"Papua New Guinea",PNG,2023,Terrestrial,"Equidae",-,"1000","",Animals,"",-,-
408,"Papua New Guinea",PNG,2023,Terrestrial,"Camelidae",-,"","",Animals,"",-,-
408,"Papua New Guinea",PNG,2023,Terrestrial,"Rabbits / hares (mixed group)",-,"3000","",Animals,"",-,-
408,"Papua New Guinea",PNG,2023,Terrestrial,"Cervidae",-,"20000","",Animals,"",-,-
408,"Papua New Guinea",PNG,2023,Terrestrial,"Dogs",-,"","",Animals,"",-,-
408,"Papua New Guinea",PNG,2023,Terrestrial,"Cats",-,"","",Animals,"",-,-
408,"Papua New Guinea",PNG,2023,Terrestrial,"Bees",-,"3000","",Hives / Nests,"",-,-
92,"Paraguay",PRY,2023,Terrestrial,"Cattle",-,"13437254","",Animals,"",-,-
92,"Paraguay",PRY,2023,Terrestrial,"Swine",-,"1440544","",Animals,"",-,-
92,"Paraguay",PRY,2023,Terrestrial,"Birds",-,"25486040","",Animals,"",-,-
92,"Paraguay",PRY,2023,Terrestrial,"Sheep",-,"327435","",Animals,"",-,-
92,"Paraguay",PRY,2023,Terrestrial,"Goats",-,"110429","",Animals,"",-,-
92,"Paraguay",PRY,2023,Terrestrial,"Sheep / goats (mixed herd)",-,"0","0",Animals,"0","0","0"
92,"Paraguay",PRY,2023,Terrestrial,"Buffaloes",-,"14126","",Animals,"",-,-
92,"Paraguay",PRY,2023,Terrestrial,"Equidae",-,"217659","",Animals,"",-,-
92,"Paraguay",PRY,2023,Terrestrial,"Camelidae",-,"0","0",Animals,"0","0","0"
92,"Paraguay",PRY,2023,Terrestrial,"Rabbits / hares (mixed group)",-,"","",Animals,"",-,-
92,"Paraguay",PRY,2023,Terrestrial,"Cervidae",-,"","",Animals,"",-,-
92,"Paraguay",PRY,2023,Terrestrial,"Dogs",-,"","",Animals,"",-,-
92,"Paraguay",PRY,2023,Terrestrial,"Cats",-,"","",Animals,"",-,-
92,"Paraguay",PRY,2023,Terrestrial,"Bees",-,"","",Hives / Nests,"",-,-
37,"Peru",PER,2023,Terrestrial,"Cattle",-,"5156044","",Animals,"881920",-,-
37,"Peru",PER,2023,Terrestrial,"Swine",-,"2224295","",Animals,"598363",-,-
37,"Peru",PER,2023,Terrestrial,"Birds",-,"106107468","",Animals,"1870",-,-
37,"Peru",PER,2023,Terrestrial,"Sheep",-,"9523198","",Animals,"655604",-,-
37,"Peru",PER,2023,Terrestrial,"Goats",-,"1038109","",Animals,"95184",-,-
37,"Peru",PER,2023,Terrestrial,"Sheep / goats (mixed herd)",-,"","",Animals,"",-,-
37,"Peru",PER,2023,Terrestrial,"Buffaloes",-,"","",Animals,"",-,-
37,"Peru",PER,2023,Terrestrial,"Equidae",-,"1260219","",Animals,"607297",-,-
37,"Peru",PER,2023,Terrestrial,"Camelidae",-,"3685516","",Animals,"82459",-,-
37,"Peru",PER,2023,Terrestrial,"Rabbits / hares (mixed group)",-,"13185866","",Animals,"490836",-,-
37,"Peru",PER,2023,Terrestrial,"Cervidae",-,"","",Animals,"",-,-
37,"Peru",PER,2023,Terrestrial,"Dogs",-,"","",Animals,"",-,-
37,"Peru",PER,2023,Terrestrial,"Cats",-,"","",Animals,"",-,-
37,"Peru",PER,2023,Terrestrial,"Bees",-,"214276","",Hives / Nests,"40082",-,-
233,"Philippines",PHL,2023,Terrestrial,"Cattle",-,"2588023","",Animals,"",-,"234420"
233,"Philippines",PHL,2023,Terrestrial,"Swine","Backyard pigs","6697481","",Animals,"",-,-
233,"Philippines",PHL,2023,Terrestrial,"Swine",-,"9904501","",Animals,"",-,"1793930"
233,"Philippines",PHL,2023,Terrestrial,"Birds","Broiler chickens","70438322","",Animals,"",-,-
233,"Philippines",PHL,2023,Terrestrial,"Birds","Ducks","14494808","",Animals,"",-,-
233,"Philippines",PHL,2023,Terrestrial,"Birds","Layer chickens","45210825","",Animals,"",-,-
233,"Philippines",PHL,2023,Terrestrial,"Birds","Other birds","88177587","",Animals,"",-,-
233,"Philippines",PHL,2023,Terrestrial,"Birds","Turkeys","231692","",Animals,"",-,-
233,"Philippines",PHL,2023,Terrestrial,"Birds",-,"218553234","",Animals,"",-,"1973900"
233,"Philippines",PHL,2023,Terrestrial,"Sheep",-,"47287","",Animals,"",-,-
233,"Philippines",PHL,2023,Terrestrial,"Goats",-,"3857933","",Animals,"",-,"70090"
233,"Philippines",PHL,2023,Terrestrial,"Sheep / goats (mixed herd)",-,"","",Animals,"",-,-
233,"Philippines",PHL,2023,Terrestrial,"Buffaloes",-,"2736823","",Animals,"",-,"129780"
233,"Philippines",PHL,2023,Terrestrial,"Equidae","Horses","121985","",Animals,"",-,-
233,"Philippines",PHL,2023,Terrestrial,"Equidae",-,"","",Animals,"",-,-
233,"Philippines",PHL,2023,Terrestrial,"Camelidae",-,"","",Animals,"",-,-
233,"Philippines",PHL,2023,Terrestrial,"Rabbits / hares (mixed group)","Rabbits","208388","",Animals,"",-,-
233,"Philippines",PHL,2023,Terrestrial,"Rabbits / hares (mixed group)",-,"","",Animals,"",-,-
233,"Philippines",PHL,2023,Terrestrial,"Cervidae",-,"","",Animals,"",-,-
233,"Philippines",PHL,2023,Terrestrial,"Dogs",-,"27588835","",Animals,"",-,-
233,"Philippines",PHL,2023,Terrestrial,"Cats",-,"","",Animals,"",-,-
233,"Philippines",PHL,2023,Terrestrial,"Bees",-,"","",Hives / Nests,"",-,-
135,"Poland",POL,2023,Terrestrial,"Cattle","Adult beef cattle","321098","",Animals,"",-,-
135,"Poland",POL,2023,Terrestrial,"Cattle","Adult dairy cattle","1979454","",Animals,"",-,-
135,"Poland",POL,2023,Terrestrial,"Cattle","Calves (<1 year) (cattle)","1869966","62181",Animals,"",-,-
135,"Poland",POL,2023,Terrestrial,"Cattle","Males and females, 1-2 years, beef cattle","424032","",Animals,"",-,-
135,"Poland",POL,2023,Terrestrial,"Cattle","Males and females, 1-2 years, dairy cattle","1005318","",Animals,"",-,-
135,"Poland",POL,2023,Terrestrial,"Cattle",-,"6296939","2039792",Animals,"",-,-
135,"Poland",POL,2023,Terrestrial,"Swine",-,"9340570","18841787",Animals,"",-,-
135,"Poland",POL,2023,Terrestrial,"Birds","Backyard poultry","5310","",Animals,"",-,-
135,"Poland",POL,2023,Terrestrial,"Birds","Broiler chickens","1708929206","1482516615",Animals,"",-,-
135,"Poland",POL,2023,Terrestrial,"Birds","Ducks","18237129","30807196",Animals,"",-,-
135,"Poland",POL,2023,Terrestrial,"Birds","Layer chickens","131016956","82117430",Animals,"",-,-
135,"Poland",POL,2023,Terrestrial,"Birds","Other birds","3792382","7081790",Animals,"",-,-
135,"Poland",POL,2023,Terrestrial,"Birds","Turkeys","69870709","41166466",Animals,"",-,-
135,"Poland",POL,2023,Terrestrial,"Birds",-,"1931851692","1643689497",Animals,"",-,-
135,"Poland",POL,2023,Terrestrial,"Sheep","Adult (sheep)","219970","",Animals,"",-,-
135,"Poland",POL,2023,Terrestrial,"Sheep","Lambs (<6 months) (sheep)","20972","",Animals,"",-,-
135,"Poland",POL,2023,Terrestrial,"Sheep",-,"276000","80036",Animals,"",-,-
135,"Poland",POL,2023,Terrestrial,"Goats","Adult (goats)","53816","",Animals,"",-,-
135,"Poland",POL,2023,Terrestrial,"Goats","Kids (<6 months) (goats)","2093","",Animals,"",-,-
135,"Poland",POL,2023,Terrestrial,"Goats",-,"64100","4258",Animals,"",-,-
135,"Poland",POL,2023,Terrestrial,"Sheep / goats (mixed herd)",-,"","84294",Animals,"",-,-
135,"Poland",POL,2023,Terrestrial,"Buffaloes","Adult buffalo","153","",Animals,"",-,-
135,"Poland",POL,2023,Terrestrial,"Buffaloes","Calves (<1 year) (buffaloes)","19","",Animals,"",-,-
135,"Poland",POL,2023,Terrestrial,"Buffaloes",-,"198","",Animals,"",-,-
135,"Poland",POL,2023,Terrestrial,"Equidae","Donkeys","1398","",Animals,"",-,-
135,"Poland",POL,2023,Terrestrial,"Equidae","Horses","234953","",Animals,"",-,-
135,"Poland",POL,2023,Terrestrial,"Equidae","Mules / Hinnies","114","",Animals,"",-,-
135,"Poland",POL,2023,Terrestrial,"Equidae",-,"236539","19535",Animals,"",-,-
135,"Poland",POL,2023,Terrestrial,"Camelidae","Alpacas","3354","",Animals,"",-,-
135,"Poland",POL,2023,Terrestrial,"Camelidae","Camels","109","",Animals,"",-,-
135,"Poland",POL,2023,Terrestrial,"Camelidae","Llamas","213","",Animals,"",-,-
135,"Poland",POL,2023,Terrestrial,"Camelidae",-,"3798","459",Animals,"",-,-
135,"Poland",POL,2023,Terrestrial,"Rabbits / hares (mixed group)","Rabbits","","1419302",Animals,"",-,-
135,"Poland",POL,2023,Terrestrial,"Rabbits / hares (mixed group)",-,"","1419302",Animals,"",-,-
135,"Poland",POL,2023,Terrestrial,"Cervidae","Cervidae: other","","214",Animals,"",-,-
135,"Poland",POL,2023,Terrestrial,"Cervidae","Cervidae: Red deer + Wapiti + Reindeer","","37",Animals,"",-,-
135,"Poland",POL,2023,Terrestrial,"Cervidae","Cervidae: Sika deer + Rusa deer + Fallow deer","","4",Animals,"",-,-
135,"Poland",POL,2023,Terrestrial,"Cervidae",-,"1787","255",Animals,"",-,-
135,"Poland",POL,2023,Terrestrial,"Dogs",-,"","",Animals,"",-,-
135,"Poland",POL,2023,Terrestrial,"Cats",-,"","",Animals,"",-,-
135,"Poland",POL,2023,Terrestrial,"Bees",-,"","",Hives / Nests,"",-,-
105,"Qatar",QAT,2023,Terrestrial,"Cattle",-,"38994","22240",Animals,"657","35094600","5,6"
105,"Qatar",QAT,2023,Terrestrial,"Swine",-,"0","0",Animals,"0","0","0"
105,"Qatar",QAT,2023,Terrestrial,"Birds","Broiler chickens","30995030","12400000",Animals,"5","123980120","49,6"
105,"Qatar",QAT,2023,Terrestrial,"Birds","Ducks","300177","0",Animals,"0","0","0"
105,"Qatar",QAT,2023,Terrestrial,"Birds","Layer chickens","2189049","0",Animals,"4","10858330","0"
105,"Qatar",QAT,2023,Terrestrial,"Birds","Turkeys","203000","0",Animals,"0","0","0"
105,"Qatar",QAT,2023,Terrestrial,"Birds",-,"33687256","12400000",Animals,"9","134838450","49,6"
105,"Qatar",QAT,2023,Terrestrial,"Sheep",-,"677161","249366",Animals,"4125","67716100","9"
105,"Qatar",QAT,2023,Terrestrial,"Goats",-,"324826","26950",Animals,"3500","32482600","808500"
105,"Qatar",QAT,2023,Terrestrial,"Sheep / goats (mixed herd)",-,"200155","10537",Animals,"1257","20015500","346110"
105,"Qatar",QAT,2023,Terrestrial,"Buffaloes",-,"490","0",Animals,"8","416500","0"
105,"Qatar",QAT,2023,Terrestrial,"Equidae","Donkeys","0","0",Animals,"0","0","0"
105,"Qatar",QAT,2023,Terrestrial,"Equidae","Horses","5467","0",Animals,"848","5467000","0"
105,"Qatar",QAT,2023,Terrestrial,"Equidae","Mules / Hinnies","0","0",Animals,"0","0","0"
105,"Qatar",QAT,2023,Terrestrial,"Equidae",-,"5467","0",Animals,"848","5467000","0"
105,"Qatar",QAT,2023,Terrestrial,"Camelidae",-,"94197","6199",Animals,"2541","84777300","2,4"
105,"Qatar",QAT,2023,Terrestrial,"Rabbits / hares (mixed group)",-,"","",Animals,"",-,-
105,"Qatar",QAT,2023,Terrestrial,"Cervidae",-,"20193","350",Animals,"316","646176","7,8"
105,"Qatar",QAT,2023,Terrestrial,"Dogs",-,"31214","",Animals,"",-,-
105,"Qatar",QAT,2023,Terrestrial,"Cats",-,"32712","",Animals,"",-,-
105,"Qatar",QAT,2023,Terrestrial,"Bees",-,"4150","",Hives / Nests,"85",-,-
6,"Romania",ROU,2023,Terrestrial,"Cattle",-,"1922405","254180",Animals,"278736","400","70434"
6,"Romania",ROU,2023,Terrestrial,"Swine",-,"2735788","937596",Animals,"380532","120","144333"
6,"Romania",ROU,2023,Terrestrial,"Birds",-,"65719947","",Animals,"1234495",-,-
6,"Romania",ROU,2023,Terrestrial,"Sheep",-,"11077827","806682",Animals,"132114","40","12265"
6,"Romania",ROU,2023,Terrestrial,"Goats",-,"1451986","65741",Animals,"61200","30","204"
6,"Romania",ROU,2023,Terrestrial,"Sheep / goats (mixed herd)",-,"1584272","",Animals,"14215",-,-
6,"Romania",ROU,2023,Terrestrial,"Buffaloes",-,"28524","",Animals,"201",-,-
6,"Romania",ROU,2023,Terrestrial,"Equidae",-,"182868","15580",Animals,"140071","420","4690"
6,"Romania",ROU,2023,Terrestrial,"Camelidae",-,"30","",Animals,"6",-,-
6,"Romania",ROU,2023,Terrestrial,"Rabbits / hares (mixed group)",-,"215683","",Animals,"28803",-,-
6,"Romania",ROU,2023,Terrestrial,"Cervidae",-,"1980","",Animals,"14",-,-
6,"Romania",ROU,2023,Terrestrial,"Dogs",-,"2050915","",Animals,"",-,-
6,"Romania",ROU,2023,Terrestrial,"Cats",-,"298204","",Animals,"",-,-
6,"Romania",ROU,2023,Terrestrial,"Bees",-,"1201149","",Hives / Nests,"41216",-,-
91,"Saint Vincent and the Grenadines",VCT,2023,Terrestrial,"Cattle",-,"4766","",Animals,"","300",-
91,"Saint Vincent and the Grenadines",VCT,2023,Terrestrial,"Swine",-,"4806","",Animals,"","150",-
91,"Saint Vincent and the Grenadines",VCT,2023,Terrestrial,"Birds","Broiler chickens","41563","",Animals,"",-,-
91,"Saint Vincent and the Grenadines",VCT,2023,Terrestrial,"Birds","Layer chickens","29176","",Animals,"",-,-
91,"Saint Vincent and the Grenadines",VCT,2023,Terrestrial,"Birds",-,"70739","",Animals,"",-,-
91,"Saint Vincent and the Grenadines",VCT,2023,Terrestrial,"Sheep",-,"5996","",Animals,"","75",-
91,"Saint Vincent and the Grenadines",VCT,2023,Terrestrial,"Goats",-,"8783","",Animals,"","75",-
91,"Saint Vincent and the Grenadines",VCT,2023,Terrestrial,"Sheep / goats (mixed herd)",-,"","",Animals,"",-,-
91,"Saint Vincent and the Grenadines",VCT,2023,Terrestrial,"Buffaloes",-,"","",Animals,"",-,-
91,"Saint Vincent and the Grenadines",VCT,2023,Terrestrial,"Equidae","Donkeys","265","",Animals,"",-,-
91,"Saint Vincent and the Grenadines",VCT,2023,Terrestrial,"Equidae","Horses","44","",Animals,"",-,-
91,"Saint Vincent and the Grenadines",VCT,2023,Terrestrial,"Equidae",-,"309","",Animals,"",-,-
91,"Saint Vincent and the Grenadines",VCT,2023,Terrestrial,"Camelidae",-,"","",Animals,"",-,-
91,"Saint Vincent and the Grenadines",VCT,2023,Terrestrial,"Rabbits / hares (mixed group)","Rabbits","1249","",Animals,"",-,-
91,"Saint Vincent and the Grenadines",VCT,2023,Terrestrial,"Rabbits / hares (mixed group)",-,"1249","",Animals,"","3",-
91,"Saint Vincent and the Grenadines",VCT,2023,Terrestrial,"Cervidae",-,"","",Animals,"",-,-
91,"Saint Vincent and the Grenadines",VCT,2023,Terrestrial,"Dogs",-,"","",Animals,"",-,-
91,"Saint Vincent and the Grenadines",VCT,2023,Terrestrial,"Cats",-,"","",Animals,"",-,-
91,"Saint Vincent and the Grenadines",VCT,2023,Terrestrial,"Bees",-,"","",Hives / Nests,"",-,-
66,"San Marino",SMR,2023,Terrestrial,"Cattle","Adult beef cattle","235","",Animals,"18","550",-
66,"San Marino",SMR,2023,Terrestrial,"Cattle","Adult dairy cattle","115","",Animals,"3","480",-
66,"San Marino",SMR,2023,Terrestrial,"Cattle","Calves (<1 year) (cattle)","332","35",Animals,"","170","7"
66,"San Marino",SMR,2023,Terrestrial,"Cattle","Males and females, 1-2 years, beef cattle","787","550",Animals,"","450","330"
66,"San Marino",SMR,2023,Terrestrial,"Cattle","Males and females, 1-2 years, dairy cattle","90","",Animals,"","320",-
66,"San Marino",SMR,2023,Terrestrial,"Cattle",-,"1559","585",Animals,"21","399","337"
66,"San Marino",SMR,2023,Terrestrial,"Swine","Fatteners","82","82",Animals,"11","120","14"
66,"San Marino",SMR,2023,Terrestrial,"Swine",-,"82","82",Animals,"11","120","14"
66,"San Marino",SMR,2023,Terrestrial,"Birds","Backyard poultry","2200","",Animals,"120",-,-
66,"San Marino",SMR,2023,Terrestrial,"Birds",-,"2200","",Animals,"120",-,-
66,"San Marino",SMR,2023,Terrestrial,"Sheep","Adult (sheep)","20","2",Animals,"",-,-
66,"San Marino",SMR,2023,Terrestrial,"Sheep","Lambs (<6 months) (sheep)","20","37",Animals,"",-,-
66,"San Marino",SMR,2023,Terrestrial,"Sheep",-,"40","39",Animals,"5",-,-
66,"San Marino",SMR,2023,Terrestrial,"Goats","Adult (goats)","16","1",Animals,"",-,-
66,"San Marino",SMR,2023,Terrestrial,"Goats","Kids (<6 months) (goats)","10","3",Animals,"",-,-
66,"San Marino",SMR,2023,Terrestrial,"Goats",-,"26","4",Animals,"3",-,-
66,"San Marino",SMR,2023,Terrestrial,"Sheep / goats (mixed herd)",-,"17","",Animals,"4",-,-
66,"San Marino",SMR,2023,Terrestrial,"Buffaloes",-,"0","0",Animals,"0","0","0"
66,"San Marino",SMR,2023,Terrestrial,"Equidae","Donkeys","18","0",Animals,"2",-,"0"
66,"San Marino",SMR,2023,Terrestrial,"Equidae","Horses","80","0",Animals,"30",-,"0"
66,"San Marino",SMR,2023,Terrestrial,"Equidae",-,"98","0",Animals,"32",-,"0"
66,"San Marino",SMR,2023,Terrestrial,"Camelidae","Alpacas","12","0",Animals,"1",-,"0"
66,"San Marino",SMR,2023,Terrestrial,"Camelidae",-,"12","0",Animals,"1",-,"0"
66,"San Marino",SMR,2023,Terrestrial,"Rabbits / hares (mixed group)","Hares","0","",Animals,"0",-,-
66,"San Marino",SMR,2023,Terrestrial,"Rabbits / hares (mixed group)","Rabbits","250","",Animals,"24",-,-
66,"San Marino",SMR,2023,Terrestrial,"Rabbits / hares (mixed group)",-,"250","",Animals,"24",-,-
66,"San Marino",SMR,2023,Terrestrial,"Cervidae",-,"0","0",Animals,"0","0","0"
66,"San Marino",SMR,2023,Terrestrial,"Dogs",-,"4550","",Animals,"",-,-
66,"San Marino",SMR,2023,Terrestrial,"Cats",-,"","",Animals,"",-,-
66,"San Marino",SMR,2023,Terrestrial,"Bees",-,"1450","",Hives / Nests,"24",-,-
97,"Saudi Arabia",SAU,2023,Terrestrial,"Cattle","Adult beef cattle","240133","305056",Animals,"23","600","330"
97,"Saudi Arabia",SAU,2023,Terrestrial,"Cattle","Adult dairy cattle","312060","",Animals,"13","1000",-
97,"Saudi Arabia",SAU,2023,Terrestrial,"Cattle",-,"552193","305056",Animals,"36","1600","330"
97,"Saudi Arabia",SAU,2023,Terrestrial,"Swine","Adult (breeding) pigs","0","0",Animals,"0","0","0"
97,"Saudi Arabia",SAU,2023,Terrestrial,"Swine","Backyard pigs","0","0",Animals,"0","0","0"
97,"Saudi Arabia",SAU,2023,Terrestrial,"Swine","Fatteners","0","0",Animals,"0","0","0"
97,"Saudi Arabia",SAU,2023,Terrestrial,"Swine","Piglets (pre-weaning)","0","0",Animals,"0","0","0"
97,"Saudi Arabia",SAU,2023,Terrestrial,"Swine",-,"0","0",Animals,"0","0","0"
97,"Saudi Arabia",SAU,2023,Terrestrial,"Birds","Backyard poultry","5899062","",Animals,"1840",-,-
97,"Saudi Arabia",SAU,2023,Terrestrial,"Birds","Broiler chickens","1220000000","1506700",Animals,"415","2,6","2260000"
97,"Saudi Arabia",SAU,2023,Terrestrial,"Birds","Layer chickens","6825151000","500000",Animals,"144","4","750000"
97,"Saudi Arabia",SAU,2023,Terrestrial,"Birds",-,"8051050062","2006700",Animals,"2399","6,6","3010000"
97,"Saudi Arabia",SAU,2023,Terrestrial,"Sheep","Adult (sheep)","21804724","5658050",Animals,"","60","192372"
97,"Saudi Arabia",SAU,2023,Terrestrial,"Sheep",-,"21804724","5658050",Animals,"","60","192372"
97,"Saudi Arabia",SAU,2023,Terrestrial,"Goats","Adult (goats)","6779154","2354717",Animals,"19924","50","61222"
97,"Saudi Arabia",SAU,2023,Terrestrial,"Goats",-,"6779154","2354717",Animals,"","50","61222"
97,"Saudi Arabia",SAU,2023,Terrestrial,"Sheep / goats (mixed herd)",-,"28583878","8012767",Animals,"255000","54","253594"
97,"Saudi Arabia",SAU,2023,Terrestrial,"Buffaloes","Adult buffalo","0","0",Animals,"0","0","0"
97,"Saudi Arabia",SAU,2023,Terrestrial,"Buffaloes","Calves (<1 year) (buffaloes)","0","0",Animals,"0","0","0"
97,"Saudi Arabia",SAU,2023,Terrestrial,"Buffaloes",-,"0","0",Animals,"0","0","0"
97,"Saudi Arabia",SAU,2023,Terrestrial,"Equidae","Donkeys","1748","0",Animals,"",-,"0"
97,"Saudi Arabia",SAU,2023,Terrestrial,"Equidae","Horses","36408","0",Animals,"3490",-,"0"
97,"Saudi Arabia",SAU,2023,Terrestrial,"Equidae","Mules / Hinnies","","0",Animals,"",-,"0"
97,"Saudi Arabia",SAU,2023,Terrestrial,"Equidae",-,"38156","0",Animals,"3490",-,"0"
97,"Saudi Arabia",SAU,2023,Terrestrial,"Camelidae","Camels","2000242","469753",Animals,"29226","700","164412"
97,"Saudi Arabia",SAU,2023,Terrestrial,"Camelidae",-,"2000242","469753",Animals,"29226","700","164412"
97,"Saudi Arabia",SAU,2023,Terrestrial,"Rabbits / hares (mixed group)","Hares","","0",Animals,"0","0","0"
97,"Saudi Arabia",SAU,2023,Terrestrial,"Rabbits / hares (mixed group)","Rabbits","20809","0",Animals,"309","0","0"
97,"Saudi Arabia",SAU,2023,Terrestrial,"Rabbits / hares (mixed group)",-,"20809","0",Animals,"309","0","0"
97,"Saudi Arabia",SAU,2023,Terrestrial,"Cervidae","Calves (<1 year) (Cervidae)","","0",Animals,"0",-,"0"
97,"Saudi Arabia",SAU,2023,Terrestrial,"Cervidae","Cervidae: Musk Deer","","0",Animals,"0",-,"0"
97,"Saudi Arabia",SAU,2023,Terrestrial,"Cervidae","Cervidae: other","397","0",Animals,"0",-,"0"
97,"Saudi Arabia",SAU,2023,Terrestrial,"Cervidae","Cervidae: Red deer + Wapiti + Reindeer","","0",Animals,"0",-,"0"
97,"Saudi Arabia",SAU,2023,Terrestrial,"Cervidae","Cervidae: Sika deer + Rusa deer + Fallow deer","68","0",Animals,"0",-,"0"
97,"Saudi Arabia",SAU,2023,Terrestrial,"Cervidae",-,"465","0",Animals,"0",-,"0"
97,"Saudi Arabia",SAU,2023,Terrestrial,"Dogs",-,"935","",Animals,"",-,-
97,"Saudi Arabia",SAU,2023,Terrestrial,"Cats",-,"5311","",Animals,"",-,-
97,"Saudi Arabia",SAU,2023,Terrestrial,"Bees",-,"","",Hives / Nests,"500000",-,-
158,"Seychelles",SYC,2023,Terrestrial,"Cattle","Adult beef cattle","","83",Animals,"",-,"31,6"
158,"Seychelles",SYC,2023,Terrestrial,"Cattle","Adult dairy cattle","","0",Animals,"",-,"0"
158,"Seychelles",SYC,2023,Terrestrial,"Cattle","Calves (<1 year) (cattle)","","0",Animals,"",-,"0"
158,"Seychelles",SYC,2023,Terrestrial,"Cattle","Males and females, 1-2 years, beef cattle","","0",Animals,"",-,"0"
158,"Seychelles",SYC,2023,Terrestrial,"Cattle","Males and females, 1-2 years, dairy cattle","","0",Animals,"",-,"0"
158,"Seychelles",SYC,2023,Terrestrial,"Cattle",-,"1033","83",Animals,"",-,"31,6"
158,"Seychelles",SYC,2023,Terrestrial,"Swine","Adult (breeding) pigs","","196",Animals,"",-,-
158,"Seychelles",SYC,2023,Terrestrial,"Swine","Backyard pigs","","0",Animals,"",-,-
158,"Seychelles",SYC,2023,Terrestrial,"Swine","Fatteners","","8398",Animals,"",-,-
158,"Seychelles",SYC,2023,Terrestrial,"Swine","Piglets (pre-weaning)","","0",Animals,"",-,-
158,"Seychelles",SYC,2023,Terrestrial,"Swine",-,"11375","8594",Animals,"",-,-
158,"Seychelles",SYC,2023,Terrestrial,"Birds","Broiler chickens","","478193",Animals,"",-,"759,9"
158,"Seychelles",SYC,2023,Terrestrial,"Birds",-,"215082","478193",Animals,"",-,"759,9"
158,"Seychelles",SYC,2023,Terrestrial,"Sheep","Adult (sheep)","18","",Animals,"1",-,-
158,"Seychelles",SYC,2023,Terrestrial,"Sheep","Lambs (<6 months) (sheep)","2","",Animals,"",-,-
158,"Seychelles",SYC,2023,Terrestrial,"Sheep",-,"20","",Animals,"1",-,-
158,"Seychelles",SYC,2023,Terrestrial,"Goats","Adult (goats)","0","41",Animals,"",-,"0,6"
158,"Seychelles",SYC,2023,Terrestrial,"Goats","Kids (<6 months) (goats)","0","0",Animals,"",-,"0"
158,"Seychelles",SYC,2023,Terrestrial,"Goats",-,"1587","41",Animals,"",-,"0,6"
158,"Seychelles",SYC,2023,Terrestrial,"Sheep / goats (mixed herd)",-,"","",Animals,"",-,-
158,"Seychelles",SYC,2023,Terrestrial,"Buffaloes","Adult buffalo","0","0",Animals,"0","0","0"
158,"Seychelles",SYC,2023,Terrestrial,"Buffaloes","Calves (<1 year) (buffaloes)","0","0",Animals,"0","0","0"
158,"Seychelles",SYC,2023,Terrestrial,"Buffaloes",-,"0","0",Animals,"0","0","0"
158,"Seychelles",SYC,2023,Terrestrial,"Equidae","Donkeys","0","",Animals,"0",-,-
158,"Seychelles",SYC,2023,Terrestrial,"Equidae","Horses","11","",Animals,"2",-,-
158,"Seychelles",SYC,2023,Terrestrial,"Equidae","Mules / Hinnies","0","",Animals,"0",-,-
158,"Seychelles",SYC,2023,Terrestrial,"Equidae",-,"11","",Animals,"2",-,-
158,"Seychelles",SYC,2023,Terrestrial,"Camelidae","Alpacas","0","0",Animals,"0","0","0"
158,"Seychelles",SYC,2023,Terrestrial,"Camelidae","Camels","0","0",Animals,"0","0","0"
158,"Seychelles",SYC,2023,Terrestrial,"Camelidae","Llamas","0","0",Animals,"0","0","0"
158,"Seychelles",SYC,2023,Terrestrial,"Camelidae",-,"0","0",Animals,"0","0","0"
158,"Seychelles",SYC,2023,Terrestrial,"Rabbits / hares (mixed group)","Hares","0","0",Animals,"0","0","0"
158,"Seychelles",SYC,2023,Terrestrial,"Rabbits / hares (mixed group)",-,"","",Animals,"",-,-
158,"Seychelles",SYC,2023,Terrestrial,"Cervidae","Calves (<1 year) (Cervidae)","0","0",Animals,"0","0","0"
158,"Seychelles",SYC,2023,Terrestrial,"Cervidae","Cervidae: Musk Deer","0","0",Animals,"0","0","0"
158,"Seychelles",SYC,2023,Terrestrial,"Cervidae","Cervidae: other","0","0",Animals,"0","0","0"
158,"Seychelles",SYC,2023,Terrestrial,"Cervidae","Cervidae: Red deer + Wapiti + Reindeer","0","0",Animals,"0","0","0"
158,"Seychelles",SYC,2023,Terrestrial,"Cervidae","Cervidae: Sika deer + Rusa deer + Fallow deer","0","0",Animals,"0","0","0"
158,"Seychelles",SYC,2023,Terrestrial,"Cervidae",-,"0","0",Animals,"0","0","0"
158,"Seychelles",SYC,2023,Terrestrial,"Dogs",-,"21447","",Animals,"",-,-
158,"Seychelles",SYC,2023,Terrestrial,"Cats",-,"","",Animals,"",-,-
158,"Seychelles",SYC,2023,Terrestrial,"Bees",-,"","",Hives / Nests,"",-,-
73,"Singapore",SGP,2023,Terrestrial,"Cattle","Adult dairy cattle","45","",Animals,"",-,-
73,"Singapore",SGP,2023,Terrestrial,"Cattle","Calves (<1 year) (cattle)","14","",Animals,"",-,-
73,"Singapore",SGP,2023,Terrestrial,"Cattle","Males and females, 1-2 years, dairy cattle","35","",Animals,"",-,-
73,"Singapore",SGP,2023,Terrestrial,"Cattle",-,"94","",Animals,"2",-,-
73,"Singapore",SGP,2023,Terrestrial,"Swine",-,"0","0",Animals,"0","0","0"
73,"Singapore",SGP,2023,Terrestrial,"Birds","Layer chickens","3226190","",Animals,"3",-,-
73,"Singapore",SGP,2023,Terrestrial,"Birds","Other birds","184801","",Animals,"4",-,-
73,"Singapore",SGP,2023,Terrestrial,"Birds",-,"3410991","",Animals,"7",-,-
73,"Singapore",SGP,2023,Terrestrial,"Sheep",-,"0","0",Animals,"0","0","0"
73,"Singapore",SGP,2023,Terrestrial,"Goats","Adult (goats)","341","",Animals,"",-,-
73,"Singapore",SGP,2023,Terrestrial,"Goats","Kids (<6 months) (goats)","558","",Animals,"",-,-
73,"Singapore",SGP,2023,Terrestrial,"Goats",-,"899","",Animals,"3",-,-
73,"Singapore",SGP,2023,Terrestrial,"Sheep / goats (mixed herd)",-,"0","0",Animals,"0","0","0"
73,"Singapore",SGP,2023,Terrestrial,"Buffaloes",-,"0","0",Animals,"0","0","0"
73,"Singapore",SGP,2023,Terrestrial,"Equidae","Horses","1240","",Animals,"12",-,-
73,"Singapore",SGP,2023,Terrestrial,"Equidae",-,"1240","",Animals,"12",-,-
73,"Singapore",SGP,2023,Terrestrial,"Camelidae",-,"0","0",Animals,"0","0","0"
73,"Singapore",SGP,2023,Terrestrial,"Rabbits / hares (mixed group)",-,"0","0",Animals,"0","0","0"
73,"Singapore",SGP,2023,Terrestrial,"Cervidae",-,"0","0",Animals,"0","0","0"
73,"Singapore",SGP,2023,Terrestrial,"Dogs",-,"96900","",Animals,"",-,-
73,"Singapore",SGP,2023,Terrestrial,"Cats",-,"106700","",Animals,"",-,-
73,"Singapore",SGP,2023,Terrestrial,"Bees",-,"0","",Hives / Nests,"0",-,-
48,"Slovakia",SVK,2023,Terrestrial,"Cattle","Adult beef cattle","80523","13133",Animals,"","550",-
48,"Slovakia",SVK,2023,Terrestrial,"Cattle","Adult dairy cattle","239132","15376",Animals,"","535",-
48,"Slovakia",SVK,2023,Terrestrial,"Cattle","Calves (<1 year) (cattle)","117692","2111",Animals,"","100","105"
48,"Slovakia",SVK,2023,Terrestrial,"Cattle",-,"437347","30620",Animals,"12946","507","7778"
48,"Slovakia",SVK,2023,Terrestrial,"Swine","Adult (breeding) pigs","120586","18011",Animals,"","210","28367325"
48,"Slovakia",SVK,2023,Terrestrial,"Swine","Fatteners","322786","499299",Animals,"","110","37447425"
48,"Slovakia",SVK,2023,Terrestrial,"Swine",-,"443372","517310",Animals,"4753",-,"65814750"
48,"Slovakia",SVK,2023,Terrestrial,"Birds","Broiler chickens","5838761","41743994",Animals,"620","2,2",-
48,"Slovakia",SVK,2023,Terrestrial,"Birds","Ducks","15535","9390",Animals,"10","4",-
48,"Slovakia",SVK,2023,Terrestrial,"Birds","Layer chickens","3257352","47769",Animals,"80","2,1",-
48,"Slovakia",SVK,2023,Terrestrial,"Birds","Other birds","65820","",Animals,"37",-,-
48,"Slovakia",SVK,2023,Terrestrial,"Birds","Turkeys","163245","198365",Animals,"32","10,6",-
48,"Slovakia",SVK,2023,Terrestrial,"Birds",-,"9340713","41999518",Animals,"779","4,7",-
48,"Slovakia",SVK,2023,Terrestrial,"Sheep","Adult (sheep)","185267","3135",Animals,"","50","597127"
48,"Slovakia",SVK,2023,Terrestrial,"Sheep","Lambs (<6 months) (sheep)","112175","39904",Animals,"","15","478848"
48,"Slovakia",SVK,2023,Terrestrial,"Sheep",-,"297442","43039",Animals,"8973","32","1075975"
48,"Slovakia",SVK,2023,Terrestrial,"Goats",-,"19752","135",Animals,"5425","50","4050"
48,"Slovakia",SVK,2023,Terrestrial,"Sheep / goats (mixed herd)",-,"","",Animals,"",-,-
48,"Slovakia",SVK,2023,Terrestrial,"Buffaloes","Adult buffalo","0","0",Animals,"0","0","0"
48,"Slovakia",SVK,2023,Terrestrial,"Buffaloes","Calves (<1 year) (buffaloes)","0","0",Animals,"0","0","0"
48,"Slovakia",SVK,2023,Terrestrial,"Buffaloes",-,"0","0",Animals,"0","0","0"
48,"Slovakia",SVK,2023,Terrestrial,"Equidae","Donkeys","0","0",Animals,"0","0","0"
48,"Slovakia",SVK,2023,Terrestrial,"Equidae","Horses","22883","",Animals,"5592",-,-
48,"Slovakia",SVK,2023,Terrestrial,"Equidae","Mules / Hinnies","0","0",Animals,"0","0","0"
48,"Slovakia",SVK,2023,Terrestrial,"Equidae",-,"22883","0",Animals,"5592",-,"0"
48,"Slovakia",SVK,2023,Terrestrial,"Camelidae","Alpacas","0","0",Animals,"0","0","0"
48,"Slovakia",SVK,2023,Terrestrial,"Camelidae","Camels","0","0",Animals,"0","0","0"
48,"Slovakia",SVK,2023,Terrestrial,"Camelidae","Llamas","0","0",Animals,"0","0","0"
48,"Slovakia",SVK,2023,Terrestrial,"Camelidae",-,"0","0",Animals,"0","0","0"
48,"Slovakia",SVK,2023,Terrestrial,"Rabbits / hares (mixed group)","Rabbits","36500","140300",Animals,"33",-,"270,6"
48,"Slovakia",SVK,2023,Terrestrial,"Rabbits / hares (mixed group)",-,"36500","140300",Animals,"33",-,"270,6"
48,"Slovakia",SVK,2023,Terrestrial,"Cervidae",-,"","",Animals,"",-,-
48,"Slovakia",SVK,2023,Terrestrial,"Dogs",-,"1460968","",Animals,"",-,-
48,"Slovakia",SVK,2023,Terrestrial,"Cats",-,"61647","",Animals,"",-,-
48,"Slovakia",SVK,2023,Terrestrial,"Bees",-,"343791","",Hives / Nests,"24033",-,-
50,"Slovenia",SVN,2023,Terrestrial,"Cattle",-,"454028","112151",Animals,"26439",-,-
50,"Slovenia",SVN,2023,Terrestrial,"Swine",-,"216465","212117",Animals,"10233",-,-
50,"Slovenia",SVN,2023,Terrestrial,"Birds",-,"5909351","42268569",Animals,"",-,-
50,"Slovenia",SVN,2023,Terrestrial,"Sheep",-,"97396","100846",Animals,"4236",-,-
50,"Slovenia",SVN,2023,Terrestrial,"Goats",-,"20614","23735",Animals,"2437",-,-
50,"Slovenia",SVN,2023,Terrestrial,"Sheep / goats (mixed herd)",-,"28520","",Animals,"680",-,-
50,"Slovenia",SVN,2023,Terrestrial,"Buffaloes",-,"0","",Animals,"0",-,-
50,"Slovenia",SVN,2023,Terrestrial,"Equidae",-,"28008","793",Animals,"8900",-,-
50,"Slovenia",SVN,2023,Terrestrial,"Camelidae",-,"0","",Animals,"0",-,-
50,"Slovenia",SVN,2023,Terrestrial,"Rabbits / hares (mixed group)",-,"26951","13502",Animals,"2625",-,-
50,"Slovenia",SVN,2023,Terrestrial,"Cervidae",-,"12067","",Animals,"473",-,-
50,"Slovenia",SVN,2023,Terrestrial,"Dogs",-,"251454","",Animals,"",-,-
50,"Slovenia",SVN,2023,Terrestrial,"Cats",-,"","",Animals,"",-,-
50,"Slovenia",SVN,2023,Terrestrial,"Bees",-,"207799","",Hives / Nests,"15519",-,-
318,"Somalia",SOM,2023,Terrestrial,"Cattle",-,"5319533","",Animals,"",-,-
318,"Somalia",SOM,2023,Terrestrial,"Swine",-,"","",Animals,"",-,-
318,"Somalia",SOM,2023,Terrestrial,"Birds",-,"","",Animals,"",-,-
318,"Somalia",SOM,2023,Terrestrial,"Sheep",-,"","",Animals,"",-,-
318,"Somalia",SOM,2023,Terrestrial,"Goats",-,"","",Animals,"",-,-
318,"Somalia",SOM,2023,Terrestrial,"Sheep / goats (mixed herd)",-,"44684131","",Animals,"",-,-
318,"Somalia",SOM,2023,Terrestrial,"Buffaloes",-,"","",Animals,"",-,-
318,"Somalia",SOM,2023,Terrestrial,"Equidae",-,"","",Animals,"",-,-
318,"Somalia",SOM,2023,Terrestrial,"Camelidae",-,"9173988","",Animals,"",-,-
318,"Somalia",SOM,2023,Terrestrial,"Rabbits / hares (mixed group)",-,"","",Animals,"",-,-
318,"Somalia",SOM,2023,Terrestrial,"Cervidae",-,"","",Animals,"",-,-
318,"Somalia",SOM,2023,Terrestrial,"Dogs",-,"","",Animals,"",-,-
318,"Somalia",SOM,2023,Terrestrial,"Cats",-,"","",Animals,"",-,-
318,"Somalia",SOM,2023,Terrestrial,"Bees",-,"","",Hives / Nests,"",-,-
51,"South Africa",ZAF,2023,Terrestrial,"Cattle",-,"12221000","",Animals,"",-,-
51,"South Africa",ZAF,2023,Terrestrial,"Swine",-,"1332000","",Animals,"",-,-
51,"South Africa",ZAF,2023,Terrestrial,"Birds",-,"","",Animals,"",-,-
51,"South Africa",ZAF,2023,Terrestrial,"Sheep",-,"21435000","",Animals,"",-,-
51,"South Africa",ZAF,2023,Terrestrial,"Goats",-,"5121000","",Animals,"",-,-
51,"South Africa",ZAF,2023,Terrestrial,"Sheep / goats (mixed herd)",-,"","",Animals,"",-,-
51,"South Africa",ZAF,2023,Terrestrial,"Buffaloes",-,"","",Animals,"3180",-,-
51,"South Africa",ZAF,2023,Terrestrial,"Equidae",-,"","",Animals,"",-,-
51,"South Africa",ZAF,2023,Terrestrial,"Camelidae",-,"","",Animals,"",-,-
51,"South Africa",ZAF,2023,Terrestrial,"Rabbits / hares (mixed group)",-,"","",Animals,"",-,-
51,"South Africa",ZAF,2023,Terrestrial,"Cervidae",-,"","",Animals,"",-,-
51,"South Africa",ZAF,2023,Terrestrial,"Dogs",-,"","",Animals,"",-,-
51,"South Africa",ZAF,2023,Terrestrial,"Cats",-,"","",Animals,"",-,-
51,"South Africa",ZAF,2023,Terrestrial,"Bees",-,"","",Hives / Nests,"",-,-
263,"South Sudan (Rep. of)",SSD,2023,Terrestrial,"Cattle",-,"11700000","",Animals,"","200",-
263,"South Sudan (Rep. of)",SSD,2023,Terrestrial,"Swine",-,"","",Animals,"",-,-
263,"South Sudan (Rep. of)",SSD,2023,Terrestrial,"Birds",-,"","",Animals,"",-,-
263,"South Sudan (Rep. of)",SSD,2023,Terrestrial,"Sheep",-,"","",Animals,"",-,-
263,"South Sudan (Rep. of)",SSD,2023,Terrestrial,"Goats",-,"","",Animals,"",-,-
263,"South Sudan (Rep. of)",SSD,2023,Terrestrial,"Sheep / goats (mixed herd)",-,"24500000","",Animals,"",-,-
263,"South Sudan (Rep. of)",SSD,2023,Terrestrial,"Buffaloes",-,"","",Animals,"",-,-
263,"South Sudan (Rep. of)",SSD,2023,Terrestrial,"Equidae",-,"","",Animals,"",-,-
263,"South Sudan (Rep. of)",SSD,2023,Terrestrial,"Camelidae",-,"","",Animals,"",-,-
263,"South Sudan (Rep. of)",SSD,2023,Terrestrial,"Rabbits / hares (mixed group)",-,"","",Animals,"",-,-
263,"South Sudan (Rep. of)",SSD,2023,Terrestrial,"Cervidae",-,"","",Animals,"",-,-
263,"South Sudan (Rep. of)",SSD,2023,Terrestrial,"Dogs",-,"","",Animals,"",-,-
263,"South Sudan (Rep. of)",SSD,2023,Terrestrial,"Cats",-,"","",Animals,"",-,-
263,"South Sudan (Rep. of)",SSD,2023,Terrestrial,"Bees",-,"","",Hives / Nests,"",-,-
24,"Spain",ESP,2023,Terrestrial,"Cattle","Adult beef cattle","2201390","",Animals,"75110",-,-
24,"Spain",ESP,2023,Terrestrial,"Cattle","Adult dairy cattle","718710","",Animals,"9829",-,-
24,"Spain",ESP,2023,Terrestrial,"Cattle","Calves (<1 year) (cattle)","2443309","",Animals,"85109",-,-
24,"Spain",ESP,2023,Terrestrial,"Cattle","Males and females, 1-2 years, beef cattle","303759","",Animals,"47102",-,-
24,"Spain",ESP,2023,Terrestrial,"Cattle","Males and females, 1-2 years, dairy cattle","195404","",Animals,"8910",-,-
24,"Spain",ESP,2023,Terrestrial,"Cattle",-,"5862572","",Animals,"226060",-,-
24,"Spain",ESP,2023,Terrestrial,"Swine","Fatteners","20152759","",Animals,"25989",-,-
24,"Spain",ESP,2023,Terrestrial,"Swine","Piglets (pre-weaning)","3266989","",Animals,"6553",-,-
24,"Spain",ESP,2023,Terrestrial,"Swine",-,"23419748","",Animals,"32542",-,-
24,"Spain",ESP,2023,Terrestrial,"Birds","Broiler chickens","220302592","",Animals,"4031",-,-
24,"Spain",ESP,2023,Terrestrial,"Birds","Ducks","481456","",Animals,"118",-,-
24,"Spain",ESP,2023,Terrestrial,"Birds","Layer chickens","46164384","",Animals,"1347",-,-
24,"Spain",ESP,2023,Terrestrial,"Birds","Turkeys","11426163","",Animals,"762",-,-
24,"Spain",ESP,2023,Terrestrial,"Birds",-,"278374595","",Animals,"6258",-,-
24,"Spain",ESP,2023,Terrestrial,"Sheep","Adult (sheep)","11732416","",Animals,"77663",-,-
24,"Spain",ESP,2023,Terrestrial,"Sheep",-,"11732416","",Animals,"77663",-,-
24,"Spain",ESP,2023,Terrestrial,"Goats","Adult (goats)","2037981","",Animals,"35988",-,-
24,"Spain",ESP,2023,Terrestrial,"Goats",-,"2037981","",Animals,"35988",-,-
24,"Spain",ESP,2023,Terrestrial,"Sheep / goats (mixed herd)",-,"","",Animals,"",-,-
24,"Spain",ESP,2023,Terrestrial,"Buffaloes",-,"","",Animals,"",-,-
24,"Spain",ESP,2023,Terrestrial,"Equidae",-,"1028199","",Animals,"142323",-,-
24,"Spain",ESP,2023,Terrestrial,"Camelidae",-,"361","",Animals,"41",-,-
24,"Spain",ESP,2023,Terrestrial,"Rabbits / hares (mixed group)",-,"5008038","",Animals,"1343",-,-
24,"Spain",ESP,2023,Terrestrial,"Cervidae",-,"17493","",Animals,"85",-,-
24,"Spain",ESP,2023,Terrestrial,"Dogs",-,"","",Animals,"",-,-
24,"Spain",ESP,2023,Terrestrial,"Cats",-,"","",Animals,"",-,-
24,"Spain",ESP,2023,Terrestrial,"Bees",-,"3004254","",Hives / Nests,"22138",-,-
226,"Sri Lanka",LKA,2023,Terrestrial,"Cattle",-,"1574918","",Animals,"266847",-,"27280"
226,"Sri Lanka",LKA,2023,Terrestrial,"Swine",-,"170409","",Animals,"5169",-,"9370"
226,"Sri Lanka",LKA,2023,Terrestrial,"Birds","Backyard poultry","3230000","",Animals,"242606",-,-
226,"Sri Lanka",LKA,2023,Terrestrial,"Birds","Broiler chickens","13900000","",Animals,"6659",-,-
226,"Sri Lanka",LKA,2023,Terrestrial,"Birds","Layer chickens","12580000","",Animals,"22084",-,-
226,"Sri Lanka",LKA,2023,Terrestrial,"Birds",-,"","",Animals,"",-,"236110"
226,"Sri Lanka",LKA,2023,Terrestrial,"Sheep",-,"","",Animals,"828",-,-
226,"Sri Lanka",LKA,2023,Terrestrial,"Goats",-,"750987","",Animals,"91409",-,"27500"
226,"Sri Lanka",LKA,2023,Terrestrial,"Sheep / goats (mixed herd)",-,"","",Animals,"",-,-
226,"Sri Lanka",LKA,2023,Terrestrial,"Buffaloes",-,"473489","",Animals,"34586",-,-
226,"Sri Lanka",LKA,2023,Terrestrial,"Equidae",-,"","",Animals,"",-,-
226,"Sri Lanka",LKA,2023,Terrestrial,"Camelidae",-,"","",Animals,"",-,-
226,"Sri Lanka",LKA,2023,Terrestrial,"Rabbits / hares (mixed group)",-,"","",Animals,"",-,-
226,"Sri Lanka",LKA,2023,Terrestrial,"Cervidae",-,"","",Animals,"",-,-
226,"Sri Lanka",LKA,2023,Terrestrial,"Dogs",-,"","",Animals,"",-,-
226,"Sri Lanka",LKA,2023,Terrestrial,"Cats",-,"","",Animals,"",-,-
226,"Sri Lanka",LKA,2023,Terrestrial,"Bees",-,"","",Hives / Nests,"",-,-
58,"Sudan",SDN,2023,Terrestrial,"Cattle",-,"","",Animals,"",-,-
58,"Sudan",SDN,2023,Terrestrial,"Swine",-,"","",Animals,"",-,-
58,"Sudan",SDN,2023,Terrestrial,"Birds",-,"","",Animals,"",-,-
58,"Sudan",SDN,2023,Terrestrial,"Sheep",-,"","",Animals,"",-,-
58,"Sudan",SDN,2023,Terrestrial,"Goats",-,"","",Animals,"",-,-
58,"Sudan",SDN,2023,Terrestrial,"Sheep / goats (mixed herd)",-,"","",Animals,"",-,-
58,"Sudan",SDN,2023,Terrestrial,"Buffaloes",-,"","",Animals,"",-,-
58,"Sudan",SDN,2023,Terrestrial,"Equidae",-,"","",Animals,"",-,-
58,"Sudan",SDN,2023,Terrestrial,"Camelidae",-,"","",Animals,"",-,-
58,"Sudan",SDN,2023,Terrestrial,"Rabbits / hares (mixed group)",-,"","",Animals,"",-,-
58,"Sudan",SDN,2023,Terrestrial,"Cervidae",-,"","",Animals,"",-,-
58,"Sudan",SDN,2023,Terrestrial,"Cats",-,"","",Animals,"",-,-
58,"Sudan",SDN,2023,Terrestrial,"Bees",-,"","",Hives / Nests,"",-,-
76,"Sweden",SWE,2023,Terrestrial,"Cattle","Adult beef cattle","190518","",Animals,"",-,-
76,"Sweden",SWE,2023,Terrestrial,"Cattle","Adult dairy cattle","293904","",Animals,"",-,-
76,"Sweden",SWE,2023,Terrestrial,"Cattle","Calves (<1 year) (cattle)","458545","10970",Animals,"",-,"1760"
76,"Sweden",SWE,2023,Terrestrial,"Cattle",-,"1393844","421420",Animals,"30924",-,"138170"
76,"Sweden",SWE,2023,Terrestrial,"Swine","Adult (breeding) pigs","127639","",Animals,"1433",-,-
76,"Sweden",SWE,2023,Terrestrial,"Swine","Backyard pigs","3537","",Animals,"1427",-,-
76,"Sweden",SWE,2023,Terrestrial,"Swine","Fatteners","921451","2505740",Animals,"1952",-,"233590"
76,"Sweden",SWE,2023,Terrestrial,"Swine",-,"1348021","2571350",Animals,"4843",-,"243440"
76,"Sweden",SWE,2023,Terrestrial,"Birds","Backyard poultry","328478","",Animals,"19352",-,-
76,"Sweden",SWE,2023,Terrestrial,"Birds","Broiler chickens","11866529","109379890",Animals,"165",-,"171700"
76,"Sweden",SWE,2023,Terrestrial,"Birds","Ducks","29351","",Animals,"2168",-,-
76,"Sweden",SWE,2023,Terrestrial,"Birds","Layer chickens","10189100","2987000",Animals,"392",-,"3490"
76,"Sweden",SWE,2023,Terrestrial,"Birds","Turkeys","191009","525830",Animals,"412",-,"4730"
76,"Sweden",SWE,2023,Terrestrial,"Birds",-,"39173742","113296070",Animals,"24029",-,"181020"
76,"Sweden",SWE,2023,Terrestrial,"Sheep","Adult (sheep)","263989","37300",Animals,"",-,"1050"
76,"Sweden",SWE,2023,Terrestrial,"Sheep","Lambs (<6 months) (sheep)","222093","191420",Animals,"",-,"3680"
76,"Sweden",SWE,2023,Terrestrial,"Sheep",-,"486082","228720",Animals,"22014",-,"4730"
76,"Sweden",SWE,2023,Terrestrial,"Goats",-,"22082","",Animals,"5371",-,-
76,"Sweden",SWE,2023,Terrestrial,"Sheep / goats (mixed herd)",-,"","",Animals,"",-,-
76,"Sweden",SWE,2023,Terrestrial,"Buffaloes",-,"213","",Animals,"",-,-
76,"Sweden",SWE,2023,Terrestrial,"Equidae","Donkeys","446","",Animals,"174",-,-
76,"Sweden",SWE,2023,Terrestrial,"Equidae","Horses","206339","1130",Animals,"31459",-,"320"
76,"Sweden",SWE,2023,Terrestrial,"Equidae","Mules / Hinnies","12","",Animals,"8",-,-
76,"Sweden",SWE,2023,Terrestrial,"Equidae",-,"206797","",Animals,"",-,-
76,"Sweden",SWE,2023,Terrestrial,"Camelidae","Alpacas","2958","",Animals,"261",-,-
76,"Sweden",SWE,2023,Terrestrial,"Camelidae","Camels","71","",Animals,"19",-,-
76,"Sweden",SWE,2023,Terrestrial,"Camelidae","Llamas","182","",Animals,"53",-,-
76,"Sweden",SWE,2023,Terrestrial,"Camelidae",-,"3211","",Animals,"",-,-
76,"Sweden",SWE,2023,Terrestrial,"Rabbits / hares (mixed group)","Rabbits","14914","",Animals,"924",-,-
76,"Sweden",SWE,2023,Terrestrial,"Rabbits / hares (mixed group)",-,"","",Animals,"",-,-
76,"Sweden",SWE,2023,Terrestrial,"Cervidae","Cervidae: other","80","",Animals,"2",-,-
76,"Sweden",SWE,2023,Terrestrial,"Cervidae","Cervidae: Red deer + Wapiti + Reindeer","61143","",Animals,"89",-,-
76,"Sweden",SWE,2023,Terrestrial,"Cervidae","Cervidae: Sika deer + Rusa deer + Fallow deer","16345","",Animals,"152",-,-
76,"Sweden",SWE,2023,Terrestrial,"Cervidae",-,"77568","",Animals,"",-,-
76,"Sweden",SWE,2023,Terrestrial,"Dogs",-,"1126000","",Animals,"",-,-
76,"Sweden",SWE,2023,Terrestrial,"Cats",-,"423000","",Animals,"",-,-
76,"Sweden",SWE,2023,Terrestrial,"Bees",-,"","",Hives / Nests,"",-,-
22,"Switzerland",CHE,2023,Terrestrial,"Cattle",-,"1528595","601391",Animals,"31993",-,-
22,"Switzerland",CHE,2023,Terrestrial,"Swine",-,"1324415","2455283",Animals,"5063",-,-
22,"Switzerland",CHE,2023,Terrestrial,"Birds","Broiler chickens","9028757","",Animals,"1685",-,"109031"
22,"Switzerland",CHE,2023,Terrestrial,"Birds","Ducks","15897","",Animals,"2332",-,-
22,"Switzerland",CHE,2023,Terrestrial,"Birds","Layer chickens","5154711","",Animals,"29704",-,-
22,"Switzerland",CHE,2023,Terrestrial,"Birds","Other birds","40342","",Animals,"3115",-,-
22,"Switzerland",CHE,2023,Terrestrial,"Birds","Turkeys","85314","",Animals,"417",-,"2109"
22,"Switzerland",CHE,2023,Terrestrial,"Birds",-,"14325021","",Animals,"37253",-,"111140"
22,"Switzerland",CHE,2023,Terrestrial,"Sheep",-,"362375","238833",Animals,"7984",-,-
22,"Switzerland",CHE,2023,Terrestrial,"Goats",-,"81256","43827",Animals,"6551",-,-
22,"Switzerland",CHE,2023,Terrestrial,"Sheep / goats (mixed herd)",-,"","",Animals,"",-,-
22,"Switzerland",CHE,2023,Terrestrial,"Buffaloes",-,"404","",Animals,"17",-,-
22,"Switzerland",CHE,2023,Terrestrial,"Equidae",-,"111748","1129",Animals,"19446",-,-
22,"Switzerland",CHE,2023,Terrestrial,"Camelidae",-,"9840","",Animals,"1363",-,-
22,"Switzerland",CHE,2023,Terrestrial,"Rabbits / hares (mixed group)","Rabbits","56382","",Animals,"3696",-,-
22,"Switzerland",CHE,2023,Terrestrial,"Rabbits / hares (mixed group)",-,"56382","",Animals,"3696",-,-
22,"Switzerland",CHE,2023,Terrestrial,"Cervidae",-,"14952","",Animals,"484",-,-
22,"Switzerland",CHE,2023,Terrestrial,"Dogs",-,"553394","",Animals,"",-,-
22,"Switzerland",CHE,2023,Terrestrial,"Cats",-,"745001","",Animals,"",-,-
22,"Switzerland",CHE,2023,Terrestrial,"Bees",-,"182300","",Hives / Nests,"16433",-,-
106,"Tanzania",TZA,2023,Terrestrial,"Cattle",-,"36600000","4541531",Animals,"1971550","260","544983,8"
106,"Tanzania",TZA,2023,Terrestrial,"Swine",-,"3670229","849698",Animals,"536986","80","47583,1"
106,"Tanzania",TZA,2023,Terrestrial,"Birds",-,"97940332","48457800",Animals,"4338883","2","96915,6"
106,"Tanzania",TZA,2023,Terrestrial,"Sheep",-,"9087935","",Animals,"677273","30",-
106,"Tanzania",TZA,2023,Terrestrial,"Goats",-,"26580497","",Animals,"1815219","30",-
106,"Tanzania",TZA,2023,Terrestrial,"Sheep / goats (mixed herd)",-,"35668432","5988516",Animals,"2492551","30","113781,8"
106,"Tanzania",TZA,2023,Terrestrial,"Buffaloes",-,"","",Animals,"",-,-
106,"Tanzania",TZA,2023,Terrestrial,"Equidae","Donkeys","636997","",Animals,"",-,-
106,"Tanzania",TZA,2023,Terrestrial,"Equidae","Horses","183","",Animals,"",-,-
106,"Tanzania",TZA,2023,Terrestrial,"Equidae",-,"637180","",Animals,"",-,-
106,"Tanzania",TZA,2023,Terrestrial,"Camelidae",-,"","",Animals,"",-,-
106,"Tanzania",TZA,2023,Terrestrial,"Rabbits / hares (mixed group)",-,"932998","",Animals,"",-,-
106,"Tanzania",TZA,2023,Terrestrial,"Cervidae",-,"","",Animals,"",-,-
106,"Tanzania",TZA,2023,Terrestrial,"Dogs",-,"2776918","",Animals,"",-,-
106,"Tanzania",TZA,2023,Terrestrial,"Cats",-,"","",Animals,"",-,-
106,"Tanzania",TZA,2023,Terrestrial,"Bees",-,"","",Hives / Nests,"",-,-
30,"Thailand",THA,2023,Terrestrial,"Cattle","Adult beef cattle","9904037","1260787",Animals,"1434535","400","242071,1"
30,"Thailand",THA,2023,Terrestrial,"Cattle","Adult dairy cattle","569015","104695",Animals,"15735","450","22614,1"
30,"Thailand",THA,2023,Terrestrial,"Cattle","Calves (<1 year) (cattle)","116173","",Animals,"",-,-
30,"Thailand",THA,2023,Terrestrial,"Cattle","Males and females, 1-2 years, dairy cattle","120932","",Animals,"",-,-
30,"Thailand",THA,2023,Terrestrial,"Cattle",-,"10710157","1365482",Animals,"1450270","425","264685,2"
30,"Thailand",THA,2023,Terrestrial,"Swine","Adult (breeding) pigs","1228462","217408",Animals,"","120","19566,7"
30,"Thailand",THA,2023,Terrestrial,"Swine","Backyard pigs","367220","",Animals,"47442",-,-
30,"Thailand",THA,2023,Terrestrial,"Swine","Fatteners","8193585","20335321",Animals,"","100","1525149"
30,"Thailand",THA,2023,Terrestrial,"Swine","Piglets (pre-weaning)","2185394","",Animals,"",-,-
30,"Thailand",THA,2023,Terrestrial,"Swine",-,"11974661","20552729",Animals,"150343","110","1544716"
30,"Thailand",THA,2023,Terrestrial,"Birds","Backyard poultry","112842642","364802260",Animals,"2751434","1,5","273601,7"
30,"Thailand",THA,2023,Terrestrial,"Birds","Broiler chickens","326128336","1974161207",Animals,"26006","25","3257366"
30,"Thailand",THA,2023,Terrestrial,"Birds","Ducks","32955543","33935520",Animals,"400106","3,2","68414"
30,"Thailand",THA,2023,Terrestrial,"Birds","Layer chickens","70563180","30096114",Animals,"127477","2","39726,9"
30,"Thailand",THA,2023,Terrestrial,"Birds","Turkeys","130833","",Animals,"7876","4,5",-
30,"Thailand",THA,2023,Terrestrial,"Birds",-,"551479573","",Animals,"3312899","2,7",-
30,"Thailand",THA,2023,Terrestrial,"Sheep","Adult (sheep)","111135","",Animals,"8658","30",-
30,"Thailand",THA,2023,Terrestrial,"Sheep","Lambs (<6 months) (sheep)","33311","",Animals,"",-,-
30,"Thailand",THA,2023,Terrestrial,"Sheep",-,"144446","",Animals,"8658","30",-
30,"Thailand",THA,2023,Terrestrial,"Goats","Adult (goats)","887095","1019280",Animals,"88417","30","14677,6"
30,"Thailand",THA,2023,Terrestrial,"Goats","Kids (<6 months) (goats)","603892","",Animals,"",-,-
30,"Thailand",THA,2023,Terrestrial,"Goats",-,"1490987","1019280",Animals,"88417","30","14677,6"
30,"Thailand",THA,2023,Terrestrial,"Sheep / goats (mixed herd)",-,"","",Animals,"",-,-
30,"Thailand",THA,2023,Terrestrial,"Buffaloes","Adult buffalo","","334382",Animals,"","450","72226,5"
30,"Thailand",THA,2023,Terrestrial,"Buffaloes",-,"1815901","334382",Animals,"310290","450","72226,5"
30,"Thailand",THA,2023,Terrestrial,"Equidae","Donkeys","82","",Animals,"54",-,-
30,"Thailand",THA,2023,Terrestrial,"Equidae","Horses","17290","",Animals,"2545",-,-
30,"Thailand",THA,2023,Terrestrial,"Equidae","Mules / Hinnies","565","",Animals,"13",-,-
30,"Thailand",THA,2023,Terrestrial,"Equidae",-,"17937","",Animals,"2612",-,-
30,"Thailand",THA,2023,Terrestrial,"Camelidae","Camels","18","",Animals,"5",-,-
30,"Thailand",THA,2023,Terrestrial,"Camelidae",-,"","",Animals,"",-,-
30,"Thailand",THA,2023,Terrestrial,"Rabbits / hares (mixed group)","Rabbits","28033","",Animals,"1601",-,-
30,"Thailand",THA,2023,Terrestrial,"Rabbits / hares (mixed group)",-,"","",Animals,"",-,-
30,"Thailand",THA,2023,Terrestrial,"Cervidae","Cervidae: Sika deer + Rusa deer + Fallow deer","6635","",Animals,"359",-,-
30,"Thailand",THA,2023,Terrestrial,"Cervidae",-,"","",Animals,"",-,-
30,"Thailand",THA,2023,Terrestrial,"Dogs",-,"7539677","",Animals,"",-,-
30,"Thailand",THA,2023,Terrestrial,"Cats",-,"3968237","",Animals,"",-,-
30,"Thailand",THA,2023,Terrestrial,"Bees",-,"87776","",Hives / Nests,"1078",-,-
335,"Tunisia",TUN,2023,Terrestrial,"Cattle","Adult dairy cattle","379000","",Animals,"",-,-
335,"Tunisia",TUN,2023,Terrestrial,"Cattle",-,"519718","81513",Animals,"","244,3","19917,8"
335,"Tunisia",TUN,2023,Terrestrial,"Swine",-,"100","",Animals,"1",-,-
335,"Tunisia",TUN,2023,Terrestrial,"Birds","Backyard poultry","357000","",Animals,"",-,-
335,"Tunisia",TUN,2023,Terrestrial,"Birds","Broiler chickens","97005000","",Animals,"",-,-
335,"Tunisia",TUN,2023,Terrestrial,"Birds","Layer chickens","74000","",Animals,"",-,-
335,"Tunisia",TUN,2023,Terrestrial,"Birds","Other birds","757000","",Animals,"",-,-
335,"Tunisia",TUN,2023,Terrestrial,"Birds","Turkeys","10132000","",Animals,"",-,-
335,"Tunisia",TUN,2023,Terrestrial,"Birds",-,"108325000","",Animals,"",-,-
335,"Tunisia",TUN,2023,Terrestrial,"Sheep","Adult (sheep)","4575000","",Animals,"",-,-
335,"Tunisia",TUN,2023,Terrestrial,"Sheep",-,"6814165","576494",Animals,"",-,"8420"
335,"Tunisia",TUN,2023,Terrestrial,"Goats","Adult (goats)","937000","",Animals,"",-,-
335,"Tunisia",TUN,2023,Terrestrial,"Goats",-,"1386385","271072",Animals,"",-,"3077,5"
335,"Tunisia",TUN,2023,Terrestrial,"Sheep / goats (mixed herd)",-,"","",Animals,"",-,-
335,"Tunisia",TUN,2023,Terrestrial,"Buffaloes",-,"64","",Animals,"3",-,-
335,"Tunisia",TUN,2023,Terrestrial,"Equidae",-,"109000","10668",Animals,"",-,"615,9"
335,"Tunisia",TUN,2023,Terrestrial,"Camelidae",-,"30668","4074",Animals,"",-,"511,3"
335,"Tunisia",TUN,2023,Terrestrial,"Rabbits / hares (mixed group)",-,"34000","",Animals,"",-,-
335,"Tunisia",TUN,2023,Terrestrial,"Cervidae",-,"259","",Animals,"",-,-
335,"Tunisia",TUN,2023,Terrestrial,"Dogs",-,"523946","",Animals,"",-,-
335,"Tunisia",TUN,2023,Terrestrial,"Cats",-,"","",Animals,"",-,-
335,"Tunisia",TUN,2023,Terrestrial,"Bees",-,"305000","",Hives / Nests,"",-,-
9,"Türkiye (Rep. of)",TUR,2023,Terrestrial,"Cattle","Adult beef cattle","728468","",Animals,"",-,-
9,"Türkiye (Rep. of)",TUR,2023,Terrestrial,"Cattle","Adult dairy cattle","7326040","",Animals,"",-,-
9,"Türkiye (Rep. of)",TUR,2023,Terrestrial,"Cattle","Calves (<1 year) (cattle)","3989990","",Animals,"",-,-
9,"Türkiye (Rep. of)",TUR,2023,Terrestrial,"Cattle","Males and females, 1-2 years, beef cattle","2103075","",Animals,"",-,-
9,"Türkiye (Rep. of)",TUR,2023,Terrestrial,"Cattle","Males and females, 1-2 years, dairy cattle","2260648","",Animals,"",-,-
9,"Türkiye (Rep. of)",TUR,2023,Terrestrial,"Cattle",-,"16408221","5811698",Animals,"1108475",-,"3341212"
9,"Türkiye (Rep. of)",TUR,2023,Terrestrial,"Swine","Adult (breeding) pigs","355","",Animals,"",-,-
9,"Türkiye (Rep. of)",TUR,2023,Terrestrial,"Swine","Piglets (pre-weaning)","1318","",Animals,"",-,-
9,"Türkiye (Rep. of)",TUR,2023,Terrestrial,"Swine",-,"1673","542",Animals,"3",-,"56"
9,"Türkiye (Rep. of)",TUR,2023,Terrestrial,"Birds","Broiler chickens","254147577","1270253000",Animals,"",-,"4657582"
9,"Türkiye (Rep. of)",TUR,2023,Terrestrial,"Birds","Layer chickens","114476843","",Animals,"",-,-
9,"Türkiye (Rep. of)",TUR,2023,Terrestrial,"Birds","Turkeys","","4681000",Animals,"",-,"95150"
9,"Türkiye (Rep. of)",TUR,2023,Terrestrial,"Birds",-,"368624420","1274934000",Animals,"11564",-,"4752732"
9,"Türkiye (Rep. of)",TUR,2023,Terrestrial,"Sheep","Adult (sheep)","38911478","",Animals,"",-,-
9,"Türkiye (Rep. of)",TUR,2023,Terrestrial,"Sheep","Lambs (<6 months) (sheep)","3148992","",Animals,"",-,-
9,"Türkiye (Rep. of)",TUR,2023,Terrestrial,"Sheep",-,"42060470","25437813",Animals,"",-,"1138132"
9,"Türkiye (Rep. of)",TUR,2023,Terrestrial,"Goats","Adult (goats)","9775189","",Animals,"",-,-
9,"Türkiye (Rep. of)",TUR,2023,Terrestrial,"Goats","Kids (<6 months) (goats)","527751","",Animals,"",-,-
9,"Türkiye (Rep. of)",TUR,2023,Terrestrial,"Goats",-,"10302940","6753478",Animals,"",-,"257978"
9,"Türkiye (Rep. of)",TUR,2023,Terrestrial,"Sheep / goats (mixed herd)",-,"","",Animals,"351538",-,-
9,"Türkiye (Rep. of)",TUR,2023,Terrestrial,"Buffaloes","Adult buffalo","129510","",Animals,"",-,-
9,"Türkiye (Rep. of)",TUR,2023,Terrestrial,"Buffaloes","Calves (<1 year) (buffaloes)","31864","",Animals,"",-,-
9,"Türkiye (Rep. of)",TUR,2023,Terrestrial,"Buffaloes",-,"161374","69597",Animals,"",-,"30772"
9,"Türkiye (Rep. of)",TUR,2023,Terrestrial,"Equidae","Donkeys","74704","",Animals,"",-,-
9,"Türkiye (Rep. of)",TUR,2023,Terrestrial,"Equidae","Horses","66431","",Animals,"",-,-
9,"Türkiye (Rep. of)",TUR,2023,Terrestrial,"Equidae","Mules / Hinnies","16313","",Animals,"",-,-
9,"Türkiye (Rep. of)",TUR,2023,Terrestrial,"Equidae",-,"157448","",Animals,"19885",-,-
9,"Türkiye (Rep. of)",TUR,2023,Terrestrial,"Camelidae","Camels","1197","",Animals,"",-,-
9,"Türkiye (Rep. of)",TUR,2023,Terrestrial,"Camelidae",-,"1197","",Animals,"",-,-
9,"Türkiye (Rep. of)",TUR,2023,Terrestrial,"Rabbits / hares (mixed group)",-,"","",Animals,"",-,-
9,"Türkiye (Rep. of)",TUR,2023,Terrestrial,"Cervidae",-,"","",Animals,"",-,-
9,"Türkiye (Rep. of)",TUR,2023,Terrestrial,"Dogs",-,"","",Animals,"",-,-
9,"Türkiye (Rep. of)",TUR,2023,Terrestrial,"Cats",-,"","",Animals,"",-,-
9,"Türkiye (Rep. of)",TUR,2023,Terrestrial,"Bees",-,"9224881","",Hives / Nests,"100399",-,-
16,"Uganda",UGA,2023,Terrestrial,"Cattle","Adult beef cattle","330000","",Animals,"",-,-
16,"Uganda",UGA,2023,Terrestrial,"Cattle","Adult dairy cattle","2970000","",Animals,"",-,-
16,"Uganda",UGA,2023,Terrestrial,"Cattle",-,"14500000","",Animals,"",-,-
16,"Uganda",UGA,2023,Terrestrial,"Swine",-,"7100000","",Animals,"",-,-
16,"Uganda",UGA,2023,Terrestrial,"Birds","Backyard poultry","44977903","",Animals,"",-,-
16,"Uganda",UGA,2023,Terrestrial,"Birds","Broiler chickens","5061958","",Animals,"",-,-
16,"Uganda",UGA,2023,Terrestrial,"Birds","Ducks","3300000","",Animals,"",-,-
16,"Uganda",UGA,2023,Terrestrial,"Birds","Layer chickens","6400000","",Animals,"",-,-
16,"Uganda",UGA,2023,Terrestrial,"Birds","Other birds","1049000","",Animals,"",-,-
16,"Uganda",UGA,2023,Terrestrial,"Birds","Turkeys","737000","",Animals,"",-,-
16,"Uganda",UGA,2023,Terrestrial,"Birds",-,"62900000","",Animals,"",-,-
16,"Uganda",UGA,2023,Terrestrial,"Sheep","Adult (sheep)","3363691","",Animals,"",-,-
16,"Uganda",UGA,2023,Terrestrial,"Sheep","Lambs (<6 months) (sheep)","1036309","",Animals,"",-,-
16,"Uganda",UGA,2023,Terrestrial,"Sheep",-,"4400000","",Animals,"",-,-
16,"Uganda",UGA,2023,Terrestrial,"Goats","Adult (goats)","12878788","",Animals,"",-,-
16,"Uganda",UGA,2023,Terrestrial,"Goats","Kids (<6 months) (goats)","4521212","",Animals,"",-,-
16,"Uganda",UGA,2023,Terrestrial,"Goats",-,"17400000","",Animals,"",-,-
16,"Uganda",UGA,2023,Terrestrial,"Sheep / goats (mixed herd)",-,"","",Animals,"",-,-
16,"Uganda",UGA,2023,Terrestrial,"Buffaloes",-,"","",Animals,"",-,-
16,"Uganda",UGA,2023,Terrestrial,"Equidae","Donkeys","630000","",Animals,"",-,-
16,"Uganda",UGA,2023,Terrestrial,"Equidae",-,"630000","",Animals,"",-,-
16,"Uganda",UGA,2023,Terrestrial,"Camelidae","Camels","12000","",Animals,"",-,-
16,"Uganda",UGA,2023,Terrestrial,"Camelidae",-,"12000","",Animals,"",-,-
16,"Uganda",UGA,2023,Terrestrial,"Rabbits / hares (mixed group)",-,"","",Animals,"",-,-
16,"Uganda",UGA,2023,Terrestrial,"Cervidae",-,"","",Animals,"",-,-
16,"Uganda",UGA,2023,Terrestrial,"Dogs",-,"2100000","",Animals,"",-,-
16,"Uganda",UGA,2023,Terrestrial,"Cats",-,"734400","",Animals,"",-,-
16,"Uganda",UGA,2023,Terrestrial,"Bees",-,"2553894","",Hives / Nests,"",-,-
440,"Ukraine",UKR,2023,Terrestrial,"Cattle",-,"1687490","",Animals,"",-,-
440,"Ukraine",UKR,2023,Terrestrial,"Swine",-,"5128358","",Animals,"",-,-
440,"Ukraine",UKR,2023,Terrestrial,"Birds",-,"228253948","",Animals,"",-,-
440,"Ukraine",UKR,2023,Terrestrial,"Sheep",-,"","",Animals,"",-,-
440,"Ukraine",UKR,2023,Terrestrial,"Goats",-,"","",Animals,"",-,-
440,"Ukraine",UKR,2023,Terrestrial,"Sheep / goats (mixed herd)",-,"577635","",Animals,"",-,-
440,"Ukraine",UKR,2023,Terrestrial,"Buffaloes",-,"","",Animals,"",-,-
440,"Ukraine",UKR,2023,Terrestrial,"Equidae",-,"97527","",Animals,"",-,-
440,"Ukraine",UKR,2023,Terrestrial,"Camelidae",-,"","",Animals,"",-,-
440,"Ukraine",UKR,2023,Terrestrial,"Rabbits / hares (mixed group)",-,"5500","",Animals,"",-,-
440,"Ukraine",UKR,2023,Terrestrial,"Cervidae",-,"","",Animals,"",-,-
440,"Ukraine",UKR,2023,Terrestrial,"Dogs",-,"2495500","",Animals,"",-,-
440,"Ukraine",UKR,2023,Terrestrial,"Cats",-,"1768800","",Animals,"",-,-
440,"Ukraine",UKR,2023,Terrestrial,"Bees",-,"1719409","",Hives / Nests,"",-,-
18,"United Arab Emirates",ARE,2023,Terrestrial,"Cattle",-,"112370","",Animals,"19",-,-
18,"United Arab Emirates",ARE,2023,Terrestrial,"Swine",-,"","",Animals,"",-,-
18,"United Arab Emirates",ARE,2023,Terrestrial,"Birds",-,"49257221","",Animals,"42",-,-
18,"United Arab Emirates",ARE,2023,Terrestrial,"Sheep",-,"2064405","",Animals,"",-,-
18,"United Arab Emirates",ARE,2023,Terrestrial,"Goats",-,"2294115","",Animals,"",-,-
18,"United Arab Emirates",ARE,2023,Terrestrial,"Sheep / goats (mixed herd)",-,"","",Animals,"",-,-
18,"United Arab Emirates",ARE,2023,Terrestrial,"Buffaloes",-,"0","0",Animals,"0","0","0"
18,"United Arab Emirates",ARE,2023,Terrestrial,"Equidae",-,"24960","0",Animals,"524",-,"0"
18,"United Arab Emirates",ARE,2023,Terrestrial,"Camelidae",-,"549458","",Animals,"",-,-
18,"United Arab Emirates",ARE,2023,Terrestrial,"Rabbits / hares (mixed group)",-,"","",Animals,"",-,-
18,"United Arab Emirates",ARE,2023,Terrestrial,"Cervidae",-,"","",Animals,"",-,-
18,"United Arab Emirates",ARE,2023,Terrestrial,"Dogs",-,"","",Animals,"",-,-
18,"United Arab Emirates",ARE,2023,Terrestrial,"Cats",-,"","",Animals,"",-,-
18,"United Arab Emirates",ARE,2023,Terrestrial,"Bees",-,"","",Hives / Nests,"",-,-
65,"United Kingdom",GBR,2023,Terrestrial,"Cattle","Adult beef cattle","1452695","",Animals,"",-,-
65,"United Kingdom",GBR,2023,Terrestrial,"Cattle","Adult dairy cattle","1695931","",Animals,"",-,-
65,"United Kingdom",GBR,2023,Terrestrial,"Cattle","Calves (<1 year) (cattle)","2394889","",Animals,"",-,-
65,"United Kingdom",GBR,2023,Terrestrial,"Cattle",-,"7882081","",Animals,"58263",-,-
65,"United Kingdom",GBR,2023,Terrestrial,"Swine","Adult (breeding) pigs","371575","",Animals,"",-,-
65,"United Kingdom",GBR,2023,Terrestrial,"Swine","Fatteners","3146223","",Animals,"",-,-
65,"United Kingdom",GBR,2023,Terrestrial,"Swine","Piglets (pre-weaning)","423182","",Animals,"",-,-
65,"United Kingdom",GBR,2023,Terrestrial,"Swine",-,"4000980","",Animals,"9819",-,-
65,"United Kingdom",GBR,2023,Terrestrial,"Birds","Broiler chickens","100820902","",Animals,"",-,-
65,"United Kingdom",GBR,2023,Terrestrial,"Birds","Layer chickens","33472867","",Animals,"",-,-
65,"United Kingdom",GBR,2023,Terrestrial,"Birds","Other birds","15780519","",Animals,"",-,-
65,"United Kingdom",GBR,2023,Terrestrial,"Birds","Turkeys","2482552","",Animals,"",-,-
65,"United Kingdom",GBR,2023,Terrestrial,"Birds",-,"152556840","",Animals,"26598",-,-
65,"United Kingdom",GBR,2023,Terrestrial,"Sheep","Adult (sheep)","15325583","",Animals,"",-,-
65,"United Kingdom",GBR,2023,Terrestrial,"Sheep","Lambs (<6 months) (sheep)","14430119","",Animals,"",-,-
65,"United Kingdom",GBR,2023,Terrestrial,"Sheep",-,"29755702","",Animals,"67791",-,-
65,"United Kingdom",GBR,2023,Terrestrial,"Goats",-,"109534","",Animals,"2743",-,-
65,"United Kingdom",GBR,2023,Terrestrial,"Sheep / goats (mixed herd)",-,"","",Animals,"",-,-
65,"United Kingdom",GBR,2023,Terrestrial,"Buffaloes",-,"","",Animals,"",-,-
65,"United Kingdom",GBR,2023,Terrestrial,"Equidae",-,"","",Animals,"",-,-
65,"United Kingdom",GBR,2023,Terrestrial,"Camelidae",-,"","",Animals,"",-,-
65,"United Kingdom",GBR,2023,Terrestrial,"Rabbits / hares (mixed group)",-,"","",Animals,"",-,-
65,"United Kingdom",GBR,2023,Terrestrial,"Cervidae",-,"37313","",Animals,"359",-,-
65,"United Kingdom",GBR,2023,Terrestrial,"Dogs",-,"","",Animals,"",-,-
65,"United Kingdom",GBR,2023,Terrestrial,"Cats",-,"","",Animals,"",-,-
65,"United Kingdom",GBR,2023,Terrestrial,"Bees",-,"","",Hives / Nests,"",-,-
11,"United States of America",USA,2023,Terrestrial,"Cattle",-,"87157400","",Animals,"732123",-,-
11,"United States of America",USA,2023,Terrestrial,"Swine",-,"74136000","",Animals,"60809",-,-
11,"United States of America",USA,2023,Terrestrial,"Birds","Broiler chickens","1737674957","",Animals,"42991",-,-
11,"United States of America",USA,2023,Terrestrial,"Birds","Layer chickens","388509039","",Animals,"240530",-,-
11,"United States of America",USA,2023,Terrestrial,"Birds","Turkeys","97312583","",Animals,"23431",-,-
11,"United States of America",USA,2023,Terrestrial,"Birds",-,"2223496579","",Animals,"306952",-,-
11,"United States of America",USA,2023,Terrestrial,"Sheep",-,"5030000","",Animals,"88853",-,-
11,"United States of America",USA,2023,Terrestrial,"Goats",-,"2470000","",Animals,"118703",-,-
11,"United States of America",USA,2023,Terrestrial,"Sheep / goats (mixed herd)",-,"","",Animals,"",-,-
11,"United States of America",USA,2023,Terrestrial,"Buffaloes",-,"","",Animals,"",-,-
11,"United States of America",USA,2023,Terrestrial,"Equidae",-,"2669057","",Animals,"471536",-,-
11,"United States of America",USA,2023,Terrestrial,"Camelidae",-,"129243","",Animals,"14872",-,-
11,"United States of America",USA,2023,Terrestrial,"Rabbits / hares (mixed group)",-,"199126","",Animals,"6400",-,-
11,"United States of America",USA,2023,Terrestrial,"Cervidae",-,"323275","",Animals,"4145",-,-
11,"United States of America",USA,2023,Terrestrial,"Dogs",-,"88853254","",Animals,"",-,-
11,"United States of America",USA,2023,Terrestrial,"Cats",-,"61910686","",Animals,"",-,-
11,"United States of America",USA,2023,Terrestrial,"Bees",-,"3800015","",Hives / Nests,"73496",-,-
10,"Uruguay",URY,2023,Terrestrial,"Cattle","Adult beef cattle","2126083","",Animals,"",-,-
10,"Uruguay",URY,2023,Terrestrial,"Cattle","Adult dairy cattle","386413","",Animals,"",-,-
10,"Uruguay",URY,2023,Terrestrial,"Cattle","Calves (<1 year) (cattle)","3073608","",Animals,"",-,-
10,"Uruguay",URY,2023,Terrestrial,"Cattle","Males and females, 1-2 years, beef cattle","2441567","",Animals,"",-,-
10,"Uruguay",URY,2023,Terrestrial,"Cattle","Males and females, 1-2 years, dairy cattle","118336","",Animals,"",-,-
10,"Uruguay",URY,2023,Terrestrial,"Cattle",-,"12517732","2305757",Animals,"44217",-,"1131635"
10,"Uruguay",URY,2023,Terrestrial,"Swine","Fatteners","48224","",Animals,"",-,-
10,"Uruguay",URY,2023,Terrestrial,"Swine","Piglets (pre-weaning)","38638","",Animals,"",-,-
10,"Uruguay",URY,2023,Terrestrial,"Swine",-,"112540","136149",Animals,"3140",-,"12344"
10,"Uruguay",URY,2023,Terrestrial,"Birds","Broiler chickens","33200264","31648172",Animals,"275",-,-
10,"Uruguay",URY,2023,Terrestrial,"Birds","Layer chickens","2132753","1549536",Animals,"153",-,-
10,"Uruguay",URY,2023,Terrestrial,"Birds",-,"35333017","33197708",Animals,"428",-,"100607"
10,"Uruguay",URY,2023,Terrestrial,"Sheep","Adult (sheep)","5645229","",Animals,"",-,-
10,"Uruguay",URY,2023,Terrestrial,"Sheep","Lambs (<6 months) (sheep)","277145","",Animals,"",-,-
10,"Uruguay",URY,2023,Terrestrial,"Sheep",-,"5922374","1405901",Animals,"21655",-,"57319"
10,"Uruguay",URY,2023,Terrestrial,"Goats","Adult (goats)","7889","",Animals,"",-,-
10,"Uruguay",URY,2023,Terrestrial,"Goats","Kids (<6 months) (goats)","1952","",Animals,"",-,-
10,"Uruguay",URY,2023,Terrestrial,"Goats",-,"9841","",Animals,"447",-,-
10,"Uruguay",URY,2023,Terrestrial,"Sheep / goats (mixed herd)",-,"0","0",Animals,"0","0","0"
10,"Uruguay",URY,2023,Terrestrial,"Buffaloes",-,"","0",Animals,"0",-,"0"
10,"Uruguay",URY,2023,Terrestrial,"Equidae","Horses","405098","",Animals,"",-,-
10,"Uruguay",URY,2023,Terrestrial,"Equidae",-,"405098","57067",Animals,"30011",-,"21666"
10,"Uruguay",URY,2023,Terrestrial,"Camelidae",-,"","",Animals,"",-,-
10,"Uruguay",URY,2023,Terrestrial,"Rabbits / hares (mixed group)",-,"","",Animals,"",-,-
10,"Uruguay",URY,2023,Terrestrial,"Cervidae",-,"","",Animals,"",-,-
10,"Uruguay",URY,2023,Terrestrial,"Dogs",-,"","",Animals,"",-,-
10,"Uruguay",URY,2023,Terrestrial,"Cats",-,"","",Animals,"",-,-
10,"Uruguay",URY,2023,Terrestrial,"Bees",-,"639304","",Hives / Nests,"2762",-,-
178,"Venezuela",VEN,2023,Terrestrial,"Cattle",-,"15134590","",Animals,"64116",-,-
178,"Venezuela",VEN,2023,Terrestrial,"Swine",-,"4087273","",Animals,"27718",-,-
178,"Venezuela",VEN,2023,Terrestrial,"Birds","Broiler chickens","178924404","",Animals,"",-,-
178,"Venezuela",VEN,2023,Terrestrial,"Birds","Layer chickens","10889924","",Animals,"",-,-
178,"Venezuela",VEN,2023,Terrestrial,"Birds",-,"189814328","",Animals,"12654",-,-
178,"Venezuela",VEN,2023,Terrestrial,"Sheep",-,"2584753","",Animals,"",-,-
178,"Venezuela",VEN,2023,Terrestrial,"Goats",-,"5448446","",Animals,"",-,-
178,"Venezuela",VEN,2023,Terrestrial,"Sheep / goats (mixed herd)",-,"","",Animals,"",-,-
178,"Venezuela",VEN,2023,Terrestrial,"Buffaloes",-,"","",Animals,"",-,-
178,"Venezuela",VEN,2023,Terrestrial,"Equidae",-,"559183","",Animals,"",-,-
178,"Venezuela",VEN,2023,Terrestrial,"Camelidae",-,"","",Animals,"",-,-
178,"Venezuela",VEN,2023,Terrestrial,"Rabbits / hares (mixed group)",-,"","",Animals,"",-,-
178,"Venezuela",VEN,2023,Terrestrial,"Cervidae",-,"","",Animals,"",-,-
178,"Venezuela",VEN,2023,Terrestrial,"Dogs",-,"","",Animals,"",-,-
178,"Venezuela",VEN,2023,Terrestrial,"Cats",-,"","",Animals,"",-,-
178,"Venezuela",VEN,2023,Terrestrial,"Bees",-,"","",Hives / Nests,"",-,-
288,"Zambia",ZMB,2023,Terrestrial,"Cattle",-,"5115492","111373",Animals,"",-,-
288,"Zambia",ZMB,2023,Terrestrial,"Swine",-,"1613248","69540",Animals,"",-,-
288,"Zambia",ZMB,2023,Terrestrial,"Birds","Backyard poultry","26162649","",Animals,"",-,-
288,"Zambia",ZMB,2023,Terrestrial,"Birds","Broiler chickens","5325381","",Animals,"",-,-
288,"Zambia",ZMB,2023,Terrestrial,"Birds","Ducks","1644821","",Animals,"",-,-
288,"Zambia",ZMB,2023,Terrestrial,"Birds","Layer chickens","2127690","",Animals,"",-,-
288,"Zambia",ZMB,2023,Terrestrial,"Birds","Other birds","3101578","",Animals,"",-,-
288,"Zambia",ZMB,2023,Terrestrial,"Birds","Turkeys","154126","",Animals,"",-,-
288,"Zambia",ZMB,2023,Terrestrial,"Birds",-,"38516245","2094182",Animals,"",-,-
288,"Zambia",ZMB,2023,Terrestrial,"Sheep",-,"308354","866",Animals,"",-,-
288,"Zambia",ZMB,2023,Terrestrial,"Goats",-,"5568730","5107",Animals,"",-,-
288,"Zambia",ZMB,2023,Terrestrial,"Sheep / goats (mixed herd)",-,"308354","866",Animals,"",-,-
288,"Zambia",ZMB,2023,Terrestrial,"Buffaloes",-,"","",Animals,"",-,-
288,"Zambia",ZMB,2023,Terrestrial,"Equidae","Donkeys","13967","",Animals,"",-,-
288,"Zambia",ZMB,2023,Terrestrial,"Equidae","Horses","493","",Animals,"",-,-
288,"Zambia",ZMB,2023,Terrestrial,"Equidae",-,"14460","",Animals,"",-,-
288,"Zambia",ZMB,2023,Terrestrial,"Camelidae",-,"","",Animals,"",-,-
288,"Zambia",ZMB,2023,Terrestrial,"Rabbits / hares (mixed group)",-,"369587","",Animals,"",-,-
288,"Zambia",ZMB,2023,Terrestrial,"Cervidae",-,"0","0",Animals,"0","0","0"
288,"Zambia",ZMB,2023,Terrestrial,"Dogs",-,"1007659","",Animals,"",-,-
288,"Zambia",ZMB,2023,Terrestrial,"Cats",-,"338405","",Animals,"",-,-
288,"Zambia",ZMB,2023,Terrestrial,"Bees",-,"","",Hives / Nests,"",-,-
