species,country,in_degree,out_degree,total_degree,in_strength,out_strength,total_strength,betweenness,eigen_centrality,in_degree_norm,out_degree_norm,total_degree_norm
Horses,United States of America,101,135,236,856,1256,2112,2678.4003146429777,1,0.5233160621761658,0.6994818652849741,0.6113989637305699
Horses,France,76,115,191,623,979,1602,1154.6840535357317,0.852136009848959,0.39378238341968913,0.5958549222797928,0.4948186528497409
Horses,Germany,81,110,191,705,1127,1832,550.9591659694091,0.9585159872336789,0.41968911917098445,0.5699481865284974,0.4948186528497409
Horses,Netherlands (Kingdom of the),75,116,191,726,1201,1927,319.11067714707195,0.9632677757306048,0.38860103626943004,0.6010362694300518,0.4948186528497409
Horses,United Kingdom of Great Britain and Northern Ireland,70,118,188,550,961,1511,1575.739595846947,0.7844449114111204,0.3626943005181347,0.6113989637305699,0.48704663212435234
Horses,Canada,78,100,178,452,524,976,2391.079373818965,0.6675297822210938,0.40414507772020725,0.5181347150259067,0.46113989637305697
Horses,Belgium,66,105,171,556,883,1439,707.7788461498222,0.8063152239027058,0.34196891191709844,0.5440414507772021,0.4430051813471503
Horses,United Arab Emirates,68,96,164,492,490,982,1216.8799500123218,0.709237547062045,0.35233160621761656,0.49740932642487046,0.42487046632124353
Horses,Italy,68,77,145,459,556,1015,1038.3488742462862,0.6677759059184655,0.35233160621761656,0.39896373056994816,0.3756476683937824
Horses,Switzerland,65,78,143,504,484,988,1433.0865949919425,0.7433522570937035,0.33678756476683935,0.40414507772020725,0.3704663212435233
Horses,Spain,50,87,137,357,543,900,553.5208180152949,0.5885886830833256,0.25906735751295334,0.45077720207253885,0.3549222797927461
Horses,South Africa,66,67,133,346,332,678,2422.762023849479,0.4929868440079429,0.34196891191709844,0.3471502590673575,0.344559585492228
Horses,Thailand,50,83,133,265,306,571,1986.2257667473734,0.42420002989486894,0.25906735751295334,0.43005181347150256,0.344559585492228
Horses,Ireland,51,70,121,331,607,938,149.0915792995246,0.5882028286229536,0.26424870466321243,0.3626943005181347,0.3134715025906736
Horses,Denmark,50,65,115,297,383,680,705.063309512399,0.5112096537951876,0.25906735751295334,0.33678756476683935,0.2979274611398964
Horses,Russian Federation,55,59,114,430,384,814,569.5892276688259,0.6357303505755431,0.2849740932642487,0.30569948186528495,0.29533678756476683
Horses,Argentina,37,73,110,257,665,922,305.76424177216614,0.4420714822424112,0.19170984455958548,0.37823834196891193,0.2849740932642487
Horses,Sweden,48,60,108,305,363,668,554.5711790716108,0.5385775969913386,0.24870466321243523,0.31088082901554404,0.27979274611398963
Horses,Brazil,43,64,107,243,326,569,1388.607396114424,0.43063198389220125,0.22279792746113988,0.3316062176165803,0.2772020725388601
Horses,"China, mainland",42,64,106,260,174,434,1698.2021887254052,0.41113236836239586,0.21761658031088082,0.3316062176165803,0.27461139896373055
Horses,India,40,66,106,167,198,365,1951.8187192172647,0.30750368148468493,0.20725388601036268,0.34196891191709844,0.27461139896373055
Horses,Hungary,43,61,104,207,300,507,868.5190790326704,0.3715335826382081,0.22279792746113988,0.3160621761658031,0.2694300518134715
Horses,Poland,43,58,101,293,446,739,540.6725082649843,0.49529605563413676,0.22279792746113988,0.3005181347150259,0.2616580310880829
Horses,Australia,38,54,92,233,434,667,996.4019987357809,0.3973613325924898,0.19689119170984457,0.27979274611398963,0.23834196891191708
Horses,Czechia,36,56,92,232,274,506,721.2928176445133,0.4473948058750855,0.18652849740932642,0.29015544041450775,0.23834196891191708
Horses,Austria,41,49,90,257,270,527,148.83136697096936,0.44081278916930083,0.21243523316062177,0.2538860103626943,0.23316062176165803
Horses,Norway,45,44,89,383,282,665,507.20037689687854,0.6077031740104606,0.23316062176165803,0.22797927461139897,0.23056994818652848
Horses,Japan,39,43,82,241,208,449,941.9761854729983,0.4372483455485176,0.20207253886010362,0.22279792746113988,0.21243523316062177
Horses,Türkiye,44,37,81,277,134,411,409.0165958906847,0.4841322577930718,0.22797927461139897,0.19170984455958548,0.20984455958549222
Horses,Qatar,44,34,78,259,198,457,412.17702401248613,0.44408427016844215,0.22797927461139897,0.17616580310880828,0.20207253886010362
Horses,Bulgaria,36,40,76,160,159,319,466.77109178581634,0.2833501483337993,0.18652849740932642,0.20725388601036268,0.19689119170984457
Horses,Chile,31,43,74,195,242,437,495.6823784431312,0.3603978639676452,0.16062176165803108,0.22279792746113988,0.19170984455958548
Horses,Saudi Arabia,41,33,74,260,150,410,719.6930329515191,0.46024118452889723,0.21243523316062177,0.17098445595854922,0.19170984455958548
Horses,Slovakia,36,38,74,205,162,367,341.1410528149826,0.3849799409630698,0.18652849740932642,0.19689119170984457,0.19170984455958548
Horses,Luxembourg,33,40,73,185,163,348,495.2957612035123,0.3604240497625296,0.17098445595854922,0.20725388601036268,0.18911917098445596
Horses,Portugal,22,50,72,143,254,397,182.89762910591716,0.3106138837258984,0.11398963730569948,0.25906735751295334,0.18652849740932642
Horses,Mexico,36,34,70,273,180,453,442.0499226638851,0.435504077616492,0.18652849740932642,0.17616580310880828,0.18134715025906736
Horses,New Zealand,26,44,70,124,303,427,528.7501900151594,0.22634261448438794,0.13471502590673576,0.22797927461139897,0.18134715025906736
Horses,Ukraine,30,39,69,129,152,281,269.7624735589834,0.23728661460497089,0.15544041450777202,0.20207253886010362,0.17875647668393782
Horses,Israel,33,33,66,192,105,297,311.7143282697762,0.3869703845261232,0.17098445595854922,0.17098445595854922,0.17098445595854922
Horses,Malaysia,33,30,63,197,113,310,696.3681501817974,0.32544160721161414,0.17098445595854922,0.15544041450777202,0.16321243523316062
Horses,Bahrain,44,17,61,229,109,338,676.5010460509886,0.4020539097819064,0.22797927461139897,0.08808290155440414,0.15803108808290156
Horses,Jordan,35,26,61,198,147,345,177.51064740480302,0.34366753038968467,0.18134715025906736,0.13471502590673576,0.15803108808290156
Horses,Republic of Korea,35,26,61,206,75,281,287.65144595457525,0.37617403324760296,0.18134715025906736,0.13471502590673576,0.15803108808290156
Horses,Singapore,33,28,61,265,151,416,113.10339945894567,0.4289589617380074,0.17098445595854922,0.14507772020725387,0.15803108808290156
Horses,Uruguay,20,39,59,120,236,356,124.84460295684475,0.22278740145382786,0.10362694300518134,0.20207253886010362,0.15284974093264247
Horses,Belarus,29,29,58,147,117,264,306.94730954477376,0.2503610692509924,0.15025906735751296,0.15025906735751296,0.15025906735751296
Horses,Slovenia,32,26,58,136,125,261,308.88311001939144,0.2278298096611567,0.16580310880829016,0.13471502590673576,0.15025906735751296
Horses,United Republic of Tanzania,30,28,58,96,61,157,695.1885748912147,0.1256717652343838,0.15544041450777202,0.14507772020725387,0.15025906735751296
Horses,Kazakhstan,40,17,57,219,73,292,442.784116050867,0.36112890208736675,0.20725388601036268,0.08808290155440414,0.14766839378238342
Horses,Serbia,30,27,57,210,165,375,76.55889818996206,0.36454395783374177,0.15544041450777202,0.13989637305699482,0.14766839378238342
Horses,Croatia,29,27,56,170,119,289,265.6943573470847,0.2991941008954282,0.15025906735751296,0.13989637305699482,0.14507772020725387
Horses,"China, Hong Kong SAR",29,26,55,159,154,313,247.1942317677679,0.2527474159949772,0.15025906735751296,0.13471502590673576,0.14248704663212436
Horses,Romania,27,28,55,129,120,249,187.7392696191378,0.25328070884127135,0.13989637305699482,0.14507772020725387,0.14248704663212436
Horses,Finland,28,24,52,199,108,307,197.16948202534203,0.364768369143322,0.14507772020725387,0.12435233160621761,0.13471502590673576
Horses,Greece,29,23,52,155,72,227,141.38725770483057,0.29968497844477765,0.15025906735751296,0.11917098445595854,0.13471502590673576
Horses,Kuwait,36,16,52,233,84,317,90.002113145656807,0.41534821919289044,0.18652849740932642,0.08290155440414508,0.13471502590673576
Horses,Latvia,26,26,52,117,109,226,125.71979117196402,0.21045404075235052,0.13471502590673576,0.13471502590673576,0.13471502590673576
Horses,Peru,21,30,51,128,153,281,284.58514543490566,0.21671840827238736,0.10880829015544041,0.15544041450777202,0.13212435233160622
Horses,Lebanon,31,19,50,151,64,215,162.3560191827926,0.2647029010823897,0.16062176165803108,0.09844559585492228,0.12953367875647667
Horses,Lithuania,21,28,49,125,159,284,58.34136917311015,0.2386698149758694,0.10880829015544041,0.14507772020725387,0.12694300518134716
Horses,Estonia,20,28,48,95,98,193,92.35312260379101,0.1903788313632812,0.10362694300518134,0.14507772020725387,0.12435233160621761
Horses,Oman,30,18,48,134,76,210,294.5306639559595,0.2615950410340889,0.15544041450777202,0.09326424870466321,0.12435233160621761
Horses,Egypt,24,23,47,116,98,214,234.23032958948374,0.23265416374716524,0.12435233160621761,0.11917098445595854,0.12176165803108809
Horses,Philippines,24,23,47,94,42,136,417.40348916911466,0.17223545375900026,0.12435233160621761,0.11917098445595854,0.12176165803108809
Horses,Iceland,5,40,45,9,297,306,108.97768908042883,0.02047448903655506,0.025906735751295335,0.20725388601036268,0.11658031088082901
Horses,Kenya,22,23,45,77,62,139,586.2571861210366,0.08532437659454896,0.11398963730569948,0.11917098445595854,0.11658031088082901
Horses,Ghana,35,8,43,93,16,109,455.5686473014859,0.12831446637235833,0.18134715025906736,0.04145077720207254,0.11139896373056994
Horses,Indonesia,27,16,43,96,27,123,812.5126838287359,0.1669914058592026,0.13989637305699482,0.08290155440414508,0.11139896373056994
Horses,Pakistan,28,15,43,111,21,132,473.7616851488973,0.2182757882734144,0.14507772020725387,0.07772020725388601,0.11139896373056994
Horses,Iran (Islamic Republic of),21,21,42,108,41,149,256.6800245636453,0.2086683817419469,0.10880829015544041,0.10880829015544041,0.10880829015544041
Horses,Morocco,23,19,42,142,92,234,183.43364421679647,0.30318952452666187,0.11917098445595854,0.09844559585492228,0.10880829015544041
Horses,Colombia,22,19,41,178,113,291,54.64458226001779,0.28114778868749674,0.11398963730569948,0.09844559585492228,0.10621761658031088
Horses,Ethiopia,22,17,39,43,32,75,804.7174194388638,0.06283612431033561,0.11398963730569948,0.08808290155440414,0.10103626943005181
Horses,Panama,24,14,38,194,93,287,52.50122108182337,0.247417522229069,0.12435233160621761,0.07253886010362694,0.09844559585492228
Horses,Guatemala,22,15,37,181,110,291,223.99383930800045,0.24381076352875872,0.11398963730569948,0.07772020725388601,0.09585492227979274
Horses,Syrian Arab Republic,21,16,37,70,61,131,52.46858170162469,0.107162376902592,0.10880829015544041,0.08290155440414508,0.09585492227979274
Horses,Tunisia,15,22,37,65,68,133,118.09463521413869,0.13993799454318376,0.07772020725388601,0.11398963730569948,0.09585492227979274
Horses,Costa Rica,24,12,36,168,109,277,104.71996087506083,0.23723897428907506,0.12435233160621761,0.06217616580310881,0.09326424870466321
Horses,Ecuador,21,14,35,127,50,177,186.68790794525995,0.2096126544684537,0.10880829015544041,0.07253886010362694,0.09067357512953368
Horses,Nigeria,27,8,35,72,24,96,577.0386100269518,0.08926826502592936,0.13989637305699482,0.04145077720207254,0.09067357512953368
Horses,Venezuela (Bolivarian Republic of),23,12,35,106,51,157,233.11248259609005,0.18312454725124222,0.11917098445595854,0.06217616580310881,0.09067357512953368
Horses,Angola,21,13,34,62,16,78,578.8844703322811,0.07516865832789564,0.10880829015544041,0.06735751295336788,0.08808290155440414
Horses,Azerbaijan,23,11,34,81,47,128,51.982422548813894,0.13864459142634097,0.11917098445595854,0.05699481865284974,0.08808290155440414
Horses,"China, Taiwan Province of",21,13,34,87,25,112,402.914643161268,0.19164855628891633,0.10880829015544041,0.06735751295336788,0.08808290155440414
Horses,Kyrgyzstan,22,12,34,81,50,131,86.14033365735476,0.11880768674469336,0.11398963730569948,0.06217616580310881,0.08808290155440414
Horses,Mongolia,26,7,33,76,24,100,131.56210538305857,0.11599395629813312,0.13471502590673576,0.03626943005181347,0.08549222797927461
Horses,Niger,10,22,32,28,62,90,211.28156955429935,0.027112092447020456,0.05181347150259067,0.11398963730569948,0.08290155440414508
Horses,Uganda,15,17,32,42,35,77,474.73721256234904,0.03730205490668827,0.07772020725388601,0.08808290155440414,0.08290155440414508
Horses,Botswana,16,15,31,50,42,92,628.133288919178,0.048420936004937486,0.08290155440414508,0.07772020725388601,0.08031088082901554
Horses,Côte d'Ivoire,25,6,31,59,8,67,416.11685711735197,0.06841859576583077,0.12953367875647667,0.031088082901554404,0.08031088082901554
Horses,Cyprus,20,11,31,60,21,81,209.6212465162557,0.12398488237999734,0.10362694300518134,0.05699481865284974,0.08031088082901554
Horses,Mauritius,21,10,31,89,59,148,235.57185314032623,0.12765798362869304,0.10880829015544041,0.05181347150259067,0.08031088082901554
Horses,Bosnia and Herzegovina,21,9,30,92,13,105,150.5328094988851,0.15101972585017714,0.10880829015544041,0.046632124352331605,0.07772020725388601
Horses,Zimbabwe,17,13,30,66,72,138,120.87078841785396,0.04779990474867579,0.08808290155440414,0.06735751295336788,0.07772020725388601
Horses,Sri Lanka,13,16,29,36,24,60,220.68767540277267,0.049220306099948985,0.06735751295336788,0.08290155440414508,0.07512953367875648
Horses,Dominican Republic,19,8,27,72,35,107,248.93267885099806,0.13009379704313756,0.09844559585492228,0.04145077720207254,0.06994818652849741
Horses,Malta,18,9,27,71,20,91,44.16856570237126,0.14638042762918124,0.09326424870466321,0.046632124352331605,0.06994818652849741
Horses,Viet Nam,19,8,27,45,10,55,194.53705561237743,0.06887147057759571,0.09844559585492228,0.04145077720207254,0.06994818652849741
Horses,Georgia,16,10,26,41,40,81,76.46995818618406,0.059260250653446055,0.08290155440414508,0.05181347150259067,0.06735751295336788
Horses,El Salvador,16,8,24,94,60,154,11.037700412098763,0.10875523575997191,0.08290155440414508,0.04145077720207254,0.06217616580310881
Horses,Honduras,14,10,24,98,52,150,27.436672292500553,0.1243049177357024,0.07253886010362694,0.05181347150259067,0.06217616580310881
Horses,Libya,21,3,24,104,6,110,54.418374863010534,0.19204146623335705,0.10880829015544041,0.015544041450777202,0.06217616580310881
Horses,Nicaragua,17,7,24,102,68,170,30.404821949215545,0.13158440683421177,0.08808290155440414,0.03626943005181347,0.06217616580310881
Horses,Senegal,7,17,24,43,21,64,300.71055498874745,0.07152509120790075,0.03626943005181347,0.08808290155440414,0.06217616580310881
Horses,North Macedonia,15,8,23,44,14,58,96.03890202656517,0.05145187875003808,0.07772020725388601,0.04145077720207254,0.05958549222797927
Horses,Barbados,12,10,22,62,38,100,253.81501840093122,0.09412910158355679,0.06217616580310881,0.05181347150259067,0.05699481865284974
Horses,Malawi,13,9,22,39,15,54,137.33770210603373,0.031894323671591056,0.06735751295336788,0.046632124352331605,0.05699481865284974
Horses,Iraq,17,4,21,54,4,58,205.6297509980589,0.08019966606030551,0.08808290155440414,0.02072538860103627,0.054404145077720206
Horses,Zambia,11,10,21,50,33,83,56.938890443921395,0.03328114773653721,0.05699481865284974,0.05181347150259067,0.054404145077720206
Horses,Algeria,13,7,20,47,21,68,28.763228527799757,0.09882217068762504,0.06735751295336788,0.03626943005181347,0.05181347150259067
Horses,Bangladesh,10,10,20,26,10,36,313.98226817342686,0.03256513899257453,0.05181347150259067,0.05181347150259067,0.05181347150259067
Horses,Mali,14,6,20,21,19,40,74.0501069393848,0.03163151300240538,0.07253886010362694,0.031088082901554404,0.05181347150259067
Horses,Trinidad and Tobago,10,10,20,55,43,98,65.23789448860563,0.0890409119882962,0.05181347150259067,0.05181347150259067,0.05181347150259067
Horses,Paraguay,12,7,19,75,21,96,104.49163323618453,0.11811701705462425,0.06217616580310881,0.03626943005181347,0.04922279792746114
Horses,Serbia and Montenegro,10,9,19,10,9,19,311.55558201126524,0.015901994072654583,0.05181347150259067,0.046632124352331605,0.04922279792746114
Horses,Afghanistan,13,5,18,38,6,44,196.76896975257526,0.03868793977871963,0.06735751295336788,0.025906735751295335,0.046632124352331605
Horses,Antigua and Barbuda,6,12,18,14,18,32,340.14332221777244,0.03240389588018435,0.031088082901554404,0.06217616580310881,0.046632124352331605
Horses,Bolivia (Plurinational State of),12,6,18,43,11,54,55.52575662311376,0.08651346030503203,0.06217616580310881,0.031088082901554404,0.046632124352331605
Horses,Montenegro,12,6,18,34,8,42,104.0797996388599,0.04717395479173257,0.06217616580310881,0.031088082901554404,0.046632124352331605
Horses,Democratic Republic of the Congo,13,4,17,47,12,59,35.62985896257829,0.05650427428345622,0.06735751295336788,0.02072538860103627,0.04404145077720207
Horses,Namibia,9,8,17,24,39,63,45.61194610328404,0.021642850027208962,0.046632124352331605,0.04145077720207254,0.04404145077720207
Horses,Uzbekistan,13,4,17,67,13,80,165.27062752734784,0.08686809394830523,0.06735751295336788,0.02072538860103627,0.04404145077720207
Horses,Cameroon,13,3,16,33,11,44,0.8333333333333333,0.062223187038138776,0.06735751295336788,0.015544041450777202,0.04145077720207254
Horses,"China, Macao SAR",13,3,16,67,10,77,19.175533073566275,0.10332775005781902,0.06735751295336788,0.015544041450777202,0.04145077720207254
Horses,Burkina Faso,9,6,15,25,11,36,193.29232253200482,0.018245218884963933,0.046632124352331605,0.031088082901554404,0.038860103626943004
Horses,Benin,10,4,14,16,7,23,219.57907093724532,0.013561910882886915,0.05181347150259067,0.02072538860103627,0.03626943005181347
Horses,Congo,11,3,14,25,9,34,42.06887846234081,0.03475401513568149,0.05699481865284974,0.015544041450777202,0.03626943005181347
Horses,Mozambique,9,5,14,30,7,37,91.19612254501276,0.028695048941711775,0.046632124352331605,0.025906735751295335,0.03626943005181347
Horses,Togo,8,6,14,14,9,23,46.29301350292437,0.008580636575626547,0.04145077720207254,0.031088082901554404,0.03626943005181347
Horses,Yemen,10,4,14,36,4,40,59.02809959565514,0.045091096092036244,0.05181347150259067,0.02072538860103627,0.03626943005181347
Horses,Jamaica,7,6,13,26,21,47,31.875638446807173,0.06466429776626709,0.03626943005181347,0.031088082901554404,0.03367875647668394
Horses,Saint Lucia,8,5,13,17,8,25,236.36117363064878,0.01310305267228501,0.04145077720207254,0.025906735751295335,0.03367875647668394
Horses,Albania,9,3,12,27,3,30,66.16232291213964,0.05194878898059089,0.046632124352331605,0.015544041450777202,0.031088082901554404
Horses,Brunei Darussalam,5,7,12,21,8,29,55.47777001319292,0.021600931794688978,0.025906735751295335,0.03626943005181347,0.031088082901554404
Horses,Gambia,12,0,12,28,0,28,0,0.06290230704724714,0.06217616580310881,0,0.031088082901554404
Horses,Tajikistan,9,3,12,33,6,39,44.4874354977016,0.029800916132705708,0.046632124352331605,0.015544041450777202,0.031088082901554404
Horses,Cuba,6,5,11,18,13,31,37.30774179729431,0.038075710488256295,0.031088082901554404,0.025906735751295335,0.02849740932642487
Horses,Republic of Moldova,7,4,11,19,7,26,5.35514705882353,0.04289704655747272,0.03626943005181347,0.02072538860103627,0.02849740932642487
Horses,Turkmenistan,7,4,11,12,5,17,88.6726264179743,0.01549754493357356,0.03626943005181347,0.02072538860103627,0.02849740932642487
Horses,Armenia,7,3,10,14,5,19,35.41117185106944,0.015528185796010929,0.03626943005181347,0.015544041450777202,0.025906735751295335
Horses,New Caledonia,8,2,10,29,3,32,239.0685862941668,0.03643280500417671,0.04145077720207254,0.010362694300518135,0.025906735751295335
Horses,Rwanda,7,3,10,15,4,19,63.5999646959293,0.007191289781883388,0.03626943005181347,0.015544041450777202,0.025906735751295335
Horses,Saint Vincent and the Grenadines,8,2,10,19,2,21,237.2183181785213,0.039131901154431825,0.04145077720207254,0.010362694300518135,0.025906735751295335
Horses,Eswatini,5,4,9,15,9,24,76.0143113580318,0.016331869001562953,0.025906735751295335,0.02072538860103627,0.023316062176165803
Horses,Guyana,6,3,9,30,4,34,82.24115913486698,0.04295217932384351,0.031088082901554404,0.015544041450777202,0.023316062176165803
Horses,Cabo Verde,6,2,8,20,3,23,5.5045928002583056,0.025686379970494177,0.031088082901554404,0.010362694300518135,0.02072538860103627
Horses,Madagascar,6,2,8,14,2,16,12.43409319275847,0.026591718327364126,0.031088082901554404,0.010362694300518135,0.02072538860103627
Horses,Mauritania,7,1,8,20,2,22,0.8864468864468864,0.026952294470776347,0.03626943005181347,0.0051813471502590676,0.02072538860103627
Horses,Nepal,8,0,8,25,0,25,0,0.029323642059163293,0.04145077720207254,0,0.02072538860103627
Horses,Sudan,2,6,8,10,12,22,0,0.017816293069681445,0.010362694300518135,0.031088082901554404,0.02072538860103627
Horses,Sudan (former),4,4,8,9,6,15,44.365494478166724,0.008544686010902712,0.02072538860103627,0.02072538860103627,0.02072538860103627
Horses,Djibouti,5,2,7,11,2,13,13.28136742808923,0.010678514270533906,0.025906735751295335,0.010362694300518135,0.018134715025906734
Horses,Lao People's Democratic Republic,3,4,7,17,6,23,7.98184672388523,0.020695610163084095,0.015544041450777202,0.02072538860103627,0.018134715025906734
Horses,Sierra Leone,4,3,7,4,3,7,34.93431395361116,0.006715477677820247,0.02072538860103627,0.015544041450777202,0.018134715025906734
Horses,Suriname,7,0,7,13,0,13,0,0.025454645631348957,0.03626943005181347,0,0.018134715025906734
Horses,Bahamas,4,2,6,28,12,40,0,0.06566411803557283,0.02072538860103627,0.010362694300518135,0.015544041450777202
Horses,Burundi,6,0,6,10,0,10,0,0.005264977104921394,0.031088082901554404,0,0.015544041450777202
Horses,Fiji,4,2,6,11,2,13,180.97947037215022,0.01143491726641436,0.02072538860103627,0.010362694300518135,0.015544041450777202
Horses,French Polynesia,5,1,6,17,1,18,10.617608365556084,0.017254545680086296,0.025906735751295335,0.0051813471502590676,0.015544041450777202
Horses,Gabon,6,0,6,14,0,14,0,0.013318180011780811,0.031088082901554404,0,0.015544041450777202
Horses,Kiribati,6,0,6,6,0,6,0,0.004991362719926853,0.031088082901554404,0,0.015544041450777202
Horses,Seychelles,5,1,6,10,1,11,24.60553551888297,0.018726541295589465,0.025906735751295335,0.0051813471502590676,0.015544041450777202
Horses,Somalia,4,2,6,8,4,12,1.477170868347339,0.008134997775983347,0.02072538860103627,0.010362694300518135,0.015544041450777202
Horses,Belize,3,2,5,26,2,28,14.995704717987326,0.05397693260681134,0.015544041450777202,0.010362694300518135,0.012953367875647668
Horses,Cambodia,5,0,5,8,0,8,0,0.010877035847959236,0.025906735751295335,0,0.012953367875647668
Horses,Democratic People's Republic of Korea,4,1,5,11,1,12,5.680532376120612,0.016965936494773064,0.02072538860103627,0.0051813471502590676,0.012953367875647668
Horses,Guinea,5,0,5,10,0,10,0,0.005665038148987345,0.025906735751295335,0,0.012953367875647668
Horses,Maldives,5,0,5,10,0,10,0,0.011023598932686724,0.025906735751295335,0,0.012953367875647668
Horses,Saint Kitts and Nevis,3,2,5,9,3,12,5.691737891737892,0.022844219081138598,0.015544041450777202,0.010362694300518135,0.012953367875647668
Horses,Vanuatu,2,3,5,2,4,6,29.078667967963295,0.0018227331703671913,0.010362694300518135,0.015544041450777202,0.012953367875647668
Horses,Bhutan,3,1,4,6,1,7,9.221252766841001,0.006035839165742081,0.015544041450777202,0.0051813471502590676,0.010362694300518135
Horses,Dominica,4,0,4,5,0,5,0,0.003317861066456988,0.02072538860103627,0,0.010362694300518135
Horses,Eritrea,4,0,4,5,0,5,0,0.00494511669545212,0.02072538860103627,0,0.010362694300518135
Horses,Faroe Islands,3,1,4,29,4,33,0,0.02124148094187299,0.015544041450777202,0.0051813471502590676,0.010362694300518135
Horses,Sao Tome and Principe,2,2,4,2,3,5,1.8361989459815546,0.0011274237388517792,0.010362694300518135,0.010362694300518135,0.010362694300518135
Horses,Central African Republic,3,0,3,3,0,3,0,0.0036348072060953447,0.015544041450777202,0,0.007772020725388601
Horses,Haiti,2,1,3,13,2,15,0,0.02782266126605729,0.010362694300518135,0.0051813471502590676,0.007772020725388601
Horses,Micronesia (Federated States of),3,0,3,6,0,6,0,0.010601384109300891,0.015544041450777202,0,0.007772020725388601
Horses,Myanmar,2,1,3,14,1,15,5.467164208340679,0.017067133071793524,0.010362694300518135,0.0051813471502590676,0.007772020725388601
Horses,Palestine,2,1,3,5,1,6,4.009115312791783,0.007446013794581291,0.010362694300518135,0.0051813471502590676,0.007772020725388601
Horses,Chad,2,0,2,4,0,4,0,0.00804702131748064,0.010362694300518135,0,0.0051813471502590676
Horses,Grenada,2,0,2,7,0,7,0,0.00137766621569229,0.010362694300518135,0,0.0051813471502590676
Horses,Lesotho,1,1,2,8,3,11,0,0.011525769267157185,0.0051813471502590676,0.0051813471502590676,0.0051813471502590676
Horses,Marshall Islands,2,0,2,3,0,3,0,0.005439419758027777,0.010362694300518135,0,0.0051813471502590676
Horses,Papua New Guinea,1,1,2,1,1,2,3.3189511508415683,0.0012396962837639802,0.0051813471502590676,0.0051813471502590676,0.0051813471502590676
Horses,Samoa,2,0,2,4,0,4,0,0.0020178313489360553,0.010362694300518135,0,0.0051813471502590676
Horses,Solomon Islands,2,0,2,4,0,4,0,0.004685292859752401,0.010362694300518135,0,0.0051813471502590676
Horses,South Sudan,2,0,2,2,0,2,0,3.5836756414420087e-4,0.010362694300518135,0,0.0051813471502590676
Horses,Timor-Leste,2,0,2,2,0,2,0,0.001649283223209531,0.010362694300518135,0,0.0051813471502590676
Horses,Tonga,2,0,2,2,0,2,0,0.003583904466424669,0.010362694300518135,0,0.0051813471502590676
Horses,Guinea-Bissau,1,0,1,1,0,1,0,2.090273067361387e-4,0.0051813471502590676,0,0.0025906735751295338
Horses,Liberia,1,0,1,2,0,2,0,0.002881442316789295,0.0051813471502590676,0,0.0025906735751295338
Horses,Niue,0,1,1,0,1,1,0,0,0,0.0051813471502590676,0.0025906735751295338
Chickens,Netherlands (Kingdom of the),39,147,186,304,1441,1745,1202.3490966352176,1,0.1989795918367347,0.75,0.4744897959183674
Chickens,France,36,145,181,237,1470,1707,1612.69287108116,0.7655332711991508,0.1836734693877551,0.7397959183673469,0.461734693877551
Chickens,United States of America,34,128,162,100,1122,1222,4032.5575223263763,0.254422730878768,0.17346938775510204,0.6530612244897959,0.413265306122449
Chickens,Germany,30,122,152,258,1079,1337,1527.6586631393486,0.9209019878589143,0.15306122448979592,0.6224489795918368,0.3877551020408163
Chickens,United Kingdom of Great Britain and Northern Ireland,24,114,138,160,1007,1167,1387.3432295396694,0.5643092642045819,0.12244897959183673,0.5816326530612245,0.3520408163265306
Chickens,Belgium,23,107,130,150,636,786,1349.4661811214128,0.5780471185267663,0.11734693877551021,0.5459183673469388,0.33163265306122447
Chickens,Hungary,25,81,106,230,633,863,499.49324546282753,0.8736735788528239,0.12755102040816327,0.413265306122449,0.27040816326530615
Chickens,Spain,26,79,105,172,399,571,983.6227279498914,0.6524250586296217,0.1326530612244898,0.4030612244897959,0.26785714285714285
Chickens,Denmark,32,58,90,169,370,539,1992.5053445218425,0.6133661022750454,0.16326530612244897,0.29591836734693877,0.22959183673469388
Chickens,Italy,29,54,83,226,322,548,642.7951660968081,0.8441521807926426,0.14795918367346939,0.2755102040816326,0.21173469387755103
Chickens,Thailand,30,53,83,166,191,357,2396.7683206136803,0.48091650907476025,0.15306122448979592,0.27040816326530615,0.21173469387755103
Chickens,Czechia,21,60,81,159,425,584,527.5658906718734,0.6807152596869052,0.10714285714285714,0.30612244897959184,0.2066326530612245
Chickens,Poland,25,53,78,249,307,556,79.2397346289761,0.9186329902158666,0.12755102040816327,0.27040816326530615,0.1989795918367347
Chickens,United Republic of Tanzania,30,48,78,187,95,282,2465.1965597025464,0.5562513174644794,0.15306122448979592,0.24489795918367346,0.1989795918367347
Chickens,United Arab Emirates,46,31,77,201,115,316,3542.9400901381496,0.6321209135131203,0.23469387755102042,0.15816326530612246,0.19642857142857142
Chickens,South Africa,28,46,74,101,222,323,1927.2744382804192,0.3013178304366339,0.14285714285714285,0.23469387755102042,0.18877551020408162
Chickens,Canada,11,58,69,85,292,377,674.2033113680245,0.32259693290583485,0.05612244897959184,0.29591836734693877,0.1760204081632653
Chickens,Türkiye,24,41,65,144,145,289,1082.2306843961167,0.5210958624155169,0.12244897959183673,0.20918367346938777,0.16581632653061223
Chickens,Egypt,27,32,59,142,54,196,2034.079447557575,0.5231230235585062,0.1377551020408163,0.16326530612244897,0.15051020408163265
Chickens,Brazil,8,49,57,49,248,297,499.77871215207875,0.16945066124841868,0.04081632653061224,0.25,0.14540816326530612
Chickens,Portugal,20,36,56,107,132,239,948.0271204671521,0.4156910872793486,0.10204081632653061,0.1836734693877551,0.14285714285714285
Chickens,Saudi Arabia,37,18,55,159,89,248,674.820331213272,0.53975176779665,0.18877551020408162,0.09183673469387756,0.14030612244897958
Chickens,Malaysia,25,28,53,170,154,324,729.9431485144058,0.4653620151337762,0.12755102040816327,0.14285714285714285,0.13520408163265307
Chickens,Pakistan,33,20,53,166,68,234,889.4868228053111,0.5560738154173956,0.1683673469387755,0.10204081632653061,0.13520408163265307
Chickens,Uganda,31,20,51,208,79,287,711.7469474110644,0.6461426713625054,0.15816326530612246,0.10204081632653061,0.13010204081632654
Chickens,"China, mainland",19,30,49,86,84,170,603.4369375150994,0.24596814427658872,0.09693877551020408,0.15306122448979592,0.125
Chickens,Romania,23,26,49,204,110,314,769.4862963554331,0.84781439291984,0.11734693877551021,0.1326530612244898,0.125
Chickens,Slovakia,20,28,48,152,173,325,281.69502442048463,0.6433750290811255,0.10204081632653061,0.14285714285714285,0.12244897959183673
Chickens,Austria,20,26,46,163,233,396,76.22342344110719,0.6664896239268894,0.10204081632653061,0.1326530612244898,0.11734693877551021
Chickens,India,16,30,46,91,97,188,1003.9801327140551,0.3086643763957753,0.08163265306122448,0.15306122448979592,0.11734693877551021
Chickens,Kenya,29,17,46,165,105,270,653.5978416196581,0.5465308143374192,0.14795918367346939,0.08673469387755102,0.11734693877551021
Chickens,Bulgaria,18,26,44,144,115,259,251.4265375336736,0.6229582154594017,0.09183673469387756,0.1326530612244898,0.11224489795918367
Chickens,Indonesia,26,18,44,138,40,178,973.361427254875,0.40640471061099825,0.1326530612244898,0.09183673469387756,0.11224489795918367
Chickens,Kuwait,29,14,43,129,57,186,172.7267423190895,0.44236351173314103,0.14795918367346939,0.07142857142857142,0.1096938775510204
Chickens,Australia,8,34,42,15,156,171,1461.5602321470549,0.03723102393436357,0.04081632653061224,0.17346938775510204,0.10714285714285714
Chickens,Russian Federation,21,20,41,168,144,312,312.6826085262785,0.6486127569912041,0.10714285714285714,0.10204081632653061,0.10459183673469388
Chickens,Sweden,18,23,41,110,140,250,406.68054912688024,0.41883151806867513,0.09183673469387756,0.11734693877551021,0.10459183673469388
Chickens,Jordan,25,13,38,132,85,217,37.87111540420364,0.47743242667383273,0.12755102040816327,0.0663265306122449,0.09693877551020408
Chickens,Lebanon,25,13,38,141,29,170,201.1006023944946,0.4908143818485792,0.12755102040816327,0.0663265306122449,0.09693877551020408
Chickens,Bahrain,26,11,37,107,34,141,686.6177987810413,0.32052887538299857,0.1326530612244898,0.05612244897959184,0.09438775510204081
Chickens,Greece,19,18,37,157,119,276,195.42695370486297,0.6564119556105162,0.09693877551020408,0.09183673469387756,0.09438775510204081
Chickens,Oman,27,10,37,129,41,170,230.5841464118541,0.4138885295292319,0.1377551020408163,0.05102040816326531,0.09438775510204081
Chickens,Philippines,18,19,37,151,87,238,123.65933858031738,0.4400477296810709,0.09183673469387756,0.09693877551020408,0.09438775510204081
Chickens,Croatia,19,16,35,134,84,218,199.2072343018079,0.554923825129361,0.09693877551020408,0.08163265306122448,0.08928571428571429
Chickens,Nepal,31,3,34,191,6,197,263.64516622008887,0.5377289719095774,0.15816326530612246,0.015306122448979591,0.08673469387755102
Chickens,Ukraine,18,16,34,175,40,215,257.53221319071935,0.7163629140564503,0.09183673469387756,0.08163265306122448,0.08673469387755102
Chickens,New Zealand,3,30,33,8,262,270,459.3859361627314,0.03181210951595524,0.015306122448979591,0.15306122448979592,0.08418367346938775
Chickens,Bangladesh,27,5,32,143,9,152,236.69506027448722,0.40625107015548173,0.1377551020408163,0.025510204081632654,0.08163265306122448
Chickens,Senegal,19,13,32,98,54,152,311.119053053992,0.31749890790674556,0.09693877551020408,0.0663265306122449,0.08163265306122448
Chickens,Zambia,13,19,32,98,143,241,95.13949519434809,0.3260773027296226,0.0663265306122449,0.09693877551020408,0.08163265306122448
Chickens,Japan,18,13,31,102,18,120,630.9990321702,0.29930506004803337,0.09183673469387756,0.0663265306122449,0.07908163265306123
Chickens,Singapore,20,11,31,74,22,96,902.7184458135355,0.25755647941389354,0.10204081632653061,0.05612244897959184,0.07908163265306123
Chickens,Sri Lanka,16,15,31,84,51,135,464.01099740808644,0.27642647281102634,0.08163265306122448,0.07653061224489796,0.07908163265306123
Chickens,Switzerland,19,12,31,96,50,146,440.1577576648162,0.4022544514005447,0.09693877551020408,0.061224489795918366,0.07908163265306123
Chickens,Côte d'Ivoire,20,10,30,106,23,129,538.0228924967151,0.3824666434472998,0.10204081632653061,0.05102040816326531,0.07653061224489796
Chickens,Ghana,22,8,30,132,17,149,676.9501845909509,0.492873292784669,0.11224489795918367,0.04081632653061224,0.07653061224489796
Chickens,Rwanda,22,8,30,93,25,118,322.23984575296436,0.27803457885010174,0.11224489795918367,0.04081632653061224,0.07653061224489796
Chickens,Zimbabwe,16,14,30,113,85,198,554.9290231452838,0.35463760856392906,0.08163265306122448,0.07142857142857142,0.07653061224489796
Chickens,Iran (Islamic Republic of),14,15,29,81,66,147,246.78807165422072,0.3157713993419664,0.07142857142857142,0.07653061224489796,0.07397959183673469
Chickens,Finland,11,16,27,69,84,153,220.5266528440768,0.2614252382553004,0.05612244897959184,0.08163265306122448,0.06887755102040816
Chickens,Myanmar,25,2,27,125,4,129,332.1913453293016,0.3067279088905354,0.12755102040816327,0.01020408163265306,0.06887755102040816
Chickens,Cameroon,22,4,26,106,9,115,418.02265918801936,0.4088077657533003,0.11224489795918367,0.02040816326530612,0.0663265306122449
Chickens,Democratic Republic of the Congo,17,9,26,98,10,108,1149.042196336921,0.316315854442554,0.08673469387755102,0.04591836734693878,0.0663265306122449
Chickens,Qatar,21,5,26,91,8,99,444.6531071980994,0.2754116312710244,0.10714285714285714,0.025510204081632654,0.0663265306122449
Chickens,Serbia,19,7,26,161,48,209,213.6298215282113,0.6086998008178482,0.09693877551020408,0.03571428571428571,0.0663265306122449
Chickens,Slovenia,10,16,26,112,107,219,3.4000000000000004,0.4822420850201952,0.05102040816326531,0.08163265306122448,0.0663265306122449
Chickens,Viet Nam,22,4,26,145,13,158,31.830248917748907,0.37759782703045364,0.11224489795918367,0.02040816326530612,0.0663265306122449
Chickens,Bosnia and Herzegovina,17,8,25,105,44,149,572.9626124354423,0.3918293624898059,0.08673469387755102,0.04081632653061224,0.06377551020408163
Chickens,Israel,11,14,25,84,27,111,142.42984005038153,0.30973392359691354,0.05612244897959184,0.07142857142857142,0.06377551020408163
Chickens,Mali,16,9,25,76,25,101,746.314542587334,0.24977521715467207,0.08163265306122448,0.04591836734693878,0.06377551020408163
Chickens,Morocco,11,14,25,80,39,119,115.58610621404736,0.2758705733685906,0.05612244897959184,0.07142857142857142,0.06377551020408163
Chickens,Republic of Korea,16,9,25,100,19,119,188.43609369370094,0.36712420057854184,0.08163265306122448,0.04591836734693878,0.06377551020408163
Chickens,Albania,19,5,24,103,6,109,415.1187979886658,0.41379469588964474,0.09693877551020408,0.025510204081632654,0.061224489795918366
Chickens,Lithuania,14,10,24,133,73,206,253.2144491129785,0.46866055901939696,0.07142857142857142,0.05102040816326531,0.061224489795918366
Chickens,Nigeria,19,5,24,45,16,61,467.3828602068153,0.14672836159886912,0.09693877551020408,0.025510204081632654,0.061224489795918366
Chickens,Syrian Arab Republic,15,9,24,64,27,91,246.2796637335808,0.24536387910389992,0.07653061224489796,0.04591836734693878,0.061224489795918366
Chickens,Burkina Faso,20,3,23,98,13,111,26.288708513708514,0.29936798093522304,0.10204081632653061,0.015306122448979591,0.058673469387755105
Chickens,Dominican Republic,13,10,23,39,42,81,1582.1630915756075,0.06522772069091426,0.0663265306122449,0.05102040816326531,0.058673469387755105
Chickens,Ireland,13,10,23,78,39,117,148.61778793318976,0.3149908849213287,0.0663265306122449,0.05102040816326531,0.058673469387755105
Chickens,Latvia,13,10,23,100,47,147,162.8223994328635,0.37000703128026247,0.0663265306122449,0.05102040816326531,0.058673469387755105
Chickens,Luxembourg,8,15,23,70,52,122,1649.8925421336487,0.30929354329004455,0.04081632653061224,0.07653061224489796,0.058673469387755105
Chickens,"China, Hong Kong SAR",14,8,22,46,8,54,478.46086600233286,0.08270335785035426,0.07142857142857142,0.04081632653061224,0.05612244897959184
Chickens,"China, Taiwan Province of",16,6,22,87,11,98,258.0409222880662,0.23341184996359413,0.08163265306122448,0.030612244897959183,0.05612244897959184
Chickens,Ethiopia,16,6,22,81,7,88,200.91747231044917,0.3221259528806794,0.08163265306122448,0.030612244897959183,0.05612244897959184
Chickens,Uzbekistan,19,3,22,99,8,107,249.49402264402266,0.4035934383482057,0.09693877551020408,0.015306122448979591,0.05612244897959184
Chickens,Venezuela (Bolivarian Republic of),14,8,22,71,23,94,412.11763311072104,0.1542989944754064,0.07142857142857142,0.04081632653061224,0.05612244897959184
Chickens,Iraq,19,2,21,83,9,92,0,0.26403134714757703,0.09693877551020408,0.01020408163265306,0.05357142857142857
Chickens,Malawi,12,9,21,70,45,115,44.620199898141074,0.1812669388339634,0.061224489795918366,0.04591836734693878,0.05357142857142857
Chickens,Mauritius,8,13,21,63,78,141,66.7757793187205,0.2285286178508847,0.04081632653061224,0.0663265306122449,0.05357142857142857
Chickens,Azerbaijan,17,3,20,122,8,130,68.4982174014446,0.43368973767240904,0.08673469387755102,0.015306122448979591,0.05102040816326531
Chickens,Belarus,14,6,20,120,17,137,22.616789528554236,0.5022120592555697,0.07142857142857142,0.030612244897959183,0.05102040816326531
Chickens,Estonia,12,8,20,73,30,103,53.74342536118853,0.22723778121939506,0.061224489795918366,0.04081632653061224,0.05102040816326531
Chickens,Georgia,15,5,20,98,19,117,391.88187485882503,0.3569298003213524,0.07653061224489796,0.025510204081632654,0.05102040816326531
Chickens,Yemen,19,1,20,78,1,79,66.03649283293245,0.2599259407139751,0.09693877551020408,0.00510204081632653,0.05102040816326531
Chickens,Angola,17,2,19,94,2,96,78.25792520173324,0.24850638750387624,0.08673469387755102,0.01020408163265306,0.04846938775510204
Chickens,Benin,14,5,19,57,8,65,148.07048013046463,0.2189338347502775,0.07142857142857142,0.025510204081632654,0.04846938775510204
Chickens,Colombia,12,7,19,77,29,106,232.67880060471006,0.19407241177640225,0.061224489795918366,0.03571428571428571,0.04846938775510204
Chickens,Cyprus,12,7,19,94,15,109,98.40289058708179,0.3780383188892987,0.061224489795918366,0.03571428571428571,0.04846938775510204
Chickens,Kazakhstan,13,6,19,97,23,120,172.0277448858331,0.40674169293969326,0.0663265306122449,0.030612244897959183,0.04846938775510204
Chickens,North Macedonia,15,4,19,83,17,100,78.10753462224054,0.3066313644594038,0.07653061224489796,0.02040816326530612,0.04846938775510204
Chickens,Norway,14,5,19,77,7,84,921.0212849062676,0.29219930144034906,0.07142857142857142,0.025510204081632654,0.04846938775510204
Chickens,Armenia,14,4,18,89,15,104,165.57563532958275,0.31779756801680004,0.07142857142857142,0.02040816326530612,0.04591836734693878
Chickens,Chile,11,7,18,73,15,88,248.02448499350155,0.1743488695600374,0.05612244897959184,0.03571428571428571,0.04591836734693878
Chickens,Congo,17,1,18,66,1,67,219.0989932251027,0.24006904158995648,0.08673469387755102,0.00510204081632653,0.04591836734693878
Chickens,Ecuador,15,3,18,97,4,101,184.6417832532964,0.15287921814370958,0.07653061224489796,0.015306122448979591,0.04591836734693878
Chickens,Panama,14,4,18,68,22,90,1047.5209006271514,0.12705161805552806,0.07142857142857142,0.02040816326530612,0.04591836734693878
Chickens,Sudan (former),18,0,18,46,0,46,0,0.17236928203739166,0.09183673469387756,0,0.04591836734693878
Chickens,Argentina,11,6,17,60,29,89,67.40852827727828,0.1670830365919622,0.05612244897959184,0.030612244897959183,0.04336734693877551
Chickens,Burundi,14,3,17,68,14,82,42.759526106275324,0.22149168213399725,0.07142857142857142,0.015306122448979591,0.04336734693877551
Chickens,Peru,10,7,17,56,51,107,147.806641135782,0.12874274097295002,0.05102040816326531,0.03571428571428571,0.04336734693877551
Chickens,Mozambique,13,3,16,72,4,76,903.938908898057,0.1155353681001474,0.0663265306122449,0.015306122448979591,0.04081632653061224
Chickens,Republic of Moldova,15,1,16,106,2,108,1.8958333333333333,0.47936265744937445,0.07653061224489796,0.00510204081632653,0.04081632653061224
Chickens,Antigua and Barbuda,11,4,15,42,8,50,223.85084763877322,0.039747357321386054,0.05612244897959184,0.02040816326530612,0.03826530612244898
Chickens,Madagascar,12,3,15,56,12,68,29.542824404124705,0.16563661406864877,0.061224489795918366,0.015306122448979591,0.03826530612244898
Chickens,Mexico,10,5,15,66,5,71,240.4081910649786,0.2072775027061273,0.05102040816326531,0.025510204081632654,0.03826530612244898
Chickens,Montenegro,11,4,15,64,21,85,10.01161616161616,0.21456926554782782,0.05612244897959184,0.02040816326530612,0.03826530612244898
Chickens,Sudan,14,1,15,45,1,46,10.984665987607162,0.15594329412682278,0.07142857142857142,0.00510204081632653,0.03826530612244898
Chickens,Malta,9,5,14,41,17,58,91.51241428837338,0.19214151251833655,0.04591836734693878,0.025510204081632654,0.03571428571428571
Chickens,Algeria,13,0,13,104,0,104,0,0.42949208993972604,0.0663265306122449,0,0.03316326530612245
Chickens,Guatemala,10,3,13,87,19,106,24.176904123586887,0.24571001618850455,0.05102040816326531,0.015306122448979591,0.03316326530612245
Chickens,Guinea,12,1,13,66,1,67,8.139718614718616,0.24111070181959346,0.061224489795918366,0.00510204081632653,0.03316326530612245
Chickens,Kyrgyzstan,11,2,13,48,5,53,13.962637362637361,0.16852985869753426,0.05612244897959184,0.01020408163265306,0.03316326530612245
Chickens,Maldives,13,0,13,41,0,41,0,0.10647346980208243,0.0663265306122449,0,0.03316326530612245
Chickens,Namibia,10,3,13,43,11,54,104.75879662563096,0.12473909489975664,0.05102040816326531,0.015306122448979591,0.03316326530612245
Chickens,Nicaragua,9,4,13,72,5,77,831.5243266966958,0.055148182154286636,0.04591836734693878,0.02040816326530612,0.03316326530612245
Chickens,Niger,10,3,13,52,11,63,209.7683056107979,0.17369859596998685,0.05102040816326531,0.015306122448979591,0.03316326530612245
Chickens,Togo,10,3,13,50,3,53,32.08788725464421,0.18924409757682534,0.05102040816326531,0.015306122448979591,0.03316326530612245
Chickens,Central African Republic,12,0,12,42,0,42,0,0.15034822948853394,0.061224489795918366,0,0.030612244897959183
Chickens,Libya,12,0,12,35,0,35,0,0.1272584627867149,0.061224489795918366,0,0.030612244897959183
Chickens,Serbia and Montenegro,10,2,12,10,2,12,131.00225129445724,0.04249433189917745,0.05102040816326531,0.01020408163265306,0.030612244897959183
Chickens,Tunisia,9,3,12,69,4,73,4.675396825396825,0.2794102776899625,0.04591836734693878,0.015306122448979591,0.030612244897959183
Chickens,Afghanistan,9,2,11,43,2,45,439.05560591369414,0.11689769210417032,0.04591836734693878,0.01020408163265306,0.02806122448979592
Chickens,Cambodia,10,1,11,48,1,49,45.93109341638753,0.13102076409825242,0.05102040816326531,0.00510204081632653,0.02806122448979592
Chickens,Gambia,10,1,11,47,1,48,15.317844699160489,0.17128295237682617,0.05102040816326531,0.00510204081632653,0.02806122448979592
Chickens,Suriname,8,3,11,47,3,50,363.7495534672582,0.15570589132589402,0.04081632653061224,0.015306122448979591,0.02806122448979592
Chickens,Tajikistan,8,3,11,35,7,42,41.58247863247863,0.10707811107722393,0.04081632653061224,0.015306122448979591,0.02806122448979592
Chickens,Botswana,6,4,10,48,12,60,22.551410431673588,0.09487800790410716,0.030612244897959183,0.02040816326530612,0.025510204081632654
Chickens,Lao People's Democratic Republic,6,4,10,31,9,40,387.991166023519,0.08547772418845775,0.030612244897959183,0.02040816326530612,0.025510204081632654
Chickens,Mauritania,6,4,10,34,7,41,38.12311439678313,0.09195195073803872,0.030612244897959183,0.02040816326530612,0.025510204081632654
Chickens,Trinidad and Tobago,5,5,10,22,8,30,229.96941528328918,0.042497363737550246,0.025510204081632654,0.025510204081632654,0.025510204081632654
Chickens,Barbados,1,8,9,8,104,112,0,0.011485623737455668,0.00510204081632653,0.04081632653061224,0.02295918367346939
Chickens,Bolivia (Plurinational State of),9,0,9,45,0,45,0,0.049155145045550706,0.04591836734693878,0,0.02295918367346939
Chickens,Comoros,9,0,9,38,0,38,0,0.09879621420740525,0.04591836734693878,0,0.02295918367346939
Chickens,Costa Rica,6,3,9,53,30,83,756,0.08916632551685173,0.030612244897959183,0.015306122448979591,0.02295918367346939
Chickens,El Salvador,6,3,9,48,45,93,0,0.06419911115356047,0.030612244897959183,0.015306122448979591,0.02295918367346939
Chickens,Gabon,9,0,9,38,0,38,0,0.13433095010239712,0.04591836734693878,0,0.02295918367346939
Chickens,Honduras,7,2,9,56,23,79,0,0.08059239560083453,0.03571428571428571,0.01020408163265306,0.02295918367346939
Chickens,Liberia,9,0,9,29,0,29,0,0.09698937082248224,0.04591836734693878,0,0.02295918367346939
Chickens,Bhutan,8,0,8,30,0,30,0,0.036449323166489155,0.04081632653061224,0,0.02040816326530612
Chickens,Dominica,8,0,8,32,0,32,0,0.018228863198074863,0.04081632653061224,0,0.02040816326530612
Chickens,Grenada,4,4,8,33,4,37,42.46841160639116,0.02575415775329095,0.02040816326530612,0.02040816326530612,0.02040816326530612
Chickens,Sierra Leone,8,0,8,36,0,36,0,0.15176754022713462,0.04081632653061224,0,0.02040816326530612
Chickens,Brunei Darussalam,7,0,7,34,0,34,0,0.08655100830069758,0.03571428571428571,0,0.017857142857142856
Chickens,Saint Vincent and the Grenadines,6,1,7,33,1,34,10.65952380952381,0.02015652724438055,0.030612244897959183,0.00510204081632653,0.017857142857142856
Chickens,Seychelles,7,0,7,27,0,27,0,0.08050259331908022,0.03571428571428571,0,0.017857142857142856
Chickens,Turkmenistan,7,0,7,37,0,37,0,0.13770314385990107,0.03571428571428571,0,0.017857142857142856
Chickens,Guyana,4,2,6,19,2,21,204.3895245277598,0.025679850590625008,0.02040816326530612,0.01020408163265306,0.015306122448979591
Chickens,Sao Tome and Principe,4,2,6,20,2,22,113.76329322122672,0.05325026583478466,0.02040816326530612,0.01020408163265306,0.015306122448979591
Chickens,Uruguay,5,1,6,41,1,42,0,0.06114460657904506,0.025510204081632654,0.00510204081632653,0.015306122448979591
Chickens,Bahamas,3,2,5,18,2,20,59.59374236874237,0.02526446051677339,0.015306122448979591,0.01020408163265306,0.012755102040816327
Chickens,Cabo Verde,4,1,5,23,1,24,89.88503648312471,0.061003940581377904,0.02040816326530612,0.00510204081632653,0.012755102040816327
Chickens,Chad,5,0,5,26,0,26,0,0.10343084542842367,0.025510204081632654,0,0.012755102040816327
Chickens,Djibouti,4,1,5,6,1,7,98.42031342840167,0.027462721222721136,0.02040816326530612,0.00510204081632653,0.012755102040816327
Chickens,Eswatini,2,3,5,12,12,24,2.9073934837092734,0.022164857082451327,0.01020408163265306,0.015306122448979591,0.012755102040816327
Chickens,French Polynesia,5,0,5,42,0,42,0,0.037467351025625074,0.025510204081632654,0,0.012755102040816327
Chickens,Papua New Guinea,4,1,5,22,1,23,4.93757448433919,0.00982912727227374,0.02040816326530612,0.00510204081632653,0.012755102040816327
Chickens,Somalia,3,2,5,11,2,13,20.847619047619048,0.037017157260187665,0.015306122448979591,0.01020408163265306,0.012755102040816327
Chickens,Equatorial Guinea,4,0,4,6,0,6,0,0.025487273978524478,0.02040816326530612,0,0.01020408163265306
Chickens,Eritrea,4,0,4,12,0,12,0,0.061280650868410974,0.02040816326530612,0,0.01020408163265306
Chickens,Fiji,2,2,4,17,2,19,69.03968253968252,0.0043079457021999315,0.01020408163265306,0.01020408163265306,0.01020408163265306
Chickens,Haiti,4,0,4,30,0,30,0,0.03200443636867641,0.02040816326530612,0,0.01020408163265306
Chickens,Iceland,4,0,4,7,0,7,0,0.019717385356644183,0.02040816326530612,0,0.01020408163265306
Chickens,Jamaica,1,3,4,16,5,21,0,0.022971247474911343,0.00510204081632653,0.015306122448979591,0.01020408163265306
Chickens,Marshall Islands,4,0,4,6,0,6,0,0.014844175741628522,0.02040816326530612,0,0.01020408163265306
Chickens,Mongolia,4,0,4,28,0,28,0,0.07403995446578887,0.02040816326530612,0,0.01020408163265306
Chickens,New Caledonia,3,1,4,22,7,29,0,0.07022592106034492,0.015306122448979591,0.00510204081632653,0.01020408163265306
Chickens,Palestine,4,0,4,17,0,17,0,0.05895659445829565,0.02040816326530612,0,0.01020408163265306
Chickens,Saint Kitts and Nevis,4,0,4,35,0,35,0,0.03009982778643586,0.02040816326530612,0,0.01020408163265306
Chickens,Saint Lucia,4,0,4,37,0,37,0,0.04152763288880099,0.02040816326530612,0,0.01020408163265306
Chickens,Belize,3,0,3,18,0,18,0,0.02907103529580471,0.015306122448979591,0,0.007653061224489796
Chickens,Cuba,0,3,3,0,12,12,0,0,0,0.015306122448979591,0.007653061224489796
Chickens,Guinea-Bissau,3,0,3,17,0,17,0,0.045917929590269774,0.015306122448979591,0,0.007653061224489796
Chickens,Kiribati,3,0,3,13,0,13,0,0.0054772493862397225,0.015306122448979591,0,0.007653061224489796
Chickens,Paraguay,3,0,3,26,0,26,0,0.026699204893494415,0.015306122448979591,0,0.007653061224489796
Chickens,Samoa,3,0,3,18,0,18,0,0.003106646405456187,0.015306122448979591,0,0.007653061224489796
Chickens,South Sudan,3,0,3,11,0,11,0,0.03735220113528885,0.015306122448979591,0,0.007653061224489796
Chickens,Timor-Leste,3,0,3,10,0,10,0,0.020430339858091822,0.015306122448979591,0,0.007653061224489796
Chickens,Lesotho,1,1,2,9,1,10,0,0.01530298065568501,0.00510204081632653,0.00510204081632653,0.00510204081632653
Chickens,Nauru,2,0,2,2,0,2,0,2.3440367043820335e-4,0.01020408163265306,0,0.00510204081632653
Chickens,Tonga,2,0,2,17,0,17,0,0.00430794570219994,0.01020408163265306,0,0.00510204081632653
Chickens,Vanuatu,2,0,2,18,0,18,0,0.0032924307531967427,0.01020408163265306,0,0.00510204081632653
Chickens,"China, Macao SAR",1,0,1,13,0,13,0,0.01804392050016666,0.00510204081632653,0,0.002551020408163265
Chickens,Cook Islands,1,0,1,16,0,16,0,0.0028722427350179845,0.00510204081632653,0,0.002551020408163265
Chickens,Faroe Islands,1,0,1,13,0,13,0,0.044995782764871754,0.00510204081632653,0,0.002551020408163265
Chickens,Niue,1,0,1,5,0,5,0,8.975758546931259e-4,0.00510204081632653,0,0.002551020408163265
Chickens,Solomon Islands,1,0,1,1,0,1,0,1.7951517093862352e-4,0.00510204081632653,0,0.002551020408163265
Chickens,Tokelau,0,1,1,0,1,1,0,0,0,0.00510204081632653,0.002551020408163265
Cattle,United Arab Emirates,67,67,134,249,180,429,4571.56714834289,0.26376137457628507,0.3435897435897436,0.3435897435897436,0.3435897435897436
Cattle,United States of America,36,97,133,116,526,642,3911.9583731935963,0.06693529143869947,0.18461538461538463,0.49743589743589745,0.34102564102564104
Cattle,Germany,44,88,132,357,744,1101,1513.6975231516665,0.9081247410387429,0.22564102564102564,0.4512820512820513,0.3384615384615385
Cattle,Netherlands (Kingdom of the),40,84,124,376,687,1063,730.7490194840242,0.9485241765976522,0.20512820512820512,0.4307692307692308,0.31794871794871793
Cattle,France,36,72,108,277,551,828,553.7119282278054,0.7545823928421427,0.18461538461538463,0.36923076923076925,0.27692307692307694
Cattle,South Africa,29,68,97,102,327,429,2279.070860131361,0.07598043632960548,0.14871794871794872,0.3487179487179487,0.24871794871794872
Cattle,United Kingdom of Great Britain and Northern Ireland,39,55,94,222,250,472,1570.6061856475358,0.5037324904109772,0.2,0.28205128205128205,0.24102564102564103
Cattle,Denmark,28,58,86,105,453,558,856.3531253860402,0.30206380049229864,0.14358974358974358,0.29743589743589743,0.2205128205128205
Cattle,Hungary,32,54,86,282,455,737,152.65518064517255,0.8493595184659911,0.1641025641025641,0.27692307692307694,0.2205128205128205
Cattle,United Republic of Tanzania,25,61,86,76,167,243,2408.1742366543167,0.05399845549299743,0.1282051282051282,0.3128205128205128,0.2205128205128205
Cattle,Austria,28,57,85,237,468,705,262.3003921830147,0.7128824749282214,0.14358974358974358,0.2923076923076923,0.21794871794871795
Cattle,Italy,36,49,85,366,352,718,789.0772245067938,1,0.18461538461538463,0.2512820512820513,0.21794871794871795
Cattle,Belgium,31,48,79,275,293,568,379.27007442989213,0.761107566532769,0.15897435897435896,0.24615384615384617,0.20256410256410257
Cattle,Czechia,27,49,76,175,407,582,420.88690152739855,0.5488672114837744,0.13846153846153847,0.2512820512820513,0.19487179487179487
Cattle,Spain,34,42,76,295,243,538,1126.719501427391,0.8377436938261942,0.17435897435897435,0.2153846153846154,0.19487179487179487
Cattle,Romania,27,46,73,247,394,641,260.9159590223711,0.7566963204861181,0.13846153846153847,0.2358974358974359,0.18717948717948718
Cattle,Poland,30,41,71,267,334,601,60.809137352380056,0.7709920208936509,0.15384615384615385,0.21025641025641026,0.18205128205128204
Cattle,Ireland,23,47,70,131,283,414,588.9611166070367,0.4057561042207359,0.11794871794871795,0.24102564102564103,0.1794871794871795
Cattle,Slovakia,24,45,69,195,285,480,859.1295051966493,0.6325078033899363,0.12307692307692308,0.23076923076923078,0.17692307692307693
Cattle,Uganda,32,36,68,99,115,214,2302.2720453646484,0.07553741574476391,0.1641025641025641,0.18461538461538463,0.17435897435897435
Cattle,Australia,13,53,66,24,380,404,1111.6812491892044,0.018051624281173736,0.06666666666666667,0.2717948717948718,0.16923076923076924
Cattle,Thailand,24,41,65,82,144,226,1591.1399128921205,0.02615104505105559,0.12307692307692308,0.21025641025641026,0.16666666666666666
Cattle,Switzerland,24,33,57,138,160,298,607.0346774455409,0.4268263941392213,0.12307692307692308,0.16923076923076924,0.14615384615384616
Cattle,Bulgaria,26,30,56,171,150,321,689.3318244279061,0.5510535139889916,0.13333333333333333,0.15384615384615385,0.14358974358974358
Cattle,Canada,16,40,56,43,139,182,1366.3691917358324,0.034565124132231076,0.08205128205128205,0.20512820512820512,0.14358974358974358
Cattle,Croatia,29,26,55,231,153,384,308.51276652072784,0.7170632384814545,0.14871794871794872,0.13333333333333333,0.14102564102564102
Cattle,Lithuania,22,32,54,161,238,399,157.75802291521268,0.4368268945648091,0.11282051282051282,0.1641025641025641,0.13846153846153847
Cattle,Sweden,22,32,54,62,110,172,607.2174683302314,0.16122712974416467,0.11282051282051282,0.1641025641025641,0.13846153846153847
Cattle,Russian Federation,33,20,53,252,88,340,607.696507088929,0.5150632116297746,0.16923076923076924,0.10256410256410256,0.1358974358974359
Cattle,Estonia,20,32,52,110,205,315,250.75869787086918,0.2794611992410341,0.10256410256410256,0.1641025641025641,0.13333333333333333
Cattle,Slovenia,22,30,52,203,191,394,61.659115928874,0.670455375203736,0.11282051282051282,0.15384615384615385,0.13333333333333333
Cattle,Türkiye,37,15,52,224,30,254,362.82002269191196,0.48918624288929324,0.18974358974358974,0.07692307692307693,0.13333333333333333
Cattle,"China, mainland",22,29,51,99,87,186,1177.2249196908983,0.014996038152865331,0.11282051282051282,0.14871794871794872,0.13076923076923078
Cattle,Lebanon,47,4,51,327,7,334,308.9564161734282,0.7773098933026946,0.24102564102564103,0.020512820512820513,0.13076923076923078
Cattle,Greece,30,20,50,269,75,344,234.3478865872104,0.828060225880775,0.15384615384615385,0.10256410256410256,0.1282051282051282
Cattle,India,19,31,50,48,73,121,1674.8821661937502,0.045421309219333905,0.09743589743589744,0.15897435897435896,0.1282051282051282
Cattle,Latvia,17,33,50,133,184,317,25.338477823732237,0.36813463018804854,0.08717948717948718,0.16923076923076924,0.1282051282051282
Cattle,Egypt,35,13,48,164,28,192,834.6469954472246,0.29986202841204107,0.1794871794871795,0.06666666666666667,0.12307692307692308
Cattle,Ethiopia,14,31,45,24,141,165,1297.5161928121902,0.052097188343225194,0.07179487179487179,0.15897435897435896,0.11538461538461539
Cattle,Brazil,10,33,43,46,140,186,943.2707452690624,0.00778459391420157,0.05128205128205128,0.16923076923076924,0.11025641025641025
Cattle,Georgia,24,17,41,93,44,137,504.2351129792198,0.24055964700032043,0.12307692307692308,0.08717948717948718,0.10512820512820513
Cattle,Luxembourg,15,26,41,103,165,268,149.1595761365111,0.35563312247518175,0.07692307692307693,0.13333333333333333,0.10512820512820513
Cattle,Malaysia,32,9,41,107,28,135,1004.7549466480424,0.04521739122776126,0.1641025641025641,0.046153846153846156,0.10512820512820513
Cattle,Qatar,32,9,41,107,24,131,1268.675200027052,0.12600624254076792,0.1641025641025641,0.046153846153846156,0.10512820512820513
Cattle,Saudi Arabia,30,11,41,109,39,148,571.5243101149983,0.07718009186644338,0.15384615384615385,0.05641025641025641,0.10512820512820513
Cattle,Nicaragua,8,31,39,70,113,183,92.93679486540742,0.013404286825457044,0.041025641025641026,0.15897435897435896,0.1
Cattle,Ukraine,18,21,39,105,96,201,160.00435837003957,0.3272956145023333,0.09230769230769231,0.1076923076923077,0.1
Cattle,Niger,6,32,38,40,133,173,488.1007031494167,0.006449624373090129,0.03076923076923077,0.1641025641025641,0.09743589743589744
Cattle,Ghana,25,11,36,70,24,94,1709.930504864508,0.038348649091473945,0.1282051282051282,0.05641025641025641,0.09230769230769231
Cattle,Portugal,15,21,36,115,82,197,300.5930210723132,0.3915752640003848,0.07692307692307693,0.1076923076923077,0.09230769230769231
Cattle,Kuwait,28,7,35,85,24,109,382.66556303990814,0.1239559720801199,0.14358974358974358,0.035897435897435895,0.08974358974358974
Cattle,New Zealand,7,28,35,19,85,104,1117.8793692910137,0.014022445611861582,0.035897435897435895,0.14358974358974358,0.08974358974358974
Cattle,Pakistan,20,15,35,63,50,113,891.5687454351694,0.09549841703455182,0.10256410256410256,0.07692307692307693,0.08974358974358974
Cattle,Serbia,23,12,35,160,67,227,329.85853730855155,0.4917490811094284,0.11794871794871795,0.06153846153846154,0.08974358974358974
Cattle,Kazakhstan,24,9,33,127,43,170,3.4539141414141414,0.2492029471681827,0.12307692307692308,0.046153846153846156,0.08461538461538462
Cattle,Bahrain,26,6,32,95,9,104,181.03274226043212,0.0963884691407232,0.13333333333333333,0.03076923076923077,0.08205128205128205
Cattle,Jordan,24,8,32,130,25,155,89.55452952906512,0.21825150948717698,0.12307692307692308,0.041025641025641026,0.08205128205128205
Cattle,Oman,20,11,31,92,50,142,476.50744456334655,0.05827598560775349,0.10256410256410256,0.05641025641025641,0.07948717948717948
Cattle,Iran (Islamic Republic of),18,12,30,51,34,85,56.557647466912165,0.09538019837924568,0.09230769230769231,0.06153846153846154,0.07692307692307693
Cattle,Israel,24,5,29,120,5,125,542.4961043218557,0.2646550912295358,0.12307692307692308,0.02564102564102564,0.07435897435897436
Cattle,Singapore,18,11,29,47,22,69,712.1691482668224,0.03286049541015837,0.09230769230769231,0.05641025641025641,0.07435897435897436
Cattle,Finland,12,16,28,39,50,89,374.19037321547336,0.09940451640346243,0.06153846153846154,0.08205128205128205,0.07179487179487179
Cattle,Uzbekistan,22,6,28,138,9,147,190.80465298991933,0.3438395871812495,0.11282051282051282,0.03076923076923077,0.07179487179487179
Cattle,Bosnia and Herzegovina,23,4,27,186,18,204,4.542857142857143,0.5968023959258432,0.11794871794871795,0.020512820512820513,0.06923076923076923
Cattle,Cyprus,16,11,27,46,27,73,251.4177438347635,0.15917054397361705,0.08205128205128205,0.05641025641025641,0.06923076923076923
Cattle,Indonesia,17,10,27,49,20,69,629.5979426834124,0.026731685433232476,0.08717948717948718,0.05128205128205128,0.06923076923076923
Cattle,Iraq,24,3,27,75,4,79,169.79043463174972,0.11368340856025604,0.12307692307692308,0.015384615384615385,0.06923076923076923
Cattle,Philippines,14,13,27,51,25,76,367.0796269939762,0.017262185643820694,0.07179487179487179,0.06666666666666667,0.06923076923076923
Cattle,Zambia,14,13,27,59,37,96,502.23406351805755,0.014331792988369637,0.07179487179487179,0.06666666666666667,0.06923076923076923
Cattle,Kenya,10,16,26,49,61,110,558.0037560836569,0.04191072416719909,0.05128205128205128,0.08205128205128205,0.06666666666666667
Cattle,Republic of Moldova,13,13,26,50,67,117,70.15296728685982,0.17118270996774024,0.06666666666666667,0.06666666666666667,0.06666666666666667
Cattle,Armenia,18,6,24,51,15,66,202.87915538493093,0.13496086250846442,0.09230769230769231,0.03076923076923077,0.06153846153846154
Cattle,Japan,17,7,24,58,11,69,326.15190467915573,0.02835137356887083,0.08717948717948718,0.035897435897435895,0.06153846153846154
Cattle,Libya,24,0,24,110,0,110,0,0.288890135996736,0.12307692307692308,0,0.06153846153846154
Cattle,Mexico,9,15,24,59,100,159,331.40152552126233,0.00974237262366112,0.046153846153846156,0.07692307692307693,0.06153846153846154
Cattle,Uruguay,4,20,24,14,130,144,102.19586189008791,3.545349760454048e-4,0.020512820512820513,0.10256410256410256,0.06153846153846154
Cattle,Albania,20,3,23,146,3,149,42.045606148237745,0.42349904214328704,0.10256410256410256,0.015384615384615385,0.05897435897435897
Cattle,Azerbaijan,20,3,23,100,8,108,102.1250767055496,0.24132336279111602,0.10256410256410256,0.015384615384615385,0.05897435897435897
Cattle,Belarus,15,8,23,72,37,109,173.64408579065696,0.18367664429018782,0.07692307692307693,0.041025641025641026,0.05897435897435897
Cattle,Mali,9,14,23,37,68,105,133.13977961666816,0.03293256843608529,0.046153846153846156,0.07179487179487179,0.05897435897435897
Cattle,Republic of Korea,11,12,23,39,15,54,647.900534671778,0.024367897882042917,0.05641025641025641,0.06153846153846154,0.05897435897435897
Cattle,Viet Nam,18,5,23,65,13,78,347.29040346478416,0.027761968823942513,0.09230769230769231,0.02564102564102564,0.05897435897435897
Cattle,Zimbabwe,10,12,22,46,32,78,713.7512368129719,0.009113625410359674,0.05128205128205128,0.06153846153846154,0.05641025641025641
Cattle,Botswana,8,13,21,39,53,92,89.33293351000714,0.010153214316426264,0.041025641025641026,0.06666666666666667,0.05384615384615385
Cattle,Senegal,15,6,21,55,18,73,394.2565706758692,0.08437588846113736,0.07692307692307693,0.03076923076923077,0.05384615384615385
Cattle,Guatemala,12,8,20,81,54,135,403.2487876849971,0.012357605694977736,0.06153846153846154,0.041025641025641026,0.05128205128205128
Cattle,Malta,16,4,20,39,8,47,65.90622588534833,0.1297529092349521,0.08205128205128205,0.020512820512820513,0.05128205128205128
Cattle,North Macedonia,13,7,20,62,22,84,137.27633085868374,0.2025067323657114,0.06666666666666667,0.035897435897435895,0.05128205128205128
Cattle,Rwanda,10,10,20,39,48,87,593.589155303936,0.04396357612617213,0.05128205128205128,0.05128205128205128,0.05128205128205128
Cattle,Burkina Faso,10,9,19,39,81,120,68.54860821545603,0.00981991485357875,0.05128205128205128,0.046153846153846156,0.04871794871794872
Cattle,"China, Hong Kong SAR",16,3,19,48,4,52,163.59241887872625,0.017745485414914764,0.08205128205128205,0.015384615384615385,0.04871794871794872
Cattle,Democratic Republic of the Congo,15,4,19,70,5,75,255.88210147277127,0.0191437018884975,0.07692307692307693,0.020512820512820513,0.04871794871794872
Cattle,Nigeria,13,6,19,48,22,70,383.8392620404753,0.030899887283558473,0.06666666666666667,0.03076923076923077,0.04871794871794872
Cattle,Panama,11,8,19,55,54,109,318.4088427108982,0.006964283137869285,0.05641025641025641,0.041025641025641026,0.04871794871794872
Cattle,Peru,14,5,19,42,8,50,286.7834650377832,0.033618099314310014,0.07179487179487179,0.02564102564102564,0.04871794871794872
Cattle,Colombia,8,10,18,27,59,86,29.91166333666334,0.007818890166724343,0.041025641025641026,0.05128205128205128,0.046153846153846156
Cattle,Morocco,14,4,18,104,4,108,292.0871959000519,0.35678902323578787,0.07179487179487179,0.020512820512820513,0.046153846153846156
Cattle,Sri Lanka,8,10,18,16,16,32,239.83941762985265,0.0071675804500529175,0.041025641025641026,0.05128205128205128,0.046153846153846156
Cattle,Angola,10,7,17,40,15,55,649.8160228528507,0.007752327531686546,0.05128205128205128,0.035897435897435895,0.04358974358974359
Cattle,Honduras,9,8,17,78,35,113,20.23438636526872,0.014091621067819367,0.046153846153846156,0.041025641025641026,0.04358974358974359
Cattle,Kyrgyzstan,10,7,17,20,39,59,63.71796395440359,0.04415122553784197,0.05128205128205128,0.035897435897435895,0.04358974358974359
Cattle,Norway,8,9,17,32,19,51,155.38253157337311,0.04631252567078511,0.041025641025641026,0.046153846153846156,0.04358974358974359
Cattle,Syrian Arab Republic,12,5,17,45,6,51,171.88360021065608,0.08051965697632907,0.06153846153846154,0.02564102564102564,0.04358974358974359
Cattle,Yemen,13,4,17,58,6,64,44.952529391629994,0.028478215169400644,0.06666666666666667,0.020512820512820513,0.04358974358974359
Cattle,Cameroon,11,5,16,28,37,65,257.8507510033826,0.011018582398002153,0.05641025641025641,0.02564102564102564,0.041025641025641026
Cattle,Tajikistan,14,2,16,42,2,44,49.60641626930228,0.07130545681299384,0.07179487179487179,0.010256410256410256,0.041025641025641026
Cattle,Algeria,15,0,15,78,0,78,0,0.27486367066222794,0.07692307692307693,0,0.038461538461538464
Cattle,Argentina,6,9,15,26,62,88,111.75487016006518,0.0023823986878173547,0.03076923076923077,0.046153846153846156,0.038461538461538464
Cattle,Congo,13,2,15,28,2,30,444.98161795055705,0.010555032339359754,0.06666666666666667,0.010256410256410256,0.038461538461538464
Cattle,Costa Rica,8,7,15,67,81,148,227.9726948490107,0.015491954151048013,0.041025641025641026,0.035897435897435895,0.038461538461538464
Cattle,Mozambique,10,5,15,36,5,41,251.81321813053987,0.010419853235236374,0.05128205128205128,0.02564102564102564,0.038461538461538464
Cattle,Namibia,6,9,15,36,56,92,28.03385151171296,0.00835493468450961,0.03076923076923077,0.046153846153846156,0.038461538461538464
Cattle,Somalia,3,12,15,21,64,85,12.518357824665875,0.00903325848574811,0.015384615384615385,0.06153846153846154,0.038461538461538464
Cattle,Benin,8,6,14,29,16,45,368.51687023330953,0.0027227534233038686,0.041025641025641026,0.03076923076923077,0.035897435897435895
Cattle,Chile,7,7,14,15,20,35,389.5871246808747,0.00450209904497739,0.035897435897435895,0.035897435897435895,0.035897435897435895
Cattle,Montenegro,13,1,14,66,4,70,3.5261904761904757,0.2078844948756169,0.06666666666666667,0.005128205128205128,0.035897435897435895
Cattle,Sudan,9,5,14,19,13,32,19.995238095238086,0.025778287224798892,0.046153846153846156,0.02564102564102564,0.035897435897435895
Cattle,Togo,7,7,14,38,14,52,66.66246629449283,0.0025871432470343635,0.035897435897435895,0.035897435897435895,0.035897435897435895
Cattle,Afghanistan,10,3,13,22,7,29,203.17722806290138,0.02089014331391002,0.05128205128205128,0.015384615384615385,0.03333333333333333
Cattle,Côte d'Ivoire,9,4,13,55,8,63,39.226908179539755,0.019460811773580725,0.046153846153846156,0.020512820512820513,0.03333333333333333
Cattle,Lao People's Democratic Republic,7,6,13,33,21,54,161.6040327319739,0.003943309432451765,0.035897435897435895,0.03076923076923077,0.03333333333333333
Cattle,Venezuela (Bolivarian Republic of),10,3,13,48,3,51,605.3836175395252,0.015291259061429474,0.05128205128205128,0.015384615384615385,0.03333333333333333
Cattle,Sudan (former),6,6,12,13,10,23,95.77410167260787,0.01163901889841308,0.03076923076923077,0.03076923076923077,0.03076923076923077
Cattle,Tunisia,10,2,12,69,2,71,70.35923671981689,0.2251923943251327,0.05128205128205128,0.010256410256410256,0.03076923076923077
Cattle,Brunei Darussalam,9,2,11,42,3,45,229.9329868775302,0.016177083607360754,0.046153846153846156,0.010256410256410256,0.028205128205128206
Cattle,Burundi,7,4,11,42,9,51,45.405036630036626,0.01679591400902129,0.035897435897435895,0.020512820512820513,0.028205128205128206
Cattle,Djibouti,3,8,11,19,39,58,2.2271395271395273,0.005792375937885435,0.015384615384615385,0.041025641025641026,0.028205128205128206
Cattle,El Salvador,8,3,11,76,12,88,0,0.005650130212045868,0.041025641025641026,0.015384615384615385,0.028205128205128206
Cattle,Malawi,8,3,11,40,5,45,40.89221860011335,0.009313138828034643,0.041025641025641026,0.015384615384615385,0.028205128205128206
Cattle,Turkmenistan,11,0,11,28,0,28,0,0.0759270177047538,0.05641025641025641,0,0.028205128205128206
Cattle,Bolivia (Plurinational State of),8,1,9,38,1,39,19.090284569231933,0.001531124329123395,0.041025641025641026,0.005128205128205128,0.023076923076923078
Cattle,Ecuador,8,1,9,15,1,16,178.49799850562238,0.0012579699248640773,0.041025641025641026,0.005128205128205128,0.023076923076923078
Cattle,Gabon,8,1,9,31,1,32,28.65645363408521,0.006079760965142292,0.041025641025641026,0.005128205128205128,0.023076923076923078
Cattle,Myanmar,2,7,9,14,29,43,32.31543162719635,0.0017871905756181642,0.010256410256410256,0.035897435897435895,0.023076923076923078
Cattle,Paraguay,5,4,9,42,13,55,2.75,7.323661589826964e-4,0.02564102564102564,0.020512820512820513,0.023076923076923078
Cattle,Chad,3,5,8,5,14,19,546.3399427851876,0.0013647202346363204,0.015384615384615385,0.02564102564102564,0.020512820512820513
Cattle,Guinea,6,2,8,14,2,16,174.79489547111035,0.0055133510813827665,0.03076923076923077,0.010256410256410256,0.020512820512820513
Cattle,Mauritania,7,1,8,13,1,14,17.48299755799756,0.027719787074083468,0.035897435897435895,0.005128205128205128,0.020512820512820513
Cattle,Serbia and Montenegro,8,0,8,8,0,8,0,0.023519549453975174,0.041025641025641026,0,0.020512820512820513
Cattle,Vanuatu,3,5,8,3,7,10,223.78463827838826,1.515920594423526e-4,0.015384615384615385,0.02564102564102564,0.020512820512820513
Cattle,Bangladesh,6,1,7,15,1,16,13.749121956474895,0.002194867814870204,0.03076923076923077,0.005128205128205128,0.017948717948717947
Cattle,Belize,5,2,7,22,8,30,0.8365800865800865,0.004209937426849109,0.02564102564102564,0.010256410256410256,0.017948717948717947
Cattle,Cambodia,5,2,7,17,2,19,124.75298121342166,0.005333051233674203,0.02564102564102564,0.010256410256410256,0.017948717948717947
Cattle,Seychelles,4,3,7,8,3,11,27.231374787730214,0.0055087897226717844,0.020512820512820513,0.015384615384615385,0.017948717948717947
Cattle,"China, Taiwan Province of",3,3,6,17,4,21,14.471882160474424,0.002826725139421682,0.015384615384615385,0.015384615384615385,0.015384615384615385
Cattle,Dominican Republic,3,3,6,15,8,23,5.515746753246753,0.0036772521248133226,0.015384615384615385,0.015384615384615385,0.015384615384615385
Cattle,Fiji,2,4,6,9,4,13,157,6.416458471862646e-4,0.010256410256410256,0.020512820512820513,0.015384615384615385
Cattle,Madagascar,5,1,6,6,2,8,5.546508024139603,0.007865756190659174,0.02564102564102564,0.005128205128205128,0.015384615384615385
Cattle,Mauritius,5,1,6,37,1,38,16.356455472631943,0.00861943913597338,0.02564102564102564,0.005128205128205128,0.015384615384615385
Cattle,Mongolia,5,1,6,20,2,22,0,0.0436241949372182,0.02564102564102564,0.005128205128205128,0.015384615384615385
Cattle,Nepal,5,1,6,18,11,29,0,0.005593426057095497,0.02564102564102564,0.005128205128205128,0.015384615384615385
Cattle,Barbados,4,1,5,18,5,23,0,0.0047423244523382285,0.020512820512820513,0.005128205128205128,0.01282051282051282
Cattle,Eritrea,3,2,5,5,7,12,0.22619047619047616,0.020588304792055048,0.015384615384615385,0.010256410256410256,0.01282051282051282
Cattle,Eswatini,2,3,5,12,19,31,0.2361111111111111,0.004128480748775117,0.010256410256410256,0.015384615384615385,0.01282051282051282
Cattle,Gambia,5,0,5,11,0,11,0,0.028293195873323778,0.02564102564102564,0,0.01282051282051282
Cattle,New Caledonia,3,2,5,8,3,11,5.228571428571428,5.975311894616948e-4,0.015384615384615385,0.010256410256410256,0.01282051282051282
Cattle,Palestine,4,1,5,11,1,12,0,0.02489640565956193,0.020512820512820513,0.005128205128205128,0.01282051282051282
Cattle,Sierra Leone,2,3,5,2,7,9,180.60796882855706,8.777542560099403e-5,0.010256410256410256,0.015384615384615385,0.01282051282051282
Cattle,"China, Macao SAR",4,0,4,20,0,20,0,0.003736540807101244,0.020512820512820513,0,0.010256410256410256
Cattle,Kiribati,4,0,4,5,0,5,0,6.574059752714218e-4,0.020512820512820513,0,0.010256410256410256
Cattle,Liberia,4,0,4,7,0,7,0,0.009274233599506854,0.020512820512820513,0,0.010256410256410256
Cattle,Maldives,4,0,4,7,0,7,0,5.360563110047558e-4,0.020512820512820513,0,0.010256410256410256
Cattle,Suriname,4,0,4,15,0,15,0,0.002921678045977341,0.020512820512820513,0,0.010256410256410256
Cattle,Tonga,3,1,4,4,1,5,0,6.891819327863521e-4,0.015384615384615385,0.005128205128205128,0.010256410256410256
Cattle,Trinidad and Tobago,2,2,4,10,2,12,1.0761904761904761,0.0028053252089258367,0.010256410256410256,0.010256410256410256,0.010256410256410256
Cattle,Cabo Verde,3,0,3,6,0,6,0,0.011545954187079193,0.015384615384615385,0,0.007692307692307693
Cattle,Central African Republic,1,2,3,1,4,5,1.75,4.897400301148232e-5,0.005128205128205128,0.010256410256410256,0.007692307692307693
Cattle,Comoros,3,0,3,18,0,18,0,0.0041837208699615,0.015384615384615385,0,0.007692307692307693
Cattle,Cuba,2,1,3,3,1,4,12.08459016828582,7.815201846014204e-4,0.010256410256410256,0.005128205128205128,0.007692307692307693
Cattle,Dominica,3,0,3,3,0,3,0,4.941029017491187e-4,0.015384615384615385,0,0.007692307692307693
Cattle,Equatorial Guinea,3,0,3,15,0,15,0,5.562629398716385e-4,0.015384615384615385,0,0.007692307692307693
Cattle,French Polynesia,3,0,3,4,0,4,0,3.168195146634656e-4,0.015384615384615385,0,0.007692307692307693
Cattle,Iceland,3,0,3,5,0,5,0,0.004499118764821173,0.015384615384615385,0,0.007692307692307693
Cattle,Lesotho,1,2,3,8,9,17,0,0.002820316222997294,0.005128205128205128,0.010256410256410256,0.007692307692307693
Cattle,Saint Lucia,3,0,3,7,0,7,0,4.5670963341018863e-4,0.015384615384615385,0,0.007692307692307693
Cattle,Saint Vincent and the Grenadines,1,2,3,1,8,9,317.01767676767673,2.0398538255252813e-4,0.005128205128205128,0.010256410256410256,0.007692307692307693
Cattle,Solomon Islands,3,0,3,4,0,4,0,4.5827394615184506e-4,0.015384615384615385,0,0.007692307692307693
Cattle,Antigua and Barbuda,2,0,2,2,0,2,0,2.5055033363597415e-4,0.010256410256410256,0,0.005128205128205128
Cattle,Bahamas,2,0,2,9,0,9,0,0.0037083887960053805,0.010256410256410256,0,0.005128205128205128
Cattle,Bhutan,1,1,2,1,1,2,0,2.107490780675307e-4,0.005128205128205128,0.005128205128205128,0.005128205128205128
Cattle,Guyana,1,1,2,7,2,9,0,0.0021739984695152486,0.005128205128205128,0.005128205128205128,0.005128205128205128
Cattle,Haiti,2,0,2,6,0,6,0,3.958811127545687e-4,0.010256410256410256,0,0.005128205128205128
Cattle,Papua New Guinea,2,0,2,2,0,2,0,0.00240231682677431,0.010256410256410256,0,0.005128205128205128
Cattle,Saint Kitts and Nevis,1,1,2,1,1,2,2.0176767676767677,9.464661422396691e-7,0.005128205128205128,0.005128205128205128,0.005128205128205128
Cattle,Sao Tome and Principe,2,0,2,3,0,3,0,7.411985780340301e-4,0.010256410256410256,0,0.005128205128205128
Cattle,Timor-Leste,1,1,2,1,2,3,0,1.240316088873775e-4,0.005128205128205128,0.005128205128205128,0.005128205128205128
Cattle,Democratic People's Republic of Korea,1,0,1,6,0,6,0,4.174782193248695e-4,0.005128205128205128,0,0.002564102564102564
Cattle,Faroe Islands,1,0,1,5,0,5,0,0.007007687423090422,0.005128205128205128,0,0.002564102564102564
Cattle,Grenada,1,0,1,7,0,7,0,6.625262995676043e-6,0.005128205128205128,0,0.002564102564102564
Cattle,Jamaica,1,0,1,5,0,5,0,0.0015528560496537473,0.005128205128205128,0,0.002564102564102564
Cattle,Micronesia (Federated States of),1,0,1,6,0,6,0,2.7122019385820306e-4,0.005128205128205128,0,0.002564102564102564
Cattle,Nauru,1,0,1,3,0,3,0,8.977630195204273e-5,0.005128205128205128,0,0.002564102564102564
Cattle,Samoa,1,0,1,1,0,1,0,8.375723289938752e-5,0.005128205128205128,0,0.002564102564102564
Cattle,South Sudan,1,0,1,4,0,4,0,0.0014019358755988063,0.005128205128205128,0,0.002564102564102564
Cattle,Tokelau,1,0,1,1,0,1,0,2.505459421538605e-4,0.005128205128205128,0,0.002564102564102564
Cattle,Tuvalu,1,0,1,1,0,1,0,2.9771548435003282e-6,0.005128205128205128,0,0.002564102564102564
Swine / pigs,United States of America,32,85,117,82,473,555,4892.25695036643,0.13447580923678581,0.17297297297297298,0.4594594594594595,0.3162162162162162
Swine / pigs,France,29,71,100,174,500,674,3095.5687077912144,0.5865127468258234,0.15675675675675677,0.3837837837837838,0.2702702702702703
Swine / pigs,Netherlands (Kingdom of the),36,64,100,304,499,803,1375.1852228244682,1,0.1945945945945946,0.34594594594594597,0.2702702702702703
Swine / pigs,Denmark,25,68,93,106,660,766,1093.0736208650833,0.3973171274224405,0.13513513513513514,0.3675675675675676,0.25135135135135134
Swine / pigs,Germany,36,56,92,314,434,748,1634.2493272904308,0.9967239942899081,0.1945945945945946,0.3027027027027027,0.24864864864864866
Swine / pigs,United Kingdom of Great Britain and Northern Ireland,23,61,84,152,276,428,2218.3597429140295,0.41621334922308356,0.12432432432432433,0.32972972972972975,0.22702702702702704
Swine / pigs,Canada,13,62,75,48,443,491,875.4544745461086,0.12486695350507386,0.07027027027027027,0.33513513513513515,0.20270270270270271
Swine / pigs,Belgium,21,53,74,141,256,397,1298.5159575565865,0.5318572526811556,0.11351351351351352,0.2864864864864865,0.2
Swine / pigs,Czechia,25,40,65,156,290,446,1633.0893551724052,0.6346642543423705,0.13513513513513514,0.21621621621621623,0.17567567567567569
Swine / pigs,Spain,22,38,60,211,226,437,871.4705954882534,0.7281330531461823,0.11891891891891893,0.20540540540540542,0.16216216216216217
Swine / pigs,Hungary,24,34,58,222,297,519,399.0064028564029,0.8989282632382377,0.12972972972972974,0.1837837837837838,0.15675675675675677
Swine / pigs,Poland,27,31,58,235,225,460,507.97966004938496,0.7588330038276322,0.14594594594594595,0.16756756756756758,0.15675675675675677
Swine / pigs,Italy,29,26,55,272,146,418,758.5384633264566,0.9585750691262357,0.15675675675675677,0.14054054054054055,0.14864864864864866
Swine / pigs,Romania,29,20,49,237,67,304,825.6214980662786,0.9392582958059187,0.15675675675675677,0.10810810810810811,0.13243243243243244
Swine / pigs,Austria,19,27,46,162,197,359,269.0202062209937,0.6585698345683895,0.10270270270270271,0.14594594594594595,0.12432432432432433
Swine / pigs,Slovakia,21,23,44,129,179,308,536.5854618431379,0.5672910219282589,0.11351351351351352,0.12432432432432433,0.11891891891891893
Swine / pigs,Thailand,23,21,44,72,90,162,2138.4732427214926,0.1157661852674149,0.12432432432432433,0.11351351351351352,0.11891891891891893
Swine / pigs,Ireland,11,32,43,69,141,210,89.57662060162062,0.19512755971088633,0.05945945945945946,0.17297297297297298,0.11621621621621622
Swine / pigs,Russian Federation,25,15,40,181,58,239,324.7931272431273,0.4741847569792407,0.13513513513513514,0.08108108108108109,0.10810810810810811
Swine / pigs,South Africa,11,29,40,22,131,153,2468.3715726944547,0.019138351975133288,0.05945945945945946,0.15675675675675677,0.10810810810810811
Swine / pigs,Portugal,19,18,37,98,62,160,622.6022012155744,0.39444605944425065,0.10270270270270271,0.0972972972972973,0.1
Swine / pigs,Bulgaria,19,17,36,154,44,198,724.759131815635,0.6696158963565622,0.10270270270270271,0.0918918918918919,0.0972972972972973
Swine / pigs,Croatia,20,15,35,193,100,293,371.3720418470418,0.7762539297340577,0.10810810810810811,0.08108108108108109,0.0945945945945946
Swine / pigs,Lithuania,15,20,35,109,107,216,242.87435619935607,0.3513388523237458,0.08108108108108109,0.10810810810810811,0.0945945945945946
Swine / pigs,Greece,21,12,33,180,59,239,544.7036102076388,0.6916560197419434,0.11351351351351352,0.06486486486486487,0.0891891891891892
Swine / pigs,"China, mainland",12,20,32,80,71,151,437.2189756933465,0.12839999206228497,0.06486486486486487,0.10810810810810811,0.08648648648648649
Swine / pigs,Luxembourg,11,19,30,97,141,238,27.50583028083028,0.38252907396432445,0.05945945945945946,0.10270270270270271,0.08108108108108109
Swine / pigs,Slovenia,14,16,30,110,82,192,631.9076195082271,0.5106752965669433,0.07567567567567568,0.08648648648648649,0.08108108108108109
Swine / pigs,Sweden,9,21,30,55,73,128,208.582458064811,0.11994577310642535,0.04864864864864865,0.11351351351351352,0.08108108108108109
Swine / pigs,United Arab Emirates,22,8,30,33,12,45,704.3571329255536,0.05859077426938556,0.11891891891891893,0.043243243243243246,0.08108108108108109
Swine / pigs,India,10,19,29,27,44,71,1317.9165633343268,0.03620964124868606,0.05405405405405406,0.10270270270270271,0.07837837837837838
Swine / pigs,Norway,8,20,28,21,98,119,357.98546535164184,0.040121778390057615,0.043243243243243246,0.10810810810810811,0.07567567567567568
Swine / pigs,Latvia,14,13,27,85,68,153,509.61638382064564,0.25389819364079497,0.07567567567567568,0.07027027027027027,0.07297297297297298
Swine / pigs,Serbia,21,6,27,127,37,164,738.9734363377958,0.49756411266229367,0.11351351351351352,0.032432432432432434,0.07297297297297298
Swine / pigs,United Republic of Tanzania,17,10,27,46,12,58,1668.790338359611,0.049120524287372326,0.0918918918918919,0.05405405405405406,0.07297297297297298
Swine / pigs,Ukraine,19,6,25,144,22,166,47.606639378915276,0.5364791278261939,0.10270270270270271,0.032432432432432434,0.06756756756756757
Swine / pigs,Albania,22,2,24,113,2,115,582.430632843996,0.513068502676392,0.11891891891891893,0.010810810810810811,0.06486486486486487
Swine / pigs,Finland,8,16,24,40,50,90,589.0314968632797,0.08198913555995721,0.043243243243243246,0.08648648648648649,0.06486486486486487
Swine / pigs,Cyprus,11,12,23,64,27,91,243.39521039451716,0.2642268438687746,0.05945945945945946,0.06486486486486487,0.062162162162162166
Swine / pigs,Estonia,13,10,23,72,52,124,407.26108525229847,0.10843462881196926,0.07027027027027027,0.05405405405405406,0.062162162162162166
Swine / pigs,Brazil,9,13,22,56,63,119,542.2983274035906,0.11948858988464436,0.04864864864864865,0.07027027027027027,0.05945945945945946
Swine / pigs,Viet Nam,16,5,21,91,18,109,203.7864053487505,0.1495211536036085,0.08648648648648649,0.02702702702702703,0.05675675675675676
Swine / pigs,Egypt,4,16,20,4,23,27,999.2390657602347,0.006701495312591773,0.021621621621621623,0.08648648648648649,0.05405405405405406
Swine / pigs,Ghana,17,3,20,20,3,23,1791.3766581371844,0.039854783040265636,0.0918918918918919,0.016216216216216217,0.05405405405405406
Swine / pigs,Indonesia,11,9,20,12,29,41,1611.5693570344724,0.015812376416081728,0.05945945945945946,0.04864864864864865,0.05405405405405406
Swine / pigs,Switzerland,11,9,20,61,49,110,359.09883773440777,0.21997810810727353,0.05945945945945946,0.04864864864864865,0.05405405405405406
Swine / pigs,Uganda,9,11,20,22,31,53,976.8478067582474,0.013852414462859142,0.04864864864864865,0.05945945945945946,0.05405405405405406
Swine / pigs,Japan,13,6,19,90,9,99,546.523264600896,0.18996129292810776,0.07027027027027027,0.032432432432432434,0.051351351351351354
Swine / pigs,Georgia,15,3,18,59,4,63,276.1818903318904,0.21320963734348342,0.08108108108108109,0.016216216216216217,0.04864864864864865
Swine / pigs,Malaysia,16,2,18,51,5,56,34.19292929292929,0.07867066110690757,0.08648648648648649,0.010810810810810811,0.04864864864864865
Swine / pigs,Kenya,10,7,17,19,20,39,787.2425720130967,0.034570836656880204,0.05405405405405406,0.03783783783783784,0.04594594594594595
Swine / pigs,Republic of Korea,9,8,17,74,12,86,12.963203463203461,0.15519490878824765,0.04864864864864865,0.043243243243243246,0.04594594594594595
Swine / pigs,Bosnia and Herzegovina,14,2,16,97,15,112,176,0.44726483778923287,0.07567567567567568,0.010810810810810811,0.043243243243243246
Swine / pigs,Belarus,12,3,15,69,12,81,28.48546731046731,0.24170729329953153,0.06486486486486487,0.016216216216216217,0.04054054054054054
Swine / pigs,Australia,3,11,14,7,22,29,800.9341370617689,0.007307493306966985,0.016216216216216217,0.05945945945945946,0.03783783783783784
Swine / pigs,"China, Hong Kong SAR",11,3,14,51,3,54,396.9777290204923,0.04815071334652081,0.05945945945945946,0.016216216216216217,0.03783783783783784
Swine / pigs,"China, Taiwan Province of",9,5,14,43,23,66,170.11941569944,0.07932884240718399,0.04864864864864865,0.02702702702702703,0.03783783783783784
Swine / pigs,Malawi,3,10,13,9,17,26,291.50255660792743,7.948841237250972e-4,0.016216216216216217,0.05405405405405406,0.03513513513513514
Swine / pigs,Montenegro,12,1,13,60,1,61,26.027952602952595,0.2482954001628377,0.06486486486486487,0.005405405405405406,0.03513513513513514
Swine / pigs,North Macedonia,10,3,13,44,11,55,4.129761904761905,0.13918014523022942,0.05405405405405406,0.016216216216216217,0.03513513513513514
Swine / pigs,Philippines,12,1,13,67,1,68,15.671679197994989,0.15900903339856567,0.06486486486486487,0.005405405405405406,0.03513513513513514
Swine / pigs,Republic of Moldova,12,1,13,84,1,85,20.184149184149184,0.39924578464362875,0.06486486486486487,0.005405405405405406,0.03513513513513514
Swine / pigs,Singapore,11,2,13,45,2,47,38.984756352627194,0.065178259753929,0.05945945945945946,0.010810810810810811,0.03513513513513514
Swine / pigs,Zambia,6,7,13,20,16,36,70.63888451701752,0.004452441759217326,0.032432432432432434,0.03783783783783784,0.03513513513513514
Swine / pigs,Armenia,11,1,12,27,3,30,0,0.087693743681836675,0.05945945945945946,0.005405405405405406,0.032432432432432434
Swine / pigs,Botswana,4,8,12,18,10,28,224.41010460109442,0.004460955608600692,0.021621621621621623,0.043243243243243246,0.032432432432432434
Swine / pigs,Costa Rica,3,9,12,22,78,100,75.24856203756458,0.020723804616090736,0.016216216216216217,0.04864864864864865,0.032432432432432434
Swine / pigs,Lebanon,4,8,12,4,9,13,899.9188732563732,0.007175555694418614,0.021621621621621623,0.043243243243243246,0.032432432432432434
Swine / pigs,Mexico,7,5,12,41,8,49,379.8914141414142,0.05169121388610624,0.03783783783783784,0.02702702702702703,0.032432432432432434
Swine / pigs,Rwanda,8,4,12,21,14,35,478.93270015009153,0.018758015081022525,0.043243243243243246,0.021621621621621623,0.032432432432432434
Swine / pigs,Colombia,8,3,11,36,7,43,199.3659090909091,0.051228137748341514,0.043243243243243246,0.016216216216216217,0.02972972972972973
Swine / pigs,Kazakhstan,9,2,11,31,6,37,7.909523809523811,0.09116968660559406,0.04864864864864865,0.010810810810810811,0.02972972972972973
Swine / pigs,Cambodia,9,1,10,33,8,41,1,0.02837921999652923,0.04864864864864865,0.005405405405405406,0.02702702702702703
Swine / pigs,Malta,6,4,10,15,9,24,115.41476578976581,0.06138685360082487,0.032432432432432434,0.021621621621621623,0.02702702702702703
Swine / pigs,Namibia,5,5,10,11,12,23,115.23978063634812,0.0025369600065127743,0.02702702702702703,0.02702702702702703,0.02702702702702703
Swine / pigs,Angola,8,1,9,23,1,24,208.8542291042291,0.01386019232472172,0.043243243243243246,0.005405405405405406,0.024324324324324326
Swine / pigs,Argentina,6,3,9,26,17,43,248.5661075036075,0.01779390377385398,0.032432432432432434,0.016216216216216217,0.024324324324324326
Swine / pigs,Côte d'Ivoire,5,4,9,12,7,19,18.627698032961195,0.03319454580881742,0.02702702702702703,0.021621621621621623,0.024324324324324326
Swine / pigs,Chile,5,4,9,32,34,66,7.905952380952381,0.03382490869804994,0.02702702702702703,0.021621621621621623,0.024324324324324326
Swine / pigs,Democratic Republic of the Congo,7,2,9,22,4,26,383.55181499021006,0.014728812099770516,0.03783783783783784,0.010810810810810811,0.024324324324324326
Swine / pigs,Ecuador,8,1,9,49,1,50,10.125000000000002,0.019283793800539576,0.043243243243243246,0.005405405405405406,0.024324324324324326
Swine / pigs,Israel,8,1,9,39,1,40,35.19570707070706,0.1331296120865004,0.043243243243243246,0.005405405405405406,0.024324324324324326
Swine / pigs,Lao People's Democratic Republic,4,5,9,37,14,51,176,0.0238840856385549,0.021621621621621623,0.02702702702702703,0.024324324324324326
Swine / pigs,Zimbabwe,5,4,9,20,8,28,292.145902151273,0.005235842154149204,0.02702702702702703,0.021621621621621623,0.024324324324324326
Swine / pigs,El Salvador,7,1,8,36,1,37,277.4595238095239,0.012100234586037217,0.03783783783783784,0.005405405405405406,0.021621621621621623
Swine / pigs,Guatemala,6,2,8,49,12,61,0,0.022843409833414645,0.032432432432432434,0.010810810810810811,0.021621621621621623
Swine / pigs,Honduras,5,3,8,37,6,43,19.069047619047616,0.010504380675325725,0.02702702702702703,0.016216216216216217,0.021621621621621623
Swine / pigs,New Zealand,0,8,8,0,12,12,0,2.266893294497682e-18,0,0.043243243243243246,0.021621621621621623
Swine / pigs,Nigeria,7,1,8,24,4,28,0,0.040579340829227865,0.03783783783783784,0.005405405405405406,0.021621621621621623
Swine / pigs,Uruguay,4,4,8,18,13,31,38.92002801120447,0.010674846707180968,0.021621621621621623,0.021621621621621623,0.021621621621621623
Swine / pigs,Dominican Republic,3,4,7,21,8,29,2.575,0.015363743260819348,0.016216216216216217,0.021621621621621623,0.01891891891891892
Swine / pigs,Gambia,7,0,7,13,0,13,0,0.01876705262688492,0.03783783783783784,0,0.01891891891891892
Swine / pigs,Guyana,4,3,7,11,6,17,228.32244924725742,0.009395393056536685,0.021621621621621623,0.016216216216216217,0.01891891891891892
Swine / pigs,Nicaragua,4,3,7,15,8,23,546.7650793650794,0.0024378670639443813,0.021621621621621623,0.016216216216216217,0.01891891891891892
Swine / pigs,Qatar,5,2,7,6,2,8,53.888239538239546,0.006728362695061515,0.02702702702702703,0.010810810810810811,0.01891891891891892
Swine / pigs,Saudi Arabia,5,2,7,7,2,9,336.43126456876456,0.0021870376412103354,0.02702702702702703,0.010810810810810811,0.01891891891891892
Swine / pigs,Serbia and Montenegro,6,1,7,6,1,7,51.76666666666667,0.02523677778176861,0.032432432432432434,0.005405405405405406,0.01891891891891892
Swine / pigs,Togo,5,2,7,6,2,8,549.5397860180753,0.004127056216693125,0.02702702702702703,0.010810810810810811,0.01891891891891892
Swine / pigs,Venezuela (Bolivarian Republic of),7,0,7,30,0,30,0,0.016378427759996067,0.03783783783783784,0,0.01891891891891892
Swine / pigs,Belize,3,3,6,8,6,14,3,0.003506794143335149,0.016216216216216217,0.016216216216216217,0.016216216216216217
Swine / pigs,Bolivia (Plurinational State of),6,0,6,38,0,38,0,0.014955614498693568,0.032432432432432434,0,0.016216216216216217
Swine / pigs,Burundi,5,1,6,13,2,15,1.3333333333333333,0.004648173634241104,0.02702702702702703,0.005405405405405406,0.016216216216216217
Swine / pigs,Cameroon,5,1,6,9,1,10,21.67474747474747,0.020619485342332582,0.02702702702702703,0.005405405405405406,0.016216216216216217
Swine / pigs,"China, Macao SAR",6,0,6,24,0,24,0,0.018550207499869166,0.032432432432432434,0,0.016216216216216217
Swine / pigs,Ethiopia,5,1,6,5,1,6,108.33075229686479,0.006047609597036391,0.02702702702702703,0.005405405405405406,0.016216216216216217
Swine / pigs,Jamaica,3,3,6,8,4,12,220.99166666666667,0.006278301446442005,0.016216216216216217,0.016216216216216217,0.016216216216216217
Swine / pigs,Kuwait,6,0,6,8,0,8,0,0.008459912891218634,0.032432432432432434,0,0.016216216216216217
Swine / pigs,Mali,2,4,6,2,12,14,127.23758408045494,1.4544927589397127e-4,0.010810810810810811,0.021621621621621623,0.016216216216216217
Swine / pigs,Mozambique,5,1,6,16,1,17,122.70776764085585,0.00650268471740124,0.02702702702702703,0.005405405405405406,0.016216216216216217
Swine / pigs,Myanmar,4,2,6,20,4,24,14.139754689754689,0.013993393860105258,0.021621621621621623,0.010810810810810811,0.016216216216216217
Swine / pigs,Senegal,3,3,6,4,3,7,1673.2839063714068,0.011289304920759108,0.016216216216216217,0.016216216216216217,0.016216216216216217
Swine / pigs,Syrian Arab Republic,4,2,6,4,2,6,304.1956751094909,0.012040986653193182,0.021621621621621623,0.010810810810810811,0.016216216216216217
Swine / pigs,Benin,4,1,5,7,1,8,179.11709956709956,0.007918678386834943,0.021621621621621623,0.005405405405405406,0.013513513513513514
Swine / pigs,Nepal,3,2,5,16,10,26,15.806227106227109,0.006480992757499276,0.016216216216216217,0.010810810810810811,0.013513513513513514
Swine / pigs,Oman,4,1,5,5,1,6,3.0772546897546893,0.00326477079081193,0.021621621621621623,0.005405405405405406,0.013513513513513514
Swine / pigs,Panama,5,0,5,25,0,25,0,0.014153703698869934,0.02702702702702703,0,0.013513513513513514
Swine / pigs,Türkiye,4,1,5,5,1,6,8.467099567099567,0.018697111524895223,0.021621621621621623,0.005405405405405406,0.013513513513513514
Swine / pigs,Trinidad and Tobago,1,4,5,15,4,19,0,0.012432192560743339,0.005405405405405406,0.021621621621621623,0.013513513513513514
Swine / pigs,Bahamas,3,1,4,12,1,13,75.24856203756458,0.011924587396737142,0.016216216216216217,0.005405405405405406,0.010810810810810811
Swine / pigs,Bahrain,4,0,4,5,0,5,0,0.0035955126295805365,0.021621621621621623,0,0.010810810810810811
Swine / pigs,Barbados,4,0,4,4,0,4,0,0.00961377257264837,0.021621621621621623,0,0.010810810810810811
Swine / pigs,Burkina Faso,3,1,4,11,2,13,0,0.0010693649719090907,0.016216216216216217,0.005405405405405406,0.010810810810810811
Swine / pigs,Fiji,2,2,4,2,2,4,243.03452380952382,4.503816929064905e-5,0.010810810810810811,0.010810810810810811,0.010810810810810811
Swine / pigs,Gabon,4,0,4,7,0,7,0,0.023763298000851973,0.021621621621621623,0,0.010810810810810811
Swine / pigs,Iran (Islamic Republic of),1,3,4,1,3,4,13.273755411255413,2.231703655420781e-4,0.005405405405405406,0.016216216216216217,0.010810810810810811
Swine / pigs,Peru,2,2,4,22,9,31,0,0.017404772693359077,0.010810810810810811,0.010810810810810811,0.010810810810810811
Swine / pigs,Saint Kitts and Nevis,4,0,4,5,0,5,0,0.0016636831117679389,0.021621621621621623,0,0.010810810810810811
Swine / pigs,Saint Vincent and the Grenadines,2,2,4,3,4,7,1.3333333333333333,1.5401308666775914e-4,0.010810810810810811,0.010810810810810811,0.010810810810810811
Swine / pigs,Sri Lanka,4,0,4,4,0,4,0,0.007662012541633677,0.021621621621621623,0,0.010810810810810811
Swine / pigs,Sudan (former),3,1,4,3,1,4,473.44066072816065,0.003291071160808615,0.016216216216216217,0.005405405405405406,0.010810810810810811
Swine / pigs,Suriname,3,1,4,14,5,19,0,0.07585464726952683,0.016216216216216217,0.005405405405405406,0.010810810810810811
Swine / pigs,Central African Republic,3,0,3,3,0,3,0,0.009905215168085513,0.016216216216216217,0,0.008108108108108109
Swine / pigs,Congo,3,0,3,8,0,8,0,0.02445890316212783,0.016216216216216217,0,0.008108108108108109
Swine / pigs,Democratic People's Republic of Korea,3,0,3,6,0,6,0,0.006383833059538912,0.016216216216216217,0,0.008108108108108109
Swine / pigs,Eswatini,1,2,3,11,2,13,0,0.0012975064498741166,0.005405405405405406,0.010810810810810811,0.008108108108108109
Swine / pigs,French Polynesia,3,0,3,4,0,4,0,8.28812837382896e-4,0.016216216216216217,0,0.008108108108108109
Swine / pigs,Grenada,3,0,3,5,0,5,0,9.08283672486095e-4,0.016216216216216217,0,0.008108108108108109
Swine / pigs,Haiti,3,0,3,5,0,5,0,0.0026198246176675323,0.016216216216216217,0,0.008108108108108109
Swine / pigs,Kyrgyzstan,3,0,3,9,0,9,0,0.022570643710456893,0.016216216216216217,0,0.008108108108108109
Swine / pigs,Niger,1,2,3,1,9,10,9.783333333333333,8.964454479443263e-7,0.005405405405405406,0.010810810810810811,0.008108108108108109
Swine / pigs,Paraguay,3,0,3,19,0,19,0,0.012835844766846165,0.016216216216216217,0,0.008108108108108109
Swine / pigs,Sao Tome and Principe,2,1,3,2,1,3,70.67852147852149,0.0032598966105754587,0.010810810810810811,0.005405405405405406,0.008108108108108109
Swine / pigs,Sudan,2,1,3,3,1,4,345.74884971266545,1.5681850231713299e-4,0.010810810810810811,0.005405405405405406,0.008108108108108109
Swine / pigs,Uzbekistan,3,0,3,4,0,4,0,0.0105219769323869,0.016216216216216217,0,0.008108108108108109
Swine / pigs,Afghanistan,2,0,2,3,0,3,0,0.002018737358289197,0.010810810810810811,0,0.005405405405405406
Swine / pigs,Antigua and Barbuda,1,1,2,1,1,2,60.83333333333333,8.288128373828907e-4,0.005405405405405406,0.005405405405405406,0.005405405405405406
Swine / pigs,Azerbaijan,2,0,2,2,0,2,0,0.005441106022359916,0.010810810810810811,0,0.005405405405405406
Swine / pigs,Bhutan,2,0,2,2,0,2,0,9.366704443222844e-4,0.010810810810810811,0,0.005405405405405406
Swine / pigs,Equatorial Guinea,2,0,2,3,0,3,0,0.005960576707096208,0.010810810810810811,0,0.005405405405405406
Swine / pigs,Guinea,2,0,2,4,0,4,0,0.013785667738993175,0.010810810810810811,0,0.005405405405405406
Swine / pigs,Iraq,2,0,2,2,0,2,0,8.552823057844934e-5,0.010810810810810811,0,0.005405405405405406
Swine / pigs,Jordan,2,0,2,2,0,2,0,8.552823057845237e-5,0.010810810810810811,0,0.005405405405405406
Swine / pigs,Mauritania,1,1,2,1,1,2,0,6.95792120274933e-5,0.005405405405405406,0.005405405405405406,0.005405405405405406
Swine / pigs,Mauritius,2,0,2,4,0,4,0,0.010962492077526073,0.010810810810810811,0,0.005405405405405406
Swine / pigs,Mongolia,2,0,2,8,0,8,0,0.010593267341410997,0.010810810810810811,0,0.005405405405405406
Swine / pigs,Saint Lucia,2,0,2,2,0,2,0,8.462138689991949e-4,0.010810810810810811,0,0.005405405405405406
Swine / pigs,Seychelles,2,0,2,2,0,2,0,0.004605647194754148,0.010810810810810811,0,0.005405405405405406
Swine / pigs,Tonga,1,1,2,1,1,2,177.03452380952382,2.775831065241142e-7,0.005405405405405406,0.005405405405405406,0.005405405405405406
Swine / pigs,Tunisia,1,1,2,2,1,3,7.208333333333332,0.007229691297146217,0.005405405405405406,0.005405405405405406,0.005405405405405406
Swine / pigs,Algeria,1,0,1,1,0,1,0,0.0011707857277693853,0.005405405405405406,0,0.002702702702702703
Swine / pigs,Bangladesh,1,0,1,1,0,1,0,2.2317036554207734e-4,0.005405405405405406,0,0.002702702702702703
Swine / pigs,Brunei Darussalam,1,0,1,1,0,1,0,7.135000787802116e-4,0.005405405405405406,0,0.002702702702702703
Swine / pigs,Cabo Verde,1,0,1,1,0,1,0,0.0024310837731925674,0.005405405405405406,0,0.002702702702702703
Swine / pigs,Chad,0,1,1,0,1,1,0,2.266893294497682e-18,0,0.005405405405405406,0.002702702702702703
Swine / pigs,Comoros,1,0,1,1,0,1,0,3.02743826859349e-4,0.005405405405405406,0,0.002702702702702703
Swine / pigs,Cook Islands,1,0,1,2,0,2,0,6.0450487853271514e-18,0.005405405405405406,0,0.002702702702702703
Swine / pigs,Cuba,1,0,1,1,0,1,0,7.695907138782831e-4,0.005405405405405406,0,0.002702702702702703
Swine / pigs,Dominica,0,1,1,0,1,1,0,2.266893294497682e-18,0,0.005405405405405406,0.002702702702702703
Swine / pigs,Eritrea,1,0,1,2,0,2,0,0.011815944107658648,0.005405405405405406,0,0.002702702702702703
Swine / pigs,Faroe Islands,1,0,1,1,0,1,0,0.0024487789855198103,0.005405405405405406,0,0.002702702702702703
Swine / pigs,Iceland,1,0,1,2,0,2,0,4.945639691932778e-4,0.005405405405405406,0,0.002702702702702703
Swine / pigs,Lesotho,1,0,1,7,0,7,0,8.2568592264716e-4,0.005405405405405406,0,0.002702702702702703
Swine / pigs,Madagascar,1,0,1,1,0,1,0,0.0036148456485731086,0.005405405405405406,0,0.002702702702702703
Swine / pigs,Maldives,1,0,1,1,0,1,0,2.2317036554207886e-4,0.005405405405405406,0,0.002702702702702703
Swine / pigs,Morocco,1,0,1,1,0,1,0,0.003614845648573111,0.005405405405405406,0,0.002702702702702703
Swine / pigs,Nauru,1,0,1,1,0,1,0,0.006143094780269567,0.005405405405405406,0,0.002702702702702703
Swine / pigs,New Caledonia,0,1,1,0,1,1,0,2.266893294497682e-18,0,0.005405405405405406,0.002702702702702703
Swine / pigs,Niue,1,0,1,1,0,1,0,2.266893294497682e-18,0.005405405405405406,0,0.002702702702702703
Swine / pigs,Pakistan,1,0,1,1,0,1,0,8.288128373828885e-4,0.005405405405405406,0,0.002702702702702703
Swine / pigs,Papua New Guinea,1,0,1,1,0,1,0,4.5038169290652824e-5,0.005405405405405406,0,0.002702702702702703
Swine / pigs,Samoa,1,0,1,2,0,2,0,6.0450487853271514e-18,0.005405405405405406,0,0.002702702702702703
Swine / pigs,Solomon Islands,1,0,1,1,0,1,0,4.5038169290654335e-5,0.005405405405405406,0,0.002702702702702703
Swine / pigs,South Sudan,1,0,1,2,0,2,0,1.7075277703442284e-4,0.005405405405405406,0,0.002702702702702703
Swine / pigs,Tajikistan,0,1,1,0,1,1,0,2.266893294497682e-18,0,0.005405405405405406,0.002702702702702703
Swine / pigs,Timor-Leste,1,0,1,3,0,3,0,2.923685822206795e-4,0.005405405405405406,0,0.002702702702702703
Swine / pigs,Tuvalu,1,0,1,1,0,1,0,2.7758310652562547e-7,0.005405405405405406,0,0.002702702702702703
Sheep,United Arab Emirates,46,36,82,223,106,329,5925.842126811246,0.25846267155844266,0.24864864864864866,0.1945945945945946,0.22162162162162163
Sheep,Netherlands (Kingdom of the),31,46,77,218,258,476,433.6106100177494,0.7640660117520127,0.16756756756756758,0.24864864864864866,0.20810810810810812
Sheep,France,25,51,76,202,333,535,793.9530487358879,0.8297581155704568,0.13513513513513514,0.2756756756756757,0.20540540540540542
Sheep,United States of America,18,57,75,53,175,228,5622.508886349828,0.009344902444097783,0.0972972972972973,0.3081081081081081,0.20270270270270271
Sheep,Romania,27,44,71,113,323,436,1083.6644122628547,0.5222974105005509,0.14594594594594595,0.23783783783783785,0.1918918918918919
Sheep,Thailand,16,51,67,29,106,135,4448.743554493008,0.04532644852086485,0.08648648648648649,0.2756756756756757,0.1810810810810811
Sheep,Germany,27,37,64,235,209,444,1591.0448945476144,0.895055110097269,0.14594594594594595,0.2,0.17297297297297298
Sheep,Hungary,20,37,57,105,209,314,658.3903025251371,0.49067715841040205,0.10810810810810811,0.2,0.15405405405405406
Sheep,Spain,20,36,56,115,188,303,913.8209033840443,0.607307513296969,0.10810810810810811,0.1945945945945946,0.15135135135135136
Sheep,United Kingdom of Great Britain and Northern Ireland,25,27,52,83,121,204,2156.29896332985,0.22244316179888476,0.13513513513513514,0.14594594594594595,0.14054054054054055
Sheep,Australia,5,44,49,21,302,323,987.0327276058248,0.004106759122859717,0.02702702702702703,0.23783783783783785,0.13243243243243244
Sheep,Italy,27,22,49,246,97,343,750.535347960093,1,0.14594594594594595,0.11891891891891893,0.13243243243243244
Sheep,Belgium,16,31,47,113,112,225,981.2976434184393,0.5156756177332086,0.08648648648648649,0.16756756756756758,0.12702702702702703
Sheep,Saudi Arabia,29,14,43,197,72,269,1376.780475737418,0.17194389042808741,0.15675675675675677,0.07567567567567568,0.11621621621621622
Sheep,Qatar,36,6,42,177,35,212,50.15540895178667,0.22366477186171227,0.1945945945945946,0.032432432432432434,0.11351351351351352
Sheep,Kuwait,29,11,40,133,50,183,1395.6413792500928,0.12710188146548915,0.15675675675675677,0.05945945945945946,0.10810810810810811
Sheep,Czechia,11,28,39,38,146,184,306.48463104233224,0.22465251115045048,0.05945945945945946,0.15135135135135136,0.10540540540540541
Sheep,Russian Federation,23,16,39,73,75,148,773.3634496192834,0.17229061562152498,0.12432432432432433,0.08648648648648649,0.10540540540540541
Sheep,South Africa,7,32,39,26,160,186,1331.63629115982,9.15072013985651e-4,0.03783783783783784,0.17297297297297298,0.10540540540540541
Sheep,Bulgaria,21,17,38,107,77,184,413.5981755250122,0.4862463096952695,0.11351351351351352,0.0918918918918919,0.10270270270270271
Sheep,Austria,12,25,37,106,119,225,322.6539135429608,0.5098310245447812,0.06486486486486487,0.13513513513513514,0.1
Sheep,Greece,19,18,37,124,93,217,303.756255749754,0.6375763952912333,0.10270270270270271,0.0972972972972973,0.1
Sheep,Poland,13,24,37,54,104,158,353.77544796706565,0.22982337944979556,0.07027027027027027,0.12972972972972974,0.1
Sheep,Niger,7,29,36,35,140,175,1020.72321830466,0.0023678904186728105,0.03783783783783784,0.15675675675675677,0.0972972972972973
Sheep,Lebanon,29,6,35,177,22,199,493.5633618621522,0.5541853107266376,0.15675675675675677,0.032432432432432434,0.0945945945945946
Sheep,India,4,30,34,12,99,111,1030.0458170902061,0.003970376206292548,0.021621621621621623,0.16216216216216217,0.0918918918918919
Sheep,Slovakia,12,21,33,63,105,168,212.76547849878497,0.2790836254930943,0.06486486486486487,0.11351351351351352,0.0891891891891892
Sheep,Bahrain,28,4,32,136,13,149,878.3402253059165,0.13448601795603768,0.15135135135135136,0.021621621621621623,0.08648648648648649
Sheep,"China, mainland",9,22,31,29,40,69,971.6784331202147,0.0020986093147527993,0.04864864864864865,0.11891891891891893,0.08378378378378379
Sheep,Jordan,23,8,31,122,69,191,210.7113914021884,0.18323166840661498,0.12432432432432433,0.043243243243243246,0.08378378378378379
Sheep,Oman,25,6,31,115,53,168,210.7334446672912,0.0848039910288008,0.13513513513513514,0.032432432432432434,0.08378378378378379
Sheep,Türkiye,15,16,31,64,38,102,823.3498010632115,0.1868514033376766,0.08108108108108109,0.08648648648648649,0.08378378378378379
Sheep,Georgia,13,16,29,27,74,101,279.70194339520765,0.04229283256012748,0.07027027027027027,0.08648648648648649,0.07837837837837838
Sheep,Iran (Islamic Republic of),22,7,29,54,57,111,449.72404045551855,0.1295282490728745,0.11891891891891893,0.03783783783783784,0.07837837837837838
Sheep,Egypt,12,16,28,29,32,61,1490.2359226561632,0.02622760730979665,0.06486486486486487,0.08648648648648649,0.07567567567567568
Sheep,Switzerland,13,15,28,98,65,163,846.0595466449953,0.5475107253506717,0.07027027027027027,0.08108108108108109,0.07567567567567568
Sheep,Croatia,11,15,26,63,54,117,150.08986632132917,0.2970521509119077,0.05945945945945946,0.08108108108108109,0.07027027027027027
Sheep,Ireland,7,19,26,36,107,143,379.1296348614441,0.16077168707787018,0.03783783783783784,0.10270270270270271,0.07027027027027027
Sheep,Libya,26,0,26,84,0,84,0,0.26416208389954415,0.14054054054054055,0,0.07027027027027027
Sheep,New Zealand,3,23,26,19,94,113,786.408810900558,0.0010221241687253541,0.016216216216216217,0.12432432432432433,0.07027027027027027
Sheep,Serbia,15,11,26,54,59,113,598.3970639010113,0.24860645937322354,0.08108108108108109,0.05945945945945946,0.07027027027027027
Sheep,Ethiopia,6,19,25,6,118,124,1329.2324619966998,0.004666595024538926,0.032432432432432434,0.10270270270270271,0.06756756756756757
Sheep,Ukraine,13,11,24,40,42,82,39.44094868706906,0.16094686237555023,0.07027027027027027,0.05945945945945946,0.06486486486486487
Sheep,United Republic of Tanzania,13,11,24,29,22,51,1918.8627888663698,0.01535902517502727,0.07027027027027027,0.05945945945945946,0.06486486486486487
Sheep,Denmark,9,13,22,26,44,70,282.56888250638247,0.1302230720663862,0.04864864864864865,0.07027027027027027,0.05945945945945946
Sheep,Sweden,10,12,22,21,25,46,734.7990350531477,0.09817989720799133,0.05405405405405406,0.06486486486486487,0.05945945945945946
Sheep,Canada,7,14,21,25,34,59,783.8941960991219,0.004746013579839074,0.03783783783783784,0.07567567567567568,0.05675675675675676
Sheep,Lithuania,9,12,21,27,37,64,105.3772151824784,0.12480130484476683,0.04864864864864865,0.06486486486486487,0.05675675675675676
Sheep,Cyprus,12,8,20,44,23,67,193.08191455648046,0.22055788504308824,0.06486486486486487,0.043243243243243246,0.05405405405405406
Sheep,Estonia,6,14,20,12,54,66,143.53730547225524,0.05275670312869816,0.032432432432432434,0.07567567567567568,0.05405405405405406
Sheep,Mali,3,17,20,17,64,81,133,0.0022572809606517734,0.016216216216216217,0.0918918918918919,0.05405405405405406
Sheep,Portugal,10,10,20,58,57,115,196.11621885669402,0.3437568684717907,0.05405405405405406,0.05405405405405406,0.05405405405405406
Sheep,Republic of Moldova,9,11,20,23,56,79,91.47394635461522,0.09312842707028433,0.04864864864864865,0.05945945945945946,0.05405405405405406
Sheep,Armenia,9,10,19,22,39,61,116.80213447570885,0.03740634107360345,0.04864864864864865,0.05405405405405406,0.051351351351351354
Sheep,Syrian Arab Republic,7,12,19,27,59,86,14.613461538461538,0.03955206158636075,0.03783783783783784,0.06486486486486487,0.051351351351351354
Sheep,Brazil,8,10,18,36,17,53,1962.0054219429016,5.747091674787029e-4,0.043243243243243246,0.05405405405405406,0.04864864864864865
Sheep,Israel,16,2,18,65,11,76,259.2277999777999,0.13748934263613616,0.08648648648648649,0.010810810810810811,0.04864864864864865
Sheep,Kazakhstan,5,13,18,32,48,80,12.495238095238093,0.026722467007313063,0.02702702702702703,0.07027027027027027,0.04864864864864865
Sheep,Latvia,9,9,18,29,23,52,297.1265996116459,0.11300468129789089,0.04864864864864865,0.04864864864864865,0.04864864864864865
Sheep,Malaysia,12,5,17,49,8,57,878.2718124361452,0.005306977318747279,0.06486486486486487,0.02702702702702703,0.04594594594594595
Sheep,Slovenia,8,9,17,16,46,62,23.846822621822614,0.08745527252972356,0.043243243243243246,0.04864864864864865,0.04594594594594595
Sheep,Kenya,6,10,16,21,27,48,327.8812270776517,0.0014142125351640155,0.032432432432432434,0.05405405405405406,0.043243243243243246
Sheep,Kyrgyzstan,8,8,16,12,45,57,487.2564581490193,0.021360475747677632,0.043243243243243246,0.043243243243243246,0.043243243243243246
Sheep,Belarus,13,2,15,38,5,43,56.53360084360085,0.0958248729243213,0.07027027027027027,0.010810810810810811,0.04054054054054054
Sheep,Bosnia and Herzegovina,13,2,15,63,5,68,60.01860117851497,0.19120805242085281,0.07027027027027027,0.010810810810810811,0.04054054054054054
Sheep,Burkina Faso,5,10,15,30,79,109,1083.635389887853,7.936620433768907e-4,0.02702702702702703,0.05405405405405406,0.04054054054054054
Sheep,Côte d'Ivoire,12,3,15,59,3,62,1258.5060015778279,0.023512051652379667,0.06486486486486487,0.016216216216216217,0.04054054054054054
Sheep,Nigeria,12,3,15,32,15,47,390.17212779652436,0.016939171529478915,0.06486486486486487,0.016216216216216217,0.04054054054054054
Sheep,North Macedonia,13,2,15,42,2,44,64.65320235320237,0.18092459844296363,0.07027027027027027,0.010810810810810811,0.04054054054054054
Sheep,Norway,7,8,15,23,12,35,325.17706788958515,0.04130359376403019,0.03783783783783784,0.043243243243243246,0.04054054054054054
Sheep,Pakistan,6,9,15,14,26,40,655.4430214434072,0.0041700987680134615,0.032432432432432434,0.04864864864864865,0.04054054054054054
Sheep,Senegal,10,5,15,34,12,46,1199.6125495504607,0.04765493924413486,0.05405405405405406,0.02702702702702703,0.04054054054054054
Sheep,Luxembourg,7,7,14,51,31,82,2.1873015873015875,0.32831288909372486,0.03783783783783784,0.03783783783783784,0.03783783783783784
Sheep,Uruguay,3,11,14,30,66,96,0,5.38389346787943e-4,0.016216216216216217,0.05945945945945946,0.03783783783783784
Sheep,Finland,9,4,13,18,9,27,72.38029192881064,0.08157076721884317,0.04864864864864865,0.021621621621621623,0.03513513513513514
Sheep,Iraq,12,1,13,24,1,25,23.148304473304467,0.04345064118303278,0.06486486486486487,0.005405405405405406,0.03513513513513514
Sheep,Mexico,4,9,13,24,31,55,365.26848706848705,0.001506855527640588,0.021621621621621623,0.04864864864864865,0.03513513513513514
Sheep,Azerbaijan,9,3,12,49,5,54,60.65152625152625,0.0677643970113446,0.04864864864864865,0.016216216216216217,0.032432432432432434
Sheep,Cameroon,6,6,12,13,29,42,193.6169874032777,0.011767753799129532,0.032432432432432434,0.032432432432432434,0.032432432432432434
Sheep,Indonesia,3,9,12,9,20,29,72.07568148226045,0.004948520954731766,0.016216216216216217,0.04864864864864865,0.032432432432432434
Sheep,Sudan,3,9,12,4,34,38,52.88871871423595,0.0034865096207947373,0.016216216216216217,0.04864864864864865,0.032432432432432434
Sheep,Togo,6,6,12,33,7,40,761.5795045765068,8.676253209414678e-4,0.032432432432432434,0.032432432432432434,0.032432432432432434
Sheep,Chile,7,4,11,21,9,30,516.8900793650794,0.005122565703899985,0.03783783783783784,0.021621621621621623,0.02972972972972973
Sheep,Djibouti,3,8,11,17,34,51,33.843701529227836,0.0029124379754760445,0.016216216216216217,0.043243243243243246,0.02972972972972973
Sheep,Japan,8,3,11,22,4,26,253.68007462177295,0.001233150357959229,0.043243243243243246,0.016216216216216217,0.02972972972972973
Sheep,Somalia,3,8,11,14,71,85,0,0.006139256478494058,0.016216216216216217,0.043243243243243246,0.02972972972972973
Sheep,Uganda,6,5,11,13,11,24,133.24893022914628,0.0016781118790895454,0.032432432432432434,0.02702702702702703,0.02972972972972973
Sheep,Uzbekistan,11,0,11,32,0,32,0,0.023860089323337556,0.05945945945945946,0,0.02972972972972973
Sheep,Argentina,5,5,10,38,32,70,716.3333333333334,6.935502248094528e-4,0.02702702702702703,0.02702702702702703,0.02702702702702703
Sheep,"China, Taiwan Province of",9,1,10,13,2,15,15.859523809523806,0.014057338743303819,0.04864864864864865,0.005405405405405406,0.02702702702702703
Sheep,Ghana,7,3,10,31,15,46,218.90856170616786,0.002582802401066922,0.03783783783783784,0.016216216216216217,0.02702702702702703
Sheep,Singapore,9,1,10,28,7,35,0,0.006571090566119166,0.04864864864864865,0.005405405405405406,0.02702702702702703
Sheep,Sudan (former),3,7,10,4,18,22,196.59857475857476,0.0025959015241323914,0.016216216216216217,0.03783783783783784,0.02702702702702703
Sheep,Benin,6,3,9,32,7,39,32.417036340852135,0.008203732291004007,0.032432432432432434,0.016216216216216217,0.024324324324324326
Sheep,Democratic Republic of the Congo,9,0,9,21,0,21,0,0.009665513189684456,0.04864864864864865,0,0.024324324324324326
Sheep,Myanmar,6,3,9,13,9,22,36.9033658008658,0.005392320182591742,0.032432432432432434,0.016216216216216217,0.024324324324324326
Sheep,Namibia,3,6,9,14,45,59,308.55,1.9599732264574985e-4,0.016216216216216217,0.032432432432432434,0.024324324324324326
Sheep,Albania,7,1,8,27,1,28,14.9831772802361,0.14495716967550626,0.03783783783783784,0.005405405405405406,0.021621621621621623
Sheep,Mongolia,5,3,8,10,3,13,197.25799912505795,0.02162680138929692,0.02702702702702703,0.016216216216216217,0.021621621621621623
Sheep,Nicaragua,3,5,8,9,11,20,188.82837162837163,4.111106976920539e-5,0.016216216216216217,0.02702702702702703,0.021621621621621623
Sheep,Yemen,6,2,8,39,2,41,135.41666666666663,0.008328681687488132,0.032432432432432434,0.010810810810810811,0.021621621621621623
Sheep,Afghanistan,3,4,7,3,15,18,3.5357142857142856,4.553011380823494e-4,0.016216216216216217,0.021621621621621623,0.01891891891891892
Sheep,Angola,5,2,7,19,4,23,29.40714285714285,0.010429023763492027,0.02702702702702703,0.010810810810810811,0.01891891891891892
Sheep,Barbados,1,6,7,1,10,11,326.80557679035934,8.250513670500635e-5,0.005405405405405406,0.032432432432432434,0.01891891891891892
Sheep,Chad,3,4,7,5,11,16,230.786790986791,0.002448552854451089,0.016216216216216217,0.021621621621621623,0.01891891891891892
Sheep,Congo,5,2,7,6,2,8,238.28483876804313,3.623223365142967e-4,0.02702702702702703,0.010810810810810811,0.01891891891891892
Sheep,Costa Rica,3,4,7,8,12,20,221.09110889110886,3.410546945612175e-4,0.016216216216216217,0.021621621621621623,0.01891891891891892
Sheep,Guatemala,4,3,7,12,4,16,183.5,5.516203809027433e-4,0.021621621621621623,0.016216216216216217,0.01891891891891892
Sheep,Nepal,6,1,7,29,6,35,0,0.007841185164809823,0.032432432432432434,0.005405405405405406,0.01891891891891892
Sheep,Peru,5,2,7,16,9,25,23.12423687423687,4.1744459514847233e-4,0.02702702702702703,0.010810810810810811,0.01891891891891892
Sheep,Republic of Korea,4,3,7,7,3,10,54.52238492501652,8.089468585570591e-4,0.021621621621621623,0.016216216216216217,0.01891891891891892
Sheep,Tajikistan,7,0,7,24,0,24,0,0.008523672474876046,0.03783783783783784,0,0.01891891891891892
Sheep,Tunisia,5,2,7,8,2,10,51.60408017421176,0.037891935157270115,0.02702702702702703,0.010810810810810811,0.01891891891891892
Sheep,Viet Nam,7,0,7,9,0,9,0,0.012331043076205505,0.03783783783783784,0,0.01891891891891892
Sheep,Algeria,3,3,6,7,3,10,170.34399766899762,0.002317425059992792,0.016216216216216217,0.016216216216216217,0.016216216216216217
Sheep,Burundi,5,1,6,9,1,10,9.833333333333332,0.007519684794949377,0.02702702702702703,0.005405405405405406,0.016216216216216217
Sheep,"China, Hong Kong SAR",5,1,6,9,1,10,135.08397964920738,0.009462844195299995,0.02702702702702703,0.005405405405405406,0.016216216216216217
Sheep,Ecuador,6,0,6,19,0,19,0,5.226463476763783e-4,0.032432432432432434,0,0.016216216216216217
Sheep,Guinea,5,1,6,13,1,14,134,0.012152365342126992,0.02702702702702703,0.005405405405405406,0.016216216216216217
Sheep,Malawi,4,2,6,10,3,13,299.51189643689645,4.4924376767788046e-4,0.021621621621621623,0.010810810810810811,0.016216216216216217
Sheep,Malta,4,2,6,8,3,11,13.375,0.038590708080756826,0.021621621621621623,0.010810810810810811,0.016216216216216217
Sheep,Montenegro,4,2,6,22,3,25,4.320970695970695,0.06546591649360446,0.021621621621621623,0.010810810810810811,0.016216216216216217
Sheep,Philippines,6,0,6,26,0,26,0,0.008236840003078283,0.032432432432432434,0,0.016216216216216217
Sheep,Rwanda,2,4,6,8,11,19,0,1.115371350122497e-4,0.010810810810810811,0.021621621621621623,0.016216216216216217
Sheep,Trinidad and Tobago,4,2,6,11,7,18,1.75,6.229415282247974e-4,0.021621621621621623,0.010810810810810811,0.016216216216216217
Sheep,Botswana,2,3,5,26,7,33,0,1.33872281791208e-4,0.010810810810810811,0.016216216216216217,0.013513513513513514
Sheep,Brunei Darussalam,4,1,5,9,1,10,22.264944266260056,3.60789132465986e-4,0.021621621621621623,0.005405405405405406,0.013513513513513514
Sheep,Colombia,4,1,5,12,1,13,14.770774976657329,4.373668917687625e-4,0.021621621621621623,0.005405405405405406,0.013513513513513514
Sheep,Honduras,4,1,5,6,1,7,179,1.1284993242256745e-4,0.021621621621621623,0.005405405405405406,0.013513513513513514
Sheep,Morocco,2,3,5,2,3,5,74.3447296563086,0.002302399372294874,0.010810810810810811,0.016216216216216217,0.013513513513513514
Sheep,Palestine,4,1,5,15,1,16,0,0.040059560343902165,0.021621621621621623,0.005405405405405406,0.013513513513513514
Sheep,Panama,4,1,5,14,1,15,138.87206127206127,0.001126443935647978,0.021621621621621623,0.005405405405405406,0.013513513513513514
Sheep,Paraguay,4,1,5,25,2,27,11.9020202020202,1.3881559377681678e-4,0.021621621621621623,0.005405405405405406,0.013513513513513514
Sheep,Zambia,3,2,5,20,3,23,0,9.699918909893998e-5,0.016216216216216217,0.010810810810810811,0.013513513513513514
Sheep,Zimbabwe,3,2,5,23,3,26,2.5,1.3393260644846064e-4,0.016216216216216217,0.010810810810810811,0.013513513513513514
Sheep,Bangladesh,3,1,4,5,1,6,240.86696720569597,0.004708473593752354,0.016216216216216217,0.005405405405405406,0.010810810810810811
Sheep,Comoros,3,1,4,9,1,10,222.78560924369748,0.0010741695394692965,0.016216216216216217,0.005405405405405406,0.010810810810810811
Sheep,Dominican Republic,3,1,4,7,1,8,8.674759816207184,4.582891911659411e-4,0.016216216216216217,0.005405405405405406,0.010810810810810811
Sheep,El Salvador,4,0,4,7,0,7,0,1.0213105950740173e-4,0.021621621621621623,0,0.010810810810810811
Sheep,Fiji,2,2,4,3,2,5,152.2579365079365,8.154049167667498e-5,0.010810810810810811,0.010810810810810811,0.010810810810810811
Sheep,Grenada,4,0,4,9,0,9,0,1.818953533426996e-4,0.021621621621621623,0,0.010810810810810811
Sheep,Mauritania,3,1,4,8,1,9,77.84618313731093,0.0017636550142745096,0.016216216216216217,0.005405405405405406,0.010810810810810811
Sheep,Mauritius,4,0,4,20,0,20,0,2.7722816937226255e-4,0.021621621621621623,0,0.010810810810810811
Sheep,Mozambique,2,2,4,15,3,18,108.33333333333333,2.4871018912695305e-4,0.010810810810810811,0.010810810810810811,0.010810810810810811
Sheep,Saint Vincent and the Grenadines,2,2,4,5,4,9,0,1.6719556029451063e-4,0.010810810810810811,0.010810810810810811,0.010810810810810811
Sheep,Seychelles,4,0,4,7,0,7,0,0.01434475156463488,0.021621621621621623,0,0.010810810810810811
Sheep,Antigua and Barbuda,2,1,3,3,1,4,9.631767266549874,0.00016573870237151315,0.010810810810810811,0.005405405405405406,0.008108108108108109
Sheep,Bolivia (Plurinational State of),3,0,3,11,0,11,0,1.2423628389118523e-4,0.016216216216216217,0,0.008108108108108109
Sheep,Dominica,3,0,3,4,0,4,0,4.031024768382832e-4,0.016216216216216217,0,0.008108108108108109
Sheep,Eritrea,1,2,3,1,10,11,0,7.353303314927951e-5,0.005405405405405406,0.010810810810810811,0.008108108108108109
Sheep,Gabon,3,0,3,19,0,19,0,0.0015458307912383704,0.016216216216216217,0,0.008108108108108109
Sheep,Guyana,3,0,3,13,0,13,0,6.057638040300429e-4,0.016216216216216217,0,0.008108108108108109
Sheep,Jamaica,3,0,3,7,0,7,0,8.167541991816444e-4,0.016216216216216217,0,0.008108108108108109
Sheep,Solomon Islands,2,1,3,2,1,3,6.273809523809523,4.1871072527263815e-4,0.010810810810810811,0.005405405405405406,0.008108108108108109
Sheep,Sri Lanka,2,1,3,2,1,3,35.55799666018666,0.002682121405929269,0.010810810810810811,0.005405405405405406,0.008108108108108109
Sheep,Venezuela (Bolivarian Republic of),2,1,3,4,1,5,5.038888888888889,0.010888715460549248,0.010810810810810811,0.005405405405405406,0.008108108108108109
Sheep,Belize,2,0,2,8,0,8,0,4.524372787652298e-4,0.010810810810810811,0,0.005405405405405406
Sheep,Cambodia,2,0,2,4,0,4,0,0.0012830521260194145,0.010810810810810811,0,0.005405405405405406
Sheep,Democratic People's Republic of Korea,2,0,2,2,0,2,0,0.0015396636753906797,0.010810810810810811,0,0.005405405405405406
Sheep,Equatorial Guinea,2,0,2,11,0,11,0,0.0010440363477170636,0.010810810810810811,0,0.005405405405405406
Sheep,Lao People's Democratic Republic,2,0,2,9,0,9,0,0.0033923993372095415,0.010810810810810811,0,0.005405405405405406
Sheep,Lesotho,1,1,2,8,8,16,0,6.463257765219452e-5,0.005405405405405406,0.005405405405405406,0.005405405405405406
Sheep,Madagascar,1,1,2,2,3,5,0,0.014651689981089885,0.005405405405405406,0.005405405405405406,0.005405405405405406
Sheep,Marshall Islands,2,0,2,2,0,2,0,1.1876327047076314e-4,0.010810810810810811,0,0.005405405405405406
Sheep,Samoa,2,0,2,2,0,2,0,3.6978045980248686e-5,0.010810810810810811,0,0.005405405405405406
Sheep,South Sudan,2,0,2,3,0,3,0,0.0023115708140638487,0.010810810810810811,0,0.005405405405405406
Sheep,Suriname,2,0,2,3,0,3,0,1.700843187210393e-4,0.010810810810810811,0,0.005405405405405406
Sheep,Bahamas,1,0,1,8,0,8,0,6.600410936400508e-4,0.005405405405405406,0,0.002702702702702703
Sheep,Cabo Verde,1,0,1,1,0,1,0,0.005361852593569617,0.005405405405405406,0,0.002702702702702703
Sheep,"China, Macao SAR",1,0,1,1,0,1,0,1.8528395501169127e-5,0.005405405405405406,0,0.002702702702702703
Sheep,Cuba,1,0,1,1,0,1,0,8.250513670500692e-5,0.005405405405405406,0,0.002702702702702703
Sheep,Eswatini,1,0,1,11,0,11,0,8.886979427176631e-5,0.005405405405405406,0,0.002702702702702703
Sheep,French Polynesia,1,0,1,1,0,1,0,8.250513670500635e-5,0.005405405405405406,0,0.002702702702702703
Sheep,Haiti,1,0,1,2,0,2,0,1.6501027341001156e-4,0.005405405405405406,0,0.002702702702702703
Sheep,Iceland,0,1,1,0,1,1,0,0,0,0.005405405405405406,0.002702702702702703
Sheep,Liberia,1,0,1,4,0,4,0,7.971716145963658e-5,0.005405405405405406,0,0.002702702702702703
Sheep,Maldives,1,0,1,1,0,1,0,3.505402369152783e-5,0.005405405405405406,0,0.002702702702702703
Sheep,Nauru,1,0,1,2,0,2,0,4.181169870178733e-5,0.005405405405405406,0,0.002702702702702703
Sheep,New Caledonia,1,0,1,5,0,5,0,4.51211207257828e-5,0.005405405405405406,0,0.002702702702702703
Sheep,Saint Kitts and Nevis,1,0,1,2,0,2,0,1.6501027341001383e-4,0.005405405405405406,0,0.002702702702702703
Sheep,Saint Lucia,1,0,1,3,0,3,0,2.475154101150162e-4,0.005405405405405406,0,0.002702702702702703
Sheep,Sierra Leone,1,0,1,1,0,1,0,1.0729192410933552e-4,0.005405405405405406,0,0.002702702702702703
Sheep,Tonga,1,0,1,1,0,1,0,7.199122144930453e-7,0.005405405405405406,0,0.002702702702702703
Sheep,Turkmenistan,1,0,1,1,0,1,0,0.001649690905615949,0.005405405405405406,0,0.002702702702702703
Sheep,Tuvalu,1,0,1,1,0,1,0,8.079072206525466e-6,0.005405405405405406,0,0.002702702702702703
Sheep,Vanuatu,1,0,1,1,0,1,0,9.024224145157942e-6,0.005405405405405406,0,0.002702702702702703
Turkeys,United States of America,10,91,101,55,365,420,5256.753354978355,0.09095659083120022,0.056179775280898875,0.5112359550561798,0.28370786516853935
Turkeys,France,15,77,92,117,506,623,2078.677777777777,0.6093471212458238,0.08426966292134831,0.43258426966292135,0.25842696629213485
Turkeys,Netherlands (Kingdom of the),30,50,80,172,206,378,2211.496825396826,0.8051365360583245,0.16853932584269662,0.2808988764044944,0.2247191011235955
Turkeys,United Kingdom of Great Britain and Northern Ireland,17,60,77,84,452,536,1963.808333333334,0.4240208572216701,0.09550561797752809,0.33707865168539325,0.21629213483146068
Turkeys,Germany,18,38,56,175,255,430,912.4345238095239,0.9950577454071645,0.10112359550561797,0.21348314606741572,0.15730337078651685
Turkeys,Denmark,27,27,54,177,132,309,60.10952380952381,0.8403602524717434,0.15168539325842698,0.15168539325842698,0.15168539325842698
Turkeys,Canada,4,42,46,24,197,221,877.683225108225,0.05821272103943285,0.02247191011235955,0.23595505617977527,0.12921348314606743
Turkeys,Belgium,8,33,41,64,105,169,797.4475829725831,0.41995275458362546,0.0449438202247191,0.1853932584269663,0.1151685393258427
Turkeys,Poland,18,22,40,181,151,332,1040.8872294372295,1,0.10112359550561797,0.12359550561797752,0.11235955056179775
Turkeys,Hungary,15,23,38,108,153,261,392.3480158730156,0.6354864710019551,0.08426966292134831,0.12921348314606743,0.10674157303370786
Turkeys,Austria,15,22,37,129,185,314,219.8873015873016,0.7660126530391033,0.08426966292134831,0.12359550561797752,0.10393258426966293
Turkeys,Italy,16,21,37,95,151,246,580.9494227994226,0.582205500115928,0.0898876404494382,0.11797752808988764,0.10393258426966293
Turkeys,Slovakia,13,21,34,98,123,221,255.59368686868677,0.5993034026934164,0.07303370786516854,0.11797752808988764,0.09550561797752809
Turkeys,Senegal,5,24,29,15,48,63,2773.5702380952357,0.06846565286980044,0.028089887640449437,0.1348314606741573,0.08146067415730338
Turkeys,Spain,11,15,26,52,48,100,1355.8582611832612,0.2755331766311268,0.06179775280898876,0.08426966292134831,0.07303370786516854
Turkeys,Egypt,12,13,25,52,28,80,275.89166666666665,0.31856691471764986,0.06741573033707865,0.07303370786516854,0.0702247191011236
Turkeys,India,3,20,23,4,54,58,618.9341269841273,0.024330363368103826,0.016853932584269662,0.11235955056179775,0.06460674157303371
Turkeys,South Africa,9,14,23,17,62,79,555.0011904761905,0.032706516177435835,0.05056179775280899,0.07865168539325842,0.06460674157303371
Turkeys,United Republic of Tanzania,15,7,22,33,9,42,4467.138383838383,0.036623725588903804,0.08426966292134831,0.03932584269662921,0.06179775280898876
Turkeys,Czechia,12,9,21,85,77,162,32.916666666666664,0.5707303436033013,0.06741573033707865,0.05056179775280899,0.05898876404494382
Turkeys,Greece,12,9,21,81,35,116,264.38769841269846,0.46715485763827563,0.06741573033707865,0.05056179775280899,0.05898876404494382
Turkeys,United Arab Emirates,11,8,19,26,13,39,1481.0571428571434,0.07788042070415309,0.06179775280898876,0.0449438202247191,0.05337078651685393
Turkeys,Romania,12,6,18,97,12,109,422.55624098124093,0.6396041054472904,0.06741573033707865,0.033707865168539325,0.05056179775280899
Turkeys,Thailand,6,12,18,7,26,33,1094.1543650793649,0.004520368803018702,0.033707865168539325,0.06741573033707865,0.05056179775280899
Turkeys,Bulgaria,11,6,17,17,13,30,1118.7333694083698,0.09054221465736646,0.06179775280898876,0.033707865168539325,0.047752808988764044
Turkeys,Slovenia,9,7,16,50,28,78,335.14044011543996,0.3311824980769857,0.05056179775280899,0.03932584269662921,0.0449438202247191
Turkeys,Croatia,10,5,15,45,24,69,42.85,0.2777084187637752,0.056179775280898875,0.028089887640449437,0.042134831460674156
Turkeys,Russian Federation,11,4,15,60,12,72,342.5619047619048,0.4264889198578232,0.06179775280898876,0.02247191011235955,0.042134831460674156
Turkeys,Ireland,9,5,14,52,29,81,53.17857142857143,0.2794762010980815,0.05056179775280899,0.028089887640449437,0.03932584269662921
Turkeys,Cyprus,9,4,13,39,6,45,631.1154761904766,0.1572182994795479,0.05056179775280899,0.02247191011235955,0.03651685393258427
Turkeys,Jordan,9,4,13,18,5,23,109.91569264069263,0.04645646918200564,0.05056179775280899,0.02247191011235955,0.03651685393258427
Turkeys,Lithuania,8,5,13,40,28,68,39.06666666666666,0.3541200127408729,0.0449438202247191,0.028089887640449437,0.03651685393258427
Turkeys,Türkiye,6,7,13,28,21,49,314.1253968253969,0.10918447354980708,0.033707865168539325,0.03932584269662921,0.03651685393258427
Turkeys,Algeria,11,1,12,45,1,46,1132.601984126984,0.17098067759212363,0.06179775280898876,0.0056179775280898875,0.033707865168539325
Turkeys,Bolivia (Plurinational State of),11,1,12,35,1,36,38.25238095238094,0.009087259545444376,0.06179775280898876,0.0056179775280898875,0.033707865168539325
Turkeys,Brazil,2,10,12,2,14,16,492.1992063492064,0.006828695978279552,0.011235955056179775,0.056179775280898875,0.033707865168539325
Turkeys,Israel,5,7,12,35,38,73,74.71666666666665,0.0894782221037829,0.028089887640449437,0.03932584269662921,0.033707865168539325
Turkeys,Oman,9,3,12,14,3,17,305.85833333333323,0.03629669426502076,0.05056179775280899,0.016853932584269662,0.033707865168539325
Turkeys,Portugal,6,6,12,47,23,70,89.55833333333332,0.23832467872508276,0.033707865168539325,0.033707865168539325,0.033707865168539325
Turkeys,Colombia,5,6,11,34,10,44,75.08253968253969,0.02076136931666503,0.028089887640449437,0.033707865168539325,0.03089887640449438
Turkeys,Malaysia,7,4,11,14,11,25,227.79642857142844,0.01779195436545612,0.03932584269662921,0.02247191011235955,0.03089887640449438
Turkeys,Morocco,10,1,11,51,1,52,53.16666666666668,0.17860483885380504,0.056179775280898875,0.0056179775280898875,0.03089887640449438
Turkeys,Serbia,7,4,11,67,23,90,55.07222222222222,0.36697654152696346,0.03932584269662921,0.02247191011235955,0.03089887640449438
Turkeys,Tunisia,8,3,11,40,5,45,7.842857142857144,0.177914511478753,0.0449438202247191,0.016853932584269662,0.03089887640449438
Turkeys,"China, mainland",5,5,10,11,8,19,534.3988095238095,0.012784734705930815,0.028089887640449437,0.028089887640449437,0.028089887640449437
Turkeys,Ghana,8,2,10,27,6,33,407.6535714285716,0.12168252168463482,0.0449438202247191,0.011235955056179775,0.028089887640449437
Turkeys,Guatemala,8,2,10,28,3,31,108.31746031746029,0.020364955616231552,0.0449438202247191,0.011235955056179775,0.028089887640449437
Turkeys,Iran (Islamic Republic of),6,4,10,45,8,53,6.416666666666666,0.26728561680326574,0.033707865168539325,0.02247191011235955,0.028089887640449437
Turkeys,Lebanon,8,2,10,24,2,26,63.06666666666668,0.12468267560652252,0.0449438202247191,0.011235955056179775,0.028089887640449437
Turkeys,Luxembourg,6,4,10,31,14,45,52.688816738816755,0.1804037097293495,0.033707865168539325,0.02247191011235955,0.028089887640449437
Turkeys,Malta,7,3,10,27,3,30,537.3003968253968,0.129653277131219,0.03932584269662921,0.016853932584269662,0.028089887640449437
Turkeys,Sweden,5,5,10,29,16,45,195.55515873015875,0.1616495947196497,0.028089887640449437,0.028089887640449437,0.028089887640449437
Turkeys,Uganda,4,6,10,22,14,36,552.0630952380952,0.06774465677387179,0.02247191011235955,0.033707865168539325,0.028089887640449437
Turkeys,Ukraine,7,3,10,55,4,59,36.56709956709956,0.45496873201378085,0.03932584269662921,0.016853932584269662,0.028089887640449437
Turkeys,Zambia,3,7,10,7,13,20,347.9,0.00968278682621836,0.016853932584269662,0.03932584269662921,0.028089887640449437
Turkeys,Bahrain,7,2,9,14,5,19,549.9916666666667,0.03541500707740404,0.03932584269662921,0.011235955056179775,0.025280898876404494
Turkeys,Belarus,9,0,9,34,0,34,0,0.25110832561414337,0.05056179775280899,0,0.025280898876404494
Turkeys,Côte d'Ivoire,6,3,9,23,3,26,274.3000000000001,0.10440935300705051,0.033707865168539325,0.016853932584269662,0.025280898876404494
Turkeys,Congo,8,1,9,19,1,20,39.349999999999994,0.08714657818180588,0.0449438202247191,0.0056179775280898875,0.025280898876404494
Turkeys,Kenya,4,5,9,21,10,31,480.92976190476196,0.0785863819344611,0.02247191011235955,0.028089887640449437,0.025280898876404494
Turkeys,Kuwait,7,2,9,14,3,17,55.9,0.027412712283686087,0.03932584269662921,0.011235955056179775,0.025280898876404494
Turkeys,New Zealand,1,8,9,1,16,17,163.82222222222222,5.676351091552775e-4,0.0056179775280898875,0.0449438202247191,0.025280898876404494
Turkeys,Panama,8,1,9,19,2,21,22.133333333333333,0.012645778494533045,0.0449438202247191,0.0056179775280898875,0.025280898876404494
Turkeys,Peru,3,6,9,8,58,66,284.41904761904755,0.0049099994860944025,0.016853932584269662,0.033707865168539325,0.025280898876404494
Turkeys,Albania,8,0,8,45,0,45,0,0.2250089321113815,0.0449438202247191,0,0.02247191011235955
Turkeys,Australia,2,6,8,2,12,14,230.9773809523811,9.310005345235644e-4,0.011235955056179775,0.033707865168539325,0.02247191011235955
Turkeys,Barbados,1,7,8,1,79,80,83,8.869221957497242e-4,0.0056179775280898875,0.03932584269662921,0.02247191011235955
Turkeys,Burkina Faso,5,3,8,16,4,20,374.06904761904775,0.07066830266883176,0.028089887640449437,0.016853932584269662,0.02247191011235955
Turkeys,Chile,3,5,8,8,21,29,75.63571428571426,0.013995589921172606,0.016853932584269662,0.028089887640449437,0.02247191011235955
Turkeys,Latvia,5,3,8,15,12,27,5.5,0.12551798314195411,0.028089887640449437,0.016853932584269662,0.02247191011235955
Turkeys,Nicaragua,5,3,8,11,3,14,123.48730158730159,0.004823663453066094,0.028089887640449437,0.016853932584269662,0.02247191011235955
Turkeys,Niger,6,2,8,17,4,21,1256.8678571428575,0.03854456227251421,0.033707865168539325,0.011235955056179775,0.02247191011235955
Turkeys,Qatar,7,1,8,12,1,13,501.8148268398268,0.02082397171303974,0.03932584269662921,0.0056179775280898875,0.02247191011235955
Turkeys,Viet Nam,6,2,8,9,5,14,181.8083333333333,0.015185729628383065,0.033707865168539325,0.011235955056179775,0.02247191011235955
Turkeys,Yemen,8,0,8,20,0,20,0,0.04867629278580599,0.0449438202247191,0,0.02247191011235955
Turkeys,Burundi,6,1,7,15,2,17,0,0.01255364528708569,0.033707865168539325,0.0056179775280898875,0.019662921348314606
Turkeys,Costa Rica,4,3,7,15,4,19,19,0.009747786025033567,0.02247191011235955,0.016853932584269662,0.019662921348314606
Turkeys,Finland,5,2,7,32,12,44,0,0.18598964049567238,0.028089887640449437,0.011235955056179775,0.019662921348314606
Turkeys,Iraq,6,1,7,11,1,12,214.32435064935072,0.02401447029958789,0.033707865168539325,0.0056179775280898875,0.019662921348314606
Turkeys,Japan,7,0,7,19,0,19,0,0.016818611692450604,0.03932584269662921,0,0.019662921348314606
Turkeys,Lao People's Democratic Republic,4,3,7,16,5,21,319.0035714285714,0.007642476311847251,0.02247191011235955,0.016853932584269662,0.019662921348314606
Turkeys,Saudi Arabia,4,3,7,5,9,14,123.8916666666667,0.021345817962588345,0.02247191011235955,0.016853932584269662,0.019662921348314606
Turkeys,Switzerland,7,0,7,25,0,25,0,0.16022493630700302,0.03932584269662921,0,0.019662921348314606
Turkeys,Syrian Arab Republic,5,2,7,12,5,17,74.34134199134203,0.038226053071320557,0.028089887640449437,0.011235955056179775,0.019662921348314606
Turkeys,Venezuela (Bolivarian Republic of),6,1,7,26,2,28,6.333333333333334,0.04229548202368487,0.033707865168539325,0.0056179775280898875,0.019662921348314606
Turkeys,Antigua and Barbuda,3,3,6,16,3,19,429,0.001206913809800167,0.016853932584269662,0.016853932584269662,0.016853932584269662
Turkeys,Argentina,2,4,6,2,6,8,68.07261904761906,9.535091464678179e-4,0.011235955056179775,0.02247191011235955,0.016853932584269662
Turkeys,Bosnia and Herzegovina,6,0,6,15,0,15,0,0.04770977073227118,0.033707865168539325,0,0.016853932584269662
Turkeys,Ecuador,6,0,6,40,0,40,0,0.013573836580695485,0.033707865168539325,0,0.016853932584269662
Turkeys,Myanmar,5,1,6,12,1,13,3.75,9.982572421033044e-4,0.028089887640449437,0.0056179775280898875,0.016853932584269662
Turkeys,Nepal,6,0,6,19,0,19,0,0.01856436789397618,0.033707865168539325,0,0.016853932584269662
Turkeys,Nigeria,5,1,6,10,7,17,0,0.02209855904814955,0.028089887640449437,0.0056179775280898875,0.016853932584269662
Turkeys,Cameroon,2,3,5,8,4,12,57.31666666666669,0.05129527354820004,0.011235955056179775,0.016853932584269662,0.014044943820224719
Turkeys,"China, Taiwan Province of",3,2,5,22,2,24,87,0.015760860563447235,0.016853932584269662,0.011235955056179775,0.014044943820224719
Turkeys,Estonia,3,2,5,9,11,20,0,0.08060492576554401,0.016853932584269662,0.011235955056179775,0.014044943820224719
Turkeys,Ethiopia,5,0,5,5,0,5,0,0.0058379222132406315,0.028089887640449437,0,0.014044943820224719
Turkeys,Togo,4,1,5,12,1,13,186.40000000000003,0.03818591896817591,0.02247191011235955,0.0056179775280898875,0.014044943820224719
Turkeys,Armenia,3,1,4,5,1,6,30.45952380952381,0.01254529519678399,0.016853932584269662,0.0056179775280898875,0.011235955056179775
Turkeys,"China, Hong Kong SAR",4,0,4,14,0,14,0,0.015832508415064846,0.02247191011235955,0,0.011235955056179775
Turkeys,Democratic Republic of the Congo,4,0,4,4,0,4,0,0.009579581557473295,0.02247191011235955,0,0.011235955056179775
Turkeys,Mali,3,1,4,12,1,13,0,0.027300865222622872,0.016853932584269662,0.0056179775280898875,0.011235955056179775
Turkeys,Mexico,4,0,4,27,0,27,0,0.02988952841131124,0.02247191011235955,0,0.011235955056179775
Turkeys,North Macedonia,3,1,4,7,2,9,1,0.02991670874456806,0.016853932584269662,0.0056179775280898875,0.011235955056179775
Turkeys,Norway,4,0,4,21,0,21,0,0.09063815066454155,0.02247191011235955,0,0.011235955056179775
Turkeys,Saint Kitts and Nevis,4,0,4,14,0,14,0,0.0019759626827040417,0.02247191011235955,0,0.011235955056179775
Turkeys,Singapore,4,0,4,7,0,7,0,0.01020115285657347,0.02247191011235955,0,0.011235955056179775
Turkeys,Sri Lanka,3,1,4,6,9,15,0,0.0033836077521898467,0.016853932584269662,0.0056179775280898875,0.011235955056179775
Turkeys,Benin,2,1,3,6,1,7,43.76666666666667,0.030376480864920032,0.011235955056179775,0.0056179775280898875,0.008426966292134831
Turkeys,Botswana,2,1,3,7,1,8,0,0.0020079544290783754,0.011235955056179775,0.0056179775280898875,0.008426966292134831
Turkeys,Cuba,1,2,3,1,3,4,4.5,5.67635109155275e-4,0.0056179775280898875,0.011235955056179775,0.008426966292134831
Turkeys,Dominica,3,0,3,19,0,19,0,0.001923987819507071,0.016853932584269662,0,0.008426966292134831
Turkeys,Eswatini,1,2,3,9,7,16,0,0.0028703056469568714,0.0056179775280898875,0.011235955056179775,0.008426966292134831
Turkeys,Gabon,3,0,3,11,0,11,0,0.05032613539385668,0.016853932584269662,0,0.008426966292134831
Turkeys,Grenada,3,0,3,18,0,18,0,0.005159945204637841,0.016853932584269662,0,0.008426966292134831
Turkeys,Guinea,3,0,3,6,0,6,0,0.014904484163990903,0.016853932584269662,0,0.008426966292134831
Turkeys,Honduras,3,0,3,7,0,7,0,0.0050492818677440945,0.016853932584269662,0,0.008426966292134831
Turkeys,Indonesia,3,0,3,4,0,4,0,0.003315966002951136,0.016853932584269662,0,0.008426966292134831
Turkeys,Maldives,3,0,3,13,0,13,0,0.0013276060953862003,0.016853932584269662,0,0.008426966292134831
Turkeys,Mauritania,3,0,3,4,0,4,0,0.005763546054553054,0.016853932584269662,0,0.008426966292134831
Turkeys,Montenegro,3,0,3,15,0,15,0,0.05360286429966245,0.016853932584269662,0,0.008426966292134831
Turkeys,Mozambique,3,0,3,16,0,16,0,0.004216093150831769,0.016853932584269662,0,0.008426966292134831
Turkeys,Namibia,3,0,3,6,0,6,0,0.0013896883922609967,0.016853932584269662,0,0.008426966292134831
Turkeys,Philippines,2,1,3,5,1,6,0,0.00267183666304678,0.011235955056179775,0.0056179775280898875,0.008426966292134831
Turkeys,Republic of Korea,3,0,3,3,0,3,0,0.0015211442556230998,0.016853932584269662,0,0.008426966292134831
Turkeys,Serbia and Montenegro,2,1,3,2,1,3,11.399999999999999,0.012040496857449871,0.011235955056179775,0.0056179775280898875,0.008426966292134831
Turkeys,Trinidad and Tobago,2,1,3,13,1,14,1,0.010651714770998036,0.011235955056179775,0.0056179775280898875,0.008426966292134831
Turkeys,Zimbabwe,2,1,3,4,1,5,426.4988095238095,8.266803615380229e-4,0.011235955056179775,0.0056179775280898875,0.008426966292134831
Turkeys,Afghanistan,2,0,2,4,0,4,0,7.117397135697781e-4,0.011235955056179775,0,0.0056179775280898875
Turkeys,Angola,2,0,2,9,0,9,0,0.016456244400990874,0.011235955056179775,0,0.0056179775280898875
Turkeys,Azerbaijan,2,0,2,3,0,3,0,0.0062772935979661095,0.011235955056179775,0,0.0056179775280898875
Turkeys,Bangladesh,2,0,2,4,0,4,0,0.008664453117851781,0.011235955056179775,0,0.0056179775280898875
Turkeys,Belize,1,1,2,10,1,11,0,0.008869221957497236,0.0056179775280898875,0.0056179775280898875,0.0056179775280898875
Turkeys,Bhutan,2,0,2,5,0,5,0,9.930646235335456e-4,0.011235955056179775,0,0.0056179775280898875
Turkeys,Brunei Darussalam,2,0,2,7,0,7,0,0.0011656059160039581,0.011235955056179775,0,0.0056179775280898875
Turkeys,Cambodia,2,0,2,2,0,2,0,7.013154963211205e-5,0.011235955056179775,0,0.0056179775280898875
Turkeys,Central African Republic,2,0,2,5,0,5,0,0.018825686823718282,0.011235955056179775,0,0.0056179775280898875
Turkeys,Dominican Republic,1,1,2,2,1,3,0,0.0017738443914994521,0.0056179775280898875,0.0056179775280898875,0.0056179775280898875
Turkeys,El Salvador,1,1,2,7,2,9,0,0.0062084553702480665,0.0056179775280898875,0.0056179775280898875,0.0056179775280898875
Turkeys,Gambia,2,0,2,2,0,2,0,0.010418661190645448,0.011235955056179775,0,0.0056179775280898875
Turkeys,Jamaica,1,1,2,12,2,14,0,0.010643066348996701,0.0056179775280898875,0.0056179775280898875,0.0056179775280898875
Turkeys,Kazakhstan,2,0,2,7,0,7,0,0.04019928642675658,0.011235955056179775,0,0.0056179775280898875
Turkeys,Libya,2,0,2,2,0,2,0,0.0072410099279951795,0.011235955056179775,0,0.0056179775280898875
Turkeys,Malawi,2,0,2,7,0,7,0,0.0017834489105236586,0.011235955056179775,0,0.0056179775280898875
Turkeys,Mauritius,1,1,2,5,1,6,0,0.02970886891264913,0.0056179775280898875,0.0056179775280898875,0.0056179775280898875
Turkeys,Pakistan,1,1,2,1,2,3,0,3.539308529684445e-4,0.0056179775280898875,0.0056179775280898875,0.0056179775280898875
Turkeys,Paraguay,2,0,2,2,0,2,0,0.0014545573049049973,0.011235955056179775,0,0.0056179775280898875
Turkeys,Saint Lucia,2,0,2,12,0,12,0,0.001860328611513091,0.011235955056179775,0,0.0056179775280898875
Turkeys,Saint Vincent and the Grenadines,2,0,2,14,0,14,0,9.993516817674547e-4,0.011235955056179775,0,0.0056179775280898875
Turkeys,Seychelles,2,0,2,4,0,4,0,0.018115013991173146,0.011235955056179775,0,0.0056179775280898875
Turkeys,Suriname,2,0,2,2,0,2,0,0.008737848202468784,0.011235955056179775,0,0.0056179775280898875
Turkeys,Tonga,2,0,2,5,0,5,0,0.0017904495051958534,0.011235955056179775,0,0.0056179775280898875
Turkeys,Turkmenistan,2,0,2,3,0,3,0,0.014915487490807162,0.011235955056179775,0,0.0056179775280898875
Turkeys,Uzbekistan,2,0,2,3,0,3,0,0.014211070296262425,0.011235955056179775,0,0.0056179775280898875
Turkeys,Bahamas,1,0,1,14,0,14,0,0.012416910740496133,0.0056179775280898875,0,0.0028089887640449437
Turkeys,Cabo Verde,1,0,1,1,0,1,0,6.676119522708863e-4,0.0056179775280898875,0,0.0028089887640449437
Turkeys,Comoros,1,0,1,2,0,2,0,7.142395030202423e-4,0.0056179775280898875,0,0.0028089887640449437
Turkeys,Equatorial Guinea,1,0,1,1,0,1,0,6.658695071809555e-5,0.0056179775280898875,0,0.0028089887640449437
Turkeys,Fiji,1,0,1,4,0,4,0,2.2140151595207468e-5,0.0056179775280898875,0,0.0028089887640449437
Turkeys,French Polynesia,1,0,1,2,0,2,0,0.0017738443914994471,0.0056179775280898875,0,0.0028089887640449437
Turkeys,Georgia,1,0,1,1,0,1,0,8.869221957497242e-4,0.0056179775280898875,0,0.0028089887640449437
Turkeys,Guinea-Bissau,1,0,1,1,0,1,0,6.676119522708857e-4,0.0056179775280898875,0,0.0028089887640449437
Turkeys,Guyana,1,0,1,1,0,1,0,8.869221957497254e-4,0.0056179775280898875,0,0.0028089887640449437
Turkeys,Haiti,1,0,1,4,0,4,0,0.0035476887829988943,0.0056179775280898875,0,0.0028089887640449437
Turkeys,Lesotho,1,0,1,7,0,7,0,0.002232459947633108,0.0056179775280898875,0,0.0028089887640449437
Turkeys,Liberia,1,0,1,1,0,1,0,0.005941773782529824,0.0056179775280898875,0,0.0028089887640449437
Turkeys,Madagascar,1,0,1,7,0,7,0,0.04159241647770879,0.0056179775280898875,0,0.0028089887640449437
Turkeys,Marshall Islands,1,0,1,1,0,1,0,6.658695071809555e-5,0.0056179775280898875,0,0.0028089887640449437
Turkeys,New Caledonia,1,0,1,1,0,1,0,0.0059417737825298265,0.0056179775280898875,0,0.0028089887640449437
Turkeys,Papua New Guinea,1,0,1,1,0,1,0,6.676119522708868e-4,0.0056179775280898875,0,0.0028089887640449437
Turkeys,Republic of Moldova,1,0,1,6,0,6,0,0.0371799592143657,0.0056179775280898875,0,0.0028089887640449437
Turkeys,Rwanda,1,0,1,4,0,4,0,0.0026423259353552365,0.0056179775280898875,0,0.0028089887640449437
Turkeys,Samoa,1,0,1,1,0,1,0,8.869221957497223e-4,0.0056179775280898875,0,0.0028089887640449437
Turkeys,Sao Tome and Principe,1,0,1,1,0,1,0,0.002323915676968081,0.0056179775280898875,0,0.0028089887640449437
Turkeys,Somalia,1,0,1,1,0,1,0,7.662996797086419e-4,0.0056179775280898875,0,0.0028089887640449437
Turkeys,Sudan,1,0,1,1,0,1,0,2.3724657118992922e-4,0.0056179775280898875,0,0.0028089887640449437
Turkeys,Sudan (former),1,0,1,1,0,1,0,0.003106361671128876,0.0056179775280898875,0,0.0028089887640449437
Turkeys,Tajikistan,0,1,1,0,1,1,0,-0,0,0.0056179775280898875,0.0028089887640449437
Turkeys,Uruguay,1,0,1,1,0,1,0,5.67635109155275e-4,0.0056179775280898875,0,0.0028089887640449437
Turkeys,Vanuatu,1,0,1,1,0,1,0,9.078232053094088e-6,0.0056179775280898875,0,0.0028089887640449437
Goats,Netherlands (Kingdom of the),28,53,81,99,214,313,1921.2512906135412,0.23606325462926134,0.15135135135135136,0.2864864864864865,0.21891891891891893
Goats,United Arab Emirates,45,27,72,223,98,321,4743.89023922911,0.9173967092680768,0.24324324324324326,0.14594594594594595,0.1945945945945946
Goats,United States of America,17,51,68,42,171,213,4858.708430286582,0.05286068224281699,0.0918918918918919,0.2756756756756757,0.1837837837837838
Goats,France,20,47,67,89,207,296,2450.7407435799823,0.2986255311909831,0.10810810810810811,0.25405405405405407,0.1810810810810811
Goats,Germany,18,34,52,64,88,152,3096.0300095260927,0.1841961440765885,0.0972972972972973,0.1837837837837838,0.14054054054054055
Goats,South Africa,8,43,51,35,221,256,2036.1393514761028,0.017665564677095777,0.043243243243243246,0.23243243243243245,0.13783783783783785
Goats,Saudi Arabia,31,10,41,162,58,220,520.7058552424598,1,0.16756756756756758,0.05405405405405406,0.11081081081081082
Goats,Belgium,8,31,39,40,97,137,1276.832714195787,0.17415429751659378,0.043243243243243246,0.16756756756756758,0.10540540540540541
Goats,Spain,12,27,39,52,102,154,1324.5525608576515,0.21804578756708276,0.06486486486486487,0.14594594594594595,0.10540540540540541
Goats,United Kingdom of Great Britain and Northern Ireland,16,23,39,25,44,69,3462.377194939153,0.06719692351168789,0.08648648648648649,0.12432432432432433,0.10540540540540541
Goats,Austria,10,28,38,29,109,138,1108.9757448163243,0.105971873547332,0.05405405405405406,0.15135135135135136,0.10270270270270271
Goats,Australia,3,33,36,10,179,189,762.9848235098236,0.018421125427825685,0.016216216216216217,0.1783783783783784,0.0972972972972973
Goats,Thailand,22,13,35,61,29,90,2017.499351190045,0.05487274383685589,0.11891891891891893,0.07027027027027027,0.0945945945945946
Goats,Italy,20,14,34,149,27,176,587.3982766407253,0.41123611054663944,0.10810810810810811,0.07567567567567568,0.0918918918918919
Goats,Qatar,27,7,34,128,28,156,875.4271833043491,0.9489003683337928,0.14594594594594595,0.03783783783783784,0.0918918918918919
Goats,Niger,5,28,33,28,111,139,1068.1822760572763,0.009074324111939498,0.02702702702702703,0.15135135135135136,0.0891891891891892
Goats,Romania,10,23,33,33,83,116,1020.8775811640458,0.11943807376394713,0.05405405405405406,0.12432432432432433,0.0891891891891892
Goats,Russian Federation,14,19,33,51,42,93,823.7967115010592,0.11714748445819198,0.07567567567567568,0.10270270270270271,0.0891891891891892
Goats,Jordan,23,9,32,72,44,116,593.0554884398359,0.38352299130905343,0.12432432432432433,0.04864864864864865,0.08648648648648649
Goats,Kuwait,22,10,32,96,53,149,714.5381110332432,0.761313074276715,0.11891891891891893,0.05405405405405406,0.08648648648648649
Goats,Oman,23,9,32,104,96,200,347.17890051223935,0.6008078387665782,0.12432432432432433,0.04864864864864865,0.08648648648648649
Goats,Hungary,8,21,29,24,62,86,557.3291699996372,0.07288771004009749,0.043243243243243246,0.11351351351351352,0.07837837837837838
Goats,Bahrain,21,5,26,97,16,113,35.67603762090262,0.7473902051417742,0.11351351351351352,0.02702702702702703,0.07027027027027027
Goats,India,6,19,25,15,78,93,2110.7098427352635,0.025267266624397156,0.032432432432432434,0.10270270270270271,0.06756756756756757
Goats,Switzerland,7,18,25,45,76,121,428.7967510176527,0.17311998992222402,0.03783783783783784,0.0972972972972973,0.06756756756756757
Goats,United Republic of Tanzania,13,12,25,32,38,70,631.766797742598,0.06986003096941965,0.07027027027027027,0.06486486486486487,0.06756756756756757
Goats,Greece,12,11,23,53,58,111,188.5283614332527,0.18831553969174847,0.06486486486486487,0.05945945945945946,0.062162162162162166
Goats,Lebanon,15,7,22,57,22,79,99.58270895770897,0.1727113282736783,0.08108108108108109,0.03783783783783784,0.05945945945945946
Goats,Malaysia,15,7,22,69,22,91,1064.0600543176627,0.04058018919859597,0.08108108108108109,0.03783783783783784,0.05945945945945946
Goats,Uganda,13,9,22,36,35,71,877.26006623684,0.049930436108213905,0.07027027027027027,0.04864864864864865,0.05945945945945946
Goats,Bulgaria,11,10,21,35,23,58,161.38280005019132,0.11569558806158467,0.05945945945945946,0.05405405405405406,0.05675675675675676
Goats,Ethiopia,4,17,21,5,89,94,288.7284916064327,0.005580251645495223,0.021621621621621623,0.0918918918918919,0.05675675675675676
Goats,"China, mainland",9,11,20,23,48,71,647.6186050061052,0.005347193421106072,0.04864864864864865,0.05945945945945946,0.05405405405405406
Goats,Pakistan,9,11,20,15,26,41,1893.5294298924716,0.012537709713313331,0.04864864864864865,0.05945945945945946,0.05405405405405406
Goats,Czechia,3,16,19,8,39,47,10.042857142857141,0.025128745074323448,0.016216216216216217,0.08648648648648649,0.051351351351351354
Goats,Indonesia,9,10,19,20,31,51,514.7737019686388,0.016401482371968777,0.04864864864864865,0.05405405405405406,0.051351351351351354
Goats,Iran (Islamic Republic of),12,7,19,35,53,88,71.63063344422021,0.2937476736792323,0.06486486486486487,0.03783783783783784,0.051351351351351354
Goats,Egypt,10,8,18,15,15,30,636.0387304112554,0.034041579932319425,0.05405405405405406,0.043243243243243246,0.04864864864864865
Goats,Azerbaijan,13,4,17,35,7,42,493.49257620716406,0.06414341175787709,0.07027027027027027,0.021621621621621623,0.04594594594594595
Goats,Mali,4,13,17,8,49,57,399.93138528138525,0.03470863318558428,0.021621621621621623,0.07027027027027027,0.04594594594594595
Goats,New Zealand,2,15,17,14,36,50,385.8333333333333,0.004320386517414388,0.010810810810810811,0.08108108108108109,0.04594594594594595
Goats,Senegal,10,7,17,29,9,38,1304.625904068338,0.0850842654365984,0.05405405405405406,0.03783783783783784,0.04594594594594595
Goats,Cyprus,4,12,16,8,37,45,214.2652605706314,0.02521474078137669,0.021621621621621623,0.06486486486486487,0.043243243243243246
Goats,Georgia,9,7,16,14,14,28,233.8661182723296,0.02113589318766274,0.04864864864864865,0.03783783783783784,0.043243243243243246
Goats,Kenya,6,10,16,28,29,57,835.7486836834663,0.03855643910125408,0.032432432432432434,0.05405405405405406,0.043243243243243246
Goats,Ukraine,10,6,16,30,12,42,58.86587301587302,0.07315670148581067,0.05405405405405406,0.032432432432432434,0.043243243243243246
Goats,Canada,6,9,15,21,25,46,1600.832215185168,0.018194196972130348,0.032432432432432434,0.04864864864864865,0.04054054054054054
Goats,Myanmar,5,10,15,10,29,39,743.2431532209005,0.009726200529064179,0.02702702702702703,0.05405405405405406,0.04054054054054054
Goats,Poland,6,9,15,10,19,29,211.4361614379523,0.03203187886068465,0.032432432432432434,0.04864864864864865,0.04054054054054054
Goats,Serbia,11,4,15,21,24,45,375.2250000000001,0.06869792246167561,0.05945945945945946,0.021621621621621623,0.04054054054054054
Goats,Croatia,8,6,14,22,10,32,143.814507568455,0.05930186648829021,0.043243243243243246,0.032432432432432434,0.03783783783783784
Goats,Ireland,6,8,14,14,20,34,203.61713965858704,0.03861405095266343,0.032432432432432434,0.043243243243243246,0.03783783783783784
Goats,Rwanda,7,7,14,21,23,44,668.4204476079475,0.01785330517045925,0.03783783783783784,0.03783783783783784,0.03783783783783784
Goats,Yemen,8,6,14,49,7,56,122.84120879120879,0.2067081561518031,0.043243243243243246,0.032432432432432434,0.03783783783783784
Goats,Libya,12,1,13,34,1,35,410.94668664668666,0.10739583500820671,0.06486486486486487,0.005405405405405406,0.03513513513513514
Goats,Portugal,8,5,13,40,15,55,64.00785506763768,0.1705399037980651,0.043243243243243246,0.02702702702702703,0.03513513513513514
Goats,Bosnia and Herzegovina,10,2,12,25,2,27,73.85007361059996,0.05128885326074071,0.05405405405405406,0.010810810810810811,0.032432432432432434
Goats,Brunei Darussalam,11,1,12,38,3,41,185,0.02787014918702506,0.05945945945945946,0.005405405405405406,0.032432432432432434
Goats,Democratic Republic of the Congo,10,2,12,32,2,34,289.17235958485946,0.024752083336533063,0.05405405405405406,0.010810810810810811,0.032432432432432434
Goats,Namibia,4,8,12,17,54,71,203.0095764742505,0.00383669820740713,0.021621621621621623,0.043243243243243246,0.032432432432432434
Goats,Nigeria,10,2,12,29,10,39,610.4119921744923,0.012403579243750839,0.05405405405405406,0.010810810810810811,0.032432432432432434
Goats,Slovakia,4,8,12,10,17,27,182.66660561660566,0.023209496845109708,0.021621621621621623,0.043243243243243246,0.032432432432432434
Goats,Slovenia,4,8,12,7,26,33,21.06574790579367,0.018576023964874722,0.021621621621621623,0.043243243243243246,0.032432432432432434
Goats,Somalia,4,8,12,10,68,78,117.06450790309466,0.033155858373510955,0.021621621621621623,0.043243243243243246,0.032432432432432434
Goats,Sudan (former),6,6,12,10,15,25,405.59584946982613,0.02947494114458046,0.032432432432432434,0.032432432432432434,0.032432432432432434
Goats,Türkiye,8,4,12,19,9,28,88.06771561771563,0.03856632411144674,0.043243243243243246,0.021621621621621623,0.032432432432432434
Goats,Viet Nam,10,2,12,25,3,28,45.5256216006216,0.03237677203618397,0.05405405405405406,0.010810810810810811,0.032432432432432434
Goats,Zambia,6,6,12,30,8,38,1358.1459231589658,0.006326820385112773,0.032432432432432434,0.032432432432432434,0.032432432432432434
Goats,Albania,10,1,11,34,1,35,4.560353535353536,0.11634548783578243,0.05405405405405406,0.005405405405405406,0.02972972972972973
Goats,Angola,5,6,11,14,10,24,538.0009763364595,0.007091202904194816,0.02702702702702703,0.032432432432432434,0.02972972972972973
Goats,Armenia,7,4,11,10,7,17,180.6425931662334,0.033559878278759635,0.03783783783783784,0.021621621621621623,0.02972972972972973
Goats,Bangladesh,8,3,11,18,4,22,96.68164376473202,0.0759749702740029,0.043243243243243246,0.016216216216216217,0.02972972972972973
Goats,Brazil,2,9,11,6,11,17,462.4951936951937,0.0024559385905425705,0.010810810810810811,0.04864864864864865,0.02972972972972973
Goats,Ghana,8,3,11,26,5,31,196.04277593321717,0.01748467879561017,0.043243243243243246,0.016216216216216217,0.02972972972972973
Goats,Sudan,5,6,11,7,18,25,38.54322344322344,0.0506346330887186,0.02702702702702703,0.032432432432432434,0.02972972972972973
Goats,Burkina Faso,3,7,10,20,45,65,6.743589743589743,0.007582006195982787,0.016216216216216217,0.03783783783783784,0.02702702702702703
Goats,Denmark,2,8,10,6,17,23,170.74499510151685,0.02628376733411271,0.010810810810810811,0.043243243243243246,0.02702702702702703
Goats,Estonia,2,8,10,5,12,17,0,0.019950200775812717,0.010810810810810811,0.043243243243243246,0.02702702702702703
Goats,Latvia,5,5,10,7,6,13,83.95824986943843,0.016674471319851943,0.02702702702702703,0.02702702702702703,0.02702702702702703
Goats,Luxembourg,4,6,10,28,19,47,59.36443768542613,0.11855315443549812,0.021621621621621623,0.032432432432432434,0.02702702702702703
Goats,Mexico,3,7,10,15,23,38,253.77699522699524,0.013333159210757334,0.016216216216216217,0.03783783783783784,0.02702702702702703
Goats,Republic of Korea,4,6,10,6,9,15,312.3799977799975,0.0012705796627171754,0.021621621621621623,0.032432432432432434,0.02702702702702703
Goats,Republic of Moldova,7,3,10,12,16,28,4.777777777777778,0.02322642755955742,0.03783783783783784,0.016216216216216217,0.02702702702702703
Goats,Sri Lanka,3,7,10,4,13,17,591.8445294590407,0.002044646259824409,0.016216216216216217,0.03783783783783784,0.02702702702702703
Goats,Syrian Arab Republic,2,8,10,5,36,41,9.923809523809524,0.09087530968658733,0.010810810810810811,0.043243243243243246,0.02702702702702703
Goats,Belarus,6,3,9,14,5,19,10.583333333333332,0.015883427248365754,0.032432432432432434,0.016216216216216217,0.024324324324324326
Goats,Japan,4,5,9,10,5,15,127.12525970761266,0.0017884954128520073,0.021621621621621623,0.02702702702702703,0.024324324324324326
Goats,Kazakhstan,6,3,9,26,8,34,131.43257575757576,0.03246062698756041,0.032432432432432434,0.016216216216216217,0.024324324324324326
Goats,Benin,5,3,8,23,5,28,1044.9808261183261,0.01864991245243029,0.02702702702702703,0.016216216216216217,0.021621621621621623
Goats,Bolivia (Plurinational State of),6,2,8,7,2,9,357.4857104883422,0.018376781415010767,0.032432432432432434,0.010810810810810811,0.021621621621621623
Goats,Botswana,3,5,8,29,11,40,414.51291763791744,0.005777144238474672,0.016216216216216217,0.02702702702702703,0.021621621621621623
Goats,Burundi,6,2,8,24,3,27,6.173015873015872,0.022840883205061818,0.032432432432432434,0.010810810810810811,0.021621621621621623
Goats,Djibouti,2,6,8,13,31,44,16.211904761904762,0.001983355372317748,0.010810810810810811,0.032432432432432434,0.021621621621621623
Goats,Israel,6,2,8,6,4,10,133.5176415230123,0.01779018762513429,0.032432432432432434,0.010810810810810811,0.021621621621621623
Goats,Lithuania,3,5,8,7,10,17,8.337301587301587,0.020700173118730528,0.016216216216216217,0.02702702702702703,0.021621621621621623
Goats,Singapore,6,2,8,22,11,33,1,0.013108915167387304,0.032432432432432434,0.010810810810810811,0.021621621621621623
Goats,Uzbekistan,8,0,8,28,0,28,0,0.03171900360881265,0.043243243243243246,0,0.021621621621621623
Goats,Argentina,5,2,7,9,3,12,142.47222222222223,0.0022803030470219397,0.02702702702702703,0.010810810810810811,0.01891891891891892
Goats,Côte d'Ivoire,6,1,7,16,1,17,447.94606782106786,0.006415235294896541,0.032432432432432434,0.005405405405405406,0.01891891891891892
Goats,"China, Taiwan Province of",5,2,7,11,2,13,117.33650238650243,0.0034452256248976416,0.02702702702702703,0.010810810810810811,0.01891891891891892
Goats,Dominican Republic,1,6,7,4,16,20,18.1257326007326,0.0039743008258787075,0.005405405405405406,0.032432432432432434,0.01891891891891892
Goats,Lao People's Democratic Republic,3,4,7,12,8,20,208.02741563991563,0.010682476724603096,0.016216216216216217,0.021621621621621623,0.01891891891891892
Goats,Montenegro,6,1,7,16,1,17,10.265782828282825,0.02925745483447971,0.032432432432432434,0.005405405405405406,0.01891891891891892
Goats,Philippines,6,1,7,31,1,32,4.381875477463712,0.022439648910810576,0.032432432432432434,0.005405405405405406,0.01891891891891892
Goats,Sweden,2,5,7,5,12,17,29.83095238095238,0.018184532012604566,0.010810810810810811,0.02702702702702703,0.01891891891891892
Goats,Trinidad and Tobago,4,3,7,23,9,32,135,0.018481615580097272,0.021621621621621623,0.016216216216216217,0.01891891891891892
Goats,Afghanistan,2,4,6,3,5,8,102.96626103365232,0.008200959580637924,0.010810810810810811,0.021621621621621623,0.016216216216216217
Goats,Algeria,5,1,6,10,1,11,1.0909090909090908,0.031022710774802526,0.02702702702702703,0.005405405405405406,0.016216216216216217
Goats,Cameroon,5,1,6,5,6,11,0,0.009048678223736341,0.02702702702702703,0.005405405405405406,0.016216216216216217
Goats,Chile,1,5,6,1,17,18,63.1273199023199,3.462455027780643e-4,0.005405405405405406,0.02702702702702703,0.016216216216216217
Goats,Finland,5,1,6,7,2,9,0.7018115942028986,0.02632769589605896,0.02702702702702703,0.005405405405405406,0.016216216216216217
Goats,Guinea,6,0,6,15,0,15,0,0.011952899786547386,0.032432432432432434,0,0.016216216216216217
Goats,Iraq,5,1,6,10,1,11,12.841819291819293,0.05649000287539981,0.02702702702702703,0.005405405405405406,0.016216216216216217
Goats,Kyrgyzstan,2,4,6,2,35,37,303.62781385281386,0.0028120505432835297,0.010810810810810811,0.021621621621621623,0.016216216216216217
Goats,Mozambique,3,3,6,16,3,19,357.5576697457133,0.004905724178089401,0.016216216216216217,0.016216216216216217,0.016216216216216217
Goats,Nepal,5,1,6,34,9,43,0,0.012654307422175543,0.02702702702702703,0.005405405405405406,0.016216216216216217
Goats,Togo,5,1,6,23,3,26,0,0.01630469469532726,0.02702702702702703,0.005405405405405406,0.016216216216216217
Goats,Barbados,2,3,5,5,9,14,0,0.0057762727427778824,0.010810810810810811,0.016216216216216217,0.013513513513513514
Goats,Colombia,4,1,5,8,1,9,88.48845598845598,0.005537217577301383,0.021621621621621623,0.005405405405405406,0.013513513513513514
Goats,El Salvador,4,1,5,6,1,7,146,0.0012230928127608686,0.021621621621621623,0.005405405405405406,0.013513513513513514
Goats,Grenada,4,1,5,16,1,17,120.30158730158728,0.005653525537884281,0.021621621621621623,0.005405405405405406,0.013513513513513514
Goats,Malawi,4,1,5,17,1,18,29.460267510267506,0.007901727637660422,0.021621621621621623,0.005405405405405406,0.013513513513513514
Goats,Mauritius,5,0,5,23,0,23,0,0.009628573460419034,0.02702702702702703,0,0.013513513513513514
Goats,Nicaragua,3,2,5,3,2,5,120.01228391491553,5.181670364909271e-4,0.016216216216216217,0.010810810810810811,0.013513513513513514
Goats,North Macedonia,4,1,5,23,1,24,438.9905122655123,0.06486147272580764,0.021621621621621623,0.005405405405405406,0.013513513513513514
Goats,Saint Vincent and the Grenadines,4,1,5,7,3,10,5,0.0027349486677376443,0.021621621621621623,0.005405405405405406,0.013513513513513514
Goats,Tunisia,4,1,5,4,1,5,175.41079753579754,0.014074810915880772,0.021621621621621623,0.005405405405405406,0.013513513513513514
Goats,Venezuela (Bolivarian Republic of),4,1,5,5,1,6,32.404761904761905,0.005259013429799474,0.021621621621621623,0.005405405405405406,0.013513513513513514
Goats,Chad,1,3,4,2,3,5,1,3.4112399123710773e-4,0.005405405405405406,0.016216216216216217,0.010810810810810811
Goats,"China, Hong Kong SAR",3,1,4,18,1,19,48.56363130226679,0.0036330723295845157,0.016216216216216217,0.005405405405405406,0.010810810810810811
Goats,Comoros,3,1,4,26,1,27,47.21666666666666,0.017947271448133656,0.016216216216216217,0.005405405405405406,0.010810810810810811
Goats,Costa Rica,2,2,4,2,2,4,98.44171384171382,0.0016089927505677157,0.010810810810810811,0.010810810810810811,0.010810810810810811
Goats,Ecuador,4,0,4,13,0,13,0,0.004339674707038241,0.021621621621621623,0,0.010810810810810811
Goats,Eritrea,2,2,4,2,6,8,6.699603174603174,0.004055871269230922,0.010810810810810811,0.010810810810810811,0.010810810810810811
Goats,Guatemala,3,1,4,11,2,13,0,0.005823382009394404,0.016216216216216217,0.005405405405405406,0.010810810810810811
Goats,Madagascar,2,2,4,3,12,15,190.49999999999997,0.00102982989673304,0.010810810810810811,0.010810810810810811,0.010810810810810811
Goats,Malta,2,2,4,5,4,9,6.75,0.02128788338172226,0.010810810810810811,0.010810810810810811,0.010810810810810811
Goats,Mauritania,4,0,4,7,0,7,0,0.011886094639110124,0.021621621621621623,0,0.010810810810810811
Goats,Norway,3,1,4,11,1,12,11.361904761904759,0.008920694442223655,0.016216216216216217,0.005405405405405406,0.010810810810810811
Goats,Panama,4,0,4,9,0,9,0,0.004088115937641977,0.021621621621621623,0,0.010810810810810811
Goats,Peru,3,1,4,8,1,9,17.940909090909095,3.937380925055275e-4,0.016216216216216217,0.005405405405405406,0.010810810810810811
Goats,Tajikistan,4,0,4,19,0,19,0,0.00605337418469445,0.021621621621621623,0,0.010810810810810811
Goats,Antigua and Barbuda,1,2,3,6,3,9,0,0.005961451238818056,0.005405405405405406,0.010810810810810811,0.008108108108108109
Goats,Belize,2,1,3,2,1,3,11.495238095238093,0.0012441867357509023,0.010810810810810811,0.005405405405405406,0.008108108108108109
Goats,Cambodia,3,0,3,5,0,5,0,0.003300879105377917,0.016216216216216217,0,0.008108108108108109
Goats,Congo,2,1,3,3,1,4,128,5.986179615579285e-4,0.010810810810810811,0.005405405405405406,0.008108108108108109
Goats,Dominica,2,1,3,3,1,4,128,0.0012176793948439155,0.010810810810810811,0.005405405405405406,0.008108108108108109
Goats,Gabon,3,0,3,13,0,13,0,0.0023758955894602083,0.016216216216216217,0,0.008108108108108109
Goats,Guyana,2,1,3,9,1,10,4,0.007649791409975028,0.010810810810810811,0.005405405405405406,0.008108108108108109
Goats,Honduras,1,2,3,1,3,4,15,2.2989387242265136e-5,0.005405405405405406,0.010810810810810811,0.008108108108108109
Goats,Mongolia,2,1,3,2,1,3,71.55238095238093,0.00571350481687447,0.010810810810810811,0.005405405405405406,0.008108108108108109
Goats,Morocco,3,0,3,11,0,11,0,0.048305510153548226,0.016216216216216217,0,0.008108108108108109
Goats,Seychelles,2,1,3,4,1,5,45.56190476190476,0.052062512717990964,0.010810810810810811,0.005405405405405406,0.008108108108108109
Goats,South Sudan,2,1,3,4,1,5,97.09662698412698,0.003151066622670362,0.010810810810810811,0.005405405405405406,0.008108108108108109
Goats,Suriname,3,0,3,5,0,5,0,0.00314739957748037,0.016216216216216217,0,0.008108108108108109
Goats,Turkmenistan,3,0,3,4,0,4,0,0.007120589930498393,0.016216216216216217,0,0.008108108108108109
Goats,Zimbabwe,3,0,3,22,0,22,0,0.005038551389851363,0.016216216216216217,0,0.008108108108108109
Goats,Bahamas,2,0,2,9,0,9,0,0.007994763744046838,0.010810810810810811,0,0.005405405405405406
Goats,Democratic People's Republic of Korea,2,0,2,6,0,6,0,0.003964703197665164,0.010810810810810811,0,0.005405405405405406
Goats,Equatorial Guinea,2,0,2,3,0,3,0,0.008242987377541802,0.010810810810810811,0,0.005405405405405406
Goats,Eswatini,1,1,2,11,7,18,0,0.003652482896438101,0.005405405405405406,0.005405405405405406,0.005405405405405406
Goats,Fiji,2,0,2,4,0,4,0,0.0011199429692411997,0.010810810810810811,0,0.005405405405405406
Goats,Haiti,2,0,2,7,0,7,0,0.0014417835832181548,0.010810810810810811,0,0.005405405405405406
Goats,Jamaica,1,1,2,4,1,5,0,0.003974300825878701,0.005405405405405406,0.005405405405405406,0.005405405405405406
Goats,Lesotho,1,1,2,8,8,16,0,0.0026563511974095236,0.005405405405405406,0.005405405405405406,0.005405405405405406
Goats,Maldives,2,0,2,20,0,20,0,0.006879556954141085,0.010810810810810811,0,0.005405405405405406
Goats,Marshall Islands,2,0,2,2,0,2,0,1.6690992818149835e-4,0.010810810810810811,0,0.005405405405405406
Goats,Saint Lucia,2,0,2,5,0,5,0,0.00550680717263471,0.010810810810810811,0,0.005405405405405406
Goats,Serbia and Montenegro,2,0,2,2,0,2,0,0.007787625398309249,0.010810810810810811,0,0.005405405405405406
Goats,Timor-Leste,2,0,2,3,0,3,0,9.628136416182356e-4,0.010810810810810811,0,0.005405405405405406
Goats,Bhutan,1,0,1,1,0,1,0,4.749263268669081e-4,0.005405405405405406,0,0.002702702702702703
Goats,Cabo Verde,1,0,1,1,0,1,0,0.004098412642626186,0.005405405405405406,0,0.002702702702702703
Goats,Central African Republic,1,0,1,1,0,1,0,1.1251689148075553e-5,0.005405405405405406,0,0.002702702702702703
Goats,"China, Macao SAR",1,0,1,6,0,6,0,6.030386194794977e-4,0.005405405405405406,0,0.002702702702702703
Goats,Cook Islands,1,0,1,1,0,1,0,8.120646090700318e-5,0.005405405405405406,0,0.002702702702702703
Goats,Cuba,1,0,1,1,0,1,0,3.4198013052680305e-4,0.005405405405405406,0,0.002702702702702703
Goats,Faroe Islands,1,0,1,2,0,2,0,9.88065172365062e-4,0.005405405405405406,0,0.002702702702702703
Goats,Liberia,1,0,1,3,0,3,0,0.001957161878382674,0.005405405405405406,0,0.002702702702702703
Goats,Nauru,1,0,1,3,0,3,0,5.116859868556594e-4,0.005405405405405406,0,0.002702702702702703
Goats,New Caledonia,1,0,1,2,0,2,0,1.6241292181400495e-4,0.005405405405405406,0,0.002702702702702703
Goats,Paraguay,1,0,1,1,0,1,0,4.286082726573457e-5,0.005405405405405406,0,0.002702702702702703
Goats,Saint Kitts and Nevis,1,0,1,2,0,2,0,0.001987150412939353,0.005405405405405406,0,0.002702702702702703
Goats,Tonga,1,0,1,1,0,1,0,8.120646090700306e-5,0.005405405405405406,0,0.002702702702702703
Goats,Tuvalu,1,0,1,1,0,1,0,3.3204389967619126e-4,0.005405405405405406,0,0.002702702702702703
Goats,Uruguay,1,0,1,1,0,1,0,3.4624550277806475e-4,0.005405405405405406,0,0.002702702702702703
Goats,Vanuatu,1,0,1,1,0,1,0,1.7056199561855365e-4,0.005405405405405406,0,0.002702702702702703
Rabbits and hares,France,32,84,116,163,449,612,2292.035093487262,1,0.2,0.525,0.3625
Rabbits and hares,Netherlands (Kingdom of the),42,70,112,171,386,557,1403.9098244087068,0.9076748930765581,0.2625,0.4375,0.35
Rabbits and hares,United States of America,42,47,89,168,212,380,1971.9971162884497,0.8124416981355372,0.2625,0.29375,0.278125
Rabbits and hares,Spain,26,58,84,112,179,291,1925.4373188923773,0.7231839050249694,0.1625,0.3625,0.2625
Rabbits and hares,United Kingdom of Great Britain and Northern Ireland,23,54,77,85,174,259,2568.1897121985103,0.5683104189618344,0.14375,0.3375,0.240625
Rabbits and hares,United Arab Emirates,33,36,69,111,81,192,1619.2230242506978,0.625201674313755,0.20625,0.225,0.215625
Rabbits and hares,Germany,28,35,63,102,178,280,848.6967457086508,0.6762861217425428,0.175,0.21875,0.196875
Rabbits and hares,Belgium,14,47,61,117,180,297,702.5862594992391,0.8030647155758018,0.0875,0.29375,0.190625
Rabbits and hares,Ecuador,37,24,61,122,37,159,2176.4926536017924,0.405725037899211,0.23125,0.15,0.190625
Rabbits and hares,Czechia,15,43,58,76,212,288,930.5577259612787,0.4375699908056951,0.09375,0.26875,0.18125
Rabbits and hares,Italy,23,32,55,118,129,247,453.76056208509874,0.6931610189502584,0.14375,0.2,0.171875
Rabbits and hares,Hungary,12,34,46,50,99,149,757.659987343313,0.3366041783624342,0.075,0.2125,0.14375
Rabbits and hares,Thailand,22,24,46,58,68,126,851.2933882426779,0.34409535004751046,0.1375,0.15,0.14375
Rabbits and hares,Singapore,20,19,39,80,45,125,536.1840468739914,0.4520709527693419,0.125,0.11875,0.121875
Rabbits and hares,Canada,23,13,36,70,43,113,736.2175617450648,0.4161414890175096,0.14375,0.08125,0.1125
Rabbits and hares,Indonesia,15,21,36,32,59,91,495.04597772990155,0.20604870574658596,0.09375,0.13125,0.1125
Rabbits and hares,Denmark,22,13,35,87,34,121,393.5132313519635,0.5436170377697792,0.1375,0.08125,0.109375
Rabbits and hares,Republic of Korea,17,15,32,51,27,78,237.49108075073548,0.29233782035491623,0.10625,0.09375,0.1
Rabbits and hares,South Africa,5,27,32,5,50,55,895.320285076047,0.02600767565171145,0.03125,0.16875,0.1
Rabbits and hares,Poland,12,19,31,44,93,137,88.93981971587577,0.3054305305249255,0.075,0.11875,0.096875
Rabbits and hares,Japan,15,13,28,68,30,98,416.1366687085049,0.3928128130438829,0.09375,0.08125,0.0875
Rabbits and hares,Kuwait,20,8,28,51,12,63,615.7280759145673,0.29305810751306016,0.125,0.05,0.0875
Rabbits and hares,Russian Federation,15,13,28,42,24,66,620.0327639335317,0.2256735999547438,0.09375,0.08125,0.0875
Rabbits and hares,Colombia,5,22,27,7,39,46,629.2266359019252,0.04524446172792946,0.03125,0.1375,0.084375
Rabbits and hares,Malaysia,16,11,27,45,17,62,366.1244195236942,0.2527120006452555,0.1,0.06875,0.084375
Rabbits and hares,Switzerland,16,11,27,73,15,88,340.6435799194827,0.6123670371870223,0.1,0.06875,0.084375
Rabbits and hares,Portugal,8,17,25,46,50,96,370.5082292950093,0.40664623735490363,0.05,0.10625,0.078125
Rabbits and hares,Austria,14,10,24,48,15,63,524.3834012202459,0.3337313965523385,0.0875,0.0625,0.075
Rabbits and hares,Jamaica,7,17,24,19,40,59,289.97443088520674,0.091558234434678,0.04375,0.10625,0.075
Rabbits and hares,Slovakia,9,14,23,47,66,113,75.0403314077227,0.3188656145386678,0.05625,0.0875,0.071875
Rabbits and hares,"China, Hong Kong SAR",17,5,22,56,9,65,65.23464437609174,0.41065760003418195,0.10625,0.03125,0.06875
Rabbits and hares,Ireland,13,9,22,31,15,46,83.02382496338112,0.2007724416787215,0.08125,0.05625,0.06875
Rabbits and hares,Israel,10,12,22,42,25,67,77.7857934506154,0.3043146867475148,0.0625,0.075,0.06875
Rabbits and hares,Oman,20,2,22,53,2,55,985.7406997047663,0.1937710349385328,0.125,0.0125,0.06875
Rabbits and hares,Qatar,17,5,22,36,6,42,688.1443021978791,0.18192260506025248,0.10625,0.03125,0.06875
Rabbits and hares,Sweden,11,11,22,54,44,98,67.07368479324329,0.40040655192676594,0.06875,0.06875,0.06875
Rabbits and hares,"China, mainland",13,8,21,32,23,55,173.2245794451357,0.26412995773776704,0.08125,0.05,0.065625
Rabbits and hares,Finland,14,7,21,41,10,51,341.99237117465174,0.27037433326639365,0.0875,0.04375,0.065625
Rabbits and hares,Philippines,11,10,21,28,18,46,268.81701384551184,0.15384557435167537,0.06875,0.0625,0.065625
Rabbits and hares,Türkiye,9,11,20,11,13,24,926.274997541533,0.07006625829797195,0.05625,0.06875,0.0625
Rabbits and hares,Australia,5,14,19,9,23,32,339.3524763291405,0.04434317655838492,0.03125,0.0875,0.059375
Rabbits and hares,Mexico,10,8,18,14,21,35,486.30668884289537,0.0698295367482845,0.0625,0.05,0.05625
Rabbits and hares,Bahrain,15,2,17,29,3,32,83.46125336078899,0.1827047960885339,0.09375,0.0125,0.053125
Rabbits and hares,Greece,11,6,17,55,9,64,364.7189479217157,0.45967962453647443,0.06875,0.0375,0.053125
Rabbits and hares,Romania,9,8,17,14,22,36,169.02391115725618,0.0960601529412989,0.05625,0.05,0.053125
Rabbits and hares,Ukraine,9,7,16,26,11,37,90.57911226200702,0.17056623576586166,0.05625,0.04375,0.05
Rabbits and hares,Croatia,8,7,15,25,11,36,70.3305527805528,0.14234653739128114,0.05,0.04375,0.046875
Rabbits and hares,India,9,6,15,12,9,21,202.61503905301865,0.06311517588475553,0.05625,0.0375,0.046875
Rabbits and hares,Cyprus,7,7,14,11,7,18,307.0000926402437,0.09446134760961714,0.04375,0.04375,0.04375
Rabbits and hares,Lithuania,7,7,14,42,27,69,220.3065601065601,0.21520447584111643,0.04375,0.04375,0.04375
Rabbits and hares,"China, Taiwan Province of",7,6,13,20,21,41,39.33540122849586,0.1226599439984948,0.04375,0.0375,0.040625
Rabbits and hares,Kazakhstan,9,4,13,15,6,21,87.36564453908815,0.06769865150951138,0.05625,0.025,0.040625
Rabbits and hares,Argentina,5,7,12,8,20,28,90.7251556793117,0.05078027032539656,0.03125,0.04375,0.0375
Rabbits and hares,Bulgaria,5,7,12,8,9,17,140.25934306472902,0.05918489098049554,0.03125,0.04375,0.0375
Rabbits and hares,Latvia,7,5,12,29,23,52,31.65119047619047,0.1949577633139048,0.04375,0.03125,0.0375
Rabbits and hares,Malta,9,3,12,35,3,38,64.7414908620791,0.28583108435431753,0.05625,0.01875,0.0375
Rabbits and hares,Saudi Arabia,11,1,12,21,1,22,27.392587042587042,0.10326920618154778,0.06875,0.00625,0.0375
Rabbits and hares,Slovenia,7,5,12,22,14,36,27.352122219885377,0.12839859812847992,0.04375,0.03125,0.0375
Rabbits and hares,Brazil,9,2,11,16,6,22,39.792476804241524,0.08300112019879956,0.05625,0.0125,0.034375
Rabbits and hares,Egypt,4,7,11,4,18,22,240.75320790320794,0.025885671837542094,0.025,0.04375,0.034375
Rabbits and hares,Lebanon,7,4,11,13,4,17,302.34844451631534,0.08750619783075703,0.04375,0.025,0.034375
Rabbits and hares,Costa Rica,5,5,10,6,5,11,182.9478286197209,0.024230055333297126,0.03125,0.03125,0.03125
Rabbits and hares,Jordan,7,3,10,20,3,23,50.724969027846264,0.12321658071839602,0.04375,0.01875,0.03125
Rabbits and hares,Kenya,5,5,10,9,6,15,342.72220949975537,0.07955701777063863,0.03125,0.03125,0.03125
Rabbits and hares,Libya,10,0,10,19,0,19,0,0.1462914739555826,0.0625,0,0.03125
Rabbits and hares,Luxembourg,4,6,10,46,20,66,0,0.4260481883474734,0.025,0.0375,0.03125
Rabbits and hares,Serbia,6,4,10,19,4,23,197.13045517284647,0.10100968149762993,0.0375,0.025,0.03125
Rabbits and hares,Dominican Republic,8,1,9,13,2,15,0.3639705882352941,0.09123705754594459,0.05,0.00625,0.028125
Rabbits and hares,New Zealand,5,4,9,7,4,11,136.67307873286137,0.0290449241766763,0.03125,0.025,0.028125
Rabbits and hares,Belarus,6,2,8,12,3,15,23.303066378066372,0.0444777521921326,0.0375,0.0125,0.025
Rabbits and hares,Estonia,4,4,8,17,13,30,6.331721056721058,0.07168114684631213,0.025,0.025,0.025
Rabbits and hares,Ghana,6,2,8,10,2,12,27.424641542032848,0.06331376459378292,0.0375,0.0125,0.025
Rabbits and hares,Norway,7,1,8,41,1,42,1.5666666666666667,0.2859466990272923,0.04375,0.00625,0.025
Rabbits and hares,Pakistan,6,2,8,17,10,27,190.84502164502163,0.12518778873384945,0.0375,0.0125,0.025
Rabbits and hares,Trinidad and Tobago,4,4,8,6,7,13,215.00059523809523,0.030496851961661204,0.025,0.025,0.025
Rabbits and hares,Tunisia,5,3,8,16,3,19,145.59087301587303,0.14534906240465573,0.03125,0.01875,0.025
Rabbits and hares,Brunei Darussalam,6,1,7,11,1,12,12.223536608319217,0.030772916672769515,0.0375,0.00625,0.021875
Rabbits and hares,Chile,4,3,7,6,10,16,44.48784901851264,0.04700652219415171,0.025,0.01875,0.021875
Rabbits and hares,Panama,5,2,7,7,6,13,58.57397561870177,0.02048559400419135,0.03125,0.0125,0.021875
Rabbits and hares,Peru,3,4,7,4,10,14,43.36758551868257,0.029099845655666243,0.01875,0.025,0.021875
Rabbits and hares,Uzbekistan,5,2,7,7,2,9,163.7268540354218,0.017918345559029304,0.03125,0.0125,0.021875
Rabbits and hares,Viet Nam,7,0,7,12,0,12,0,0.07158007130387331,0.04375,0,0.021875
Rabbits and hares,Bolivia (Plurinational State of),3,3,6,5,4,9,1.5885642135642133,0.01786916521968494,0.01875,0.01875,0.01875
Rabbits and hares,Georgia,6,0,6,10,0,10,0,0.0441278394949436,0.0375,0,0.01875
Rabbits and hares,Guatemala,6,0,6,8,0,8,0,0.032358629904678526,0.0375,0,0.01875
Rabbits and hares,Zambia,2,4,6,4,5,9,131.78666973123492,0.004528215893132617,0.0125,0.025,0.01875
Rabbits and hares,Angola,5,0,5,10,0,10,0,0.050046383345601,0.03125,0,0.015625
Rabbits and hares,Bangladesh,4,1,5,8,1,9,3.690909090909091,0.0651280853995391,0.025,0.00625,0.015625
Rabbits and hares,Côte d'Ivoire,3,2,5,11,2,13,176.4884844801405,0.0996998365618376,0.01875,0.0125,0.015625
Rabbits and hares,Mauritius,4,1,5,8,2,10,0,0.06762825174435144,0.025,0.00625,0.015625
Rabbits and hares,Namibia,4,1,5,5,1,6,10.389518668466033,0.013723069898892487,0.025,0.00625,0.015625
Rabbits and hares,Republic of Moldova,5,0,5,5,0,5,0,0.0265521687395862,0.03125,0,0.015625
Rabbits and hares,Uganda,4,1,5,5,1,6,29.509523809523802,0.011984075398004234,0.025,0.00625,0.015625
Rabbits and hares,Armenia,4,0,4,4,0,4,0,0.015934118604945355,0.025,0,0.0125
Rabbits and hares,Benin,3,1,4,7,2,9,304.0562594268476,0.05636290477641031,0.01875,0.00625,0.0125
Rabbits and hares,Democratic Republic of the Congo,4,0,4,5,0,5,0,0.031003493570429693,0.025,0,0.0125
Rabbits and hares,Iraq,4,0,4,10,0,10,0,0.07303114293466247,0.025,0,0.0125
Rabbits and hares,Maldives,4,0,4,10,0,10,0,0.02090426998870001,0.025,0,0.0125
Rabbits and hares,Mali,2,2,4,4,2,6,116.14047619047619,0.041533931847265476,0.0125,0.0125,0.0125
Rabbits and hares,Morocco,4,0,4,12,0,12,0,0.12126801841956018,0.025,0,0.0125
Rabbits and hares,Mozambique,4,0,4,6,0,6,0,0.0019331853171141275,0.025,0,0.0125
Rabbits and hares,Rwanda,3,1,4,3,1,4,19.757886557886557,0.009770145782263918,0.01875,0.00625,0.0125
Rabbits and hares,Senegal,3,1,4,16,1,17,254.33333333333331,0.16088327998345245,0.01875,0.00625,0.0125
Rabbits and hares,Syrian Arab Republic,1,3,4,3,5,8,0,0.002295617414835623,0.00625,0.01875,0.0125
Rabbits and hares,Albania,2,1,3,3,1,4,1.2857142857142856,0.020160505532177967,0.0125,0.00625,0.009375
Rabbits and hares,Antigua and Barbuda,3,0,3,5,0,5,0,0.017104404606732383,0.01875,0,0.009375
Rabbits and hares,Barbados,2,1,3,4,1,5,0,0.010897787582157769,0.0125,0.00625,0.009375
Rabbits and hares,Cuba,1,2,3,1,5,6,5.606522644022644,0.004430993772948096,0.00625,0.0125,0.009375
Rabbits and hares,Gabon,3,0,3,8,0,8,0,0.08105126656272595,0.01875,0,0.009375
Rabbits and hares,Guyana,2,1,3,3,1,4,0,0.010872664061965414,0.0125,0.00625,0.009375
Rabbits and hares,Myanmar,1,2,3,1,2,3,1.5529016876842965,0.004937145577762647,0.00625,0.0125,0.009375
Rabbits and hares,Nepal,3,0,3,5,0,5,0,0.04134909249966056,0.01875,0,0.009375
Rabbits and hares,Nigeria,2,1,3,3,1,4,1.080252100840336,0.025518461019259194,0.0125,0.00625,0.009375
Rabbits and hares,United Republic of Tanzania,0,3,3,0,3,3,0,1.0781069600432343e-17,0,0.01875,0.009375
Rabbits and hares,Bahamas,1,1,2,6,1,7,0,0.053236903356448304,0.00625,0.00625,0.00625
Rabbits and hares,Bosnia and Herzegovina,2,0,2,2,0,2,0,0.005199329998623897,0.0125,0,0.00625
Rabbits and hares,Burundi,2,0,2,2,0,2,0,0.010921174093398803,0.0125,0,0.00625
Rabbits and hares,Cabo Verde,2,0,2,2,0,2,0,0.012339071680900156,0.0125,0,0.00625
Rabbits and hares,Djibouti,1,1,2,2,1,3,0,0.02184234818679758,0.00625,0.00625,0.00625
Rabbits and hares,El Salvador,2,0,2,2,0,2,0,0.012329011101269811,0.0125,0,0.00625
Rabbits and hares,Eritrea,2,0,2,3,0,3,0,0.01600912036685173,0.0125,0,0.00625
Rabbits and hares,Faroe Islands,2,0,2,2,0,2,0,0.015849811837117797,0.0125,0,0.00625
Rabbits and hares,French Polynesia,1,1,2,3,2,5,0,0.03276352228019639,0.00625,0.00625,0.00625
Rabbits and hares,Honduras,1,1,2,1,1,2,0,0.004430993772948098,0.00625,0.00625,0.00625
Rabbits and hares,Iceland,2,0,2,5,0,5,0,0.029860558563462397,0.0125,0,0.00625
Rabbits and hares,Madagascar,1,1,2,2,1,3,0,0.021842348186797568,0.00625,0.00625,0.00625
Rabbits and hares,New Caledonia,1,1,2,7,2,9,0,0.07644821865379153,0.00625,0.00625,0.00625
Rabbits and hares,Nicaragua,0,2,2,0,4,4,0,1.0781069600432343e-17,0,0.0125,0.00625
Rabbits and hares,Saint Vincent and the Grenadines,2,0,2,2,0,2,0,3.330614295739357e-4,0.0125,0,0.00625
Rabbits and hares,Seychelles,2,0,2,2,0,2,0,0.008182051681878704,0.0125,0,0.00625
Rabbits and hares,Sri Lanka,1,1,2,1,6,7,0,0.010921174093398786,0.00625,0.00625,0.00625
Rabbits and hares,Sudan,0,2,2,0,4,4,0,1.0781069600432343e-17,0,0.0125,0.00625
Rabbits and hares,Togo,0,2,2,0,2,2,0,1.0781069600432343e-17,0,0.0125,0.00625
Rabbits and hares,Uruguay,1,1,2,2,1,3,0,0.015796034656643424,0.00625,0.00625,0.00625
Rabbits and hares,Venezuela (Bolivarian Republic of),1,1,2,1,5,6,0,0.0078980173283217,0.00625,0.00625,0.00625
Rabbits and hares,Afghanistan,1,0,1,1,0,1,0,0.006206617024574614,0.00625,0,0.003125
Rabbits and hares,Belize,1,0,1,1,0,1,0,9.999234179453535e-4,0.00625,0,0.003125
Rabbits and hares,Botswana,1,0,1,6,0,6,0,0.0017042061213420048,0.00625,0,0.003125
Rabbits and hares,Burkina Faso,1,0,1,1,0,1,0,4.53599300487361e-4,0.00625,0,0.003125
Rabbits and hares,Cambodia,1,0,1,1,0,1,0,0.004937145577762649,0.00625,0,0.003125
Rabbits and hares,"China, Macao SAR",1,0,1,2,0,2,0,0.008882108705156908,0.00625,0,0.003125
Rabbits and hares,Comoros,1,0,1,1,0,1,0,0.010921174093398791,0.00625,0,0.003125
Rabbits and hares,Congo,1,0,1,1,0,1,0,0.008770409567069107,0.00625,0,0.003125
Rabbits and hares,Dominica,1,0,1,1,0,1,0,0.006206617024574606,0.00625,0,0.003125
Rabbits and hares,Eswatini,1,0,1,1,0,1,0,2.840343535569965e-4,0.00625,0,0.003125
Rabbits and hares,Ethiopia,0,1,1,0,3,3,0,1.0781069600432343e-17,0,0.00625,0.003125
Rabbits and hares,Grenada,1,0,1,3,0,3,0,0.02661845167822415,0.00625,0,0.003125
Rabbits and hares,Guinea,1,0,1,1,0,1,0,0.010921174093398786,0.00625,0,0.003125
Rabbits and hares,Lao People's Democratic Republic,1,0,1,1,0,1,0,0.0037579252225978825,0.00625,0,0.003125
Rabbits and hares,Lesotho,1,0,1,1,0,1,0,2.8403435355699993e-4,0.00625,0,0.003125
Rabbits and hares,Malawi,1,0,1,2,0,2,0,9.89068682028124e-5,0.00625,0,0.003125
Rabbits and hares,Niger,1,0,1,1,0,1,0,0.0015873824148335462,0.00625,0,0.003125
Rabbits and hares,Paraguay,1,0,1,1,0,1,0,0.00789801732832171,0.00625,0,0.003125
Rabbits and hares,Saint Kitts and Nevis,1,0,1,1,0,1,0,3.330614295739222e-4,0.00625,0,0.003125
Rabbits and hares,Saint Lucia,0,1,1,0,1,1,0,1.0781069600432343e-17,0,0.00625,0.003125
Rabbits and hares,Sao Tome and Principe,1,0,1,2,0,2,0,0.008882108705156906,0.00625,0,0.003125
Rabbits and hares,Sierra Leone,1,0,1,1,0,1,0,0.008770409567069103,0.00625,0,0.003125
Rabbits and hares,Suriname,1,0,1,5,0,5,0,0.04956437763748142,0.00625,0,0.003125
Rabbits and hares,Tajikistan,0,1,1,0,1,1,0,1.0781069600432343e-17,0,0.00625,0.003125
Rabbits and hares,Turkmenistan,1,0,1,1,0,1,0,7.652058049452076e-4,0.00625,0,0.003125
Rabbits and hares,Zimbabwe,1,0,1,4,0,4,0,0.0011361374142279835,0.00625,0,0.003125
Ducks,Netherlands (Kingdom of the),27,75,102,90,319,409,3147.39015413607,0.8301430969923265,0.14917127071823205,0.4143646408839779,0.281767955801105
Ducks,France,15,85,100,83,537,620,2963.8346471008535,0.8668650940010383,0.08287292817679558,0.4696132596685083,0.27624309392265195
Ducks,United States of America,20,61,81,41,225,266,6433.015253592782,0.2908498122144002,0.11049723756906077,0.3370165745856354,0.22375690607734808
Ducks,United Kingdom of Great Britain and Northern Ireland,13,50,63,53,236,289,2962.883612294137,0.5136976066612144,0.0718232044198895,0.27624309392265195,0.17403314917127072
Ducks,Germany,14,42,56,85,198,283,494.81934865959613,0.8346709266364708,0.07734806629834254,0.23204419889502761,0.15469613259668508
Ducks,Belgium,8,46,54,42,192,234,322.8454251772666,0.543445641238014,0.04419889502762431,0.2541436464088398,0.14917127071823205
Ducks,Senegal,10,31,41,36,65,101,1740.0763553759398,0.39406473214060167,0.055248618784530384,0.1712707182320442,0.1132596685082873
Ducks,United Arab Emirates,24,13,37,74,32,106,742.6238717938406,0.639626074900641,0.13259668508287292,0.0718232044198895,0.10220994475138122
Ducks,Canada,7,29,36,63,80,143,508.75821906851303,0.6584432838256978,0.03867403314917127,0.16022099447513813,0.09944751381215469
Ducks,Hungary,12,23,35,51,110,161,775.3271713277971,0.5822263948427456,0.06629834254143646,0.1270718232044199,0.09668508287292818
Ducks,Thailand,21,11,32,97,45,142,1250.1938536953242,1,0.11602209944751381,0.06077348066298342,0.08839779005524862
Ducks,Czechia,9,22,31,35,85,120,528.939447242868,0.42481525292004785,0.049723756906077346,0.12154696132596685,0.0856353591160221
Ducks,Malaysia,15,16,31,74,68,142,1038.9955536192915,0.7178619820030528,0.08287292817679558,0.08839779005524862,0.0856353591160221
Ducks,Poland,15,16,31,58,45,103,989.3699995566874,0.6141887645149832,0.08287292817679558,0.08839779005524862,0.0856353591160221
Ducks,India,8,21,29,23,38,61,422.5199245199245,0.22890831116543223,0.04419889502762431,0.11602209944751381,0.08011049723756906
Ducks,Ethiopia,22,6,28,91,18,109,1360.1448000400014,0.7876234314075418,0.12154696132596685,0.03314917127071823,0.07734806629834254
Ducks,Saudi Arabia,17,11,28,28,35,63,363.69722630310866,0.22179009953656229,0.09392265193370165,0.06077348066298342,0.07734806629834254
Ducks,South Africa,6,21,27,12,61,73,1050.06213059816,0.12071709608512399,0.03314917127071823,0.11602209944751381,0.07458563535911603
Ducks,Spain,11,16,27,45,40,85,364.0342144353753,0.5283133119473751,0.06077348066298342,0.08839779005524862,0.07458563535911603
Ducks,Bahrain,20,6,26,44,11,55,1725.8700217996666,0.3713899262380585,0.11049723756906077,0.03314917127071823,0.0718232044198895
Ducks,Italy,11,14,25,58,53,111,222.2240468248342,0.6438830751404941,0.06077348066298342,0.07734806629834254,0.06906077348066299
Ducks,Lebanon,15,10,25,51,25,76,820.75834998335,0.4818963003563744,0.08287292817679558,0.055248618784530384,0.06906077348066299
Ducks,Egypt,12,12,24,33,24,57,855.2688496172402,0.3820344933225843,0.06629834254143646,0.06629834254143646,0.06629834254143646
Ducks,Jordan,17,7,24,26,13,39,667.2867095623673,0.1852867021174245,0.09392265193370165,0.03867403314917127,0.06629834254143646
Ducks,Qatar,13,10,23,28,12,40,1829.3328857760746,0.22580312747046802,0.0718232044198895,0.055248618784530384,0.06353591160220995
Ducks,Uganda,7,16,23,16,27,43,2031.9963013221054,0.05668655380223976,0.03867403314917127,0.08839779005524862,0.06353591160220995
Ducks,Kuwait,17,4,21,30,6,36,134.80124397446374,0.23014184516790825,0.09392265193370165,0.022099447513812154,0.058011049723756904
Ducks,"China, mainland",10,10,20,27,15,42,930.8046823403636,0.26176681263532786,0.055248618784530384,0.055248618784530384,0.055248618784530384
Ducks,Bulgaria,8,11,19,47,21,68,637.4666032265324,0.52438131897417,0.04419889502762431,0.06077348066298342,0.052486187845303865
Ducks,Oman,14,5,19,33,8,41,450.97904260342335,0.29090419426660363,0.07734806629834254,0.027624309392265192,0.052486187845303865
Ducks,Austria,8,10,18,38,29,67,210.64935273237685,0.42949063946336896,0.04419889502762431,0.055248618784530384,0.049723756906077346
Ducks,Israel,7,11,18,27,11,38,654.3195777676581,0.2833107541191449,0.03867403314917127,0.06077348066298342,0.049723756906077346
Ducks,Kenya,7,11,18,11,31,42,1049.90866000297,0.0714458940109815,0.03867403314917127,0.06077348066298342,0.049723756906077346
Ducks,Bangladesh,16,1,17,46,1,47,39.82348484848484,0.4601018935374986,0.08839779005524862,0.0055248618784530384,0.04696132596685083
Ducks,Denmark,5,12,17,21,22,43,275.1390529748889,0.29097019944721814,0.027624309392265192,0.06629834254143646,0.04696132596685083
Ducks,Russian Federation,11,6,17,27,17,44,603.2362889088892,0.3051115004249016,0.06077348066298342,0.03314917127071823,0.04696132596685083
Ducks,Türkiye,8,9,17,21,14,35,157.59603452103443,0.22772463647490132,0.04419889502762431,0.049723756906077346,0.04696132596685083
Ducks,"China, Taiwan Province of",9,6,15,21,6,27,701.7922572592747,0.2224894975500722,0.049723756906077346,0.03314917127071823,0.04143646408839779
Ducks,Portugal,6,9,15,38,31,69,238.28544005014592,0.4532733087499269,0.03314917127071823,0.049723756906077346,0.04143646408839779
Ducks,Viet Nam,12,3,15,40,8,48,198.11500944875553,0.39825590395597343,0.06629834254143646,0.016574585635359115,0.04143646408839779
Ducks,Ghana,10,4,14,23,5,28,1052.9539190341823,0.21962731832400328,0.055248618784530384,0.022099447513812154,0.03867403314917127
Ducks,Greece,11,3,14,43,7,50,399.3563147349054,0.4899587657866083,0.06077348066298342,0.016574585635359115,0.03867403314917127
Ducks,Slovakia,7,7,14,28,11,39,92.0798966470406,0.26582226008998633,0.03867403314917127,0.03867403314917127,0.03867403314917127
Ducks,Dominican Republic,7,6,13,19,7,26,740.7680553923201,0.0877934386921999,0.03867403314917127,0.03314917127071823,0.03591160220994475
Ducks,Belarus,9,3,12,31,3,34,120.98074980574981,0.3230616810820393,0.049723756906077346,0.016574585635359115,0.03314917127071823
Ducks,Luxembourg,3,9,12,15,14,29,57.31222886590534,0.18726891578542568,0.016574585635359115,0.049723756906077346,0.03314917127071823
Ducks,Romania,8,4,12,47,6,53,2.5,0.5055740017247163,0.04419889502762431,0.022099447513812154,0.03314917127071823
Ducks,Yemen,11,1,12,26,1,27,228.3770835287864,0.16449847814678814,0.06077348066298342,0.0055248618784530384,0.03314917127071823
Ducks,Brazil,2,9,11,8,19,27,68.48690476190478,0.09410723842735588,0.011049723756906077,0.049723756906077346,0.03038674033149171
Ducks,Guyana,3,8,11,14,9,23,405.64768564768553,0.06526363242565458,0.016574585635359115,0.04419889502762431,0.03038674033149171
Ducks,Maldives,11,0,11,24,0,24,0,0.1338266490273729,0.06077348066298342,0,0.03038674033149171
Ducks,Ukraine,5,6,11,36,10,46,179.06547619047618,0.42042216794382986,0.027624309392265192,0.03314917127071823,0.03038674033149171
Ducks,Australia,2,8,10,3,12,15,394.8216422466423,0.00991589291625471,0.011049723756906077,0.04419889502762431,0.027624309392265192
Ducks,Indonesia,9,1,10,25,1,26,129.1223831723832,0.2878574821415845,0.049723756906077346,0.0055248618784530384,0.027624309392265192
Ducks,Philippines,8,2,10,19,2,21,48.0761904761905,0.19916522028143088,0.04419889502762431,0.011049723756906077,0.027624309392265192
Ducks,Zimbabwe,6,4,10,12,5,17,407.3729935097581,0.0355802827244864,0.03314917127071823,0.022099447513812154,0.027624309392265192
Ducks,Angola,9,0,9,26,0,26,0,0.14154207411313033,0.049723756906077346,0,0.024861878453038673
Ducks,Japan,8,1,9,20,2,22,7.726623376623378,0.21365152976724827,0.04419889502762431,0.0055248618784530384,0.024861878453038673
Ducks,Mauritius,3,6,9,21,19,40,8.666666666666666,0.2608261352710837,0.016574585635359115,0.03314917127071823,0.024861878453038673
Ducks,Singapore,6,3,9,26,5,31,41.0750666000666,0.2894158941710516,0.03314917127071823,0.016574585635359115,0.024861878453038673
Ducks,Sri Lanka,6,3,9,10,13,23,547.1233074072469,0.11383032429158746,0.03314917127071823,0.016574585635359115,0.024861878453038673
Ducks,Barbados,2,6,8,3,26,29,15.428246753246752,0.02113385076518382,0.011049723756906077,0.03314917127071823,0.022099447513812154
Ducks,Democratic Republic of the Congo,7,1,8,12,2,14,2.2803030303030303,0.06517949078020012,0.03867403314917127,0.0055248618784530384,0.022099447513812154
Ducks,Fiji,1,7,8,14,18,32,3,1.7154794073655984e-16,0.0055248618784530384,0.03867403314917127,0.022099447513812154
Ducks,Gambia,7,1,8,15,1,16,402.25590570980603,0.12194413512226389,0.03867403314917127,0.0055248618784530384,0.022099447513812154
Ducks,Guatemala,7,1,8,24,6,30,1,0.1310397988659023,0.03867403314917127,0.0055248618784530384,0.022099447513812154
Ducks,Guinea,5,3,8,8,3,11,380.14884559884564,0.05222061738289961,0.027624309392265192,0.016574585635359115,0.022099447513812154
Ducks,Mali,3,5,8,10,5,15,121.59935619935624,0.0777572793395702,0.016574585635359115,0.027624309392265192,0.022099447513812154
Ducks,Morocco,5,3,8,19,10,29,519.7210652093005,0.25324508631536646,0.027624309392265192,0.016574585635359115,0.022099447513812154
Ducks,Myanmar,7,1,8,32,1,33,16.66284446547604,0.40592572070789223,0.03867403314917127,0.0055248618784530384,0.022099447513812154
Ducks,Republic of Korea,6,2,8,35,7,42,11.955910755910754,0.390575145395692,0.03314917127071823,0.011049723756906077,0.022099447513812154
Ducks,Syrian Arab Republic,3,5,8,3,10,13,37.134199134199136,0.024356642999895917,0.016574585635359115,0.027624309392265192,0.022099447513812154
Ducks,Benin,5,2,7,7,2,9,226.52023809523808,0.06185363460380524,0.027624309392265192,0.011049723756906077,0.019337016574585635
Ducks,Botswana,6,1,7,17,1,18,131.82970346646817,0.05032362786163533,0.03314917127071823,0.0055248618784530384,0.019337016574585635
Ducks,Chile,4,3,7,9,4,13,21.692532467532462,0.11728168666307857,0.022099447513812154,0.016574585635359115,0.019337016574585635
Ducks,"China, Hong Kong SAR",7,0,7,10,0,10,0,0.09060335653625713,0.03867403314917127,0,0.019337016574585635
Ducks,Croatia,6,1,7,32,2,34,12.494047619047619,0.35375637054524095,0.03314917127071823,0.0055248618784530384,0.019337016574585635
Ducks,Iran (Islamic Republic of),4,3,7,4,3,7,154.40898210836295,0.03758080576863712,0.022099447513812154,0.016574585635359115,0.019337016574585635
Ducks,Iraq,6,1,7,13,3,16,0,0.09622070299463302,0.03314917127071823,0.0055248618784530384,0.019337016574585635
Ducks,New Zealand,1,6,7,1,24,25,97.73051605257487,9.190068253744276e-18,0.0055248618784530384,0.03314917127071823,0.019337016574585635
Ducks,Venezuela (Bolivarian Republic of),3,4,7,3,5,8,369.22700159317816,0.01097719662236165,0.016574585635359115,0.022099447513812154,0.019337016574585635
Ducks,Zambia,3,4,7,9,7,16,38.521679421369846,0.03491769212799121,0.016574585635359115,0.022099447513812154,0.019337016574585635
Ducks,Antigua and Barbuda,4,2,6,18,2,20,177.65952380952385,0.031023656553909634,0.022099447513812154,0.011049723756906077,0.016574585635359115
Ducks,Armenia,6,0,6,7,0,7,0,0.03924133720558308,0.03314917127071823,0,0.016574585635359115
Ducks,Azerbaijan,5,1,6,7,3,10,0.26666666666666666,0.03658767413152443,0.027624309392265192,0.0055248618784530384,0.016574585635359115
Ducks,Ireland,4,2,6,17,3,20,4.652380952380952,0.16784747772982914,0.022099447513812154,0.011049723756906077,0.016574585635359115
Ducks,Mauritania,6,0,6,21,0,21,0,0.14005164147206228,0.03314917127071823,0,0.016574585635359115
Ducks,Nepal,6,0,6,20,0,20,0,0.17110175105106099,0.03314917127071823,0,0.016574585635359115
Ducks,Norway,5,1,6,16,1,17,21.3790404040404,0.11854157588540136,0.027624309392265192,0.0055248618784530384,0.016574585635359115
Ducks,Pakistan,4,2,6,16,4,20,166.74046868164515,0.19603749948798305,0.022099447513812154,0.011049723756906077,0.016574585635359115
Ducks,Slovenia,5,1,6,10,1,11,249.93741300969566,0.08432015010248631,0.027624309392265192,0.0055248618784530384,0.016574585635359115
Ducks,Sweden,4,2,6,7,6,13,24.922712418300655,0.08507073113454389,0.022099447513812154,0.011049723756906077,0.016574585635359115
Ducks,Switzerland,5,1,6,22,1,23,17.500432900432898,0.29950086853746444,0.027624309392265192,0.0055248618784530384,0.016574585635359115
Ducks,Côte d'Ivoire,4,1,5,9,1,10,7.101190476190475,0.0919733594160289,0.022099447513812154,0.0055248618784530384,0.013812154696132596
Ducks,Cameroon,3,2,5,4,4,8,36.96190476190476,0.04502475306730503,0.016574585635359115,0.011049723756906077,0.013812154696132596
Ducks,Central African Republic,4,1,5,8,1,9,75.41085231193928,0.054552796680991264,0.022099447513812154,0.0055248618784530384,0.013812154696132596
Ducks,Congo,4,1,5,6,1,7,355.6375,0.05455026778582192,0.022099447513812154,0.0055248618784530384,0.013812154696132596
Ducks,Costa Rica,4,1,5,11,1,12,13.716666666666667,0.06101890874443147,0.022099447513812154,0.0055248618784530384,0.013812154696132596
Ducks,Finland,3,2,5,10,3,13,6.2928698752228165,0.1050349319804413,0.016574585635359115,0.011049723756906077,0.013812154696132596
Ducks,Gabon,5,0,5,15,0,15,0,0.18222980821882212,0.027624309392265192,0,0.013812154696132596
Ducks,Libya,4,1,5,10,1,11,6.090873015873015,0.10517852517021474,0.022099447513812154,0.0055248618784530384,0.013812154696132596
Ducks,Malawi,1,4,5,2,11,13,114.28828197945845,0.0041143921018912365,0.0055248618784530384,0.022099447513812154,0.013812154696132596
Ducks,Mexico,5,0,5,12,0,12,0,0.07310832627596515,0.027624309392265192,0,0.013812154696132596
Ducks,Panama,3,2,5,3,3,6,145.0264010499305,0.028039585728226932,0.016574585635359115,0.011049723756906077,0.013812154696132596
Ducks,Republic of Moldova,4,1,5,9,1,10,98.39047619047619,0.08463600793845953,0.022099447513812154,0.0055248618784530384,0.013812154696132596
Ducks,Rwanda,4,1,5,9,3,12,142.02380952380952,0.03321380075553264,0.022099447513812154,0.0055248618784530384,0.013812154696132596
Ducks,Trinidad and Tobago,3,2,5,25,2,27,11.525,0.20618826199700047,0.016574585635359115,0.011049723756906077,0.013812154696132596
Ducks,United Republic of Tanzania,3,2,5,12,2,14,11.276190476190473,0.009014719062876387,0.016574585635359115,0.011049723756906077,0.013812154696132596
Ducks,Vanuatu,3,2,5,6,2,8,97.57806148100266,1.6898133247456886e-4,0.016574585635359115,0.011049723756906077,0.013812154696132596
Ducks,Albania,4,0,4,11,0,11,0,0.11033355496910938,0.022099447513812154,0,0.011049723756906077
Ducks,Argentina,3,1,4,4,1,5,8.837301587301587,0.025868597805838618,0.016574585635359115,0.0055248618784530384,0.011049723756906077
Ducks,Burkina Faso,4,0,4,15,0,15,0,0.1490113237338367,0.022099447513812154,0,0.011049723756906077
Ducks,Cyprus,3,1,4,5,1,6,6.78939393939394,0.055324554690307094,0.016574585635359115,0.0055248618784530384,0.011049723756906077
Ducks,Ecuador,2,2,4,5,2,7,112,0.02132215518160277,0.011049723756906077,0.011049723756906077,0.011049723756906077
Ducks,Jamaica,1,3,4,8,3,11,0,0.039652052907821124,0.0055248618784530384,0.016574585635359115,0.011049723756906077
Ducks,Latvia,2,2,4,2,3,5,12.712301587301587,0.023485123922919394,0.011049723756906077,0.011049723756906077,0.011049723756906077
Ducks,Lithuania,2,2,4,3,3,6,43.89796828558439,0.03876038319626853,0.011049723756906077,0.011049723756906077,0.011049723756906077
Ducks,Nigeria,4,0,4,4,0,4,0,0.02948493840906696,0.022099447513812154,0,0.011049723756906077
Ducks,Suriname,3,1,4,5,2,7,5.563492063492063,0.05832539934998307,0.016574585635359115,0.0055248618784530384,0.011049723756906077
Ducks,Cambodia,2,1,3,7,1,8,31.333333333333332,0.11702143450993788,0.011049723756906077,0.0055248618784530384,0.008287292817679558
Ducks,Colombia,2,1,3,2,1,3,81.90476190476191,0.005143574114886497,0.011049723756906077,0.0055248618784530384,0.008287292817679558
Ducks,Dominica,3,0,3,8,0,8,0,0.010631167010054678,0.016574585635359115,0,0.008287292817679558
Ducks,Estonia,2,1,3,7,1,8,43.221696359196365,0.05820949343627418,0.011049723756906077,0.0055248618784530384,0.008287292817679558
Ducks,Georgia,3,0,3,11,0,11,0,0.13488838501774778,0.016574585635359115,0,0.008287292817679558
Ducks,Grenada,3,0,3,13,0,13,0,0.06651013539515542,0.016574585635359115,0,0.008287292817679558
Ducks,Haiti,3,0,3,4,0,4,0,0.008624493102273666,0.016574585635359115,0,0.008287292817679558
Ducks,Kazakhstan,3,0,3,13,0,13,0,0.06647441430698983,0.016574585635359115,0,0.008287292817679558
Ducks,Lao People's Democratic Republic,2,1,3,18,1,19,0,0.2657279510944729,0.011049723756906077,0.0055248618784530384,0.008287292817679558
Ducks,Mongolia,2,1,3,10,1,11,0,0.05777939264048287,0.011049723756906077,0.0055248618784530384,0.008287292817679558
Ducks,Mozambique,2,1,3,12,1,13,0,0.018725110253560582,0.011049723756906077,0.0055248618784530384,0.008287292817679558
Ducks,North Macedonia,3,0,3,3,0,3,0,0.01570382160104155,0.016574585635359115,0,0.008287292817679558
Ducks,Peru,3,0,3,5,0,5,0,0.031138298887877915,0.016574585635359115,0,0.008287292817679558
Ducks,Saint Kitts and Nevis,3,0,3,3,0,3,0,0.005845346898439007,0.016574585635359115,0,0.008287292817679558
Ducks,Sierra Leone,2,1,3,2,1,3,646.580446308078,0.004632686818440422,0.011049723756906077,0.0055248618784530384,0.008287292817679558
Ducks,Togo,2,1,3,2,1,3,9.224832112332109,0.0158267268090833,0.011049723756906077,0.0055248618784530384,0.008287292817679558
Ducks,Tunisia,3,0,3,24,0,24,0,0.3117861426004959,0.016574585635359115,0,0.008287292817679558
Ducks,Afghanistan,2,0,2,2,0,2,0,0.015856671362632777,0.011049723756906077,0,0.0055248618784530384
Ducks,Algeria,2,0,2,3,0,3,0,0.030870398518573545,0.011049723756906077,0,0.0055248618784530384
Ducks,Bolivia (Plurinational State of),1,1,2,1,1,2,1,3.633607406055689e-4,0.0055248618784530384,0.0055248618784530384,0.0055248618784530384
Ducks,Burundi,2,0,2,3,0,3,0,0.0031495863684041486,0.011049723756906077,0,0.0055248618784530384
Ducks,Cabo Verde,2,0,2,9,0,9,0,0.07207755011916929,0.011049723756906077,0,0.0055248618784530384
Ducks,Comoros,2,0,2,2,0,2,0,0.01921750952250165,0.011049723756906077,0,0.0055248618784530384
Ducks,Cuba,0,2,2,0,7,7,0,9.190068253744276e-18,0,0.011049723756906077,0.0055248618784530384
Ducks,El Salvador,2,0,2,8,0,8,0,0.02331167334152036,0.011049723756906077,0,0.0055248618784530384
Ducks,Honduras,2,0,2,3,0,3,0,0.02468566354670811,0.011049723756906077,0,0.0055248618784530384
Ducks,Madagascar,2,0,2,13,0,13,0,0.09909433410375092,0.011049723756906077,0,0.0055248618784530384
Ducks,Malta,2,0,2,6,0,6,0,0.07218454851961575,0.011049723756906077,0,0.0055248618784530384
Ducks,Namibia,1,1,2,3,4,7,0,0.006171588152836846,0.0055248618784530384,0.0055248618784530384,0.0055248618784530384
Ducks,New Caledonia,2,0,2,7,0,7,0,0.08880488325099128,0.011049723756906077,0,0.0055248618784530384
Ducks,Saint Lucia,2,0,2,4,0,4,0,0.010633316742287591,0.011049723756906077,0,0.0055248618784530384
Ducks,Samoa,2,0,2,3,0,3,0,3.063356084581426e-17,0.011049723756906077,0,0.0055248618784530384
Ducks,Serbia,1,1,2,1,1,2,3.1,0.002057196050945617,0.0055248618784530384,0.0055248618784530384,0.0055248618784530384
Ducks,Seychelles,2,0,2,6,0,6,0,0.04732473745050107,0.011049723756906077,0,0.0055248618784530384
Ducks,Somalia,2,0,2,12,0,12,0,0.10004350780297974,0.011049723756906077,0,0.0055248618784530384
Ducks,South Sudan,2,0,2,2,0,2,0,0.0021835645007023995,0.011049723756906077,0,0.0055248618784530384
Ducks,Sudan (former),1,1,2,2,1,3,30.3,0.0024350852660012605,0.0055248618784530384,0.0055248618784530384,0.0055248618784530384
Ducks,Tonga,2,0,2,4,0,4,0,4.901369735330281e-17,0.011049723756906077,0,0.0055248618784530384
Ducks,Uzbekistan,2,0,2,5,0,5,0,0.06141544494034188,0.011049723756906077,0,0.0055248618784530384
Ducks,Bahamas,1,0,1,13,0,13,0,0.06443458597520942,0.0055248618784530384,0,0.0027624309392265192
Ducks,Belize,1,0,1,2,0,2,0,0.009913013226955283,0.0055248618784530384,0,0.0027624309392265192
Ducks,Bhutan,1,0,1,2,0,2,0,0.007801865502564711,0.0055248618784530384,0,0.0027624309392265192
Ducks,Brunei Darussalam,1,0,1,5,0,5,0,0.06116709573014103,0.0055248618784530384,0,0.0027624309392265192
Ducks,"China, Macao SAR",1,0,1,1,0,1,0,0.0038480158750327812,0.0055248618784530384,0,0.0027624309392265192
Ducks,Djibouti,1,0,1,6,0,6,0,0.08053353826112288,0.0055248618784530384,0,0.0027624309392265192
Ducks,Eswatini,1,0,1,1,0,1,0,0.0020571960509456182,0.0055248618784530384,0,0.0027624309392265192
Ducks,Faroe Islands,1,0,1,2,0,2,0,0.009917116376351313,0.0055248618784530384,0,0.0027624309392265192
Ducks,French Polynesia,1,0,1,3,0,3,0,0.014869519840432928,0.0055248618784530384,0,0.0027624309392265192
Ducks,Guinea-Bissau,1,0,1,1,0,1,0,0.006715439958934623,0.0055248618784530384,0,0.0027624309392265192
Ducks,Kiribati,1,0,1,1,0,1,0,1.6898133247452901e-4,0.0055248618784530384,0,0.0027624309392265192
Ducks,Kyrgyzstan,0,1,1,0,1,1,0,9.190068253744276e-18,0,0.0055248618784530384,0.0027624309392265192
Ducks,Lesotho,1,0,1,6,0,6,0,0.012343176305673716,0.0055248618784530384,0,0.0027624309392265192
Ducks,Liberia,1,0,1,2,0,2,0,0.007485542091193368,0.0055248618784530384,0,0.0027624309392265192
Ducks,Nauru,1,0,1,8,0,8,0,7.352054602995421e-17,0.0055248618784530384,0,0.0027624309392265192
Ducks,Niger,0,1,1,0,3,3,0,9.190068253744276e-18,0,0.0055248618784530384,0.0027624309392265192
Ducks,Niue,0,1,1,0,1,1,0,9.190068253744276e-18,0,0.0055248618784530384,0.0027624309392265192
Ducks,Papua New Guinea,1,0,1,1,0,1,0,0.006715439958934617,0.0055248618784530384,0,0.0027624309392265192
Ducks,Sao Tome and Principe,1,0,1,5,0,5,0,0.03862220393795214,0.0055248618784530384,0,0.0027624309392265192
Ducks,Solomon Islands,1,0,1,1,0,1,0,9.190068253744276e-18,0.0055248618784530384,0,0.0027624309392265192
Ducks,Sudan,1,0,1,1,0,1,0,0.0038480158750327812,0.0055248618784530384,0,0.0027624309392265192
Ducks,Tajikistan,1,0,1,1,0,1,0,0.005199546660148278,0.0055248618784530384,0,0.0027624309392265192
Ducks,Timor-Leste,1,0,1,2,0,2,0,0.024466838292056408,0.0055248618784530384,0,0.0027624309392265192
Ducks,Tuvalu,1,0,1,3,0,3,0,3.6760273014977106e-17,0.0055248618784530384,0,0.0027624309392265192
Mules and hinnies,United States of America,31,61,92,68,172,240,4412.1248421412,0.37852284595969243,0.19135802469135801,0.3765432098765432,0.2839506172839506
Mules and hinnies,Netherlands (Kingdom of the),38,52,90,151,146,297,1337.3967913154454,1,0.2345679012345679,0.32098765432098764,0.2777777777777778
Mules and hinnies,United Kingdom of Great Britain and Northern Ireland,30,49,79,76,117,193,2005.0781816621811,0.610702237951743,0.18518518518518517,0.30246913580246915,0.24382716049382716
Mules and hinnies,France,26,50,76,88,163,251,1351.7655561805327,0.8963793258194268,0.16049382716049382,0.30864197530864196,0.2345679012345679
Mules and hinnies,Belgium,22,50,72,65,115,180,2171.54322285643,0.7171123305781281,0.13580246913580246,0.30864197530864196,0.2222222222222222
Mules and hinnies,Germany,24,42,66,66,107,173,2008.099996634015,0.5804597377534632,0.14814814814814814,0.25925925925925924,0.2037037037037037
Mules and hinnies,India,27,31,58,39,59,98,2893.717366202016,0.209890836847706,0.16666666666666666,0.19135802469135801,0.17901234567901234
Mules and hinnies,Denmark,26,27,53,62,70,132,1055.8253796431836,0.4782450464125996,0.16049382716049382,0.16666666666666666,0.16358024691358025
Mules and hinnies,South Africa,19,24,43,40,88,128,1547.6976719698982,0.16693373645295426,0.11728395061728394,0.14814814814814814,0.13271604938271606
Mules and hinnies,Thailand,11,32,43,17,56,73,1063.8085048083901,0.08531248994636274,0.06790123456790123,0.19753086419753085,0.13271604938271606
Mules and hinnies,Italy,21,21,42,69,70,139,430.5042368261626,0.6417705598881798,0.12962962962962962,0.12962962962962962,0.12962962962962962
Mules and hinnies,Spain,17,24,41,68,57,125,493.93029466628724,0.7429017848151931,0.10493827160493827,0.14814814814814814,0.12654320987654322
Mules and hinnies,Ireland,17,20,37,56,51,107,558.6280961666072,0.6003759456162121,0.10493827160493827,0.12345679012345678,0.11419753086419752
Mules and hinnies,Philippines,9,28,37,13,46,59,670.8335544977085,0.0869870299093334,0.05555555555555555,0.1728395061728395,0.11419753086419752
Mules and hinnies,Canada,20,9,29,40,19,59,718.6100535735226,0.28115248613855964,0.12345679012345678,0.05555555555555555,0.08950617283950617
Mules and hinnies,Australia,7,19,26,17,44,61,87.83717272816699,0.05760142233767101,0.043209876543209874,0.11728395061728394,0.08024691358024691
Mules and hinnies,Russian Federation,18,8,26,23,15,38,874.2719306462299,0.1201727937225945,0.1111111111111111,0.04938271604938271,0.08024691358024691
Mules and hinnies,Poland,9,16,25,16,33,49,449.63920733089753,0.12198003439979387,0.05555555555555555,0.09876543209876543,0.07716049382716049
Mules and hinnies,Sweden,8,16,24,19,34,53,434.6346310729621,0.19389577499413124,0.04938271604938271,0.09876543209876543,0.07407407407407407
Mules and hinnies,Ukraine,18,6,24,25,8,33,579.093765574649,0.1618460620841281,0.1111111111111111,0.037037037037037035,0.07407407407407407
Mules and hinnies,United Arab Emirates,10,14,24,22,21,43,469.29977135975577,0.23379471712560243,0.06172839506172839,0.08641975308641975,0.07407407407407407
Mules and hinnies,Ghana,19,4,23,30,4,34,1724.4627657012686,0.1705504418180647,0.11728395061728394,0.024691358024691357,0.07098765432098765
Mules and hinnies,Luxembourg,10,13,23,15,20,35,244.66390058268206,0.12149818795211331,0.06172839506172839,0.08024691358024691,0.07098765432098765
Mules and hinnies,Bulgaria,9,13,22,16,18,34,356.0873713632195,0.16141775906408196,0.05555555555555555,0.08024691358024691,0.06790123456790123
Mules and hinnies,Brunei Darussalam,14,7,21,24,14,38,345.7337542440845,0.09217756790499175,0.08641975308641975,0.043209876543209874,0.06481481481481481
Mules and hinnies,Hungary,7,14,21,7,23,30,270.5064697511297,0.07089706407312435,0.043209876543209874,0.08641975308641975,0.06481481481481481
Mules and hinnies,Singapore,15,6,21,24,7,31,587.3244427545652,0.10028798765876192,0.09259259259259259,0.037037037037037035,0.06481481481481481
Mules and hinnies,Switzerland,12,9,21,68,35,103,50.89231498473658,0.7996609830766447,0.07407407407407407,0.05555555555555555,0.06481481481481481
Mules and hinnies,Bahrain,14,6,20,24,9,33,295.8683222557781,0.17341649358999225,0.08641975308641975,0.037037037037037035,0.06172839506172839
Mules and hinnies,Uganda,6,14,20,9,15,24,1001.4742607951416,0.0295430924803557,0.037037037037037035,0.08641975308641975,0.06172839506172839
Mules and hinnies,Austria,9,10,19,15,28,43,154.6907136008413,0.1601623603552495,0.05555555555555555,0.06172839506172839,0.05864197530864197
Mules and hinnies,"China, mainland",11,8,19,20,10,30,376.1729795172672,0.09972451969125336,0.06790123456790123,0.04938271604938271,0.05864197530864197
Mules and hinnies,Greece,12,7,19,22,11,33,432.95187539841083,0.24227025077659775,0.07407407407407407,0.043209876543209874,0.05864197530864197
Mules and hinnies,Pakistan,15,4,19,25,6,31,387.63075724715753,0.17895079877503878,0.09259259259259259,0.024691358024691357,0.05864197530864197
Mules and hinnies,Sri Lanka,10,9,19,11,13,24,548.6784535725712,0.04138368950002474,0.06172839506172839,0.05555555555555555,0.05864197530864197
Mules and hinnies,Japan,11,7,18,19,7,26,465.9056240308562,0.08180893389040286,0.06790123456790123,0.043209876543209874,0.05555555555555555
Mules and hinnies,United Republic of Tanzania,9,9,18,13,9,22,648.3998728712643,0.0479950008552057,0.05555555555555555,0.05555555555555555,0.05555555555555555
Mules and hinnies,Romania,9,8,17,14,14,28,353.9096135467224,0.139858719521472,0.05555555555555555,0.04938271604938271,0.05246913580246913
Mules and hinnies,Czechia,7,9,16,13,16,29,156.16901201702086,0.1587467366786904,0.043209876543209874,0.05555555555555555,0.04938271604938271
Mules and hinnies,Lebanon,13,3,16,19,3,22,127.80211522410097,0.15047182580019394,0.08024691358024691,0.018518518518518517,0.04938271604938271
Mules and hinnies,Malawi,5,11,16,9,14,23,385.24384088302185,0.016600012846852964,0.030864197530864196,0.06790123456790123,0.04938271604938271
Mules and hinnies,Finland,8,7,15,17,12,29,296.2203104142235,0.11237245142992983,0.04938271604938271,0.043209876543209874,0.046296296296296294
Mules and hinnies,Brazil,4,10,14,6,11,17,252.7597963339244,0.05832556889211466,0.024691358024691357,0.06172839506172839,0.043209876543209874
Mules and hinnies,"China, Hong Kong SAR",9,5,14,24,5,29,50.86459668773069,0.09678604002085453,0.05555555555555555,0.030864197530864196,0.043209876543209874
Mules and hinnies,Norway,9,5,14,34,20,54,160.12655739799706,0.2952926347003451,0.05555555555555555,0.030864197530864196,0.043209876543209874
Mules and hinnies,Portugal,6,8,14,13,15,28,219.7023632799949,0.16730411506667694,0.037037037037037035,0.04938271604938271,0.043209876543209874
Mules and hinnies,Croatia,7,6,13,9,11,20,261.07195735401586,0.05133284799277131,0.043209876543209874,0.037037037037037035,0.040123456790123455
Mules and hinnies,Morocco,5,8,13,24,22,46,328.1558943979997,0.35687709322907685,0.030864197530864196,0.04938271604938271,0.040123456790123455
Mules and hinnies,Saudi Arabia,10,3,13,14,4,18,184.95580315326373,0.11867910286758533,0.06172839506172839,0.018518518518518517,0.040123456790123455
Mules and hinnies,Argentina,4,8,12,6,9,15,216.77461156152518,0.05021762249773565,0.024691358024691357,0.04938271604938271,0.037037037037037035
Mules and hinnies,Egypt,7,5,12,9,7,16,188.75915606133,0.07324577326592689,0.043209876543209874,0.030864197530864196,0.037037037037037035
Mules and hinnies,Jordan,6,6,12,7,6,13,304.15668126451106,0.061500969224328766,0.037037037037037035,0.037037037037037035,0.037037037037037035
Mules and hinnies,Malaysia,7,5,12,15,10,25,8.829736929736928,0.0379730891052043,0.043209876543209874,0.030864197530864196,0.037037037037037035
Mules and hinnies,Mexico,6,6,12,16,7,23,210.0783169604621,0.15105128450598035,0.037037037037037035,0.037037037037037035,0.037037037037037035
Mules and hinnies,New Zealand,4,8,12,9,13,22,164.87412618971442,0.020877272295964665,0.024691358024691357,0.04938271604938271,0.037037037037037035
Mules and hinnies,Colombia,6,5,11,12,10,22,319.58098290598286,0.0651743485998738,0.037037037037037035,0.030864197530864196,0.033950617283950615
Mules and hinnies,Estonia,6,5,11,13,9,22,58.93950063094798,0.09554505617995253,0.037037037037037035,0.030864197530864196,0.033950617283950615
Mules and hinnies,Israel,7,4,11,13,4,17,202.26426838849824,0.11219913807655521,0.043209876543209874,0.024691358024691357,0.033950617283950615
Mules and hinnies,Republic of Korea,8,3,11,17,3,20,220.82204790430598,0.08674991191844145,0.04938271604938271,0.018518518518518517,0.033950617283950615
Mules and hinnies,Chile,3,7,10,4,11,15,191.64414100887308,0.04826848796118624,0.018518518518518517,0.043209876543209874,0.030864197530864196
Mules and hinnies,Guatemala,6,4,10,11,4,15,443.09449161949163,0.03317681918566093,0.037037037037037035,0.024691358024691357,0.030864197530864196
Mules and hinnies,Indonesia,8,2,10,9,3,12,5.167038517038517,0.04093601918040651,0.04938271604938271,0.012345679012345678,0.030864197530864196
Mules and hinnies,Kenya,4,6,10,7,8,15,361.5785940667521,0.025112337623585033,0.024691358024691357,0.037037037037037035,0.030864197530864196
Mules and hinnies,Libya,10,0,10,17,0,17,0,0.1505281983219024,0.06172839506172839,0,0.030864197530864196
Mules and hinnies,Serbia,6,4,10,9,6,15,42.26424306687464,0.04790098120284914,0.037037037037037035,0.024691358024691357,0.030864197530864196
Mules and hinnies,Slovakia,5,5,10,9,8,17,16.269290342888738,0.07455410744018526,0.030864197530864196,0.030864197530864196,0.030864197530864196
Mules and hinnies,Türkiye,6,4,10,6,5,11,331.2726971806009,0.04584066434486009,0.037037037037037035,0.024691358024691357,0.030864197530864196
Mules and hinnies,Azerbaijan,7,2,9,9,4,13,343.2824114774116,0.028032977082315634,0.043209876543209874,0.012345679012345678,0.027777777777777776
Mules and hinnies,Kazakhstan,6,3,9,12,5,17,313.9470238095239,0.017371398225590255,0.037037037037037035,0.018518518518518517,0.027777777777777776
Mules and hinnies,Kuwait,6,3,9,9,3,12,47.08222111169454,0.08445050302514198,0.037037037037037035,0.018518518518518517,0.027777777777777776
Mules and hinnies,Venezuela (Bolivarian Republic of),6,3,9,9,4,13,162.10434094890607,0.06052792294941361,0.037037037037037035,0.018518518518518517,0.027777777777777776
Mules and hinnies,Barbados,4,4,8,10,10,20,313.5910597572361,0.049723284739441286,0.024691358024691357,0.024691358024691357,0.024691358024691357
Mules and hinnies,"China, Taiwan Province of",7,1,8,15,1,16,1.3027777777777778,0.1284348507926456,0.043209876543209874,0.006172839506172839,0.024691358024691357
Mules and hinnies,Latvia,3,5,8,4,10,14,113.45288316946214,0.046149686362636624,0.018518518518518517,0.030864197530864196,0.024691358024691357
Mules and hinnies,Qatar,6,2,8,8,3,11,4.295678341266576,0.059164798283905015,0.037037037037037035,0.012345679012345678,0.024691358024691357
Mules and hinnies,Bosnia and Herzegovina,6,1,7,9,1,10,18.049248818814032,0.05464458060330222,0.037037037037037035,0.006172839506172839,0.021604938271604937
Mules and hinnies,Cyprus,5,2,7,12,2,14,28.925750971631977,0.14752465124271288,0.030864197530864196,0.012345679012345678,0.021604938271604937
Mules and hinnies,Democratic Republic of the Congo,6,1,7,10,1,11,364.43583390293924,0.014423650867026766,0.037037037037037035,0.006172839506172839,0.021604938271604937
Mules and hinnies,Ecuador,5,2,7,7,2,9,210.21708812604962,0.03482506526292209,0.030864197530864196,0.012345679012345678,0.021604938271604937
Mules and hinnies,Kyrgyzstan,2,5,7,2,9,11,62.969827057000984,0.012745215216063203,0.012345679012345678,0.030864197530864196,0.021604938271604937
Mules and hinnies,Viet Nam,6,1,7,7,1,8,66.3641148402681,0.029863805407492172,0.037037037037037035,0.006172839506172839,0.021604938271604937
Mules and hinnies,Angola,4,2,6,5,3,8,19.16428571428571,0.011998647393994456,0.024691358024691357,0.012345679012345678,0.018518518518518517
Mules and hinnies,Congo,4,2,6,4,2,6,480.93321123321107,0.018839117941385087,0.024691358024691357,0.012345679012345678,0.018518518518518517
Mules and hinnies,Lithuania,3,3,6,5,6,11,3.053303129618919,0.07054604104462218,0.018518518518518517,0.018518518518518517,0.018518518518518517
Mules and hinnies,Malta,4,2,6,4,4,8,0.7821862348178138,0.04499764586826618,0.024691358024691357,0.012345679012345678,0.018518518518518517
Mules and hinnies,Myanmar,6,0,6,9,0,9,0,0.016234731376718256,0.037037037037037035,0,0.018518518518518517
Mules and hinnies,Tajikistan,5,1,6,8,1,9,3.5664682539682544,0.005850061558034231,0.030864197530864196,0.006172839506172839,0.018518518518518517
Mules and hinnies,Trinidad and Tobago,3,3,6,7,7,14,171.33611111111117,0.011311792123877496,0.018518518518518517,0.018518518518518517,0.018518518518518517
Mules and hinnies,Belarus,2,3,5,3,4,7,12.826671498436204,0.0052773902148566,0.012345679012345678,0.018518518518518517,0.015432098765432098
Mules and hinnies,Ethiopia,2,3,5,2,3,5,85.4148061860591,0.00099423761830423835,0.012345679012345678,0.018518518518518517,0.015432098765432098
Mules and hinnies,Guyana,3,2,5,12,5,17,142.85555555555555,0.04274715328343279,0.018518518518518517,0.012345679012345678,0.015432098765432098
Mules and hinnies,Iceland,1,4,5,1,7,8,7.083549195902138,0.013044999449362897,0.006172839506172839,0.024691358024691357,0.015432098765432098
Mules and hinnies,Iran (Islamic Republic of),4,1,5,6,1,7,8.219729290317526,0.06150492158165584,0.024691358024691357,0.006172839506172839,0.015432098765432098
Mules and hinnies,Jamaica,2,3,5,4,4,8,258.83737373737375,0.022209062174235367,0.012345679012345678,0.018518518518518517,0.015432098765432098
Mules and hinnies,Nigeria,3,2,5,3,4,7,289.3560637827085,0.013024892807657541,0.018518518518518517,0.012345679012345678,0.015432098765432098
Mules and hinnies,North Macedonia,3,2,5,3,2,5,27.68313518425832,0.02007628821466993,0.018518518518518517,0.012345679012345678,0.015432098765432098
Mules and hinnies,Panama,3,2,5,8,2,10,9.81127761127761,0.020800428925467625,0.018518518518518517,0.012345679012345678,0.015432098765432098
Mules and hinnies,Peru,4,1,5,6,1,7,27.193153585544884,0.01061019393608514,0.024691358024691357,0.006172839506172839,0.015432098765432098
Mules and hinnies,Senegal,4,1,5,6,1,7,171.72777777777776,0.06892423430212875,0.024691358024691357,0.006172839506172839,0.015432098765432098
Mules and hinnies,Uzbekistan,4,1,5,4,1,5,13.776190476190473,0.006459489072011343,0.024691358024691357,0.006172839506172839,0.015432098765432098
Mules and hinnies,Zimbabwe,1,4,5,8,15,23,0,0.024293549640718448,0.006172839506172839,0.024691358024691357,0.015432098765432098
Mules and hinnies,Belize,3,1,4,3,1,4,287.56126239352045,0.010237009622204914,0.018518518518518517,0.006172839506172839,0.012345679012345678
Mules and hinnies,Botswana,3,1,4,8,1,9,35.8969806763285,0.019535164164272607,0.018518518518518517,0.006172839506172839,0.012345679012345678
Mules and hinnies,Burkina Faso,2,2,4,3,2,5,120.97900432900434,0.00649195570366269,0.012345679012345678,0.012345679012345678,0.012345679012345678
Mules and hinnies,Dominican Republic,4,0,4,8,0,8,0,0.053021268550497616,0.024691358024691357,0,0.012345679012345678
Mules and hinnies,El Salvador,3,1,4,4,3,7,152.99999999999997,0.0074892338007830515,0.018518518518518517,0.006172839506172839,0.012345679012345678
Mules and hinnies,Gambia,4,0,4,4,0,4,0,0.035292968074063444,0.024691358024691357,0,0.012345679012345678
Mules and hinnies,Honduras,4,0,4,5,0,5,0,0.017122723486774287,0.024691358024691357,0,0.012345679012345678
Mules and hinnies,Mozambique,3,1,4,9,1,10,2.989139515455305,0.03118600106732105,0.018518518518518517,0.006172839506172839,0.012345679012345678
Mules and hinnies,Oman,3,1,4,3,1,4,6.179416839199449,0.03831518709216892,0.018518518518518517,0.006172839506172839,0.012345679012345678
Mules and hinnies,Slovenia,0,4,4,0,7,7,0,0,0,0.024691358024691357,0.012345679012345678
Mules and hinnies,Tunisia,2,2,4,2,3,5,1.0467032967032965,0.029351047069974465,0.012345679012345678,0.012345679012345678,0.012345679012345678
Mules and hinnies,Zambia,2,2,4,9,2,11,0,0.019545935034211398,0.012345679012345678,0.012345679012345678,0.012345679012345678
Mules and hinnies,Antigua and Barbuda,1,2,3,5,2,7,246,0.03442856932284683,0.006172839506172839,0.012345679012345678,0.009259259259259259
Mules and hinnies,Côte d'Ivoire,3,0,3,3,0,3,0,0.016726113911736874,0.018518518518518517,0,0.009259259259259259
Mules and hinnies,Cambodia,2,1,3,2,1,3,78.89835369309054,0.003134302738639318,0.012345679012345678,0.006172839506172839,0.009259259259259259
Mules and hinnies,Iraq,3,0,3,6,0,6,0,0.05463117748944176,0.018518518518518517,0,0.009259259259259259
Mules and hinnies,Mauritius,2,1,3,9,1,10,0,0.08040765900789526,0.012345679012345678,0.006172839506172839,0.009259259259259259
Mules and hinnies,Nepal,2,1,3,9,1,10,3.0041569215098627,0.0435900143303345,0.012345679012345678,0.006172839506172839,0.009259259259259259
Mules and hinnies,Paraguay,1,2,3,1,2,3,15.598809523809525,8.780526732368724e-4,0.006172839506172839,0.012345679012345678,0.009259259259259259
Mules and hinnies,Rwanda,2,1,3,2,1,3,29.797207762997235,0.00479038141560987,0.012345679012345678,0.006172839506172839,0.009259259259259259
Mules and hinnies,Togo,2,1,3,2,1,3,305,1.3102556478804392e-4,0.012345679012345678,0.006172839506172839,0.009259259259259259
Mules and hinnies,Afghanistan,2,0,2,2,0,2,0,0.00348714460807411,0.012345679012345678,0,0.006172839506172839
Mules and hinnies,Albania,2,0,2,2,0,2,0,0.02223360675847814,0.012345679012345678,0,0.006172839506172839
Mules and hinnies,Benin,1,1,2,3,1,4,7.26025641025641,7.10807967980097e-4,0.006172839506172839,0.006172839506172839,0.006172839506172839
Mules and hinnies,Bolivia (Plurinational State of),2,0,2,2,0,2,0,0.011437203083140885,0.012345679012345678,0,0.006172839506172839
Mules and hinnies,Burundi,2,0,2,2,0,2,0,9.94237618304236e-4,0.012345679012345678,0,0.006172839506172839
Mules and hinnies,Comoros,2,0,2,2,0,2,0,8.730776658429179e-4,0.012345679012345678,0,0.006172839506172839
Mules and hinnies,Georgia,1,1,2,3,1,4,0,0.001529844718921483,0.006172839506172839,0.006172839506172839,0.006172839506172839
Mules and hinnies,Lao People's Democratic Republic,1,1,2,3,3,6,0,0.004655761741581833,0.006172839506172839,0.006172839506172839,0.006172839506172839
Mules and hinnies,Lesotho,1,1,2,7,1,8,0,0.02125685593562866,0.006172839506172839,0.006172839506172839,0.006172839506172839
Mules and hinnies,Mauritania,2,0,2,4,0,4,0,0.03299000284761949,0.012345679012345678,0,0.006172839506172839
Mules and hinnies,Namibia,1,1,2,9,6,15,0,0.02733024334580822,0.006172839506172839,0.006172839506172839,0.006172839506172839
Mules and hinnies,Nicaragua,0,2,2,0,3,3,0,0,0,0.012345679012345678,0.006172839506172839
Mules and hinnies,Niger,0,2,2,0,3,3,0,0,0,0.012345679012345678,0.006172839506172839
Mules and hinnies,Sierra Leone,2,0,2,2,0,2,0,0.0034044562810454783,0.012345679012345678,0,0.006172839506172839
Mules and hinnies,Sudan,2,0,2,2,0,2,0,5.55504956944297e-4,0.012345679012345678,0,0.006172839506172839
Mules and hinnies,Uruguay,0,2,2,0,2,2,0,0,0,0.012345679012345678,0.006172839506172839
Mules and hinnies,Armenia,1,0,1,1,0,1,0,0.0029363524908444317,0.006172839506172839,0,0.0030864197530864196
Mules and hinnies,Bahamas,1,0,1,6,0,6,0,0.04131428318741623,0.006172839506172839,0,0.0030864197530864196
Mules and hinnies,Bangladesh,0,1,1,0,1,1,0,0,0,0.006172839506172839,0.0030864197530864196
Mules and hinnies,Bhutan,1,0,1,1,0,1,0,0.0038181268601214504,0.006172839506172839,0,0.0030864197530864196
Mules and hinnies,Cabo Verde,1,0,1,3,0,3,0,0.009130293801369099,0.006172839506172839,0,0.0030864197530864196
Mules and hinnies,"China, Macao SAR",0,1,1,0,1,1,0,0,0,0.006172839506172839,0.0030864197530864196
Mules and hinnies,Costa Rica,1,0,1,2,0,2,0,0.013771427729138721,0.006172839506172839,0,0.0030864197530864196
Mules and hinnies,Cuba,1,0,1,1,0,1,0,0.011109292112412274,0.006172839506172839,0,0.0030864197530864196
Mules and hinnies,Dominica,1,0,1,1,0,1,0,6.262905387456008e-4,0.006172839506172839,0,0.0030864197530864196
Mules and hinnies,Eswatini,1,0,1,5,0,5,0,0.015183468525449044,0.006172839506172839,0,0.0030864197530864196
Mules and hinnies,Faroe Islands,1,0,1,1,0,1,0,0.008699761670648355,0.006172839506172839,0,0.0030864197530864196
Mules and hinnies,Gabon,1,0,1,1,0,1,0,0.003036693705089805,0.006172839506172839,0,0.0030864197530864196
Mules and hinnies,Kiribati,1,0,1,1,0,1,0,0.0018140899953729777,0.006172839506172839,0,0.0030864197530864196
Mules and hinnies,Madagascar,0,1,1,0,1,1,0,0,0,0.006172839506172839,0.0030864197530864196
Mules and hinnies,Mali,0,1,1,0,1,1,0,0,0,0.006172839506172839,0.0030864197530864196
Mules and hinnies,Marshall Islands,1,0,1,1,0,1,0,0.0010610011592856287,0.006172839506172839,0,0.0030864197530864196
Mules and hinnies,New Caledonia,1,0,1,1,0,1,0,0.013044999449362897,0.006172839506172839,0,0.0030864197530864196
Mules and hinnies,Papua New Guinea,1,0,1,1,0,1,0,0.0015823821581120324,0.006172839506172839,0,0.0030864197530864196
Mules and hinnies,Republic of Moldova,1,0,1,1,0,1,0,0.0029441437564836034,0.006172839506172839,0,0.0030864197530864196
Mules and hinnies,Saint Kitts and Nevis,1,0,1,1,0,1,0,6.262905387455985e-4,0.006172839506172839,0,0.0030864197530864196
Mules and hinnies,Saint Lucia,1,0,1,1,0,1,0,2.0577295318339114e-4,0.006172839506172839,0,0.0030864197530864196
Mules and hinnies,South Sudan,1,0,1,1,0,1,0,5.374187678909683e-4,0.006172839506172839,0,0.0030864197530864196
Mules and hinnies,Suriname,1,0,1,3,0,3,0,0.0023328420134457145,0.006172839506172839,0,0.0030864197530864196
Mules and hinnies,Syrian Arab Republic,1,0,1,1,0,1,0,0.0011187649067752917,0.006172839506172839,0,0.0030864197530864196
Mules and hinnies,Tonga,1,0,1,1,0,1,0,3.7977872362827297e-4,0.006172839506172839,0,0.0030864197530864196
Asses,United States of America,20,63,83,52,286,338,2720.0136506037825,0.2535103176215793,0.1360544217687075,0.42857142857142855,0.282312925170068
Asses,Netherlands (Kingdom of the),29,32,61,95,101,196,1649.5630788801834,0.7281484574438978,0.19727891156462585,0.21768707482993196,0.20748299319727892
Asses,Indonesia,10,41,51,21,78,99,1709.7757104007105,0.1386805396392861,0.06802721088435375,0.2789115646258503,0.17346938775510204
Asses,Thailand,12,37,49,19,91,110,2468.038647536674,0.11242820396857987,0.08163265306122448,0.25170068027210885,0.16666666666666666
Asses,France,15,24,39,75,74,149,1797.2760345648503,0.9337255519992731,0.10204081632653061,0.16326530612244897,0.1326530612244898
Asses,Germany,13,26,39,52,89,141,757.1740600043233,0.606916351343096,0.08843537414965986,0.17687074829931973,0.1326530612244898
Asses,Italy,17,19,36,71,47,118,354.4222350748664,0.6024624640934731,0.11564625850340136,0.1292517006802721,0.12244897959183673
Asses,United Kingdom of Great Britain and Northern Ireland,18,17,35,64,42,106,785.7502955377959,0.5502469475332442,0.12244897959183673,0.11564625850340136,0.11904761904761904
Asses,Belgium,14,18,32,65,50,115,405.16092883724446,0.7503805378022196,0.09523809523809523,0.12244897959183673,0.10884353741496598
Asses,Spain,18,13,31,46,28,74,1229.5621682411152,0.5207413896827996,0.12244897959183673,0.08843537414965986,0.1054421768707483
Asses,India,10,18,28,15,48,63,1457.9016289266283,0.06921485161322208,0.06802721088435375,0.12244897959183673,0.09523809523809523
Asses,Switzerland,14,11,25,80,47,127,320.63807303807306,1,0.09523809523809523,0.07482993197278912,0.08503401360544217
Asses,United Arab Emirates,12,11,23,19,14,33,1445.599006549006,0.09856051335003858,0.08163265306122448,0.07482993197278912,0.0782312925170068
Asses,Niger,5,17,22,10,43,53,1708.1340728715725,0.021356818553684476,0.034013605442176874,0.11564625850340136,0.07482993197278912
Asses,Zambia,11,10,21,36,25,61,1153.7684953934956,0.04643579536610047,0.07482993197278912,0.06802721088435375,0.07142857142857142
Asses,South Africa,8,12,20,11,35,46,1164.623778998779,0.04816461580385915,0.05442176870748299,0.08163265306122448,0.06802721088435375
Asses,Austria,10,9,19,19,24,43,519.1031829281828,0.21105450400014597,0.06802721088435375,0.061224489795918366,0.06462585034013606
Asses,Sweden,8,11,19,18,17,35,267.01262765012757,0.1354473448946354,0.05442176870748299,0.07482993197278912,0.06462585034013606
Asses,Ireland,9,9,18,23,15,38,469.5349019401653,0.2645423932858177,0.061224489795918366,0.061224489795918366,0.061224489795918366
Asses,Costa Rica,12,5,17,35,9,44,589.67113997114,0.13436853394498408,0.08163265306122448,0.034013605442176874,0.05782312925170068
Asses,Czechia,6,10,16,11,12,23,668.6900145176463,0.11691933789413586,0.04081632653061224,0.06802721088435375,0.05442176870748299
Asses,Denmark,10,6,16,16,14,30,273.06019762401337,0.16223848724789755,0.06802721088435375,0.04081632653061224,0.05442176870748299
Asses,Canada,6,9,15,23,23,46,676.5015304140304,0.1828900036603481,0.04081632653061224,0.061224489795918366,0.05102040816326531
Asses,"China, mainland",7,8,15,24,16,40,814.900108225108,0.09437732199492017,0.047619047619047616,0.05442176870748299,0.05102040816326531
Asses,Bulgaria,5,9,14,5,22,27,608.9359168609169,0.026393296772600158,0.034013605442176874,0.061224489795918366,0.047619047619047616
Asses,Australia,7,6,13,30,10,40,91.38717532467533,0.10558248872284308,0.047619047619047616,0.04081632653061224,0.04421768707482993
Asses,Romania,3,10,13,4,28,32,81.05562770562773,0.03394050846178375,0.02040816326530612,0.06802721088435375,0.04421768707482993
Asses,Hungary,6,6,12,8,15,23,92.64668109668112,0.09014433769145831,0.04081632653061224,0.04081632653061224,0.04081632653061224
Asses,Greece,9,2,11,12,4,16,42.31323953823954,0.08086400406957854,0.061224489795918366,0.013605442176870748,0.03741496598639456
Asses,Norway,8,3,11,26,7,33,190.42435897435897,0.1536950784761705,0.05442176870748299,0.02040816326530612,0.03741496598639456
Asses,Colombia,4,6,10,12,9,21,476.8815295815296,0.06651296787133905,0.027210884353741496,0.04081632653061224,0.034013605442176874
Asses,Ghana,9,1,10,16,1,17,204.3238816738817,0.11500823877863349,0.061224489795918366,0.006802721088435374,0.034013605442176874
Asses,Russian Federation,6,4,10,9,4,13,242.0406204906205,0.055254835235336475,0.04081632653061224,0.027210884353741496,0.034013605442176874
Asses,Chile,5,4,9,8,4,12,354.40515873015875,0.03777449386792395,0.034013605442176874,0.027210884353741496,0.030612244897959183
Asses,Luxembourg,6,3,9,15,3,18,75.55496725496725,0.17909071526268408,0.04081632653061224,0.02040816326530612,0.030612244897959183
Asses,Malaysia,8,1,9,20,1,21,197.2686868686868,0.06740981549687237,0.05442176870748299,0.006802721088435374,0.030612244897959183
Asses,Mali,3,6,9,4,18,22,327,0.0020253096729546337,0.02040816326530612,0.04081632653061224,0.030612244897959183
Asses,Poland,5,4,9,7,4,11,294.26807359307367,0.08300686186658425,0.034013605442176874,0.027210884353741496,0.030612244897959183
Asses,Portugal,7,2,9,7,3,10,113.59353146853148,0.08783641074254589,0.047619047619047616,0.013605442176870748,0.030612244897959183
Asses,Singapore,7,2,9,20,5,25,371.3108946608947,0.09564032909137098,0.047619047619047616,0.013605442176870748,0.030612244897959183
Asses,Mexico,3,5,8,17,9,26,191.33293650793655,0.0897045582643993,0.02040816326530612,0.034013605442176874,0.027210884353741496
Asses,Uganda,3,5,8,3,12,15,378.69999999999993,0.0032795364896115106,0.02040816326530612,0.034013605442176874,0.027210884353741496
Asses,United Republic of Tanzania,3,5,8,5,5,10,118.1406926406926,0.007992635745826229,0.02040816326530612,0.034013605442176874,0.027210884353741496
Asses,Côte d'Ivoire,7,0,7,8,0,8,0,0.006634896276921042,0.047619047619047616,0,0.023809523809523808
Asses,Japan,6,1,7,14,1,15,311.16790607053764,0.04769248537092104,0.04081632653061224,0.006802721088435374,0.023809523809523808
Asses,Kenya,3,4,7,7,6,13,205.36666666666665,0.007327305599227055,0.02040816326530612,0.027210884353741496,0.023809523809523808
Asses,Morocco,5,2,7,8,4,12,20.804545454545455,0.11475492802171866,0.034013605442176874,0.013605442176870748,0.023809523809523808
Asses,Namibia,4,3,7,5,4,9,173.98809523809527,0.006703446982613005,0.027210884353741496,0.02040816326530612,0.023809523809523808
Asses,Slovenia,3,4,7,4,5,9,155.57401487401486,0.03328144559271843,0.02040816326530612,0.027210884353741496,0.023809523809523808
Asses,Botswana,4,2,6,13,5,18,159.78333333333333,0.010334797666386094,0.027210884353741496,0.013605442176870748,0.02040816326530612
Asses,Finland,5,1,6,6,1,7,85.1145214434688,0.042880397893919196,0.034013605442176874,0.006802721088435374,0.02040816326530612
Asses,Israel,4,2,6,8,5,13,195.59206349206346,0.0693994222482874,0.027210884353741496,0.013605442176870748,0.02040816326530612
Asses,New Zealand,4,2,6,11,15,26,0,0.04370241833562451,0.027210884353741496,0.013605442176870748,0.02040816326530612
Asses,Nicaragua,3,3,6,7,8,15,29.716666666666665,0.027746497760432462,0.02040816326530612,0.02040816326530612,0.02040816326530612
Asses,Republic of Korea,4,2,6,13,2,15,15.035714285714283,0.043614002341407825,0.027210884353741496,0.013605442176870748,0.02040816326530612
Asses,Saudi Arabia,5,1,6,9,1,10,23.042532467532467,0.05669534770775171,0.034013605442176874,0.006802721088435374,0.02040816326530612
Asses,Egypt,4,1,5,4,1,5,209.6920801420802,0.01039155261327514,0.027210884353741496,0.006802721088435374,0.017006802721088437
Asses,Guatemala,3,2,5,5,7,12,1,0.015427595267065842,0.02040816326530612,0.013605442176870748,0.017006802721088437
Asses,Nigeria,3,2,5,14,5,19,379.59999999999997,0.006740912425765022,0.02040816326530612,0.013605442176870748,0.017006802721088437
Asses,Panama,4,1,5,11,2,13,137.00000000000003,0.04054423605809613,0.027210884353741496,0.006802721088435374,0.017006802721088437
Asses,Argentina,1,3,4,1,7,8,230.1404761904762,0.005612217924854116,0.006802721088435374,0.02040816326530612,0.013605442176870748
Asses,Belarus,2,2,4,2,2,4,37.44848484848486,0.0027136308078548428,0.013605442176870748,0.013605442176870748,0.013605442176870748
Asses,Brazil,2,2,4,4,2,6,89,0.052566116369764306,0.013605442176870748,0.013605442176870748,0.013605442176870748
Asses,"China, Hong Kong SAR",4,0,4,22,0,22,0,0.08269636944341029,0.027210884353741496,0,0.013605442176870748
Asses,"China, Taiwan Province of",3,1,4,12,1,13,7.625,0.04664600866364133,0.02040816326530612,0.006802721088435374,0.013605442176870748
Asses,Democratic Republic of the Congo,4,0,4,8,0,8,0,0.00532663973758256,0.027210884353741496,0,0.013605442176870748
Asses,El Salvador,2,2,4,3,2,5,159.83333333333334,0.006295290925649808,0.013605442176870748,0.013605442176870748,0.013605442176870748
Asses,Kyrgyzstan,2,2,4,2,5,7,158.28780663780663,0.0020893275791254774,0.013605442176870748,0.013605442176870748,0.013605442176870748
Asses,Latvia,2,2,4,2,3,5,83.87950382950378,0.01918988260854698,0.013605442176870748,0.013605442176870748,0.013605442176870748
Asses,Libya,4,0,4,4,0,4,0,0.00519518051957776,0.027210884353741496,0,0.013605442176870748
Asses,Malta,4,0,4,5,0,5,0,0.04633810468439493,0.027210884353741496,0,0.013605442176870748
Asses,Nepal,3,1,4,17,3,20,0,0.04487827567198983,0.02040816326530612,0.006802721088435374,0.013605442176870748
Asses,Philippines,3,1,4,6,1,7,29.121825396825393,0.02531426832180634,0.02040816326530612,0.006802721088435374,0.013605442176870748
Asses,Senegal,2,2,4,4,2,6,12,6.073068705806392e-4,0.013605442176870748,0.013605442176870748,0.013605442176870748
Asses,Türkiye,3,1,4,6,1,7,0,0.03954835618122424,0.02040816326530612,0.006802721088435374,0.013605442176870748
Asses,Ukraine,2,2,4,2,2,4,27.136183261183255,0.00565847665586882,0.013605442176870748,0.013605442176870748,0.013605442176870748
Asses,Viet Nam,3,1,4,5,1,6,150.6,0.01614914667855599,0.02040816326530612,0.006802721088435374,0.013605442176870748
Asses,Zimbabwe,2,2,4,9,12,21,0,0.009328516820391446,0.013605442176870748,0.013605442176870748,0.013605442176870748
Asses,Benin,2,1,3,5,1,6,220.03809523809525,0.0017168543785098709,0.013605442176870748,0.006802721088435374,0.01020408163265306
Asses,Brunei Darussalam,1,2,3,1,2,3,8.866666666666667,4.7279779785437773e-4,0.006802721088435374,0.013605442176870748,0.01020408163265306
Asses,Burkina Faso,2,1,3,13,2,15,0,0.004006564170712119,0.013605442176870748,0.006802721088435374,0.01020408163265306
Asses,Guinea,2,1,3,4,1,5,90,6.073068705806239e-4,0.013605442176870748,0.006802721088435374,0.01020408163265306
Asses,Honduras,2,1,3,5,1,6,0,0.025423525756172016,0.013605442176870748,0.006802721088435374,0.01020408163265306
Asses,Kazakhstan,3,0,3,4,0,4,0,0.006446213162241236,0.02040816326530612,0,0.01020408163265306
Asses,North Macedonia,1,2,3,1,4,5,12.138311688311688,0.02067084026002803,0.006802721088435374,0.013605442176870748,0.01020408163265306
Asses,Pakistan,3,0,3,3,0,3,0,0.007091331980961124,0.02040816326530612,0,0.01020408163265306
Asses,Peru,3,0,3,4,0,4,0,0.013533154357111566,0.02040816326530612,0,0.01020408163265306
Asses,Slovakia,1,2,3,1,2,3,8.327164502164502,0.0035916397990279174,0.006802721088435374,0.013605442176870748,0.01020408163265306
Asses,Sri Lanka,2,1,3,2,1,3,78.38351370851373,0.0055590518176358026,0.013605442176870748,0.006802721088435374,0.01020408163265306
Asses,Yemen,3,0,3,8,0,8,0,0.007461028715996498,0.02040816326530612,0,0.01020408163265306
Asses,Angola,1,1,2,1,1,2,26.31666666666666,1.484010815302991e-4,0.006802721088435374,0.006802721088435374,0.006802721088435374
Asses,Bahrain,2,0,2,2,0,2,0,0.004602393512928073,0.013605442176870748,0,0.006802721088435374
Asses,Bangladesh,2,0,2,2,0,2,0,0.0037142153401475793,0.013605442176870748,0,0.006802721088435374
Asses,Bolivia (Plurinational State of),1,1,2,1,1,2,0,8.362527157743283e-4,0.006802721088435374,0.006802721088435374,0.006802721088435374
Asses,Cameroon,1,1,2,1,1,2,153.5095238095238,4.8303737004165895e-5,0.006802721088435374,0.006802721088435374,0.006802721088435374
Asses,Chad,1,1,2,2,1,3,0,9.455955957087516e-4,0.006802721088435374,0.006802721088435374,0.006802721088435374
Asses,Croatia,1,1,2,4,3,7,0,0.06447907703577695,0.006802721088435374,0.006802721088435374,0.006802721088435374
Asses,Cyprus,1,1,2,1,1,2,0,0.01611976925894423,0.006802721088435374,0.006802721088435374,0.006802721088435374
Asses,Djibouti,1,1,2,1,2,3,32.066666666666656,0.020670840260028033,0.006802721088435374,0.006802721088435374,0.006802721088435374
Asses,Dominican Republic,2,0,2,8,0,8,0,0.0366182391323827,0.013605442176870748,0,0.006802721088435374
Asses,Ecuador,2,0,2,2,0,2,0,0.00608501572270849,0.013605442176870748,0,0.006802721088435374
Asses,Estonia,1,1,2,2,2,4,0,0.03223953851788846,0.006802721088435374,0.006802721088435374,0.006802721088435374
Asses,Lebanon,1,1,2,1,1,2,102.5095238095238,0.002181935176822271,0.006802721088435374,0.006802721088435374,0.006802721088435374
Asses,Myanmar,2,0,2,5,0,5,0,0.011488034035457458,0.013605442176870748,0,0.006802721088435374
Asses,Oman,2,0,2,4,0,4,0,0.00964875058092138,0.013605442176870748,0,0.006802721088435374
Asses,Qatar,2,0,2,2,0,2,0,0.0024994052778293686,0.013605442176870748,0,0.006802721088435374
Asses,Rwanda,1,1,2,4,1,5,0.5,2.9040985226783865e-4,0.006802721088435374,0.006802721088435374,0.006802721088435374
Asses,Togo,2,0,2,3,0,3,0,6.501926389551891e-4,0.013605442176870748,0,0.006802721088435374
Asses,Trinidad and Tobago,2,0,2,3,0,3,0,0.015273259449666819,0.013605442176870748,0,0.006802721088435374
Asses,Uruguay,0,2,2,0,2,2,0,1.1434257177553742e-17,0,0.013605442176870748,0.006802721088435374
Asses,Venezuela (Bolivarian Republic of),2,0,2,7,0,7,0,0.03483701758388056,0.013605442176870748,0,0.006802721088435374
Asses,Algeria,1,0,1,1,0,1,0,0.020670840260028047,0.006802721088435374,0,0.003401360544217687
Asses,Bahamas,1,0,1,1,0,1,0,0.005612217924854122,0.006802721088435374,0,0.003401360544217687
Asses,Barbados,1,0,1,1,0,1,0,0.005612217924854116,0.006802721088435374,0,0.003401360544217687
Asses,Belize,1,0,1,1,0,1,0,0.0019858818156036065,0.006802721088435374,0,0.003401360544217687
Asses,Burundi,1,0,1,4,0,4,0,2.9040985226783865e-4,0.006802721088435374,0,0.003401360544217687
Asses,Cambodia,1,0,1,2,0,2,0,0.004977876936066064,0.006802721088435374,0,0.003401360544217687
Asses,Central African Republic,0,1,1,0,1,1,0,1.1434257177553742e-17,0,0.006802721088435374,0.003401360544217687
Asses,"China, Macao SAR",1,0,1,1,0,1,0,0.002488938468033036,0.006802721088435374,0,0.003401360544217687
Asses,Dominica,1,0,1,1,0,1,0,0.0024889384680330377,0.006802721088435374,0,0.003401360544217687
Asses,Eswatini,1,0,1,3,0,3,0,0.003198808506424932,0.006802721088435374,0,0.003401360544217687
Asses,Ethiopia,1,0,1,1,0,1,0,7.260246306695966e-5,0.006802721088435374,0,0.003401360544217687
Asses,Fiji,1,0,1,1,0,1,0,0.002488938468033032,0.006802721088435374,0,0.003401360544217687
Asses,French Polynesia,1,0,1,1,0,1,0,0.0030701133496027627,0.006802721088435374,0,0.003401360544217687
Asses,Gabon,1,0,1,2,0,2,0,9.455955957087478e-4,0.006802721088435374,0,0.003401360544217687
Asses,Gambia,1,0,1,1,0,1,0,0.01218138106178395,0.006802721088435374,0,0.003401360544217687
Asses,Grenada,1,0,1,1,0,1,0,0.0030701133496027666,0.006802721088435374,0,0.003401360544217687
Asses,Iraq,1,0,1,1,0,1,0,0.002181935176822273,0.006802721088435374,0,0.003401360544217687
Asses,Jamaica,1,0,1,3,0,3,0,0.016836653774562355,0.006802721088435374,0,0.003401360544217687
Asses,Lao People's Democratic Republic,1,0,1,7,0,7,0,0.01742256927623127,0.006802721088435374,0,0.003401360544217687
Asses,Lesotho,1,0,1,2,0,2,0,0.002132539004283293,0.006802721088435374,0,0.003401360544217687
Asses,Lithuania,0,1,1,0,2,2,0,1.1434257177553742e-17,0,0.006802721088435374,0.003401360544217687
Asses,Madagascar,1,0,1,1,0,1,0,0.020670840260028037,0.006802721088435374,0,0.003401360544217687
Asses,Malawi,1,0,1,1,0,1,0,0.0010279968308725847,0.006802721088435374,0,0.003401360544217687
Asses,Mauritania,1,0,1,1,0,1,0,4.4836357575417954e-5,0.006802721088435374,0,0.003401360544217687
Asses,Mauritius,1,0,1,1,0,1,0,0.0010662695021416465,0.006802721088435374,0,0.003401360544217687
Asses,Mozambique,1,0,1,1,0,1,0,0.0010662695021416502,0.006802721088435374,0,0.003401360544217687
Asses,Nauru,1,0,1,1,0,1,0,4.72797797854372e-4,0.006802721088435374,0,0.003401360544217687
Asses,New Caledonia,1,0,1,2,0,2,0,0.04134168052005607,0.006802721088435374,0,0.003401360544217687
Asses,Palestine,1,0,1,4,0,4,0,0.0061454647711459654,0.006802721088435374,0,0.003401360544217687
Asses,Paraguay,1,0,1,1,0,1,0,8.362527157743283e-4,0.006802721088435374,0,0.003401360544217687
Asses,Sierra Leone,1,0,1,1,0,1,0,1.3444575104233926e-5,0.006802721088435374,0,0.003401360544217687
Asses,Somalia,0,1,1,0,3,3,0,1.1434257177553742e-17,0,0.006802721088435374,0.003401360544217687
Asses,Sudan,1,0,1,1,0,1,0,7.260246306695775e-5,0.006802721088435374,0,0.003401360544217687
Asses,Syrian Arab Republic,0,1,1,0,1,1,0,1.1434257177553742e-17,0,0.006802721088435374,0.003401360544217687
Asses,Tunisia,0,1,1,0,1,1,0,1.1434257177553742e-17,0,0.006802721088435374,0.003401360544217687
Asses,Uzbekistan,0,1,1,0,1,1,0,1.1434257177553742e-17,0,0.006802721088435374,0.003401360544217687
Asses,Vanuatu,1,0,1,1,0,1,0,0.003070113349602765,0.006802721088435374,0,0.003401360544217687
Camels,Qatar,42,44,86,153,101,254,3790.428414640914,0.9031345946369694,0.32558139534883723,0.34108527131782945,0.3333333333333333
Camels,Egypt,15,54,69,41,125,166,2442.372101509602,0.12156230913708396,0.11627906976744186,0.4186046511627907,0.26744186046511625
Camels,United Arab Emirates,26,27,53,85,84,169,1417.9667568542568,0.7134653205368734,0.20155038759689922,0.20930232558139536,0.2054263565891473
Camels,Saudi Arabia,40,8,48,158,53,211,901.1148962148962,1,0.31007751937984496,0.06201550387596899,0.18604651162790697
Camels,Netherlands (Kingdom of the),11,26,37,19,62,81,729.7346126096123,0.07119848264874974,0.08527131782945736,0.20155038759689922,0.1434108527131783
Camels,Germany,9,22,31,35,43,78,515.6831307581307,0.049325502969547755,0.06976744186046512,0.17054263565891473,0.12015503875968993
Camels,Belgium,10,19,29,17,49,66,502.6361804861807,0.03807531809012797,0.07751937984496124,0.14728682170542637,0.1124031007751938
Camels,United States of America,5,22,27,12,52,64,265.4747835497836,0.07429377848613664,0.03875968992248062,0.17054263565891473,0.10465116279069768
Camels,France,11,14,25,32,18,50,806.2000485625487,0.07034341009925782,0.08527131782945736,0.10852713178294573,0.09689922480620156
Camels,Kuwait,17,6,23,76,40,116,53.857936507936486,0.6935824799529038,0.13178294573643412,0.046511627906976744,0.08914728682170543
Camels,Australia,3,18,21,5,44,49,239.3911186036186,0.053841047487048994,0.023255813953488372,0.13953488372093023,0.08139534883720931
Camels,Switzerland,8,9,17,23,28,51,380.66037573537574,0.04607128062251722,0.06201550387596899,0.06976744186046512,0.06589147286821706
Camels,United Kingdom of Great Britain and Northern Ireland,8,9,17,14,17,31,190.14294039294046,0.08115195814101063,0.06201550387596899,0.06976744186046512,0.06589147286821706
Camels,Oman,9,7,16,30,52,82,22.37896825396825,0.42038553888028884,0.06976744186046512,0.05426356589147287,0.06201550387596899
Camels,Russian Federation,8,8,16,21,10,31,724.4963980463979,0.012396643695104554,0.06201550387596899,0.06201550387596899,0.06201550387596899
Camels,South Africa,4,12,16,5,14,19,611.5145604395605,0.024934775289333556,0.031007751937984496,0.09302325581395349,0.06201550387596899
Camels,Czechia,3,12,15,4,25,29,266.0952380952382,0.007880564719146376,0.023255813953488372,0.09302325581395349,0.05813953488372093
Camels,New Zealand,3,11,14,10,29,39,23.508766233766227,0.031032111999129284,0.023255813953488372,0.08527131782945736,0.05426356589147287
Camels,Spain,5,9,14,6,15,21,378.4276140526142,0.042070783951661604,0.03875968992248062,0.06976744186046512,0.05426356589147287
Camels,Canada,5,8,13,14,18,32,280.5258227883227,0.05504843572638356,0.03875968992248062,0.06201550387596899,0.050387596899224806
Camels,Italy,10,3,13,19,6,25,9.746825396825393,0.052603027331484746,0.07751937984496124,0.023255813953488372,0.050387596899224806
Camels,Jordan,8,4,12,25,13,38,114.12460317460315,0.3410433683434676,0.06201550387596899,0.031007751937984496,0.046511627906976744
Camels,Poland,9,3,12,11,8,19,451.3739926739927,0.023946886536972262,0.06976744186046512,0.023255813953488372,0.046511627906976744
Camels,Bahrain,7,4,11,26,17,43,130.91269841269846,0.39688119070868066,0.05426356589147287,0.031007751937984496,0.04263565891472868
Camels,Kazakhstan,2,8,10,3,12,15,532.3440476190475,6.116403252928923e-4,0.015503875968992248,0.06201550387596899,0.03875968992248062
Camels,Thailand,5,5,10,7,7,14,257.35937673437667,0.027227250775227262,0.03875968992248062,0.03875968992248062,0.03875968992248062
Camels,"China, mainland",6,3,9,23,4,27,84.98730158730159,0.07461034843083399,0.046511627906976744,0.023255813953488372,0.03488372093023256
Camels,Ethiopia,0,9,9,0,38,38,0,0,0,0.06976744186046512,0.03488372093023256
Camels,Luxembourg,1,8,9,4,13,17,0,0.004783026409800258,0.007751937984496124,0.06201550387596899,0.03488372093023256
Camels,Sudan,3,6,9,7,26,33,1.886147186147186,0.050613443469840494,0.023255813953488372,0.046511627906976744,0.03488372093023256
Camels,Viet Nam,9,0,9,9,0,9,0,0.042858734434748004,0.06976744186046512,0,0.03488372093023256
Camels,Austria,6,2,8,15,4,19,14.333333333333332,0.01755271763058811,0.046511627906976744,0.015503875968992248,0.031007751937984496
Camels,Chile,2,6,8,2,18,20,35.01709956709957,0.015669003007321967,0.015503875968992248,0.046511627906976744,0.031007751937984496
Camels,Colombia,2,6,8,3,9,12,170.7908841158841,0.005868168310120414,0.015503875968992248,0.046511627906976744,0.031007751937984496
Camels,Niger,2,6,8,3,17,20,10,0,0.015503875968992248,0.046511627906976744,0.031007751937984496
Camels,Pakistan,3,5,8,5,16,21,2.903968253968254,0.019525593201145313,0.023255813953488372,0.03875968992248062,0.031007751937984496
Camels,Türkiye,6,2,8,9,3,12,83.52005494505494,0.033874353819199315,0.046511627906976744,0.015503875968992248,0.031007751937984496
Camels,Yemen,7,1,8,20,1,21,1.843589743589744,0.13807872485707412,0.05426356589147287,0.007751937984496124,0.031007751937984496
Camels,Iran (Islamic Republic of),4,3,7,9,12,21,2.726923076923078,0.022436764366021704,0.031007751937984496,0.023255813953488372,0.027131782945736434
Camels,Kenya,1,6,7,1,10,11,98.7562271062271,0.0011695298361513607,0.007751937984496124,0.046511627906976744,0.027131782945736434
Camels,Lebanon,5,2,7,9,4,13,7.510714285714286,0.030740194795606166,0.03875968992248062,0.015503875968992248,0.027131782945736434
Camels,Malaysia,6,1,7,14,4,18,1.0832070707070707,0.0406464698865191,0.046511627906976744,0.007751937984496124,0.027131782945736434
Camels,Norway,4,3,7,5,3,8,220.19835164835166,0.005130631256542794,0.031007751937984496,0.023255813953488372,0.027131782945736434
Camels,Somalia,1,6,7,4,19,23,1.476190476190476,0,0.007751937984496124,0.046511627906976744,0.027131782945736434
Camels,Sudan (former),2,5,7,3,17,20,0,0.02489892771468504,0.015503875968992248,0.03875968992248062,0.027131782945736434
Camels,Bulgaria,6,0,6,11,0,11,0,0.01260863725832338,0.046511627906976744,0,0.023255813953488372
Camels,Japan,5,1,6,18,3,21,0,0.04523238509733488,0.03875968992248062,0.007751937984496124,0.023255813953488372
Camels,Latvia,2,4,6,2,8,10,147,0.001340722282436745,0.015503875968992248,0.031007751937984496,0.023255813953488372
Camels,Philippines,4,2,6,5,2,7,96.39268093018094,0.026211225102680136,0.031007751937984496,0.015503875968992248,0.023255813953488372
Camels,Singapore,5,1,6,7,1,8,4.576923076923077,0.025803256068028958,0.03875968992248062,0.007751937984496124,0.023255813953488372
Camels,United Republic of Tanzania,3,3,6,5,3,8,124.75980547230544,0.022334576651352876,0.023255813953488372,0.023255813953488372,0.023255813953488372
Camels,Azerbaijan,5,0,5,5,0,5,0,0.0016164321471095284,0.03875968992248062,0,0.01937984496124031
Camels,Belarus,4,1,5,7,1,8,11.241666666666667,0.0015574347305212864,0.031007751937984496,0.007751937984496124,0.01937984496124031
Camels,Brazil,4,1,5,11,1,12,38.47510822510823,0.024683050053514444,0.031007751937984496,0.007751937984496124,0.01937984496124031
Camels,"China, Taiwan Province of",3,2,5,6,4,10,2.0166666666666666,0.006506399833034002,0.023255813953488372,0.015503875968992248,0.01937984496124031
Camels,Greece,4,1,5,5,1,6,19.250000000000004,0.027804340100684843,0.031007751937984496,0.007751937984496124,0.01937984496124031
Camels,India,4,1,5,5,1,6,168.00827922077923,0.04503653086195495,0.031007751937984496,0.007751937984496124,0.01937984496124031
Camels,Iraq,4,1,5,11,1,12,1.4435897435897438,0.11509479970032985,0.031007751937984496,0.007751937984496124,0.01937984496124031
Camels,Libya,5,0,5,11,0,11,0,0.033661613043751024,0.03875968992248062,0,0.01937984496124031
Camels,Mali,0,5,5,0,12,12,0,0,0,0.03875968992248062,0.01937984496124031
Camels,Morocco,5,0,5,7,0,7,0,0.05763549764987107,0.03875968992248062,0,0.01937984496124031
Camels,Serbia,3,2,5,5,2,7,23.13888888888889,4.237805673297554e-4,0.023255813953488372,0.015503875968992248,0.01937984496124031
Camels,Tajikistan,4,1,5,6,1,7,69.75,0.015540213555508426,0.031007751937984496,0.007751937984496124,0.01937984496124031
Camels,Ukraine,4,1,5,13,1,14,113.25000000000001,0.003864000629988174,0.031007751937984496,0.007751937984496124,0.01937984496124031
Camels,"China, Hong Kong SAR",3,1,4,3,1,4,22.393589743589743,0.005423896137667523,0.023255813953488372,0.007751937984496124,0.015503875968992248
Camels,Indonesia,4,0,4,5,0,5,0,0.009068668355500015,0.031007751937984496,0,0.015503875968992248
Camels,Ireland,3,1,4,3,1,4,19.51948051948052,0.02238132956763185,0.023255813953488372,0.007751937984496124,0.015503875968992248
Camels,Israel,3,1,4,3,2,5,77,0.0030680417096063664,0.023255813953488372,0.007751937984496124,0.015503875968992248
Camels,Republic of Korea,3,1,4,10,1,11,0,0.03455667102450513,0.023255813953488372,0.007751937984496124,0.015503875968992248
Camels,Slovenia,2,2,4,2,2,4,76.02777777777777,0.0025287482417239286,0.015503875968992248,0.015503875968992248,0.015503875968992248
Camels,Syrian Arab Republic,2,2,4,8,3,11,0,0.08903345368709256,0.015503875968992248,0.015503875968992248,0.015503875968992248
Camels,Zambia,2,2,4,2,2,4,14.366666666666667,5.670350990774613e-4,0.015503875968992248,0.015503875968992248,0.015503875968992248
Camels,Afghanistan,0,3,3,0,6,6,0,0,0,0.023255813953488372,0.011627906976744186
Camels,Algeria,3,0,3,4,0,4,0,0.0015371978215151638,0.023255813953488372,0,0.011627906976744186
Camels,Argentina,1,2,3,1,7,8,75,0.019617799128861236,0.007751937984496124,0.015503875968992248,0.011627906976744186
Camels,Bangladesh,2,1,3,2,1,3,94.72497502497504,0.0013686989318640137,0.015503875968992248,0.007751937984496124,0.011627906976744186
Camels,Cyprus,3,0,3,3,0,3,0,0.037756185592262743,0.023255813953488372,0,0.011627906976744186
Camels,Democratic Republic of the Congo,3,0,3,3,0,3,0,8.27068242646451e-4,0.023255813953488372,0,0.011627906976744186
Camels,Denmark,2,1,3,2,2,4,0,0.020689242759669775,0.015503875968992248,0.007751937984496124,0.011627906976744186
Camels,Djibouti,1,2,3,6,22,28,0,0,0.007751937984496124,0.015503875968992248,0.011627906976744186
Camels,Finland,3,0,3,3,0,3,0,0.003686001378622689,0.023255813953488372,0,0.011627906976744186
Camels,Georgia,1,2,3,1,2,3,89.66666666666666,2.9123035016727174e-5,0.007751937984496124,0.015503875968992248,0.011627906976744186
Camels,Hungary,1,2,3,1,2,3,0,0.0026405642929119015,0.007751937984496124,0.015503875968992248,0.011627906976744186
Camels,Malawi,3,0,3,4,0,4,0,0.005835076354620356,0.023255813953488372,0,0.011627906976744186
Camels,North Macedonia,3,0,3,3,0,3,0,2.3531537164270713e-4,0.023255813953488372,0,0.011627906976744186
Camels,Tunisia,2,1,3,2,1,3,72.19478715728717,0.004168556795425941,0.015503875968992248,0.007751937984496124,0.011627906976744186
Camels,Uzbekistan,2,1,3,3,2,5,0,3.6413494066758756e-4,0.015503875968992248,0.007751937984496124,0.011627906976744186
Camels,Burkina Faso,2,0,2,7,0,7,0,0,0.015503875968992248,0,0.007751937984496124
Camels,Côte d'Ivoire,1,1,2,3,1,4,1,0,0.007751937984496124,0.007751937984496124,0.007751937984496124
Camels,Chad,1,1,2,2,1,3,0,0,0.007751937984496124,0.007751937984496124,0.007751937984496124
Camels,Croatia,1,1,2,1,3,4,0,0.0015279925025140427,0.007751937984496124,0.007751937984496124,0.007751937984496124
Camels,Ecuador,1,1,2,1,1,2,14.944155844155844,1.274677637706518e-4,0.007751937984496124,0.007751937984496124,0.007751937984496124
Camels,Eritrea,0,2,2,0,2,2,0,0,0,0.015503875968992248,0.007751937984496124
Camels,Ghana,2,0,2,3,0,3,0,0.0026405642929118946,0.015503875968992248,0,0.007751937984496124
Camels,Guinea,2,0,2,3,0,3,0,0.0026405642929118976,0.015503875968992248,0,0.007751937984496124
Camels,Mozambique,2,0,2,2,0,2,0,0.0010267801242810066,0.015503875968992248,0,0.007751937984496124
Camels,Namibia,1,1,2,2,1,3,0,0.001083261378435103,0.007751937984496124,0.007751937984496124,0.007751937984496124
Camels,Nepal,2,0,2,2,0,2,0,0.0031672448119243407,0.015503875968992248,0,0.007751937984496124
Camels,Nigeria,2,0,2,8,0,8,0,0.005281128585823782,0.015503875968992248,0,0.007751937984496124
Camels,Republic of Moldova,2,0,2,2,0,2,0,1.711808368323475e-4,0.015503875968992248,0,0.007751937984496124
Camels,Senegal,2,0,2,4,0,4,0,0.004009197230453419,0.015503875968992248,0,0.007751937984496124
Camels,South Sudan,1,1,2,1,1,2,108,0,0.007751937984496124,0.007751937984496124,0.007751937984496124
Camels,Trinidad and Tobago,2,0,2,2,0,2,0,0.0028095586110543215,0.015503875968992248,0,0.007751937984496124
Camels,Uganda,0,2,2,0,2,2,0,0,0,0.015503875968992248,0.007751937984496124
Camels,Uruguay,1,1,2,1,2,3,105.99999999999997,4.261358660666149e-4,0.007751937984496124,0.007751937984496124,0.007751937984496124
Camels,Angola,1,0,1,1,0,1,0,0.01961779912886123,0.007751937984496124,0,0.003875968992248062
Camels,Bosnia and Herzegovina,1,0,1,1,0,1,0,1.711808368323499e-4,0.007751937984496124,0,0.003875968992248062
Camels,Botswana,1,0,1,1,0,1,0,5.416306892175531e-4,0.007751937984496124,0,0.003875968992248062
Camels,Brunei Darussalam,1,0,1,1,0,1,0,0.0026405642929119015,0.007751937984496124,0,0.003875968992248062
Camels,Congo,0,1,1,0,1,1,0,0,0,0.007751937984496124,0.003875968992248062
Camels,Costa Rica,0,1,1,0,1,1,0,0,0,0.007751937984496124,0.003875968992248062
Camels,Cuba,0,1,1,0,1,1,0,0,0,0.007751937984496124,0.003875968992248062
Camels,Estonia,1,0,1,1,0,1,0,1.1144705782815094e-4,0.007751937984496124,0,0.003875968992248062
Camels,Kyrgyzstan,1,0,1,1,0,1,0,1.3285989831368202e-5,0.007751937984496124,0,0.003875968992248062
Camels,Lithuania,1,0,1,1,0,1,0,2.692786516281989e-4,0.007751937984496124,0,0.003875968992248062
Camels,Mauritius,1,0,1,2,0,2,0,5.080881971982926e-5,0.007751937984496124,0,0.003875968992248062
Camels,Mexico,1,0,1,6,0,6,0,0.009682812051625569,0.007751937984496124,0,0.003875968992248062
Camels,Myanmar,1,0,1,1,0,1,0,5.914276119100995e-4,0.007751937984496124,0,0.003875968992248062
Camels,Palestine,1,0,1,2,0,2,0,1.3328738891287383e-4,0.007751937984496124,0,0.003875968992248062
Camels,Panama,1,0,1,1,0,1,0,0.0016138020086042602,0.007751937984496124,0,0.003875968992248062
Camels,Peru,1,0,1,2,0,2,0,0.0018277147031205642,0.007751937984496124,0,0.003875968992248062
Camels,Portugal,0,1,1,0,1,1,0,0,0,0.007751937984496124,0.003875968992248062
Camels,Romania,0,1,1,0,1,1,0,0,0,0.007751937984496124,0.003875968992248062
Camels,Rwanda,1,0,1,1,0,1,0,0,0.007751937984496124,0,0.003875968992248062
Camels,Slovakia,0,1,1,0,1,1,0,0,0,0.007751937984496124,0.003875968992248062
Camels,Sri Lanka,0,1,1,0,1,1,0,0,0,0.007751937984496124,0.003875968992248062
Camels,Togo,1,0,1,1,0,1,0,0,0.007751937984496124,0,0.003875968992248062
Camels,Turkmenistan,1,0,1,1,0,1,0,1.3285989831369e-5,0.007751937984496124,0,0.003875968992248062
Camels,Venezuela (Bolivarian Republic of),1,0,1,1,0,1,0,0,0.007751937984496124,0,0.003875968992248062
Camels,Zimbabwe,1,0,1,1,0,1,0,5.416306892175531e-4,0.007751937984496124,0,0.003875968992248062
Geese,Netherlands (Kingdom of the),15,34,49,34,97,131,1325.4253968253965,0.43241949922415396,0.1111111111111111,0.2518518518518518,0.1814814814814815
Geese,Belgium,7,40,47,26,110,136,518.9805555555555,0.4338154754959005,0.05185185185185185,0.2962962962962963,0.17407407407407408
Geese,France,7,37,44,51,226,277,570.2746031746032,0.7091200201415787,0.05185185185185185,0.2740740740740741,0.16296296296296298
Geese,Germany,11,18,29,68,89,157,873.2690476190478,1,0.08148148148148149,0.13333333333333333,0.10740740740740741
Geese,Hungary,8,17,25,39,104,143,270.61071428571427,0.7355641606273854,0.05925925925925926,0.1259259259259259,0.09259259259259259
Geese,United States of America,3,19,22,11,49,60,1219.9888888888888,0.09868457779457394,0.022222222222222223,0.14074074074074075,0.08148148148148149
Geese,Poland,6,14,20,38,51,89,119.05238095238096,0.6369779665871603,0.044444444444444446,0.1037037037037037,0.07407407407407407
Geese,United Kingdom of Great Britain and Northern Ireland,6,11,17,20,22,42,333.8952380952381,0.3579173478629052,0.044444444444444446,0.08148148148148149,0.06296296296296296
Geese,Italy,6,9,15,36,31,67,202.1484126984127,0.6079955098921507,0.044444444444444446,0.06666666666666667,0.05555555555555555
Geese,Czechia,4,9,13,16,34,50,130.90555555555557,0.28787359125150797,0.02962962962962963,0.06666666666666667,0.04814814814814815
Geese,Thailand,4,9,13,14,10,24,286.93809523809523,0.14921497368415776,0.02962962962962963,0.06666666666666667,0.04814814814814815
Geese,Austria,5,6,11,44,19,63,103.28492063492064,0.7186666977112902,0.037037037037037035,0.044444444444444446,0.040740740740740744
Geese,Greece,8,3,11,25,15,40,108.2095238095238,0.39779244783078327,0.05925925925925926,0.022222222222222223,0.040740740740740744
Geese,South Africa,1,10,11,1,28,29,263.16587301587305,0.025167373469640788,0.007407407407407408,0.07407407407407407,0.040740740740740744
Geese,Kuwait,8,2,10,9,4,13,38.86666666666666,0.06597428624402762,0.05925925925925926,0.014814814814814815,0.037037037037037035
Geese,Russian Federation,5,5,10,5,17,22,555.5190476190476,0.04269901842461379,0.037037037037037035,0.037037037037037035,0.037037037037037035
Geese,United Arab Emirates,7,3,10,21,3,24,84.69999999999999,0.20257968068097235,0.05185185185185185,0.022222222222222223,0.037037037037037035
Geese,Denmark,4,5,9,14,10,24,55.33333333333333,0.3021887015034617,0.02962962962962963,0.037037037037037035,0.03333333333333333
Geese,Romania,6,3,9,22,3,25,83.41190476190476,0.36348099609860585,0.044444444444444446,0.022222222222222223,0.03333333333333333
Geese,Bahrain,7,1,8,7,2,9,13.708333333333332,0.044067322651769665,0.05185185185185185,0.007407407407407408,0.02962962962962963
Geese,Canada,6,2,8,23,10,33,27,0.27652354200197077,0.044444444444444446,0.014814814814814815,0.02962962962962963
Geese,Spain,4,4,8,20,7,27,30.702380952380953,0.3576826201677628,0.02962962962962963,0.02962962962962963,0.02962962962962963
Geese,Sweden,3,5,8,6,10,16,780.9738095238095,0.02408489992092068,0.022222222222222223,0.037037037037037035,0.02962962962962963
Geese,Ukraine,5,3,8,30,3,33,25.411111111111115,0.5055582362026373,0.037037037037037035,0.022222222222222223,0.02962962962962963
Geese,Luxembourg,4,3,7,11,3,14,10.35992063492064,0.16931252250430762,0.02962962962962963,0.022222222222222223,0.025925925925925925
Geese,Slovakia,3,4,7,22,11,33,5.3166666666666655,0.28963452599871997,0.022222222222222223,0.02962962962962963,0.025925925925925925
Geese,Türkiye,6,1,7,15,3,18,14.666666666666668,0.17562840102485106,0.044444444444444446,0.007407407407407408,0.025925925925925925
Geese,Ireland,5,1,6,14,1,15,31.13809523809524,0.15768675508190363,0.037037037037037035,0.007407407407407408,0.022222222222222223
Geese,Qatar,5,1,6,8,1,9,7.166666666666666,0.03838885221446646,0.037037037037037035,0.007407407407407408,0.022222222222222223
Geese,Bangladesh,4,1,5,12,1,13,36,0.12311053365221011,0.02962962962962963,0.007407407407407408,0.018518518518518517
Geese,Barbados,0,5,5,0,20,20,0,6.150090820467173e-18,0,0.037037037037037035,0.018518518518518517
Geese,Bolivia (Plurinational State of),5,0,5,5,0,5,0,0.0025461381097185145,0.037037037037037035,0,0.018518518518518517
Geese,Malaysia,2,3,5,4,3,7,28,0.043566585186303096,0.014814814814814815,0.022222222222222223,0.018518518518518517
Geese,Singapore,3,2,5,4,2,6,23.08333333333333,0.018585401128509135,0.022222222222222223,0.014814814814814815,0.018518518518518517
Geese,Switzerland,4,1,5,20,1,21,26.333333333333336,0.3891224025345307,0.02962962962962963,0.007407407407407408,0.018518518518518517
Geese,Côte d'Ivoire,3,1,4,10,2,12,28,0.15432489982969397,0.022222222222222223,0.007407407407407408,0.014814814814814815
Geese,"China, mainland",3,1,4,9,1,10,7.666666666666666,0.12931360208655668,0.022222222222222223,0.007407407407407408,0.014814814814814815
Geese,India,1,3,4,1,3,4,68.5,0.0037553489699718363,0.007407407407407408,0.022222222222222223,0.014814814814814815
Geese,Indonesia,4,0,4,7,0,7,0,0.046881159240452226,0.02962962962962963,0,0.014814814814814815
Geese,Mozambique,4,0,4,10,0,10,0,0.014683243156691672,0.02962962962962963,0,0.014814814814814815
Geese,Portugal,1,3,4,16,5,21,56,0.28554701410723693,0.007407407407407408,0.022222222222222223,0.014814814814814815
Geese,Saudi Arabia,1,3,4,1,3,4,0,0.010917996088715179,0.007407407407407408,0.022222222222222223,0.014814814814814815
Geese,Bulgaria,2,1,3,6,1,7,13.649999999999999,0.10974224852897377,0.014814814814814815,0.007407407407407408,0.011111111111111112
Geese,"China, Hong Kong SAR",3,0,3,3,0,3,0,0.021602037351674146,0.022222222222222223,0,0.011111111111111112
Geese,Egypt,1,2,3,1,2,3,10.333333333333332,0.017846688381702298,0.007407407407407408,0.014814814814814815,0.011111111111111112
Geese,Ghana,3,0,3,8,0,8,0,0.07645021877867059,0.022222222222222223,0,0.011111111111111112
Geese,Kazakhstan,2,1,3,12,1,13,119,0.010746221434793382,0.014814814814814815,0.007407407407407408,0.011111111111111112
Geese,Libya,3,0,3,3,0,3,0,0.026899257602303082,0.022222222222222223,0,0.011111111111111112
Geese,Myanmar,3,0,3,3,0,3,0,0.014638212002501153,0.022222222222222223,0,0.011111111111111112
Geese,Nepal,3,0,3,6,0,6,0,0.05457909354505438,0.022222222222222223,0,0.011111111111111112
Geese,Norway,3,0,3,7,0,7,0,0.037205981391013575,0.022222222222222223,0,0.011111111111111112
Geese,Philippines,2,1,3,2,1,3,16.916666666666664,0.018163018271788605,0.014814814814814815,0.007407407407407408,0.011111111111111112
Geese,Republic of Korea,3,0,3,4,0,4,0,0.024717103421392737,0.022222222222222223,0,0.011111111111111112
Geese,Senegal,3,0,3,13,0,13,0,0.19613610785559307,0.022222222222222223,0,0.011111111111111112
Geese,Slovenia,3,0,3,14,0,14,0,0.2510488563877531,0.022222222222222223,0,0.011111111111111112
Geese,Uganda,2,1,3,3,1,4,30,9.451227003613823e-5,0.014814814814814815,0.007407407407407408,0.011111111111111112
Geese,Viet Nam,3,0,3,4,0,4,0,0.026224737834762556,0.022222222222222223,0,0.011111111111111112
Geese,Albania,2,0,2,16,0,16,0,0.17605303446944073,0.014814814814814815,0,0.007407407407407408
Geese,Antigua and Barbuda,2,0,2,15,0,15,0,0.02235268462544869,0.014814814814814815,0,0.007407407407407408
Geese,Armenia,2,0,2,2,0,2,0,0.011992618232194508,0.014814814814814815,0,0.007407407407407408
Geese,Botswana,2,0,2,9,0,9,0,0.005130937222824038,0.014814814814814815,0,0.007407407407407408
Geese,Brazil,0,2,2,0,2,2,0,6.150090820467173e-18,0,0.014814814814814815,0.007407407407407408
Geese,Burkina Faso,2,0,2,12,0,12,0,0.18623478859638076,0.014814814814814815,0,0.007407407407407408
Geese,"China, Taiwan Province of",2,0,2,2,0,2,0,0.02545198429074575,0.014814814814814815,0,0.007407407407407408
Geese,Colombia,1,1,2,1,1,2,0,0.002483631625049848,0.007407407407407408,0.007407407407407408,0.007407407407407408
Geese,Croatia,2,0,2,10,0,10,0,0.17752795756124584,0.014814814814814815,0,0.007407407407407408
Geese,Cyprus,2,0,2,2,0,2,0,0.01989070259745842,0.014814814814814815,0,0.007407407407407408
Geese,Democratic Republic of the Congo,2,0,2,7,0,7,0,0.045572174416941835,0.014814814814814815,0,0.007407407407407408
Geese,Dominica,2,0,2,4,0,4,0,0.0030983687784719807,0.014814814814814815,0,0.007407407407407408
Geese,Georgia,2,0,2,3,0,3,0,0.032683722153773784,0.014814814814814815,0,0.007407407407407408
Geese,Grenada,2,0,2,7,0,7,0,0.0074508948751495965,0.014814814814814815,0,0.007407407407407408
Geese,Guatemala,2,0,2,3,0,3,0,0.028921860259438784,0.014814814814814815,0,0.007407407407407408
Geese,Iraq,2,0,2,7,0,7,0,0.056932301036265585,0.014814814814814815,0,0.007407407407407408
Geese,Kenya,0,2,2,0,3,3,0,6.150090820467173e-18,0,0.014814814814814815,0.007407407407407408
Geese,Latvia,1,1,2,1,1,2,0,0.01091799608871517,0.007407407407407408,0.007407407407407408,0.007407407407407408
Geese,Lebanon,2,0,2,5,0,5,0,0.05639555729602536,0.014814814814814815,0,0.007407407407407408
Geese,Madagascar,2,0,2,5,0,5,0,0.038388302393596266,0.014814814814814815,0,0.007407407407407408
Geese,Mauritius,1,1,2,2,3,5,0,0.03569337676340459,0.007407407407407408,0.007407407407407408,0.007407407407407408
Geese,Mexico,2,0,2,10,0,10,0,0.040199373007150964,0.014814814814814815,0,0.007407407407407408
Geese,Pakistan,2,0,2,10,0,10,0,0.10896916255003652,0.014814814814814815,0,0.007407407407407408
Geese,Saint Lucia,2,0,2,8,0,8,0,0.004967263250099753,0.014814814814814815,0,0.007407407407407408
Geese,Serbia,1,1,2,1,1,2,28,0.018512217941392274,0.007407407407407408,0.007407407407407408,0.007407407407407408
Geese,Sri Lanka,2,0,2,2,0,2,0,0.012763188534900946,0.014814814814814815,0,0.007407407407407408
Geese,United Republic of Tanzania,0,2,2,0,2,2,0,6.150090820467173e-18,0,0.014814814814814815,0.007407407407407408
Geese,Zambia,1,1,2,4,1,5,28,0.00253358674944155,0.007407407407407408,0.007407407407407408,0.007407407407407408
Geese,Angola,1,0,1,2,0,2,0,0.014372936694355305,0.007407407407407408,0,0.003703703703703704
Geese,Argentina,1,0,1,1,0,1,0,0.007186468347177659,0.007407407407407408,0,0.003703703703703704
Geese,Australia,0,1,1,0,1,1,0,6.150090820467173e-18,0,0.007407407407407408,0.003703703703703704
Geese,Azerbaijan,1,0,1,1,0,1,0,0.001074622143479332,0.007407407407407408,0,0.003703703703703704
Geese,Bahamas,1,0,1,4,0,4,0,0.009934526500199424,0.007407407407407408,0,0.003703703703703704
Geese,Belarus,1,0,1,1,0,1,0,0.0178466883817023,0.007407407407407408,0,0.003703703703703704
Geese,Benin,1,0,1,1,0,1,0,6.333966873603834e-4,0.007407407407407408,0,0.003703703703703704
Geese,Bosnia and Herzegovina,1,0,1,1,0,1,0,4.659039026824104e-4,0.007407407407407408,0,0.003703703703703704
Geese,Brunei Darussalam,1,0,1,1,0,1,0,0.0010964565201806243,0.007407407407407408,0,0.003703703703703704
Geese,Burundi,1,0,1,1,0,1,0,2.3786255974711277e-6,0.007407407407407408,0,0.003703703703703704
Geese,Cameroon,1,0,1,1,0,1,0,0.010917996088715172,0.007407407407407408,0,0.003703703703703704
Geese,Central African Republic,1,0,1,2,0,2,0,0.0356933767634046,0.007407407407407408,0,0.003703703703703704
Geese,Congo,1,0,1,7,0,7,0,0.1249268186719161,0.007407407407407408,0,0.003703703703703704
Geese,Cuba,0,1,1,0,1,1,0,6.150090820467173e-18,0,0.007407407407407408,0.003703703703703704
Geese,Dominican Republic,1,0,1,1,0,1,0,0.009001932085361809,0.007407407407407408,0,0.003703703703703704
Geese,Ecuador,0,1,1,0,1,1,0,6.150090820467173e-18,0,0.007407407407407408,0.003703703703703704
Geese,Estonia,1,0,1,1,0,1,0,0.0010746221434793342,0.007407407407407408,0,0.003703703703703704
Geese,Eswatini,0,1,1,0,2,2,0,6.150090820467173e-18,0,0.007407407407407408,0.003703703703703704
Geese,Ethiopia,0,1,1,0,1,1,0,6.150090820467173e-18,0,0.007407407407407408,0.003703703703703704
Geese,Faroe Islands,1,0,1,1,0,1,0,0.007605295909043439,0.007407407407407408,0,0.003703703703703704
Geese,Finland,0,1,1,0,1,1,0,6.150090820467173e-18,0,0.007407407407407408,0.003703703703703704
Geese,French Polynesia,1,0,1,1,0,1,0,0.00248363162504985,0.007407407407407408,0,0.003703703703703704
Geese,Gabon,1,0,1,1,0,1,0,0.0178466883817023,0.007407407407407408,0,0.003703703703703704
Geese,Honduras,1,0,1,1,0,1,0,0.002483631625049854,0.007407407407407408,0,0.003703703703703704
Geese,Iran (Islamic Republic of),1,0,1,1,0,1,0,0.010882863032529302,0.007407407407407408,0,0.003703703703703704
Geese,Israel,1,0,1,1,0,1,0,0.0024836316250498435,0.007407407407407408,0,0.003703703703703704
Geese,Japan,1,0,1,1,0,1,0,0.010882863032529303,0.007407407407407408,0,0.003703703703703704
Geese,Jordan,1,0,1,3,0,3,0,0.03275398826614553,0.007407407407407408,0,0.003703703703703704
Geese,Kyrgyzstan,0,1,1,0,2,2,0,6.150090820467173e-18,0,0.007407407407407408,0.003703703703703704
Geese,Lao People's Democratic Republic,1,0,1,2,0,2,0,0.007510697939943673,0.007407407407407408,0,0.003703703703703704
Geese,Lesotho,1,0,1,1,0,1,0,6.333966873603834e-4,0.007407407407407408,0,0.003703703703703704
Geese,Lithuania,1,0,1,2,0,2,0,0.03206212475406298,0.007407407407407408,0,0.003703703703703704
Geese,Malawi,0,1,1,0,1,1,0,6.150090820467173e-18,0,0.007407407407407408,0.003703703703703704
Geese,Maldives,1,0,1,1,0,1,0,0.009007839564929104,0.007407407407407408,0,0.003703703703703704
Geese,Mali,1,0,1,1,0,1,0,0.010917996088715168,0.007407407407407408,0,0.003703703703703704
Geese,Malta,1,0,1,1,0,1,0,0.01530165006532044,0.007407407407407408,0,0.003703703703703704
Geese,Namibia,1,0,1,2,0,2,0,0.0012667933747207668,0.007407407407407408,0,0.003703703703703704
Geese,Oman,1,0,1,1,0,1,0,0.005098398481058627,0.007407407407407408,0,0.003703703703703704
Geese,Palestine,0,1,1,0,1,1,0,6.150090820467173e-18,0,0.007407407407407408,0.003703703703703704
Geese,Panama,1,0,1,2,0,2,0,0.004967263250099708,0.007407407407407408,0,0.003703703703703704
Geese,Republic of Moldova,1,0,1,1,0,1,0,0.018512217941392278,0.007407407407407408,0,0.003703703703703704
Geese,Saint Kitts and Nevis,1,0,1,1,0,1,0,8.200121093956231e-18,0.007407407407407408,0,0.003703703703703704
Geese,Seychelles,1,0,1,2,0,2,0,0.03569337676340461,0.007407407407407408,0,0.003703703703703704
Geese,Somalia,1,0,1,1,0,1,0,6.150090820467173e-18,0.007407407407407408,0,0.003703703703703704
Geese,Suriname,1,0,1,1,0,1,0,0.0024836316250498518,0.007407407407407408,0,0.003703703703703704
Geese,Syrian Arab Republic,0,1,1,0,1,1,0,6.150090820467173e-18,0,0.007407407407407408,0.003703703703703704
Geese,Togo,1,0,1,1,0,1,0,0.017846688381702298,0.007407407407407408,0,0.003703703703703704
Geese,Trinidad and Tobago,1,0,1,1,0,1,0,0.002483631625049854,0.007407407407407408,0,0.003703703703703704
Geese,Uruguay,1,0,1,1,0,1,0,0.00695937125471154,0.007407407407407408,0,0.003703703703703704
Geese,Uzbekistan,1,0,1,2,0,2,0,0.0217657260650586,0.007407407407407408,0,0.003703703703703704
Geese,Zimbabwe,1,0,1,1,0,1,0,0.00900783956492911,0.007407407407407408,0,0.003703703703703704
Buffalo,India,13,54,67,21,113,134,4594.28143756828,0.2380583844653936,0.1,0.4153846153846154,0.25769230769230766
Buffalo,Malaysia,7,43,50,27,53,80,2025.4810290586618,0.5273300452419021,0.05384615384615385,0.33076923076923076,0.19230769230769232
Buffalo,United States of America,6,40,46,19,70,89,1317.4885623148784,0.3070271726590147,0.046153846153846156,0.3076923076923077,0.17692307692307693
Buffalo,Italy,18,13,31,46,20,66,1064.8770050125315,1,0.13846153846153847,0.1,0.11923076923076924
Buffalo,Netherlands (Kingdom of the),15,9,24,25,17,42,549.0699023199023,0.5247768547998808,0.11538461538461539,0.06923076923076923,0.09230769230769231
Buffalo,Germany,11,12,23,21,25,46,172.12446340209505,0.4338789141785861,0.08461538461538462,0.09230769230769231,0.08846153846153847
Buffalo,Thailand,11,11,22,28,40,68,803.8093085277296,0.45615902221836074,0.08461538461538462,0.08461538461538462,0.08461538461538462
Buffalo,Romania,9,12,21,15,26,41,615.4455488955488,0.35621937178225227,0.06923076923076923,0.09230769230769231,0.08076923076923077
Buffalo,Belgium,12,7,19,20,14,34,397.9423243423245,0.4235490485425828,0.09230769230769231,0.05384615384615385,0.07307692307692308
Buffalo,Botswana,7,12,19,15,25,40,666.8322870112341,0.16469577956060463,0.05384615384615385,0.09230769230769231,0.07307692307692308
Buffalo,Australia,2,15,17,3,49,52,614.0261904761904,0.06030279834195943,0.015384615384615385,0.11538461538461539,0.06538461538461539
Buffalo,Hungary,7,10,17,14,18,32,234.50301365301365,0.4164105859896685,0.05384615384615385,0.07692307692307693,0.06538461538461539
Buffalo,United Kingdom of Great Britain and Northern Ireland,11,6,17,20,9,29,696.7593792172744,0.5912215372869872,0.08461538461538462,0.046153846153846156,0.06538461538461539
Buffalo,South Africa,7,9,16,16,22,38,686.8015519568153,0.1762530454820162,0.05384615384615385,0.06923076923076923,0.06153846153846154
Buffalo,Egypt,13,2,15,17,2,19,1438.7788461538462,0.2205908250116742,0.1,0.015384615384615385,0.057692307692307696
Buffalo,France,6,9,15,10,22,32,363.44478299478305,0.2249056873425401,0.046153846153846156,0.06923076923076923,0.057692307692307696
Buffalo,Saudi Arabia,12,3,15,19,6,25,308.86666666666673,0.16048946065936007,0.09230769230769231,0.023076923076923078,0.057692307692307696
Buffalo,Spain,10,4,14,19,5,24,107.54047619047618,0.5382560977300629,0.07692307692307693,0.03076923076923077,0.05384615384615385
Buffalo,Qatar,8,5,13,17,5,22,703.432783882784,0.17002751006204778,0.06153846153846154,0.038461538461538464,0.05
Buffalo,Russian Federation,10,3,13,15,10,25,346.2,0.3039888391907719,0.07692307692307693,0.023076923076923078,0.05
Buffalo,Brazil,2,10,12,3,17,20,370.7639194139193,0.06143601442029629,0.015384615384615385,0.07692307692307693,0.046153846153846156
Buffalo,Switzerland,4,8,12,4,20,24,636.6936618936614,0.15108133577115837,0.03076923076923077,0.06153846153846154,0.046153846153846156
Buffalo,United Arab Emirates,7,5,12,11,9,20,2166.7691600796866,0.1820159972424466,0.05384615384615385,0.038461538461538464,0.046153846153846156
Buffalo,"China, mainland",8,3,11,19,4,23,222.51622325043377,0.5361505310579765,0.06153846153846154,0.023076923076923078,0.04230769230769231
Buffalo,Greece,11,0,11,19,0,19,0,0.42129569582316123,0.08461538461538462,0,0.04230769230769231
Buffalo,Canada,5,5,10,13,15,28,846.8904151404151,0.2223407658168264,0.038461538461538464,0.038461538461538464,0.038461538461538464
Buffalo,Ireland,3,6,9,6,11,17,15.308669108669113,0.2098044747608003,0.023076923076923078,0.046153846153846156,0.03461538461538462
Buffalo,Luxembourg,4,5,9,5,7,12,118.80353608379924,0.17300231311839032,0.03076923076923077,0.038461538461538464,0.03461538461538462
Buffalo,Viet Nam,7,2,9,24,6,30,7.266666666666667,0.5735243467453905,0.05384615384615385,0.015384615384615385,0.03461538461538462
Buffalo,Austria,5,3,8,8,5,13,186.23377178377183,0.18344905175131257,0.038461538461538464,0.023076923076923078,0.03076923076923077
Buffalo,Croatia,4,4,8,5,6,11,90.98682983682984,0.17471027129692276,0.03076923076923077,0.03076923076923077,0.03076923076923077
Buffalo,Czechia,1,7,8,2,9,11,37.069047619047616,0.05136573529928525,0.007692307692307693,0.05384615384615385,0.03076923076923077
Buffalo,Ghana,8,0,8,9,0,9,0,0.22865351869681977,0.06153846153846154,0,0.03076923076923077
Buffalo,Slovakia,2,6,8,3,7,10,16.995682095682096,0.13214358149556835,0.015384615384615385,0.046153846153846156,0.03076923076923077
Buffalo,Uganda,3,5,8,4,6,10,599.1454998218156,0.038245582535718595,0.023076923076923078,0.038461538461538464,0.03076923076923077
Buffalo,Lao People's Democratic Republic,3,4,7,14,15,29,102.58377674956624,0.49158991515673217,0.023076923076923078,0.03076923076923077,0.026923076923076925
Buffalo,Namibia,3,4,7,3,7,10,139.98422016579912,0.06002475994149595,0.023076923076923078,0.03076923076923077,0.026923076923076925
Buffalo,Oman,3,4,7,5,4,9,67.12420634920635,0.09750236302894914,0.023076923076923078,0.03076923076923077,0.026923076923076925
Buffalo,Poland,5,2,7,6,3,9,11.603174603174603,0.0938066882596726,0.038461538461538464,0.015384615384615385,0.026923076923076925
Buffalo,Portugal,2,5,7,2,5,7,148.8669134958609,0.05518332605660847,0.015384615384615385,0.038461538461538464,0.026923076923076925
Buffalo,Singapore,6,1,7,13,1,14,466.0351776878092,0.31880350229729865,0.046153846153846156,0.007692307692307693,0.026923076923076925
Buffalo,"China, Hong Kong SAR",5,1,6,7,1,8,8.560714285714285,0.12696897053952952,0.038461538461538464,0.007692307692307693,0.023076923076923078
Buffalo,Costa Rica,3,3,6,5,5,10,351.3333333333333,0.009245655325917361,0.023076923076923078,0.023076923076923078,0.023076923076923078
Buffalo,Guatemala,3,3,6,4,3,7,770.6999999999999,0.06210261191857858,0.023076923076923078,0.023076923076923078,0.023076923076923078
Buffalo,Philippines,6,0,6,9,0,9,0,0.26722122337187815,0.046153846153846156,0,0.023076923076923078
Buffalo,Türkiye,5,1,6,6,1,7,123.8440476190476,0.2242575898641518,0.038461538461538464,0.007692307692307693,0.023076923076923078
Buffalo,Bulgaria,1,4,5,1,5,6,49.64206349206349,0.010892731441101273,0.007692307692307693,0.03076923076923077,0.019230769230769232
Buffalo,Denmark,1,4,5,1,5,6,125.87503037897777,0.017163642590582593,0.007692307692307693,0.03076923076923077,0.019230769230769232
Buffalo,Indonesia,5,0,5,13,0,13,0,0.1817640174528513,0.038461538461538464,0,0.019230769230769232
Buffalo,Japan,5,0,5,12,0,12,0,0.2190143904175071,0.038461538461538464,0,0.019230769230769232
Buffalo,Kuwait,2,3,5,2,8,10,1455.6169413919415,0.02293402856735722,0.015384615384615385,0.023076923076923078,0.019230769230769232
Buffalo,New Zealand,3,2,5,4,2,6,117.99999999999999,0.03083166354130301,0.023076923076923078,0.015384615384615385,0.019230769230769232
Buffalo,Nicaragua,3,2,5,3,5,8,120,0.005144100096251486,0.023076923076923078,0.015384615384615385,0.019230769230769232
Buffalo,Norway,3,2,5,4,2,6,14.610256410256412,0.06561553591269932,0.023076923076923078,0.015384615384615385,0.019230769230769232
Buffalo,Sweden,2,3,5,3,4,7,0,0.07234696864719105,0.015384615384615385,0.023076923076923078,0.019230769230769232
Buffalo,Zambia,4,1,5,8,1,9,17.913919413919412,0.0944037285049974,0.03076923076923077,0.007692307692307693,0.019230769230769232
Buffalo,Democratic Republic of the Congo,4,0,4,5,0,5,0,0.028625012218998883,0.03076923076923077,0,0.015384615384615385
Buffalo,Israel,4,0,4,4,0,4,0,0.06403180063392674,0.03076923076923077,0,0.015384615384615385
Buffalo,Myanmar,2,2,4,4,11,15,30.73333333333333,0.11582872980531644,0.015384615384615385,0.015384615384615385,0.015384615384615385
Buffalo,Nepal,2,2,4,11,10,21,1.2435897435897436,0.175984164719049,0.015384615384615385,0.015384615384615385,0.015384615384615385
Buffalo,Nigeria,3,1,4,7,1,8,0,0.03929982850543952,0.023076923076923078,0.007692307692307693,0.015384615384615385
Buffalo,Panama,3,1,4,6,1,7,6.666666666666665,0.050701606270358315,0.023076923076923078,0.007692307692307693,0.015384615384615385
Buffalo,Republic of Korea,3,1,4,3,1,4,5.466666666666667,0.07731951197146533,0.023076923076923078,0.007692307692307693,0.015384615384615385
Buffalo,Serbia,3,1,4,3,5,8,79,0.030171607140038567,0.023076923076923078,0.007692307692307693,0.015384615384615385
Buffalo,Albania,3,0,3,3,0,3,0,0.041362112094543026,0.023076923076923078,0,0.011538461538461539
Buffalo,Angola,3,0,3,5,0,5,0,0.021594651262801575,0.023076923076923078,0,0.011538461538461539
Buffalo,Belarus,1,2,3,1,3,4,305.20000000000005,0.021917126754907354,0.007692307692307693,0.015384615384615385,0.011538461538461539
Buffalo,Chile,1,2,3,2,2,4,79,0.04427237182971365,0.007692307692307693,0.015384615384615385,0.011538461538461539
Buffalo,Eswatini,1,2,3,3,5,8,39,0.03812271873912663,0.007692307692307693,0.015384615384615385,0.011538461538461539
Buffalo,Kazakhstan,2,1,3,9,1,10,0,0.21335669750528474,0.015384615384615385,0.007692307692307693,0.011538461538461539
Buffalo,Kenya,2,1,3,4,2,6,0,0.05807590888877945,0.015384615384615385,0.007692307692307693,0.011538461538461539
Buffalo,Lithuania,2,1,3,2,1,3,0,0.060155869380882736,0.015384615384615385,0.007692307692307693,0.011538461538461539
Buffalo,Mexico,2,1,3,8,1,9,193.82864357864352,0.1721169439945804,0.015384615384615385,0.007692307692307693,0.011538461538461539
Buffalo,Peru,2,1,3,2,1,3,80,0.025328155684915712,0.015384615384615385,0.007692307692307693,0.011538461538461539
Buffalo,Senegal,3,0,3,3,0,3,0,0.032215838091029396,0.023076923076923078,0,0.011538461538461539
Buffalo,Afghanistan,2,0,2,4,0,4,0,0.017163642590582614,0.015384615384615385,0,0.007692307692307693
Buffalo,Azerbaijan,2,0,2,3,0,3,0,0.09258656333177145,0.015384615384615385,0,0.007692307692307693
Buffalo,Bahrain,2,0,2,2,0,2,0,0.029422363995523934,0.015384615384615385,0,0.007692307692307693
Buffalo,Bosnia and Herzegovina,1,1,2,1,1,2,11.28360805860806,0.012596341272239549,0.007692307692307693,0.007692307692307693,0.007692307692307693
Buffalo,Brunei Darussalam,2,0,2,19,0,19,0,0.4529984286320694,0.015384615384615385,0,0.007692307692307693
Buffalo,Cambodia,1,1,2,2,1,3,0,0.06577672480982255,0.007692307692307693,0.007692307692307693,0.007692307692307693
Buffalo,"China, Taiwan Province of",2,0,2,3,0,3,0,0.08229205529573963,0.015384615384615385,0,0.007692307692307693
Buffalo,Djibouti,0,2,2,0,3,3,0,3.924995704832099e-18,0,0.015384615384615385,0.007692307692307693
Buffalo,El Salvador,2,0,2,3,0,3,0,0.022877949291101884,0.015384615384615385,0,0.007692307692307693
Buffalo,Ethiopia,0,2,2,0,3,3,0,3.924995704832099e-18,0,0.015384615384615385,0.007692307692307693
Buffalo,Iraq,2,0,2,2,0,2,0,0.055183326056608466,0.015384615384615385,0,0.007692307692307693
Buffalo,Jordan,1,1,2,1,1,2,13.201923076923077,0.017163642590582586,0.007692307692307693,0.007692307692307693,0.007692307692307693
Buffalo,Latvia,1,1,2,1,1,2,0,0.038019683466025876,0.007692307692307693,0.007692307692307693,0.007692307692307693
Buffalo,Lebanon,1,1,2,3,1,4,0,0.013288325837393072,0.007692307692307693,0.007692307692307693,0.007692307692307693
Buffalo,Lesotho,1,1,2,3,1,4,0,0.03812271873912663,0.007692307692307693,0.007692307692307693,0.007692307692307693
Buffalo,Malta,1,1,2,2,1,3,1.4,0.008858883891595382,0.007692307692307693,0.007692307692307693,0.007692307692307693
Buffalo,Mozambique,2,0,2,5,0,5,0,0.05357888091311455,0.015384615384615385,0,0.007692307692307693
Buffalo,Niger,0,2,2,0,6,6,0,3.924995704832099e-18,0,0.015384615384615385,0.007692307692307693
Buffalo,North Macedonia,1,1,2,1,1,2,3.2428571428571438,0.03801968346602587,0.007692307692307693,0.007692307692307693,0.007692307692307693
Buffalo,Sudan,0,2,2,0,2,2,0,3.924995704832099e-18,0,0.015384615384615385,0.007692307692307693
Buffalo,Ukraine,2,0,2,3,0,3,0,0.045426464151858574,0.015384615384615385,0,0.007692307692307693
Buffalo,United Republic of Tanzania,1,1,2,1,1,2,79,0.017163642590582597,0.007692307692307693,0.007692307692307693,0.007692307692307693
Buffalo,Venezuela (Bolivarian Republic of),2,0,2,5,0,5,0,0.057560697667106725,0.015384615384615385,0,0.007692307692307693
Buffalo,Zimbabwe,2,0,2,5,0,5,0,0.050254694966533446,0.015384615384615385,0,0.007692307692307693
Buffalo,Algeria,1,0,1,1,0,1,0,0.016215353400828594,0.007692307692307693,0,0.0038461538461538464
Buffalo,Bangladesh,1,0,1,1,0,1,0,0.017163642590582597,0.007692307692307693,0,0.0038461538461538464
Buffalo,Belize,1,0,1,1,0,1,0,0.022136185914856832,0.007692307692307693,0,0.0038461538461538464
Buffalo,Bhutan,1,0,1,1,0,1,0,0.017163642590582593,0.007692307692307693,0,0.0038461538461538464
Buffalo,Bolivia (Plurinational State of),1,0,1,1,0,1,0,0.0018261209855338,0.007692307692307693,0,0.0038461538461538464
Buffalo,Côte d'Ivoire,1,0,1,1,0,1,0,0.022136185914856842,0.007692307692307693,0,0.0038461538461538464
Buffalo,Cameroon,1,0,1,1,0,1,0,0.01187431185380712,0.007692307692307693,0,0.0038461538461538464
Buffalo,Colombia,1,0,1,1,0,1,0,0.022136185914856832,0.007692307692307693,0,0.0038461538461538464
Buffalo,Comoros,1,0,1,1,0,1,0,0.0012374721757388398,0.007692307692307693,0,0.0038461538461538464
Buffalo,Cuba,1,0,1,1,0,1,0,0.017163642590582597,0.007692307692307693,0,0.0038461538461538464
Buffalo,Dominican Republic,1,0,1,1,0,1,0,0.02213618591485683,0.007692307692307693,0,0.0038461538461538464
Buffalo,Finland,1,0,1,1,0,1,0,0.038019683466025876,0.007692307692307693,0,0.0038461538461538464
Buffalo,Georgia,0,1,1,0,1,1,0,3.924995704832099e-18,0,0.007692307692307693,0.0038461538461538464
Buffalo,Haiti,1,0,1,1,0,1,0,0.02213618591485683,0.007692307692307693,0,0.0038461538461538464
Buffalo,Honduras,0,1,1,0,1,1,0,3.924995704832099e-18,0,0.007692307692307693,0.0038461538461538464
Buffalo,Kyrgyzstan,1,0,1,1,0,1,0,0.021917126754907347,0.007692307692307693,0,0.0038461538461538464
Buffalo,Madagascar,0,1,1,0,1,1,0,3.924995704832099e-18,0,0.007692307692307693,0.0038461538461538464
Buffalo,Marshall Islands,1,0,1,1,0,1,0,0.004429441945797689,0.007692307692307693,0,0.0038461538461538464
Buffalo,Mauritius,1,0,1,1,0,1,0,0.017163642590582593,0.007692307692307693,0,0.0038461538461538464
Buffalo,Montenegro,1,0,1,5,0,5,0,0.010876631850166449,0.007692307692307693,0,0.0038461538461538464
Buffalo,Morocco,1,0,1,1,0,1,0,0.038807435009639374,0.007692307692307693,0,0.0038461538461538464
Buffalo,Pakistan,0,1,1,0,3,3,0,3.924995704832099e-18,0,0.007692307692307693,0.0038461538461538464
Buffalo,Papua New Guinea,0,1,1,0,1,1,0,3.924995704832099e-18,0,0.007692307692307693,0.0038461538461538464
Buffalo,Paraguay,1,0,1,1,0,1,0,0.0031919697700588615,0.007692307692307693,0,0.0038461538461538464
Buffalo,Republic of Moldova,0,1,1,0,1,1,0,3.924995704832099e-18,0,0.007692307692307693,0.0038461538461538464
Buffalo,Rwanda,1,0,1,1,0,1,0,0.00275744755130492,0.007692307692307693,0,0.0038461538461538464
Buffalo,Slovenia,1,0,1,1,0,1,0,0.038019683466025904,0.007692307692307693,0,0.0038461538461538464
Buffalo,Somalia,0,1,1,0,1,1,0,3.924995704832099e-18,0,0.007692307692307693,0.0038461538461538464
Buffalo,Sri Lanka,1,0,1,2,0,2,0,0.034327285181165186,0.007692307692307693,0,0.0038461538461538464
Buffalo,Sudan (former),0,1,1,0,1,1,0,3.924995704832099e-18,0,0.007692307692307693,0.0038461538461538464
Buffalo,Syrian Arab Republic,0,1,1,0,1,1,0,3.924995704832099e-18,0,0.007692307692307693,0.0038461538461538464
Buffalo,Tajikistan,1,0,1,1,0,1,0,0.0015801910572421506,0.007692307692307693,0,0.0038461538461538464
Other rodents,Kuwait,28,51,79,45,75,120,3058.716666666666,0.7789106135478373,0.27450980392156865,0.5,0.3872549019607843
Other rodents,Myanmar,10,34,44,28,47,75,964.5,0.7205210751930561,0.09803921568627451,0.3333333333333333,0.21568627450980393
Other rodents,Barbados,12,6,18,15,11,26,510.58333333333326,0.5454109076123682,0.11764705882352941,0.058823529411764705,0.08823529411764706
Other rodents,Democratic Republic of the Congo,5,7,12,11,7,18,205.70000000000002,0.22041137993407672,0.049019607843137254,0.06862745098039216,0.058823529411764705
Other rodents,Grenada,7,5,12,20,8,28,248.75,1,0.06862745098039216,0.049019607843137254,0.058823529411764705
Other rodents,United States of America,6,6,12,10,13,23,737.5666666666667,0.6789936807394003,0.058823529411764705,0.058823529411764705,0.058823529411764705
Other rodents,Angola,0,9,9,0,11,11,0,0,0,0.08823529411764706,0.04411764705882353
Other rodents,South Africa,4,5,9,6,11,17,127.06666666666666,0.3464078864223328,0.0392156862745098,0.049019607843137254,0.04411764705882353
Other rodents,Qatar,7,0,7,8,0,8,0,0.4450677796794639,0.06862745098039216,0,0.03431372549019608
Other rodents,United Kingdom of Great Britain and Northern Ireland,4,3,7,9,7,16,53.99999999999999,0.7628807877761151,0.0392156862745098,0.029411764705882353,0.03431372549019608
Other rodents,Tajikistan,4,2,6,5,2,7,110,0.07846458809382656,0.0392156862745098,0.0196078431372549,0.029411764705882353
Other rodents,Thailand,3,3,6,6,9,15,60.733333333333334,0.4239390701789893,0.029411764705882353,0.029411764705882353,0.029411764705882353
Other rodents,"China, mainland",2,3,5,3,4,7,89.01666666666668,0.24515948496299117,0.0196078431372549,0.029411764705882353,0.024509803921568627
Other rodents,Egypt,2,3,5,3,3,6,125,0.16959195398720653,0.0196078431372549,0.029411764705882353,0.024509803921568627
Other rodents,Russian Federation,2,3,5,4,5,9,15.516666666666671,0.32269066871964724,0.0196078431372549,0.029411764705882353,0.024509803921568627
Other rodents,Belgium,2,2,4,2,4,6,0,0.10124840145934179,0.0196078431372549,0.0196078431372549,0.0196078431372549
Other rodents,Canada,3,1,4,4,2,6,0,0.30384805738212384,0.029411764705882353,0.00980392156862745,0.0196078431372549
Other rodents,France,2,2,4,4,3,7,17,0.3164077018731354,0.0196078431372549,0.0196078431372549,0.0196078431372549
Other rodents,Germany,2,2,4,3,2,5,162.25000000000003,0.24515948496299117,0.0196078431372549,0.0196078431372549,0.0196078431372549
Other rodents,Malaysia,2,2,4,2,9,11,0,0.16134533435982362,0.0196078431372549,0.0196078431372549,0.0196078431372549
Other rodents,Spain,2,2,4,3,2,5,186.26666666666677,0.27523262594573616,0.0196078431372549,0.0196078431372549,0.0196078431372549
Other rodents,Türkiye,2,2,4,3,3,6,69.66666666666666,0.24515948496299117,0.0196078431372549,0.0196078431372549,0.0196078431372549
Other rodents,Trinidad and Tobago,2,2,4,2,5,7,4,0.16629289715853346,0.0196078431372549,0.0196078431372549,0.0196078431372549
Other rodents,Uruguay,3,1,4,4,1,5,53,0.1725055338694684,0.029411764705882353,0.00980392156862745,0.0196078431372549
Other rodents,Antigua and Barbuda,3,0,3,4,0,4,0,0.2869031574810102,0.029411764705882353,0,0.014705882352941176
Other rodents,Denmark,2,1,3,2,1,3,180.66666666666669,0.16134533435982362,0.0196078431372549,0.00980392156862745,0.014705882352941176
Other rodents,India,2,1,3,3,2,5,0,0.24515948496299134,0.0196078431372549,0.00980392156862745,0.014705882352941176
Other rodents,Italy,2,1,3,3,1,4,20.266666666666662,0.2451594849629912,0.0196078431372549,0.00980392156862745,0.014705882352941176
Other rodents,Japan,1,2,3,2,6,8,0,0.15506236751331187,0.00980392156862745,0.0196078431372549,0.014705882352941176
Other rodents,Kenya,2,1,3,2,2,4,51,0.1075313683058535,0.0196078431372549,0.00980392156862745,0.014705882352941176
Other rodents,Netherlands (Kingdom of the),2,1,3,2,2,4,0,0.16134533435982365,0.0196078431372549,0.00980392156862745,0.014705882352941176
Other rodents,Panama,1,2,3,1,2,3,21,0,0.00980392156862745,0.0196078431372549,0.014705882352941176
Other rodents,Philippines,2,1,3,3,2,5,0,0.24515948496299117,0.0196078431372549,0.00980392156862745,0.014705882352941176
Other rodents,Republic of Korea,2,1,3,3,1,4,11.400000000000002,0.23887651811647959,0.0196078431372549,0.00980392156862745,0.014705882352941176
Other rodents,Saudi Arabia,2,1,3,3,1,4,68.74999999999999,0.24515948496299134,0.0196078431372549,0.00980392156862745,0.014705882352941176
Other rodents,Singapore,2,1,3,3,1,4,180.66666666666669,0.23887651811647959,0.0196078431372549,0.00980392156862745,0.014705882352941176
Other rodents,Switzerland,3,0,3,4,0,4,0,0.3527638097023921,0.029411764705882353,0,0.014705882352941176
Other rodents,United Arab Emirates,1,2,3,2,3,5,10.266666666666671,0.16762830120633526,0.00980392156862745,0.0196078431372549,0.014705882352941176
Other rodents,Australia,1,1,2,2,1,3,0,0.16762830120633523,0.00980392156862745,0.00980392156862745,0.00980392156862745
Other rodents,Bahrain,1,1,2,2,2,4,0,0.16762830120633523,0.00980392156862745,0.00980392156862745,0.00980392156862745
Other rodents,"China, Hong Kong SAR",1,1,2,2,1,3,0,0.15506236751331193,0.00980392156862745,0.00980392156862745,0.00980392156862745
Other rodents,Comoros,1,1,2,1,1,2,0,0,0.00980392156862745,0.00980392156862745,0.00980392156862745
Other rodents,Cyprus,2,0,2,2,0,2,0,0.08381415060316759,0.0196078431372549,0,0.00980392156862745
Other rodents,Czechia,1,1,2,1,2,3,0,0.08381415060316762,0.00980392156862745,0.00980392156862745,0.00980392156862745
Other rodents,Ethiopia,2,0,2,2,0,2,0,0.16134533435982357,0.0196078431372549,0,0.00980392156862745
Other rodents,Indonesia,2,0,2,2,0,2,0,0.16134533435982357,0.0196078431372549,0,0.00980392156862745
Other rodents,Iran (Islamic Republic of),1,1,2,1,1,2,0,0.08381415060316763,0.00980392156862745,0.00980392156862745,0.00980392156862745
Other rodents,Ireland,2,0,2,2,0,2,0,0.16134533435982362,0.0196078431372549,0,0.00980392156862745
Other rodents,Jordan,1,1,2,2,2,4,0,0.16762830120633526,0.00980392156862745,0.00980392156862745,0.00980392156862745
Other rodents,Lebanon,1,1,2,2,2,4,0,0.16762830120633532,0.00980392156862745,0.00980392156862745,0.00980392156862745
Other rodents,Lesotho,2,0,2,4,0,4,0,0.11182496010863434,0.0196078431372549,0,0.00980392156862745
Other rodents,Madagascar,1,1,2,1,1,2,0,0,0.00980392156862745,0.00980392156862745,0.00980392156862745
Other rodents,Poland,1,1,2,1,1,2,147.75,0.08381415060316769,0.00980392156862745,0.00980392156862745,0.00980392156862745
Other rodents,Portugal,2,0,2,3,0,3,0,0.08381415060316746,0.0196078431372549,0,0.00980392156862745
Other rodents,Sri Lanka,2,0,2,3,0,3,0,0.24515948496299114,0.0196078431372549,0,0.00980392156862745
Other rodents,Sudan,1,1,2,1,1,2,0,0.018248827690028824,0.00980392156862745,0.00980392156862745,0.00980392156862745
Other rodents,Togo,2,0,2,3,0,3,0,0.10536866090768675,0.0196078431372549,0,0.00980392156862745
Other rodents,Tunisia,2,0,2,2,0,2,0,0.16134533435982357,0.0196078431372549,0,0.00980392156862745
Other rodents,Viet Nam,1,1,2,2,1,3,52,0.15506236751331184,0.00980392156862745,0.00980392156862745,0.00980392156862745
Other rodents,Afghanistan,1,0,1,1,0,1,0,0.023717217702685835,0.00980392156862745,0,0.004901960784313725
Other rodents,Argentina,0,1,1,0,1,1,0,0,0,0.00980392156862745,0.004901960784313725
Other rodents,Austria,1,0,1,1,0,1,0,0.07753118375665599,0.00980392156862745,0,0.004901960784313725
Other rodents,Azerbaijan,0,1,1,0,2,2,0,0,0,0.00980392156862745,0.004901960784313725
Other rodents,Bahamas,0,1,1,0,1,1,0,0,0,0.00980392156862745,0.004901960784313725
Other rodents,Bangladesh,1,0,1,1,0,1,0,0.07753118375665595,0.00980392156862745,0,0.004901960784313725
Other rodents,Belarus,0,1,1,0,1,1,0,0,0,0.00980392156862745,0.004901960784313725
Other rodents,Benin,0,1,1,0,1,1,0,0,0,0.00980392156862745,0.004901960784313725
Other rodents,Brazil,1,0,1,1,0,1,0,0,0.00980392156862745,0,0.004901960784313725
Other rodents,Côte d'Ivoire,0,1,1,0,2,2,0,0,0,0.00980392156862745,0.004901960784313725
Other rodents,Cambodia,1,0,1,1,0,1,0,0.07753118375665594,0.00980392156862745,0,0.004901960784313725
Other rodents,Cameroon,1,0,1,1,0,1,0,0,0.00980392156862745,0,0.004901960784313725
Other rodents,"China, Taiwan Province of",1,0,1,1,0,1,0,0.07753118375665596,0.00980392156862745,0,0.004901960784313725
Other rodents,Colombia,1,0,1,1,0,1,0,0.08381415060316763,0.00980392156862745,0,0.004901960784313725
Other rodents,Croatia,1,0,1,1,0,1,0,0.023717217702685853,0.00980392156862745,0,0.004901960784313725
Other rodents,Cuba,1,0,1,1,0,1,0,0,0.00980392156862745,0,0.004901960784313725
Other rodents,El Salvador,0,1,1,0,2,2,0,0,0,0.00980392156862745,0.004901960784313725
Other rodents,Eswatini,0,1,1,0,1,1,0,0,0,0.00980392156862745,0.004901960784313725
Other rodents,Finland,1,0,1,1,0,1,0,0.08381415060316759,0.00980392156862745,0,0.004901960784313725
Other rodents,Greece,1,0,1,1,0,1,0,0.08381415060316766,0.00980392156862745,0,0.004901960784313725
Other rodents,Guinea,0,1,1,0,1,1,0,0,0,0.00980392156862745,0.004901960784313725
Other rodents,Hungary,0,1,1,0,1,1,0,0,0,0.00980392156862745,0.004901960784313725
Other rodents,Iraq,1,0,1,1,0,1,0,0.08381415060316762,0.00980392156862745,0,0.004901960784313725
Other rodents,Kazakhstan,1,0,1,1,0,1,0,0.008443129017791387,0.00980392156862745,0,0.004901960784313725
Other rodents,Lao People's Democratic Republic,1,0,1,1,0,1,0,0.01668538134876265,0.00980392156862745,0,0.004901960784313725
Other rodents,Lithuania,0,1,1,0,1,1,0,0,0,0.00980392156862745,0.004901960784313725
Other rodents,Mexico,1,0,1,1,0,1,0,0.0838141506031676,0.00980392156862745,0,0.004901960784313725
Other rodents,Morocco,1,0,1,1,0,1,0,0.08381415060316763,0.00980392156862745,0,0.004901960784313725
Other rodents,Namibia,0,1,1,0,1,1,0,0,0,0.00980392156862745,0.004901960784313725
Other rodents,New Zealand,1,0,1,1,0,1,0,0.08381415060316763,0.00980392156862745,0,0.004901960784313725
Other rodents,Nigeria,1,0,1,1,0,1,0,0,0.00980392156862745,0,0.004901960784313725
Other rodents,Norway,1,0,1,1,0,1,0,0.08381415060316762,0.00980392156862745,0,0.004901960784313725
Other rodents,Oman,1,0,1,2,0,2,0,0.16762830120633532,0.00980392156862745,0,0.004901960784313725
Other rodents,Pakistan,1,0,1,1,0,1,0,0.08381415060316763,0.00980392156862745,0,0.004901960784313725
Other rodents,Paraguay,1,0,1,1,0,1,0,0.01856234148583395,0.00980392156862745,0,0.004901960784313725
Other rodents,Saint Kitts and Nevis,0,1,1,0,1,1,0,0,0,0.00980392156862745,0.004901960784313725
Other rodents,Saint Vincent and the Grenadines,0,1,1,0,1,1,0,0,0,0.00980392156862745,0.004901960784313725
Other rodents,Serbia,1,0,1,1,0,1,0,0.08381415060316763,0.00980392156862745,0,0.004901960784313725
Other rodents,Sierra Leone,1,0,1,1,0,1,0,0,0.00980392156862745,0,0.004901960784313725
Other rodents,Slovakia,0,1,1,0,1,1,0,0,0,0.00980392156862745,0.004901960784313725
Other rodents,Sweden,1,0,1,1,0,1,0,0.08381415060316763,0.00980392156862745,0,0.004901960784313725
Other rodents,Syrian Arab Republic,0,1,1,0,2,2,0,0,0,0.00980392156862745,0.004901960784313725
Other rodents,Ukraine,0,1,1,0,2,2,0,0,0,0.00980392156862745,0.004901960784313725
Other rodents,Uzbekistan,1,0,1,1,0,1,0,0.008443129017791392,0.00980392156862745,0,0.004901960784313725
